sth_account_id,fan_id,membership_tier,tenure_years,predicted_annual_spend,churn_probability,implied_lifetime_years,clv
STH503916,TF111449,Bronze,3,7676.733044183195,0.02,12.0,92121.0
STH500916,TF102666,Bronze,3,7673.757099079259,0.02,12.0,92085.0
STH507902,TF123244,Bronze,6,7671.639227710795,0.02,12.0,92060.0
STH507061,TF120873,Bronze,8,7669.4956286869665,0.02,12.0,92034.0
STH500099,TF100282,Silver,2,7668.696267460517,0.02,12.0,92024.0
STH508076,TF123768,Silver,3,7665.0472343424735,0.02,12.0,91981.0
STH506887,TF120395,Silver,2,7663.269913335486,0.02,12.0,91959.0
STH502715,TF107883,Silver,6,7662.1617120538285,0.02,12.0,91946.0
STH507146,TF121128,Gold,3,7661.874765516362,0.02,12.0,91942.0
STH505361,TF115940,Bronze,5,7649.1755194855905,0.02,12.0,91790.0
STH503272,TF109518,Platinum,7,7604.635487908203,0.02,12.0,91256.0
STH505488,TF116342,Platinum,2,7591.173524455825,0.02,12.0,91094.0
STH502142,TF106273,Platinum,2,7586.896849822616,0.02,12.0,91043.0
STH505900,TF117549,Bronze,5,7581.16721804895,0.02,12.0,90974.0
STH504562,TF113422,Platinum,8,7578.076064796563,0.02,12.0,90937.0
STH503714,TF110853,Gold,2,7577.379334698519,0.02,12.0,90929.0
STH504203,TF112312,Bronze,6,7577.0467997047135,0.02,12.0,90925.0
STH501943,TF105698,Bronze,8,7575.821747652503,0.02,12.0,90910.0
STH503375,TF109833,Bronze,8,7574.856254856599,0.02,12.0,90898.0
STH507654,TF122532,Bronze,5,7572.921381708563,0.02,12.0,90875.0
STH502765,TF108031,Gold,5,7572.7657124687485,0.02,12.0,90873.0
STH506823,TF120227,Silver,6,7572.073254695133,0.02,12.0,90865.0
STH503396,TF109914,Bronze,3,7571.835672244639,0.02,12.0,90862.0
STH502252,TF106551,Bronze,7,7571.384543080896,0.02,12.0,90857.0
STH507195,TF121286,Silver,3,7570.883443238429,0.02,12.0,90851.0
STH504600,TF113546,Gold,8,7570.509901740661,0.02,12.0,90846.0
STH503224,TF109384,Bronze,5,7570.377778212455,0.02,12.0,90845.0
STH507286,TF121508,Gold,9,7569.710188156307,0.02,12.0,90837.0
STH501521,TF104431,Gold,6,7569.185649030517,0.02,12.0,90830.0
STH507634,TF122476,Bronze,4,7568.783424607086,0.02,12.0,90825.0
STH506949,TF120546,Silver,3,7568.488893219318,0.02,12.0,90822.0
STH503759,TF110977,Bronze,6,7568.055651607783,0.02,12.0,90817.0
STH501444,TF104219,Silver,3,7567.976467814306,0.02,12.0,90816.0
STH506207,TF118415,Silver,3,7568.02481455788,0.02,12.0,90816.0
STH500021,TF100049,Bronze,8,7567.920759711176,0.02,12.0,90815.0
STH504556,TF113400,Silver,5,7567.301176640137,0.02,12.0,90808.0
STH502396,TF106978,Silver,4,7567.247520798213,0.02,12.0,90807.0
STH501733,TF105074,Silver,2,7566.944414192304,0.02,12.0,90803.0
STH500469,TF101343,Silver,3,7565.775716156802,0.02,12.0,90789.0
STH500456,TF101299,Gold,2,7565.421050514089,0.02,12.0,90785.0
STH501094,TF103203,Gold,5,7565.442414906455,0.02,12.0,90785.0
STH505062,TF115019,Bronze,9,7565.059549669904,0.032,12.0,90781.0
STH505026,TF114926,Bronze,9,7564.478635632569,0.02,12.0,90774.0
STH500675,TF101906,Silver,6,7564.286358423262,0.02,12.0,90771.0
STH507291,TF121517,Bronze,7,7564.196115673405,0.02,12.0,90770.0
STH500790,TF102289,Silver,9,7564.124929989045,0.039,12.0,90769.0
STH503966,TF111605,Gold,6,7564.098442038301,0.02,12.0,90769.0
STH506622,TF119653,Silver,8,7562.711895113678,0.02,12.0,90753.0
STH507304,TF121561,Gold,8,7561.906291891676,0.02,12.0,90743.0
STH503798,TF111107,Silver,8,7560.397055209357,0.02,12.0,90725.0
STH503330,TF109697,Silver,4,7559.620415015679,0.02,12.0,90715.0
STH507337,TF121662,Silver,3,7559.255541541934,0.02,12.0,90711.0
STH508472,TF124913,Bronze,9,7559.052281507538,0.02,12.0,90709.0
STH505177,TF115371,Gold,9,7558.928246474507,0.02,12.0,90707.0
STH508334,TF124488,Silver,9,7558.2174717715425,0.02,12.0,90699.0
STH500310,TF100857,Silver,5,7555.971381897635,0.02,12.0,90672.0
STH503578,TF110454,Bronze,5,7497.438900825422,0.02,12.0,89969.0
STH505919,TF117624,Platinum,9,7495.950648477253,0.02,12.0,89951.0
STH505405,TF116095,Platinum,3,7494.510379725558,0.02,12.0,89934.0
STH502088,TF106114,Platinum,8,7493.772620069221,0.02,12.0,89925.0
STH508212,TF124136,Platinum,6,7490.269845250755,0.02,12.0,89883.0
STH503376,TF109836,Gold,2,7487.021922005448,0.02,12.0,89844.0
STH503994,TF111708,Gold,3,7486.2929749893565,0.02,12.0,89836.0
STH507263,TF121452,Bronze,3,7485.582186310844,0.02,12.0,89827.0
STH505721,TF117055,Bronze,3,7485.181567652912,0.02,12.0,89822.0
STH504058,TF111900,Bronze,2,7485.177863853074,0.02,12.0,89822.0
STH504007,TF111755,Bronze,4,7484.853239294752,0.02,12.0,89818.0
STH501770,TF105188,Platinum,8,7484.1944199927775,0.02,12.0,89810.0
STH503958,TF111591,Bronze,3,7483.28462421565,0.02,12.0,89799.0
STH503670,TF110740,Silver,7,7482.580649344371,0.02,12.0,89791.0
STH501072,TF103136,Silver,3,7482.337808060568,0.02,12.0,89788.0
STH502606,TF107578,Platinum,8,7482.0548678178875,0.02,12.0,89785.0
STH508217,TF124144,Bronze,5,7481.826730183466,0.02,12.0,89782.0
STH504995,TF114827,Gold,4,7481.869367566258,0.02,12.0,89782.0
STH507052,TF120848,Bronze,3,7481.7900963247685,0.02,12.0,89781.0
STH506955,TF120563,Bronze,3,7481.165952915787,0.02,12.0,89774.0
STH502904,TF108415,Silver,3,7481.024256268584,0.02,12.0,89772.0
STH500509,TF101454,Bronze,2,7480.955545770167,0.02,12.0,89771.0
STH503377,TF109841,Bronze,9,7480.807885556361,0.02,12.0,89770.0
STH500271,TF100739,Silver,8,7480.6330531566455,0.02,12.0,89768.0
STH506354,TF118891,Bronze,2,7480.636918726762,0.02,12.0,89768.0
STH504587,TF113511,Bronze,8,7480.456122760444,0.02,12.0,89765.0
STH500215,TF100588,Silver,6,7479.918125032318,0.02,12.0,89759.0
STH500105,TF100304,Bronze,7,7479.899159070426,0.02,12.0,89759.0
STH508355,TF124543,Bronze,3,7479.907971710671,0.02,12.0,89759.0
STH500393,TF101095,Bronze,4,7479.179024694578,0.02,12.0,89750.0
STH502074,TF106065,Bronze,2,7479.127572012716,0.02,12.0,89750.0
STH505144,TF115259,Silver,8,7479.000585906139,0.02,12.0,89748.0
STH508413,TF124729,Bronze,8,7478.806862312097,0.02,12.0,89746.0
STH502725,TF107905,Bronze,5,7478.450077678486,0.02,12.0,89741.0
STH503262,TF109490,Silver,9,7478.271638890047,0.02,12.0,89739.0
STH502910,TF108439,Silver,9,7477.731283984042,0.02,12.0,89733.0
STH506503,TF119331,Silver,9,7477.731283984042,0.02,12.0,89733.0
STH504102,TF112020,Silver,9,7476.998633168112,0.02,12.0,89724.0
STH505772,TF117183,Bronze,4,7477.029761813117,0.02,12.0,89724.0
STH501954,TF105742,Bronze,8,7476.682467560209,0.02,12.0,89720.0
STH505020,TF114913,Bronze,2,7476.189245539193,0.02,12.0,89714.0
STH502483,TF107250,Silver,8,7476.149469483999,0.02,12.0,89714.0
STH500927,TF102695,Gold,9,7475.65811505623,0.02,12.0,89708.0
STH504170,TF112219,Bronze,9,7475.534289614118,0.02,12.0,89706.0
STH508287,TF124336,Bronze,6,7475.336299509563,0.02,12.0,89704.0
STH502166,TF106333,Bronze,3,7474.800244629044,0.02,12.0,89698.0
STH504923,TF114577,Bronze,7,7474.5976336271915,0.02,12.0,89695.0
STH507564,TF122309,Bronze,7,7474.5976336271915,0.02,12.0,89695.0
STH506951,TF120549,Silver,7,7474.234209117389,0.02,12.0,89691.0
STH504222,TF112362,Silver,4,7473.978050556151,0.02,12.0,89688.0
STH506768,TF120054,Bronze,5,7473.78210161627,0.02,12.0,89685.0
STH507404,TF121865,Gold,2,7473.577182854654,0.02,12.0,89683.0
STH505027,TF114928,Silver,5,7473.24910354006,0.02,12.0,89679.0
STH500357,TF100985,Silver,8,7473.186635057892,0.02,12.0,89678.0
STH507417,TF121893,Bronze,6,7473.053154600178,0.02,12.0,89677.0
STH505632,TF116815,Bronze,6,7473.053154600178,0.02,12.0,89677.0
STH505436,TF116182,Gold,5,7472.899688520424,0.02,12.0,89675.0
STH507033,TF120810,Silver,9,7472.776315085205,0.02,12.0,89673.0
STH505945,TF117700,Gold,6,7472.511027838849,0.02,12.0,89670.0
STH502674,TF107775,Silver,9,7472.4576880418,0.02,12.0,89669.0
STH506933,TF120504,Bronze,7,7472.324207584085,0.02,12.0,89668.0
STH503579,TF110456,Gold,2,7472.179554144576,0.02,12.0,89666.0
STH507239,TF121392,Bronze,7,7472.091365604111,0.02,12.0,89665.0
STH502132,TF106245,Silver,8,7471.677288343846,0.02,12.0,89660.0
STH507924,TF123306,Gold,3,7471.450607128485,0.02,12.0,89657.0
STH503978,TF111658,Silver,8,7471.062262491783,0.02,12.0,89653.0
STH507109,TF121021,Bronze,6,7471.049906010074,0.02,12.0,89653.0
STH503320,TF109667,Silver,7,7471.008606649861,0.02,12.0,89652.0
STH506848,TF120288,Bronze,6,7470.872989589419,0.02,12.0,89650.0
STH507655,TF122541,Silver,5,7470.705500043951,0.02,12.0,89648.0
STH508435,TF124789,Gold,9,7470.403131386056,0.02,12.0,89645.0
STH504140,TF112135,Silver,9,7470.333315475692,0.02,12.0,89644.0
STH504005,TF111749,Silver,8,7470.2796596337685,0.02,12.0,89643.0
STH502292,TF106682,Silver,6,7469.976553027859,0.02,12.0,89640.0
STH502157,TF106316,Silver,3,7468.539080768017,0.02,12.0,89622.0
STH500910,TF102652,Bronze,6,7468.485497952738,0.02,12.0,89622.0
STH504202,TF112310,Gold,4,7467.814684688269,0.02,12.0,89614.0
STH507258,TF121442,Silver,8,7467.372684209645,0.02,12.0,89608.0
STH508390,TF124652,Gold,2,7466.7942401983655,0.02,12.0,89602.0
STH507422,TF121912,Gold,7,7466.773818426023,0.02,12.0,89601.0
STH500412,TF101140,Silver,3,7466.297288931694,0.02,12.0,89596.0
STH505318,TF115800,Gold,8,7465.605120390522,0.02,12.0,89587.0
STH508493,TF124978,Bronze,7,7465.362571175603,0.02,12.0,89584.0
STH506518,TF119367,Silver,9,7465.246108483475,0.02,12.0,89583.0
STH503950,TF111570,Silver,4,7464.909236699081,0.02,12.0,89579.0
STH503708,TF110840,Bronze,8,7463.9644500796685,0.02,12.0,89568.0
STH506494,TF119300,Silver,9,7463.736761769428,0.02,12.0,89565.0
STH505581,TF116627,Silver,8,7463.431452003458,0.02,12.0,89561.0
STH503563,TF110424,Gold,9,7463.142247507444,0.02,12.0,89558.0
STH505324,TF115821,Silver,9,7462.478958050538,0.02,12.0,89550.0
STH500478,TF101379,Bronze,9,7462.287031344946,0.02,12.0,89547.0
STH501494,TF104364,Gold,9,7460.7482677464,0.02,12.0,89529.0
STH504961,TF114704,Gold,9,7457.685113905515,0.02,12.0,89492.0
STH506445,TF119136,Silver,8,7456.424784924115,0.02,12.0,89477.0
STH502323,TF106784,Platinum,2,7420.17607678851,0.02,12.0,89042.0
STH506096,TF118121,Silver,5,7400.3102261530275,0.02,12.0,88804.0
STH507829,TF123013,Silver,5,7396.907352292392,0.02,12.0,88763.0
STH508474,TF124919,Platinum,8,7396.2266083086215,0.02,12.0,88755.0
STH502545,TF107401,Platinum,9,7393.690074509819,0.02,12.0,88724.0
STH503326,TF109685,Bronze,6,7392.473861080779,0.02,12.0,88710.0
STH504896,TF114488,Platinum,3,7391.73738035311,0.02,12.0,88701.0
STH506519,TF119370,Bronze,3,7391.669849458842,0.02,12.0,88700.0
STH505741,TF117113,Gold,4,7391.204464132936,0.02,12.0,88694.0
STH501213,TF103583,Platinum,7,7390.871293908794,0.02,12.0,88690.0
STH507379,TF121783,Silver,4,7390.715417292571,0.02,12.0,88689.0
STH502955,TF108567,Bronze,9,7389.722948543785,0.02,12.0,88677.0
STH502015,TF105912,Bronze,9,7389.722948543785,0.02,12.0,88677.0
STH502918,TF108471,Bronze,2,7389.491821050809,0.02,12.0,88674.0
STH503540,TF110361,Silver,4,7389.496768120937,0.02,12.0,88674.0
STH504412,TF112980,Silver,6,7389.397259508461,0.02,12.0,88673.0
STH507921,TF123302,Bronze,7,7388.754061394474,0.02,12.0,88665.0
STH504825,TF114255,Silver,3,7388.593247886523,0.02,12.0,88663.0
STH506605,TF119593,Platinum,9,7388.263720384788,0.02,12.0,88659.0
STH507991,TF123471,Bronze,5,7387.304980002534,0.02,12.0,88648.0
STH501345,TF103939,Bronze,2,7386.925131961203,0.02,12.0,88643.0
STH500785,TF102279,Platinum,9,7386.848991819274,0.02,12.0,88642.0
STH507928,TF123313,Bronze,6,7386.700861668239,0.02,12.0,88640.0
STH505018,TF114892,Bronze,2,7386.584845626686,0.02,12.0,88639.0
STH504113,TF112052,Bronze,6,7386.2126832442045,0.02,12.0,88635.0
STH506040,TF117978,Silver,3,7386.155949543256,0.02,12.0,88634.0
STH500157,TF100430,Bronze,7,7385.971914652147,0.02,12.0,88632.0
STH505820,TF117309,Silver,3,7385.6862724624,0.02,12.0,88628.0
STH501463,TF104265,Bronze,6,7385.551182176417,0.02,12.0,88627.0
STH504959,TF114700,Bronze,7,7385.483736228113,0.02,12.0,88626.0
STH504535,TF113342,Gold,5,7385.006414667656,0.02,12.0,88620.0
STH504713,TF113880,Bronze,9,7384.858869019022,0.02,12.0,88618.0
STH503339,TF109722,Bronze,5,7384.7166316218145,0.02,12.0,88617.0
STH501227,TF103615,Bronze,5,7384.7166316218145,0.02,12.0,88617.0
STH508082,TF123783,Bronze,5,7384.7166316218145,0.02,12.0,88617.0
STH507053,TF120850,Silver,8,7384.4081579000585,0.02,12.0,88613.0
STH503363,TF109793,Bronze,5,7384.39800457841,0.02,12.0,88613.0
STH508389,TF124651,Bronze,9,7384.025842195929,0.02,12.0,88608.0
STH500873,TF102549,Bronze,3,7383.802205184067,0.02,12.0,88606.0
STH505055,TF114995,Gold,6,7383.392264346498,0.02,12.0,88601.0
STH507618,TF122444,Silver,3,7383.1195833727925,0.02,12.0,88597.0
STH500901,TF102635,Gold,3,7382.849135134419,0.02,12.0,88594.0
STH501038,TF103046,Bronze,8,7382.630394460133,0.02,12.0,88592.0
STH502882,TF108363,Gold,8,7382.47472522032,0.02,12.0,88590.0
STH503149,TF109158,Gold,8,7382.405755540508,0.02,12.0,88589.0
STH506464,TF119203,Bronze,4,7382.219976170379,0.02,12.0,88587.0
STH501962,TF105757,Bronze,4,7382.219976170379,0.02,12.0,88587.0
STH503073,TF108939,Bronze,2,7382.058032582396,0.02,12.0,88585.0
STH502485,TF107252,Bronze,2,7381.47711854506,0.02,12.0,88578.0
STH505679,TF116962,Bronze,5,7381.4910291542865,0.02,12.0,88578.0
STH502737,TF107947,Bronze,2,7381.47711854506,0.02,12.0,88578.0
STH504041,TF111856,Silver,6,7381.433614212881,0.02,12.0,88577.0
STH506127,TF118182,Gold,2,7381.4536873986235,0.02,12.0,88577.0
STH500711,TF102062,Bronze,6,7381.274507543208,0.02,12.0,88575.0
STH500219,TF100600,Gold,9,7381.205423298223,0.02,12.0,88574.0
STH503726,TF110878,Silver,6,7381.011686919999,0.02,12.0,88572.0
STH508458,TF124876,Silver,6,7380.911083033405,0.02,12.0,88571.0
STH508366,TF124569,Bronze,7,7380.886417119699,0.02,12.0,88571.0
STH501641,TF104800,Silver,6,7380.911083033405,0.02,12.0,88571.0
STH507116,TF121038,Bronze,9,7380.789103425249,0.02,12.0,88569.0
STH501417,TF104149,Silver,2,7380.649615373819,0.02,12.0,88568.0
STH502172,TF106342,Bronze,4,7380.458975532285,0.02,12.0,88566.0
STH502785,TF108083,Silver,4,7380.541003308138,0.02,12.0,88566.0
STH501196,TF103529,Gold,7,7380.296696812288,0.02,12.0,88564.0
STH507632,TF122473,Bronze,2,7379.916050690936,0.02,12.0,88559.0
STH500792,TF102294,Gold,4,7379.57656243644,0.02,12.0,88555.0
STH500423,TF101184,Gold,2,7379.525109754578,0.02,12.0,88554.0
STH500253,TF100682,Bronze,9,7379.428523087516,0.02,12.0,88553.0
STH503996,TF111711,Bronze,8,7379.304188106011,0.02,12.0,88552.0
STH506078,TF118091,Silver,4,7379.14337459806,0.02,12.0,88550.0
STH504537,TF113347,Gold,5,7378.847615420348,0.02,12.0,88546.0
STH506606,TF119595,Silver,8,7378.547598721416,0.02,12.0,88543.0
STH504462,TF113116,Bronze,5,7377.72677992609,0.02,12.0,88533.0
STH500798,TF102305,Bronze,2,7377.652640088936,0.02,12.0,88532.0
STH500740,TF102148,Gold,6,7377.531705167856,0.02,12.0,88530.0
STH506385,TF118979,Gold,4,7377.182012417329,0.02,12.0,88526.0
STH504859,TF114384,Bronze,8,7377.103436448508,0.02,12.0,88525.0
STH506865,TF120335,Silver,8,7377.010189391707,0.02,12.0,88524.0
STH502399,TF106984,Gold,7,7376.8027581517645,0.02,12.0,88522.0
STH503515,TF110299,Gold,5,7376.72324285424,0.02,12.0,88521.0
STH504287,TF112572,Silver,5,7376.653426943875,0.02,12.0,88520.0
STH504743,TF113988,Bronze,5,7376.577100434268,0.02,12.0,88519.0
STH501120,TF103277,Silver,5,7376.213675924465,0.02,12.0,88515.0
STH503275,TF109523,Bronze,5,7376.105715208076,0.02,12.0,88513.0
STH502073,TF106062,Silver,6,7375.924479927783,0.02,12.0,88511.0
STH502832,TF108245,Bronze,6,7375.8481534181765,0.02,12.0,88510.0
STH504772,TF114106,Gold,7,7375.265348822056,0.02,12.0,88503.0
STH502966,TF108602,Gold,2,7375.220505620377,0.02,12.0,88503.0
STH507388,TF121821,Gold,7,7374.995171369053,0.02,12.0,88500.0
STH503296,TF109595,Bronze,9,7374.810991861722,0.02,12.0,88498.0
STH503717,TF110858,Silver,6,7374.778505141753,0.02,12.0,88497.0
STH506706,TF119879,Silver,8,7374.607748913525,0.02,12.0,88495.0
STH502099,TF106158,Silver,7,7374.049558125661,0.02,12.0,88489.0
STH508478,TF124941,Silver,9,7373.9579417541545,0.02,12.0,88487.0
STH503672,TF110742,Bronze,9,7373.661312369901,0.02,12.0,88484.0
STH504341,TF112737,Gold,9,7373.53727733687,0.02,12.0,88482.0
STH508440,TF124811,Silver,7,7373.192284321588,0.02,12.0,88478.0
STH500831,TF102417,Silver,4,7372.814717312528,0.02,12.0,88474.0
STH508008,TF123563,Bronze,5,7372.768392107711,0.02,12.0,88473.0
STH505434,TF116173,Gold,5,7371.026711276206,0.02,12.0,88452.0
STH500257,TF100700,Silver,9,7370.584710797582,0.02,12.0,88447.0
STH502290,TF106670,Bronze,8,7370.583261833639,0.02,12.0,88447.0
STH507542,TF122251,Silver,4,7370.420737551485,0.02,12.0,88445.0
STH503132,TF109101,Gold,8,7369.812633299098,0.02,12.0,88438.0
STH500068,TF100217,Gold,9,7369.26060270366,0.02,12.0,88431.0
STH501477,TF104308,Silver,3,7367.830601838785,0.02,12.0,88414.0
STH501639,TF104795,Silver,8,7367.504949487117,0.02,12.0,88410.0
STH501387,TF104057,Gold,9,7366.696194646324,0.02,12.0,88400.0
STH507173,TF121212,Gold,8,7366.1266931654145,0.02,12.0,88394.0
STH506375,TF118951,Gold,5,7364.824023188607,0.02,12.0,88378.0
STH507682,TF122630,Gold,5,7362.430043427563,0.02,12.0,88349.0
STH504122,TF112073,Platinum,8,7312.041591567395,0.02,12.0,87744.0
STH501906,TF105603,Platinum,5,7310.221935435463,0.02,12.0,87723.0
STH507481,TF122085,Bronze,4,7310.063701641361,0.02,12.0,87721.0
STH502746,TF107974,Bronze,7,7307.876860593085,0.026000000000000002,12.0,87695.0
STH507191,TF121273,Silver,4,7307.45278402899,0.02,12.0,87689.0
STH502477,TF107237,Silver,5,7306.9940144659,0.02,12.0,87684.0
STH504474,TF113150,Bronze,9,7306.418966560901,0.02,12.0,87677.0
STH507270,TF121476,Platinum,7,7306.3974208851605,0.02,12.0,87677.0
STH508205,TF124120,Platinum,4,7306.096517439311,0.02,12.0,87673.0
STH502203,TF106424,Platinum,4,7305.090323272912,0.02,12.0,87661.0
STH501110,TF103248,Platinum,8,7303.180729374943,0.02,12.0,87638.0
STH500208,TF100564,Bronze,3,7302.3974704249495,0.02,12.0,87629.0
STH504416,TF112986,Platinum,8,7302.1745352085445,0.02,12.0,87626.0
STH507613,TF122431,Platinum,5,7302.041364069097,0.02,12.0,87624.0
STH506859,TF120310,Silver,6,7301.743105678948,0.02,12.0,87621.0
STH503697,TF110813,Bronze,6,7301.673523060773,0.02,12.0,87620.0
STH507524,TF122198,Bronze,6,7301.133168154768,0.02,12.0,87614.0
STH502874,TF108347,Platinum,9,7299.638001409742,0.02,12.0,87596.0
STH500609,TF101717,Platinum,6,7299.551416414912,0.02,12.0,87595.0
STH503037,TF108829,Platinum,7,7298.589627418845,0.02,12.0,87583.0
STH500431,TF101211,Gold,6,7298.433895418845,0.02,12.0,87581.0
STH507183,TF121238,Bronze,3,7297.617776358765,0.02,12.0,87571.0
STH508436,TF124790,Gold,4,7297.581027934895,0.02,12.0,87571.0
STH506988,TF120658,Bronze,8,7296.824157700445,0.02,12.0,87562.0
STH500118,TF100323,Bronze,4,7296.581316416641,0.02,12.0,87559.0
STH502234,TF106514,Silver,5,7296.074133424476,0.02,12.0,87553.0
STH502493,TF107276,Platinum,8,7295.91335737197,0.02,12.0,87551.0
STH500575,TF101627,Gold,2,7295.787186887008,0.02,12.0,87549.0
STH506957,TF120570,Bronze,2,7295.56457663253,0.02,12.0,87547.0
STH504726,TF113934,Bronze,8,7295.605508528811,0.02,12.0,87547.0
STH505620,TF116773,Platinum,9,7294.8209718705275,0.02,12.0,87538.0
STH507429,TF121928,Silver,2,7294.729766896533,0.02,12.0,87537.0
STH500714,TF102073,Bronze,7,7294.562252046323,0.02,12.0,87535.0
STH506792,TF120131,Platinum,7,7294.480529791589,0.02,12.0,87534.0
STH500780,TF102271,Silver,3,7294.000819880441,0.02,12.0,87528.0
STH503010,TF108741,Platinum,2,7293.8879222723235,0.02,12.0,87527.0
STH506028,TF117959,Silver,4,7293.743258090542,0.02,12.0,87525.0
STH504428,TF113016,Bronze,9,7293.175124582402,0.02,12.0,87518.0
STH501052,TF103076,Gold,4,7292.970907435117,0.02,12.0,87516.0
STH507754,TF122798,Silver,8,7292.528906956492,0.02,12.0,87510.0
STH500761,TF102224,Silver,2,7292.487975060211,0.02,12.0,87510.0
STH504040,TF111849,Platinum,9,7292.277368374419,0.02,12.0,87507.0
STH504882,TF114449,Silver,2,7291.999796636177,0.02,12.0,87504.0
STH508165,TF124024,Bronze,2,7291.945809290209,0.02,12.0,87503.0
STH505769,TF117176,Bronze,2,7291.839659437816,0.02,12.0,87502.0
STH504920,TF114568,Silver,7,7291.485650474005,0.02,12.0,87498.0
STH507392,TF121828,Silver,2,7291.338295568389,0.02,12.0,87496.0
STH500542,TF101534,Gold,4,7291.030927258579,0.02,12.0,87492.0
STH507504,TF122132,Silver,8,7290.896439705986,0.02,12.0,87491.0
STH500573,TF101623,Silver,4,7290.541902603994,0.02,12.0,87487.0
STH505871,TF117455,Silver,4,7290.541902603994,0.02,12.0,87487.0
STH506908,TF120443,Platinum,8,7290.462711894403,0.02,12.0,87486.0
STH501481,TF104326,Bronze,5,7290.103082216961,0.02,12.0,87481.0
STH502357,TF106884,Bronze,9,7289.973769095852,0.02,12.0,87480.0
STH502009,TF105889,Silver,6,7289.917035394903,0.02,12.0,87479.0
STH507137,TF121095,Gold,2,7289.716649464107,0.02,12.0,87477.0
STH507063,TF120879,Bronze,3,7289.75013208399,0.02,12.0,87477.0
STH500352,TF100966,Silver,2,7289.774797997696,0.02,12.0,87477.0
STH504525,TF113315,Bronze,3,7289.654562629056,0.02,12.0,87476.0
STH501634,TF104787,Silver,2,7289.45617095429,0.02,12.0,87473.0
STH507840,TF123043,Bronze,9,7289.312268028064,0.02,12.0,87472.0
STH500030,TF100075,Bronze,2,7288.815220371921,0.02,12.0,87466.0
STH507407,TF121875,Bronze,8,7288.578321360056,0.02,12.0,87463.0
STH503030,TF108799,Gold,6,7288.607540430491,0.02,12.0,87463.0
STH508079,TF123774,Bronze,7,7288.3010742097495,0.02,12.0,87460.0
STH501265,TF103737,Silver,4,7288.316903965511,0.02,12.0,87460.0
STH508412,TF124727,Bronze,4,7288.167903070302,0.02,12.0,87458.0
STH501529,TF104471,Silver,8,7288.114292963659,0.02,12.0,87457.0
STH506252,TF118568,Bronze,2,7288.0850993390395,0.02,12.0,87457.0
STH507923,TF123305,Silver,4,7287.998276922107,0.02,12.0,87456.0
STH500520,TF101480,Silver,7,7287.693560487929,0.02,12.0,87452.0
STH507325,TF121632,Bronze,6,7287.563291035714,0.02,12.0,87451.0
STH501401,TF104093,Silver,5,7287.587956949419,0.02,12.0,87451.0
STH501584,TF104633,Bronze,2,7287.425045444983,0.02,12.0,87449.0
STH501836,TF105381,Bronze,2,7287.425045444983,0.02,12.0,87449.0
STH501239,TF103645,Silver,9,7286.897167523533,0.02,12.0,87443.0
STH503345,TF109738,Silver,6,7286.859009933328,0.02,12.0,87442.0
STH500360,TF101000,Bronze,9,7286.843180177565,0.02,12.0,87442.0
STH506671,TF119796,Bronze,2,7286.718821678362,0.02,12.0,87441.0
STH506438,TF119114,Silver,7,7286.130062917236,0.02,12.0,87434.0
STH502295,TF106695,Bronze,8,7286.034717863949,0.02,12.0,87432.0
STH505386,TF116021,Silver,4,7285.94458349558,0.02,12.0,87431.0
STH500863,TF102525,Gold,4,7285.843116379768,0.02,12.0,87430.0
STH502379,TF106924,Silver,3,7285.8202485140755,0.02,12.0,87430.0
STH503426,TF110013,Silver,5,7285.144957339907,0.02,12.0,87422.0
STH500672,TF101900,Silver,4,7285.091301497983,0.02,12.0,87421.0
STH502304,TF106724,Silver,8,7285.082488857739,0.02,12.0,87421.0
STH500851,TF102490,Silver,6,7285.031036175877,0.02,12.0,87420.0
STH507623,TF122451,Bronze,2,7284.711868382467,0.02,12.0,87417.0
STH505395,TF116051,Gold,3,7284.744089638409,0.02,12.0,87417.0
STH502037,TF105975,Bronze,6,7284.71616642005,0.02,12.0,87417.0
STH504084,TF111963,Gold,9,7284.786729680027,0.02,12.0,87417.0
STH501312,TF103854,Bronze,3,7284.592245952192,0.02,12.0,87415.0
STH508169,TF124034,Bronze,7,7284.477793679259,0.02,12.0,87414.0
STH500471,TF101347,Silver,8,7284.389375768946,0.02,12.0,87413.0
STH503483,TF110181,Silver,9,7284.353541841647,0.02,12.0,87412.0
STH503744,TF110945,Bronze,7,7284.220061383932,0.02,12.0,87411.0
STH505694,TF116992,Bronze,2,7284.240483156274,0.02,12.0,87411.0
STH500835,TF102433,Gold,3,7283.868605199624,0.02,12.0,87406.0
STH505712,TF117031,Silver,9,7283.766578605247,0.02,12.0,87405.0
STH505400,TF116067,Silver,4,7283.588033155216,0.02,12.0,87403.0
STH502502,TF107301,Gold,4,7283.4001167702545,0.02,12.0,87401.0
STH500156,TF100429,Gold,5,7283.286195606225,0.02,12.0,87399.0
STH508196,TF124106,Bronze,8,7283.051363348431,0.02,12.0,87397.0
STH505692,TF116989,Silver,8,7283.0287954312125,0.02,12.0,87396.0
STH506650,TF119736,Silver,8,7282.95811629163,0.02,12.0,87395.0
STH508304,TF124405,Silver,2,7282.897755370312,0.02,12.0,87395.0
STH503896,TF111404,Silver,7,7282.904460449708,0.02,12.0,87395.0
STH503826,TF111189,Gold,4,7282.61751391224,0.02,12.0,87391.0
STH503155,TF109169,Gold,4,7282.61751391224,0.02,12.0,87391.0
STH503462,TF110134,Bronze,4,7282.3539522220535,0.02,12.0,87388.0
STH505685,TF116980,Bronze,4,7282.230831685594,0.02,12.0,87387.0
STH508029,TF123628,Silver,8,7282.175513433615,0.02,12.0,87386.0
STH504807,TF114200,Silver,8,7282.175513433615,0.02,12.0,87386.0
STH500856,TF102504,Gold,8,7282.021738035595,0.02,12.0,87384.0
STH506854,TF120300,Silver,3,7281.8790828652245,0.02,12.0,87383.0
STH500731,TF102117,Gold,6,7281.942222738071,0.02,12.0,87383.0
STH502091,TF106130,Silver,3,7281.8790828652245,0.02,12.0,87383.0
STH502903,TF108413,Gold,7,7281.828301574041,0.02,12.0,87382.0
STH500735,TF102128,Silver,2,7281.635266810149,0.02,12.0,87380.0
STH502057,TF106025,Silver,5,7281.4553790577675,0.02,12.0,87377.0
STH508005,TF123543,Bronze,8,7281.317437481445,0.02,12.0,87376.0
STH504858,TF114374,Gold,6,7281.20796662363,0.02,12.0,87374.0
STH502349,TF106866,Gold,4,7280.750208121305,0.024,12.0,87369.0
STH506295,TF118686,Bronze,6,7280.684778924491,0.02,12.0,87368.0
STH504704,TF113842,Silver,8,7279.974761776112,0.02,12.0,87360.0
STH506673,TF119798,Silver,3,7279.795018400449,0.02,12.0,87358.0
STH508092,TF123808,Gold,9,7279.755381689795,0.02,12.0,87357.0
STH501375,TF104032,Silver,8,7279.268538009492,0.02,12.0,87351.0
STH500012,TF100022,Silver,4,7279.066071384357,0.02,12.0,87349.0
STH508130,TF123896,Silver,8,7279.100961003539,0.02,12.0,87349.0
STH506733,TF119959,Silver,7,7277.990531729689,0.02,12.0,87336.0
STH502440,TF107128,Bronze,7,7277.935278727479,0.02,12.0,87335.0
STH502008,TF105886,Gold,8,7277.940725209778,0.02,12.0,87335.0
STH502872,TF108343,Silver,2,7277.828269257795,0.02,12.0,87334.0
STH500383,TF101073,Silver,4,7277.464195715449,0.02,12.0,87330.0
STH507918,TF123288,Silver,4,7277.464195715449,0.02,12.0,87330.0
STH502531,TF107367,Gold,6,7277.224942355567,0.02,12.0,87327.0
STH500467,TF101339,Gold,9,7277.211778193687,0.02,12.0,87327.0
STH500112,TF100314,Gold,3,7277.017803642799,0.02,12.0,87324.0
STH505297,TF115728,Bronze,6,7276.703172059637,0.02,12.0,87320.0
STH506824,TF120228,Gold,9,7275.038101307291,0.02,12.0,87300.0
STH508310,TF124416,Gold,6,7274.311412249745,0.02,12.0,87292.0
STH505975,TF117790,Silver,6,7273.29312462075,0.02,12.0,87280.0
STH507105,TF121010,Silver,7,7272.564177604658,0.02,12.0,87271.0
STH505295,TF115725,Platinum,6,7218.972122895513,0.02,12.0,86628.0
STH508160,TF124011,Platinum,7,7215.112586961134,0.02,12.0,86581.0
STH508365,TF124567,Silver,4,7213.6708883819165,0.02,12.0,86564.0
STH502595,TF107557,Platinum,2,7213.50233837142,0.02,12.0,86562.0
STH501908,TF105607,Platinum,5,7212.778391007243,0.02,12.0,86553.0
STH505930,TF117654,Platinum,4,7212.466371632117,0.02,12.0,86550.0
STH502032,TF105959,Bronze,2,7209.65203472,0.02,12.0,86516.0
STH502552,TF107416,Bronze,3,7209.379654106937,0.02,12.0,86513.0
STH504251,TF112481,Bronze,5,7208.350396976789,0.02,12.0,86500.0
STH501017,TF102990,Silver,7,7206.825344128791,0.02,12.0,86482.0
STH507346,TF121693,Platinum,2,7206.234966368445,0.02,12.0,86475.0
STH500138,TF100375,Platinum,9,7205.92678490225,0.02,12.0,86471.0
STH506020,TF117934,Platinum,8,7205.850796664319,0.02,12.0,86470.0
STH502002,TF105876,Bronze,6,7204.229978632552,0.02,12.0,86451.0
STH500505,TF101448,Gold,8,7203.759350960945,0.02,12.0,86445.0
STH505394,TF116049,Silver,7,7203.699881706927,0.02,12.0,86444.0
STH506953,TF120559,Bronze,7,7203.076696375815,0.02,12.0,86437.0
STH506310,TF118741,Bronze,6,7203.011329460919,0.02,12.0,86436.0
STH506429,TF119079,Platinum,9,7202.8727512471505,0.02,12.0,86434.0
STH507329,TF121636,Bronze,4,7202.8367562425965,0.02,12.0,86434.0
STH502930,TF108492,Silver,4,7202.751007340492,0.02,12.0,86433.0
STH502524,TF107351,Bronze,9,7202.09899658626,0.02,12.0,86425.0
STH504465,TF113123,Bronze,5,7201.96807297843,0.02,12.0,86424.0
STH500403,TF101121,Bronze,2,7201.512503532454,0.02,12.0,86418.0
STH504794,TF114163,Bronze,2,7201.387674850656,0.02,12.0,86417.0
STH505335,TF115871,Bronze,2,7201.387674850656,0.02,12.0,86417.0
STH504638,TF113644,Bronze,2,7201.443533852641,0.02,12.0,86417.0
STH505830,TF117337,Platinum,6,7201.235113839302,0.02,12.0,86415.0
STH505868,TF117446,Bronze,2,7201.024325108419,0.02,12.0,86412.0
STH506331,TF118800,Silver,2,7200.677693796457,0.02,12.0,86408.0
STH501498,TF104381,Bronze,7,7200.109560288315,0.02,12.0,86401.0
STH503528,TF110333,Gold,9,7199.768200089,0.02,12.0,86397.0
STH505591,TF116660,Bronze,5,7199.200833802381,0.02,12.0,86390.0
STH505706,TF117023,Platinum,9,7199.169701501566,0.02,12.0,86390.0
STH506524,TF119381,Bronze,2,7198.799326469938,0.02,12.0,86386.0
STH505967,TF117770,Bronze,2,7198.480699426533,0.02,12.0,86382.0
STH504680,TF113759,Bronze,2,7198.480699426533,0.02,12.0,86382.0
STH503995,TF111709,Bronze,5,7198.175982992356,0.02,12.0,86378.0
STH506645,TF119723,Silver,2,7197.947723536101,0.02,12.0,86375.0
STH504979,TF114771,Bronze,2,7197.893736190133,0.02,12.0,86375.0
STH507852,TF123076,Silver,6,7197.761905732089,0.02,12.0,86373.0
STH502365,TF106898,Silver,2,7197.776796743612,0.02,12.0,86373.0
STH500869,TF102537,Bronze,7,7197.37959002796,0.02,12.0,86369.0
STH502263,TF106581,Gold,8,7197.36143169038,0.02,12.0,86368.0
STH502330,TF106803,Bronze,8,7197.138821435901,0.02,12.0,86366.0
STH500504,TF101442,Bronze,2,7196.971352712487,0.02,12.0,86364.0
STH506301,TF118707,Silver,4,7196.680469917591,0.02,12.0,86360.0
STH505345,TF115901,Bronze,5,7196.634144712774,0.02,12.0,86360.0
STH500708,TF102043,Bronze,5,7196.612485421661,0.02,12.0,86359.0
STH507077,TF120921,Silver,4,7196.4898295039175,0.02,12.0,86358.0
STH506141,TF118218,Bronze,6,7196.406069585047,0.02,12.0,86357.0
STH505746,TF117122,Bronze,9,7196.285045738013,0.02,12.0,86355.0
STH504174,TF112229,Bronze,3,7196.242405696395,0.02,12.0,86355.0
STH500847,TF102463,Silver,5,7196.124232230062,0.02,12.0,86353.0
STH506765,TF120050,Bronze,6,7195.564911362166,0.02,12.0,86347.0
STH500308,TF100851,Bronze,2,7195.622070745984,0.02,12.0,86347.0
STH500628,TF101779,Bronze,5,7195.600745289464,0.02,12.0,86347.0
STH505668,TF116921,Silver,2,7195.404097854214,0.02,12.0,86345.0
STH501452,TF104243,Silver,5,7195.099381420037,0.02,12.0,86341.0
STH501588,TF104643,Silver,6,7195.031935471733,0.02,12.0,86340.0
STH507127,TF121063,Silver,3,7194.993777881527,0.02,12.0,86340.0
STH506458,TF119175,Bronze,3,7194.893123729892,0.02,12.0,86339.0
STH505714,TF117037,Gold,2,7194.8124348825695,0.02,12.0,86338.0
STH506891,TF120410,Bronze,3,7194.844776986318,0.02,12.0,86338.0
STH506136,TF118199,Bronze,4,7194.873542512888,0.02,12.0,86338.0
STH504937,TF114635,Silver,2,7194.817134617814,0.02,12.0,86338.0
STH503457,TF110107,Bronze,4,7194.628255375238,0.02,12.0,86336.0
STH501100,TF103221,Silver,7,7194.666338197879,0.02,12.0,86336.0
STH505013,TF114879,Bronze,8,7194.425644373386,0.02,12.0,86333.0
STH502560,TF107435,Silver,4,7194.286490156548,0.02,12.0,86331.0
STH500636,TF101793,Silver,4,7194.286490156548,0.02,12.0,86331.0
STH506152,TF118250,Bronze,9,7194.219228536771,0.02,12.0,86331.0
STH507486,TF122096,Bronze,8,7194.107017329981,0.02,12.0,86329.0
STH501186,TF103488,Bronze,5,7193.899308359146,0.02,12.0,86327.0
STH506070,TF118076,Bronze,5,7193.899308359146,0.02,12.0,86327.0
STH506143,TF118233,Silver,5,7193.636487735938,0.02,12.0,86324.0
STH504891,TF114474,Bronze,9,7193.696697357294,0.02,12.0,86324.0
STH503524,TF110324,Platinum,8,7193.472702843279,0.02,12.0,86322.0
STH500334,TF100928,Bronze,5,7193.386882954133,0.02,12.0,86321.0
STH503020,TF108772,Silver,4,7193.359240585631,0.02,12.0,86320.0
STH500236,TF100646,Silver,2,7193.279725288106,0.02,12.0,86319.0
STH500952,TF102791,Gold,2,7193.248937311876,0.02,12.0,86319.0
STH506023,TF117942,Bronze,3,7193.083776348224,0.02,12.0,86317.0
STH501912,TF105619,Silver,6,7192.907540719846,0.02,12.0,86315.0
STH506338,TF118850,Bronze,6,7192.657935938042,0.02,12.0,86312.0
STH504373,TF112852,Bronze,3,7192.644025328815,0.02,12.0,86312.0
STH500950,TF102767,Bronze,7,7192.686701464612,0.02,12.0,86312.0
STH500853,TF102495,Silver,6,7192.488309789847,0.02,12.0,86310.0
STH500535,TF101510,Silver,3,7192.525887956662,0.02,12.0,86310.0
STH503531,TF110342,Silver,3,7192.280600819012,0.02,12.0,86307.0
STH502922,TF108475,Gold,3,7192.201363252379,0.02,12.0,86306.0
STH501944,TF105703,Bronze,8,7191.9826447638725,0.02,12.0,86304.0
STH505710,TF117028,Bronze,3,7191.937801562194,0.02,12.0,86303.0
STH504605,TF113559,Silver,6,7191.901346553446,0.02,12.0,86303.0
STH503244,TF109441,Bronze,9,7191.868723599843,0.02,12.0,86302.0
STH506196,TF118373,Silver,8,7191.871573980544,0.02,12.0,86302.0
STH507719,TF122717,Gold,4,7191.791043279692,0.02,12.0,86301.0
STH505058,TF115011,Bronze,5,7191.625882316041,0.02,12.0,86300.0
STH504452,TF113082,Gold,8,7191.463603596043,0.02,12.0,86298.0
STH501864,TF105488,Bronze,9,7191.228807432428,0.02,12.0,86295.0
STH501455,TF104247,Silver,4,7191.0875751414815,0.02,12.0,86293.0
STH500902,TF102636,Gold,8,7191.100253853806,0.02,12.0,86293.0
STH507833,TF123028,Silver,6,7190.43461636332,0.02,12.0,86285.0
STH506960,TF120576,Silver,8,7190.443452521263,0.02,12.0,86285.0
STH508263,TF124272,Silver,9,7190.413186745539,0.02,12.0,86285.0
STH501968,TF105770,Silver,2,7190.2963707725885,0.02,12.0,86284.0
STH503422,TF110005,Bronze,7,7190.167988283856,0.02,12.0,86282.0
STH500098,TF100281,Gold,4,7189.963069522241,0.02,12.0,86280.0
STH508373,TF124588,Silver,7,7189.705669347228,0.02,12.0,86276.0
STH505148,TF115267,Silver,7,7189.634990207646,0.02,12.0,86276.0
STH503324,TF109679,Bronze,8,7189.58020428569,0.02,12.0,86275.0
STH502757,TF108004,Bronze,5,7189.445717305282,0.02,12.0,86273.0
STH502268,TF106598,Silver,7,7189.374531620923,0.02,12.0,86272.0
STH504824,TF114252,Bronze,9,7188.967826546998,0.02,12.0,86268.0
STH502256,TF106556,Bronze,6,7188.893686709845,0.02,12.0,86267.0
STH502589,TF107531,Silver,4,7188.838476740404,0.02,12.0,86266.0
STH502616,TF107609,Silver,3,7188.861199989876,0.02,12.0,86266.0
STH501179,TF103460,Silver,8,7188.635865738552,0.02,12.0,86264.0
STH502016,TF105913,Gold,8,7188.556628171919,0.02,12.0,86263.0
STH501145,TF103364,Silver,2,7188.562444905602,0.02,12.0,86263.0
STH502880,TF108359,Gold,2,7188.52006650158,0.02,12.0,86262.0
STH501557,TF104550,Gold,2,7188.52006650158,0.02,12.0,86262.0
STH506607,TF119598,Silver,8,7188.123440333539,0.02,12.0,86257.0
STH504423,TF113004,Silver,7,7188.041810619067,0.02,12.0,86257.0
STH501431,TF104183,Bronze,7,7187.624384787748,0.02,12.0,86251.0
STH507747,TF122785,Bronze,7,7187.624384787748,0.02,12.0,86251.0
STH502579,TF107493,Bronze,8,7187.43822239423,0.02,12.0,86249.0
STH505315,TF115796,Bronze,5,7187.361652840507,0.02,12.0,86248.0
STH501194,TF103524,Bronze,8,7187.265364381369,0.02,12.0,86247.0
STH506914,TF120456,Silver,4,7187.098062749056,0.02,12.0,86245.0
STH508348,TF124526,Gold,2,7187.1163594202235,0.02,12.0,86245.0
STH507985,TF123455,Gold,6,7187.10754677998,0.02,12.0,86245.0
STH507363,TF121753,Bronze,7,7187.015060201931,0.02,12.0,86244.0
STH502187,TF106383,Gold,7,7186.8910251689,0.02,12.0,86243.0
STH502151,TF106308,Bronze,8,7186.895437771655,0.02,12.0,86243.0
STH505067,TF115030,Gold,7,7186.8910251689,0.02,12.0,86243.0
STH502041,TF105990,Bronze,3,7186.798993691771,0.02,12.0,86242.0
STH502456,TF107182,Silver,7,7186.651635692128,0.02,12.0,86240.0
STH502556,TF107424,Silver,6,7186.6743589416,0.02,12.0,86240.0
STH505966,TF117769,Bronze,6,7186.329278652509,0.02,12.0,86236.0
STH505683,TF116971,Gold,6,7186.296970049415,0.02,12.0,86236.0
STH503837,TF111219,Bronze,8,7186.286113185839,0.02,12.0,86235.0
STH500067,TF100216,Bronze,9,7186.166490755564,0.02,12.0,86234.0
STH506693,TF119840,Silver,5,7186.005677247614,0.02,12.0,86232.0
STH507882,TF123176,Silver,8,7185.922688676036,0.02,12.0,86231.0
STH505010,TF114874,Silver,8,7185.922688676036,0.02,12.0,86231.0
STH506644,TF119720,Silver,7,7185.945411925508,0.02,12.0,86231.0
STH506592,TF119564,Silver,9,7185.853795554001,0.02,12.0,86230.0
STH508167,TF124029,Silver,9,7185.633492679354,0.02,12.0,86228.0
STH508163,TF124021,Silver,9,7185.633492679354,0.02,12.0,86228.0
STH506803,TF120164,Silver,8,7185.216464909416,0.02,12.0,86223.0
STH503088,TF108983,Silver,7,7185.200947189775,0.02,12.0,86222.0
STH501772,TF105195,Bronze,8,7185.174811792232,0.02,12.0,86222.0
STH501487,TF104342,Bronze,6,7185.030830155508,0.02,12.0,86220.0
STH507299,TF121543,Silver,7,7184.917709825142,0.02,12.0,86219.0
STH507450,TF121978,Silver,6,7184.667405645705,0.02,12.0,86216.0
STH503999,TF111729,Silver,5,7184.496330533567,0.02,12.0,86214.0
STH505747,TF117128,Silver,9,7184.4875178933235,0.02,12.0,86214.0
STH503976,TF111645,Bronze,7,7184.301883139416,0.02,12.0,86212.0
STH501919,TF105638,Gold,6,7184.2005713558565,0.02,12.0,86210.0
STH500432,TF101212,Gold,2,7183.998104730721,0.02,12.0,86208.0
STH503060,TF108905,Gold,8,7183.888652109702,0.02,12.0,86207.0
STH507554,TF122283,Silver,8,7183.818836199337,0.02,12.0,86206.0
STH502912,TF108445,Silver,8,7183.818836199337,0.02,12.0,86206.0
STH506849,TF120289,Silver,5,7183.462073751505,0.02,12.0,86202.0
STH506151,TF118249,Gold,3,7183.26915771463,0.02,12.0,86199.0
STH500993,TF102895,Gold,2,7183.175127214037,0.02,12.0,86198.0
STH508354,TF124542,Gold,9,7183.159705093611,0.02,12.0,86198.0
STH506060,TF118042,Silver,7,7182.948585946545,0.02,12.0,86195.0
STH501161,TF103418,Silver,6,7182.733126735413,0.02,12.0,86193.0
STH501580,TF104622,Gold,7,7182.614350535691,0.02,12.0,86191.0
STH506008,TF117890,Silver,7,7182.523730064098,0.02,12.0,86190.0
STH501614,TF104738,Bronze,8,7182.479115633486,0.02,12.0,86190.0
STH504365,TF112816,Gold,3,7182.446180197945,0.02,12.0,86189.0
STH504179,TF112239,Gold,8,7181.887833236168,0.02,12.0,86183.0
STH505773,TF117184,Gold,7,7181.464671043869,0.02,12.0,86178.0
STH504061,TF111905,Gold,2,7181.302408571975,0.02,12.0,86176.0
STH506870,TF120350,Gold,6,7181.293595931732,0.02,12.0,86176.0
STH503225,TF109388,Silver,8,7181.2752327032285,0.02,12.0,86175.0
STH505294,TF115724,Silver,9,7181.065836031915,0.02,12.0,86173.0
STH502939,TF108510,Silver,4,7180.851463211901,0.02,12.0,86170.0
STH507040,TF120825,Gold,7,7180.049942478355,0.02,12.0,86161.0
STH500479,TF101383,Gold,6,7180.0357922128405,0.02,12.0,86160.0
STH507086,TF120956,Gold,2,7179.835569658342,0.02,12.0,86158.0
STH503496,TF110240,Silver,6,7179.034142481237,0.02,12.0,86148.0
STH507175,TF121217,Silver,4,7178.709481320441,0.02,12.0,86145.0
STH504997,TF114830,Silver,3,7178.257578845337,0.02,12.0,86139.0
STH504296,TF112595,Bronze,5,7121.230608425117,0.022000000000000002,12.0,85455.0
STH502860,TF108315,Silver,2,7120.8065318610215,0.02,12.0,85450.0
STH508399,TF124676,Bronze,7,7119.772714392933,0.02,12.0,85437.0
STH503518,TF110307,Platinum,5,7119.751168717192,0.02,12.0,85437.0
STH501254,TF103698,Bronze,4,7118.173455083299,0.02,12.0,85418.0
STH505909,TF117587,Platinum,4,7117.57314030916,0.02,12.0,85411.0
STH500385,TF101078,Platinum,4,7117.57314030916,0.02,12.0,85411.0
STH507955,TF123382,Platinum,7,7117.268423874983,0.02,12.0,85407.0
STH501304,TF103838,Platinum,8,7116.539476858891,0.02,12.0,85398.0
STH501266,TF103738,Platinum,2,7116.12405891722,0.02,12.0,85393.0
STH501861,TF105476,Platinum,4,7116.0637935951145,0.02,12.0,85393.0
STH505863,TF117432,Platinum,6,7116.115246276977,0.02,12.0,85393.0
STH501713,TF105014,Silver,2,7115.886901874757,0.02,12.0,85391.0
STH503737,TF110918,Silver,7,7114.925706210484,0.02,12.0,85379.0
STH503186,TF109270,Silver,2,7114.237907655751,0.02,12.0,85371.0
STH504739,TF113980,Silver,2,7113.292543687311,0.02,12.0,85360.0
STH502920,TF108473,Bronze,2,7113.093693596844,0.02,12.0,85357.0
STH502656,TF107722,Bronze,8,7111.995463163077,0.02,12.0,85344.0
STH506913,TF120454,Silver,4,7111.829523158703,0.02,12.0,85342.0
STH503871,TF111314,Platinum,8,7111.750376820669,0.02,12.0,85341.0
STH506381,TF118966,Platinum,6,7111.667573089407,0.02,12.0,85340.0
STH505157,TF115304,Platinum,3,7111.46043437664,0.02,12.0,85338.0
STH506770,TF120059,Platinum,3,7111.46043437664,0.02,12.0,85338.0
STH507697,TF122669,Platinum,9,7111.069776548152,0.02,12.0,85333.0
STH502993,TF108695,Platinum,7,7110.976055493994,0.02,12.0,85332.0
STH503479,TF110175,Silver,5,7110.793085402358,0.02,12.0,85330.0
STH502798,TF108135,Bronze,5,7110.482517307923,0.02,12.0,85326.0
STH508353,TF124536,Bronze,5,7110.291826696506,0.02,12.0,85324.0
STH506640,TF119708,Platinum,8,7109.989376182575,0.02,12.0,85320.0
STH500623,TF101766,Bronze,4,7108.244328236516,0.02,12.0,85299.0
STH507608,TF122414,Bronze,4,7108.244328236516,0.02,12.0,85299.0
STH503202,TF109312,Silver,3,7108.0694958368,0.02,12.0,85297.0
STH501036,TF103040,Bronze,5,7107.9867664466165,0.02,12.0,85296.0
STH507334,TF121653,Bronze,5,7107.9867664466165,0.02,12.0,85296.0
STH502154,TF106313,Bronze,6,7107.187052862262,0.02,12.0,85286.0
STH506658,TF119761,Bronze,9,7106.772415312566,0.02,12.0,85281.0
STH507585,TF122351,Bronze,7,7106.597842094245,0.02,12.0,85279.0
STH500576,TF101631,Bronze,7,7106.597842094245,0.02,12.0,85279.0
STH507255,TF121436,Silver,3,7106.3680589064825,0.02,12.0,85276.0
STH502051,TF106014,Platinum,6,7106.3600632225425,0.02,12.0,85276.0
STH505367,TF115956,Bronze,3,7106.243304992252,0.02,12.0,85275.0
STH504470,TF113142,Silver,3,7105.896673680289,0.02,12.0,85271.0
STH508326,TF124471,Bronze,4,7105.51435797616,0.02,12.0,85266.0
STH508349,TF124528,Bronze,5,7105.148760702305,0.02,12.0,85262.0
STH506288,TF118675,Silver,2,7104.728677259119,0.02,12.0,85257.0
STH502926,TF108486,Bronze,6,7104.54464236801,0.02,12.0,85255.0
STH503477,TF110172,Bronze,6,7104.54464236801,0.02,12.0,85255.0
STH503210,TF109346,Gold,2,7104.623218336831,0.02,12.0,85255.0
STH500503,TF101441,Bronze,6,7104.419813686213,0.02,12.0,85253.0
STH500406,TF101130,Bronze,2,7104.428626326457,0.02,12.0,85253.0
STH501884,TF105544,Silver,6,7104.2501875380185,0.02,12.0,85251.0
STH501316,TF103869,Bronze,7,7103.746725672105,0.02,12.0,85245.0
STH502943,TF108528,Bronze,3,7103.699679310365,0.02,12.0,85244.0
STH500526,TF101490,Silver,5,7103.706128832175,0.02,12.0,85244.0
STH500113,TF100316,Silver,3,7103.530053162171,0.02,12.0,85242.0
STH504810,TF114209,Bronze,4,7103.389963224272,0.02,12.0,85241.0
STH507493,TF122109,Bronze,7,7103.327516927884,0.02,12.0,85240.0
STH508057,TF123701,Bronze,3,7103.112716073965,0.02,12.0,85237.0
STH507421,TF121907,Bronze,4,7102.970732294273,0.02,12.0,85236.0
STH504672,TF113743,Gold,4,7102.693939078454,0.02,12.0,85232.0
STH502935,TF108501,Bronze,5,7102.661016208181,0.02,12.0,85232.0
STH501611,TF104733,Bronze,5,7102.560412321585,0.02,12.0,85231.0
STH501514,TF104416,Silver,5,7102.072159129986,0.02,12.0,85225.0
STH502113,TF106194,Silver,5,7102.072159129986,0.02,12.0,85225.0
STH500518,TF101474,Gold,2,7101.785212592518,0.02,12.0,85221.0
STH504207,TF112322,Bronze,3,7101.5753067442565,0.02,12.0,85219.0
STH503716,TF110857,Silver,6,7101.3990711158785,0.02,12.0,85217.0
STH504419,TF112994,Silver,6,7100.979862371657,0.02,12.0,85212.0
STH503018,TF108765,Bronze,8,7100.474175159904,0.02,12.0,85206.0
STH500228,TF100626,Gold,4,7100.327318560335,0.02,12.0,85204.0
STH500330,TF100922,Gold,4,7100.327318560335,0.02,12.0,85204.0
STH506714,TF119908,Bronze,8,7100.37357127331,0.02,12.0,85204.0
STH505000,TF114838,Bronze,5,7100.117412712073,0.02,12.0,85201.0
STH500121,TF100329,Bronze,5,7099.84723525907,0.02,12.0,85198.0
STH506562,TF119483,Silver,4,7099.307167485555,0.02,12.0,85192.0
STH506587,TF119545,Bronze,2,7099.320899244831,0.02,12.0,85192.0
STH504656,TF113689,Silver,9,7099.212230067603,0.02,12.0,85191.0
STH502973,TF108618,Bronze,3,7099.252006122795,0.02,12.0,85191.0
STH507877,TF123158,Gold,2,7099.1968642118,0.02,12.0,85190.0
STH503783,TF111066,Gold,2,7098.989955172363,0.02,12.0,85188.0
STH506538,TF119417,Bronze,3,7099.031703248148,0.02,12.0,85188.0
STH500256,TF100697,Silver,2,7098.957474735028,0.02,12.0,85187.0
STH503992,TF111705,Silver,6,7098.776523024288,0.02,12.0,85185.0
STH503126,TF109076,Bronze,9,7098.63288412502,0.02,12.0,85184.0
STH503145,TF109134,Silver,5,7098.578220469462,0.02,12.0,85183.0
STH504511,TF113281,Bronze,3,7098.591952228739,0.02,12.0,85183.0
STH503478,TF110173,Silver,6,7098.547954693739,0.02,12.0,85183.0
STH507651,TF122524,Silver,6,7098.436236689771,0.02,12.0,85181.0
STH503841,TF111225,Silver,7,7098.025916717083,0.02,12.0,85176.0
STH504224,TF112370,Bronze,7,7097.876915821874,0.02,12.0,85175.0
STH503353,TF109766,Silver,3,7097.716102313923,0.02,12.0,85173.0
STH505028,TF114933,Gold,4,7097.7389701796155,0.02,12.0,85173.0
STH503585,TF110478,Bronze,2,7097.757401674136,0.02,12.0,85173.0
STH500616,TF101736,Silver,3,7097.716102313923,0.02,12.0,85173.0
STH506731,TF119953,Silver,5,7097.655836991817,0.02,12.0,85172.0
STH507488,TF122099,Silver,2,7097.63447259945,0.02,12.0,85172.0
STH504555,TF113399,Gold,6,7097.599286580476,0.02,12.0,85171.0
STH500237,TF100647,Bronze,2,7097.580485253482,0.02,12.0,85171.0
STH504218,TF112355,Gold,4,7097.420343136211,0.02,12.0,85169.0
STH507684,TF122633,Bronze,5,7097.34096723599,0.02,12.0,85168.0
STH504690,TF113798,Gold,3,7097.254969290319,0.02,12.0,85167.0
STH505552,TF116529,Bronze,9,7097.201624647705,0.02,12.0,85166.0
STH503211,TF109349,Bronze,9,7097.176734332352,0.02,12.0,85166.0
STH501672,TF104903,Bronze,7,7097.06633909131,0.02,12.0,85165.0
STH503378,TF109842,Gold,8,7097.04818075373,0.02,12.0,85165.0
STH507749,TF122787,Silver,4,7096.987155297831,0.02,12.0,85164.0
STH503153,TF109165,Silver,3,7096.905525583359,0.02,12.0,85163.0
STH500630,TF101784,Gold,9,7096.807412161672,0.02,12.0,85162.0
STH507691,TF122651,Gold,6,7096.803607326909,0.02,12.0,85162.0
STH504308,TF112627,Silver,2,7096.684048691922,0.02,12.0,85160.0
STH507414,TF121887,Gold,3,7096.6399434382565,0.02,12.0,85160.0
STH500203,TF100538,Gold,5,7096.691396120119,0.02,12.0,85160.0
STH501398,TF104088,Silver,2,7096.684048691922,0.02,12.0,85160.0
STH506377,TF118955,Silver,9,7096.589681976012,0.02,12.0,85159.0
STH502333,TF106810,Gold,6,7096.381680034026,0.02,12.0,85157.0
STH503957,TF111588,Silver,8,7096.391379421187,0.02,12.0,85157.0
STH500982,TF102877,Bronze,5,7096.427834429934,0.02,12.0,85157.0
STH504616,TF113595,Bronze,9,7096.419021789689,0.02,12.0,85157.0
STH505942,TF117688,Bronze,7,7096.373647479107,0.02,12.0,85156.0
STH501335,TF103923,Bronze,4,7096.299507641953,0.02,12.0,85156.0
STH500487,TF101404,Silver,2,7096.244297672512,0.02,12.0,85155.0
STH501594,TF104660,Silver,6,7096.286973808309,0.02,12.0,85155.0
STH504793,TF114159,Silver,9,7096.249395641495,0.02,12.0,85155.0
STH501877,TF105525,Gold,6,7096.281076147432,0.02,12.0,85155.0
STH508043,TF123669,Gold,5,7096.104432883719,0.02,12.0,85153.0
STH507431,TF121932,Gold,7,7096.074660310816,0.02,12.0,85153.0
STH502786,TF108084,Gold,5,7095.998283031326,0.02,12.0,85152.0
STH503855,TF111262,Bronze,7,7095.676164164371,0.02,12.0,85148.0
STH503203,TF109313,Bronze,6,7095.698887413842,0.02,12.0,85148.0
STH500513,TF101464,Silver,7,7095.58291710757,0.02,12.0,85147.0
STH502341,TF106841,Silver,6,7095.529261265648,0.02,12.0,85146.0
STH500163,TF100444,Silver,3,7095.51535065642,0.02,12.0,85146.0
STH501955,TF105744,Silver,4,7095.446457534385,0.02,12.0,85145.0
STH505605,TF116711,Silver,5,7095.447631551175,0.02,12.0,85145.0
STH506265,TF118606,Silver,7,7095.312739654568,0.02,12.0,85144.0
STH501870,TF105503,Gold,3,7095.24231472818,0.02,12.0,85143.0
STH505763,TF117158,Bronze,8,7095.154126187715,0.02,12.0,85142.0
STH506938,TF120513,Silver,8,7094.92464923106,0.02,12.0,85139.0
STH504874,TF114439,Bronze,6,7094.671185313477,0.02,12.0,85136.0
STH507005,TF120714,Bronze,6,7094.671185313477,0.02,12.0,85136.0
STH501472,TF104289,Silver,8,7094.583792638476,0.02,12.0,85135.0
STH508477,TF124935,Silver,8,7094.583792638476,0.02,12.0,85135.0
STH508345,TF124515,Gold,5,7094.567023554011,0.02,12.0,85135.0
STH506316,TF118751,Bronze,5,7094.420881134039,0.02,12.0,85133.0
STH501576,TF104615,Bronze,6,7094.301258703764,0.02,12.0,85132.0
STH502039,TF105987,Bronze,9,7094.218270132187,0.02,12.0,85131.0
STH500092,TF100273,Bronze,4,7094.249806021901,0.02,12.0,85131.0
STH503573,TF110447,Silver,9,7094.125023075387,0.02,12.0,85130.0
STH500547,TF101548,Silver,4,7094.0801798737075,0.02,12.0,85129.0
STH507385,TF121810,Silver,3,7093.951853085727,0.02,12.0,85127.0
STH502495,TF107279,Silver,3,7093.951853085727,0.02,12.0,85127.0
STH501273,TF103765,Silver,3,7093.951853085727,0.02,12.0,85127.0
STH506930,TF120496,Gold,5,7093.784420695995,0.02,12.0,85125.0
STH501814,TF105308,Silver,3,7093.781424789434,0.02,12.0,85125.0
STH503316,TF109654,Gold,7,7093.724155373889,0.02,12.0,85125.0
STH504478,TF113160,Gold,2,7093.770510086769,0.02,12.0,85125.0
STH505616,TF116749,Gold,6,7093.5678990849165,0.02,12.0,85123.0
STH505905,TF117572,Bronze,3,7093.165598103707,0.02,12.0,85118.0
STH503354,TF109769,Gold,3,7093.041563070677,0.02,12.0,85116.0
STH502093,TF106132,Bronze,5,7093.006152568525,0.02,12.0,85116.0
STH505687,TF116982,Gold,7,7092.838952068824,0.02,12.0,85114.0
STH502609,TF107586,Silver,4,7092.682551163629,0.02,12.0,85112.0
STH504476,TF113152,Silver,6,7092.622285841524,0.02,12.0,85111.0
STH507673,TF122602,Bronze,9,7092.484344265201,0.02,12.0,85110.0
STH504629,TF113624,Silver,2,7092.4198192163885,0.02,12.0,85109.0
STH505929,TF117650,Gold,5,7092.281152353228,0.02,12.0,85107.0
STH502284,TF106651,Silver,2,7092.116392044482,0.02,12.0,85105.0
STH504846,TF114320,Silver,6,7091.877821105792,0.02,12.0,85103.0
STH508427,TF124775,Bronze,7,7091.851685708248,0.02,12.0,85102.0
STH501427,TF104169,Silver,8,7091.87061557596,0.02,12.0,85102.0
STH501794,TF105246,Gold,9,7091.721914629225,0.02,12.0,85101.0
STH504204,TF112315,Gold,9,7091.62634517429,0.02,12.0,85100.0
STH505149,TF115269,Bronze,7,7091.548258536341,0.02,12.0,85099.0
STH502591,TF107538,Gold,5,7091.583669038492,0.02,12.0,85099.0
STH507428,TF121927,Silver,9,7091.581419579278,0.02,12.0,85099.0
STH502840,TF108260,Bronze,8,7091.244167402695,0.02,12.0,85095.0
STH501692,TF104956,Silver,9,7091.141668559869,0.02,12.0,85094.0
STH503943,TF111548,Gold,6,7090.854722022401,0.02,12.0,85090.0
STH502701,TF107851,Gold,6,7090.854722022401,0.02,12.0,85090.0
STH501966,TF105766,Gold,9,7090.868632631627,0.02,12.0,85090.0
STH508482,TF124946,Silver,8,7090.419927073607,0.02,12.0,85085.0
STH501205,TF103555,Silver,9,7090.435444793247,0.02,12.0,85085.0
STH507248,TF121418,Gold,5,7090.13298053614,0.02,12.0,85082.0
STH507530,TF122218,Bronze,9,7089.57081415938,0.02,12.0,85075.0
STH505841,TF117370,Gold,7,7089.419551239688,0.02,12.0,85073.0
STH503584,TF110477,Silver,7,7088.775084135929,0.02,12.0,85065.0
STH507076,TF120919,Silver,9,7087.528469369123,0.02,12.0,85050.0
STH502078,TF106093,Silver,9,7087.438618814284,0.02,12.0,85049.0
STH501619,TF104754,Silver,8,7087.223159603152,0.02,12.0,85047.0
STH506735,TF119964,Silver,7,7086.754530955009,0.02,12.0,85041.0
STH503286,TF109566,Silver,9,7086.494212587061,0.02,12.0,85038.0
STH501702,TF104988,Gold,8,7085.693778244633,0.02,12.0,85028.0
STH501603,TF104702,Gold,5,7085.49820969694,0.02,12.0,85026.0
STH502646,TF107686,Silver,9,7085.296636922824,0.031,12.0,85024.0
STH503414,TF109976,Gold,3,7084.695122843694,0.02,12.0,85016.0
STH508293,TF124361,Gold,7,7084.285602802405,0.02,12.0,85011.0
STH501473,TF104291,Gold,8,7083.970473865185,0.02,12.0,85008.0
STH501332,TF103916,Gold,7,7081.209909856193,0.02,12.0,84975.0
STH502259,TF106570,Bronze,3,7028.636429357225,0.021,12.0,84344.0
STH501987,TF105843,Bronze,4,7027.907482341133,0.02,12.0,84335.0
STH503300,TF109602,Platinum,7,7027.079207329244,0.02,12.0,84325.0
STH500833,TF102429,Platinum,7,7027.008440760982,0.02,12.0,84324.0
STH504230,TF112386,Platinum,9,7025.621313297061,0.02,12.0,84307.0
STH507253,TF121430,Silver,3,7025.559827784907,0.02,12.0,84307.0
STH507596,TF122371,Platinum,9,7025.550546728798,0.02,12.0,84307.0
STH507967,TF123415,Bronze,2,7025.579276015406,0.02,12.0,84307.0
STH506282,TF118664,Bronze,8,7024.991694276765,0.02,12.0,84300.0
STH507115,TF121031,Platinum,3,7023.663050988776,0.02,12.0,84284.0
STH504602,TF113549,Silver,6,7023.372986736631,0.02,12.0,84280.0
STH503137,TF109116,Gold,3,7023.086040199163,0.02,12.0,84277.0
STH502491,TF107266,Silver,7,7022.644039720539,0.02,12.0,84272.0
STH503776,TF111032,Platinum,7,7022.17538438369,0.02,12.0,84266.0
STH506094,TF118119,Platinum,9,7021.758456742723,0.02,12.0,84261.0
STH504872,TF114432,Platinum,7,7021.674512495325,0.02,12.0,84260.0
STH503050,TF108875,Platinum,6,7020.553826462854,0.02,12.0,84247.0
STH505559,TF116557,Bronze,3,7020.328367228456,0.02,12.0,84244.0
STH502702,TF107852,Platinum,5,7019.8851447688685,0.02,12.0,84239.0
STH507241,TF121396,Silver,6,7019.45014494473,0.02,12.0,84233.0
STH504632,TF113632,Platinum,7,7019.2098535947,0.02,12.0,84231.0
STH504078,TF111951,Platinum,3,7019.14228714355,0.02,12.0,84230.0
STH503907,TF111426,Gold,9,7018.712358102611,0.021,12.0,84225.0
STH503740,TF110938,Gold,9,7018.712358102611,0.02,12.0,84225.0
STH503303,TF109617,Silver,3,7018.627543236502,0.02,12.0,84224.0
STH503499,TF110246,Platinum,6,7018.345621022212,0.02,12.0,84220.0
STH507792,TF122913,Silver,9,7017.837628378022,0.02,12.0,84214.0
STH506616,TF119635,Platinum,9,7017.751959562516,0.02,12.0,84213.0
STH501694,TF104960,Bronze,5,7016.854779448492,0.02,12.0,84202.0
STH500189,TF100505,Platinum,7,7016.226499079182,0.02,12.0,84195.0
STH508224,TF124163,Gold,8,7016.092787808369,0.02,12.0,84193.0
STH501245,TF103674,Bronze,6,7015.918923392965,0.02,12.0,84191.0
STH505243,TF115585,Bronze,7,7015.536621664382,0.02,12.0,84186.0
STH504096,TF111998,Platinum,9,7015.208356066408,0.02,12.0,84183.0
STH506463,TF119201,Bronze,4,7014.5928737943705,0.02,12.0,84175.0
STH508470,TF124910,Platinum,2,7014.444880034611,0.02,12.0,84173.0
STH506883,TF120382,Platinum,2,7014.026202522598,0.02,12.0,84168.0
STH500418,TF101170,Bronze,5,7013.863926778278,0.02,12.0,84166.0
STH501146,TF103366,Bronze,5,7013.696150100322,0.02,12.0,84164.0
STH505707,TF117024,Silver,5,7013.353842635529,0.02,12.0,84160.0
STH502094,TF106133,Platinum,7,7012.402020623059,0.02,12.0,84149.0
STH508025,TF123610,Silver,3,7012.384955486218,0.02,12.0,84149.0
STH503439,TF110051,Bronze,2,7012.258677840479,0.02,12.0,84147.0
STH507373,TF121769,Bronze,3,7012.191231892176,0.02,12.0,84146.0
STH507981,TF123444,Gold,4,7012.033337306522,0.02,12.0,84144.0
STH502213,TF106439,Silver,6,7011.830581688449,0.02,12.0,84142.0
STH505921,TF117630,Silver,8,7011.647195829882,0.02,12.0,84140.0
STH500454,TF101295,Bronze,4,7011.652925289757,0.02,12.0,84140.0
STH500450,TF101288,Bronze,7,7011.272763272233,0.02,12.0,84135.0
STH500656,TF101846,Bronze,2,7010.695180269786,0.02,12.0,84128.0
STH503351,TF109761,Bronze,6,7010.4925692679335,0.02,12.0,84126.0
STH503290,TF109577,Silver,8,7010.372687656264,0.02,12.0,84124.0
STH506584,TF119540,Bronze,6,7010.004390843899,0.02,12.0,84120.0
STH505562,TF116572,Bronze,6,7010.004390843899,0.02,12.0,84120.0
STH506367,TF118924,Gold,3,7009.771431652401,0.02,12.0,84117.0
STH502747,TF107976,Bronze,3,7009.647606210289,0.02,12.0,84116.0
STH506874,TF120356,Bronze,7,7009.694652572029,0.02,12.0,84116.0
STH504150,TF112154,Silver,3,7009.533839064078,0.02,12.0,84114.0
STH500983,TF102880,Platinum,9,7009.342250921967,0.02,12.0,84112.0
STH505829,TF117336,Silver,3,7009.30527073353,0.02,12.0,84112.0
STH505038,TF114952,Gold,4,7008.641865978378,0.02,12.0,84104.0
STH508358,TF124550,Platinum,6,7008.60900586829,0.02,12.0,84103.0
STH502538,TF107380,Silver,4,7008.385683303765,0.02,12.0,84101.0
STH501342,TF103934,Gold,5,7008.313537620216,0.02,12.0,84100.0
STH505441,TF116201,Silver,7,7008.196161699914,0.02,12.0,84098.0
STH506755,TF120028,Silver,5,7008.144914711706,0.02,12.0,84098.0
STH507437,TF121944,Bronze,9,7008.180899537861,0.02,12.0,84098.0
STH502873,TF108346,Silver,8,7008.199865499753,0.02,12.0,84098.0
STH500881,TF102575,Bronze,3,7008.138259496242,0.02,12.0,84098.0
STH500529,TF101496,Silver,5,7008.144914711706,0.02,12.0,84098.0
STH502547,TF107406,Silver,5,7008.144914711706,0.02,12.0,84098.0
STH504340,TF112733,Gold,9,7007.964266985417,0.02,12.0,84096.0
STH503003,TF108724,Silver,5,7008.02008602991,0.02,12.0,84096.0
STH507326,TF121633,Silver,5,7008.02008602991,0.02,12.0,84096.0
STH504531,TF113326,Gold,8,7007.974707589413,0.02,12.0,84096.0
STH505446,TF116221,Bronze,8,7007.884995743928,0.02,12.0,84095.0
STH503097,TF109010,Bronze,9,7007.817549795624,0.02,12.0,84094.0
STH505718,TF117045,Silver,2,7007.719182584062,0.02,12.0,84093.0
STH501430,TF104180,Silver,4,7007.724182235977,0.02,12.0,84093.0
STH503223,TF109377,Bronze,5,7007.602748941705,0.02,12.0,84091.0
STH501711,TF105010,Bronze,5,7007.602748941705,0.02,12.0,84091.0
STH506199,TF118386,Bronze,5,7007.602748941705,0.02,12.0,84091.0
STH505416,TF116125,Bronze,6,7007.460765162014,0.02,12.0,84090.0
STH503490,TF110217,Bronze,2,7007.469577802257,0.02,12.0,84090.0
STH508034,TF123646,Bronze,7,7007.072104480438,0.02,12.0,84085.0
STH508075,TF123764,Gold,7,7006.995379836107,0.02,12.0,84084.0
STH500719,TF102095,Bronze,6,7006.8738019256125,0.02,12.0,84082.0
STH506250,TF118564,Silver,4,7006.68321584476,0.02,12.0,84080.0
STH503679,TF110758,Gold,2,7006.708288682417,0.02,12.0,84080.0
STH505882,TF117491,Silver,3,7006.571004637971,0.02,12.0,84079.0
STH504249,TF112478,Silver,7,7006.562191997727,0.02,12.0,84079.0
STH506904,TF120431,Silver,7,7006.562191997727,0.02,12.0,84079.0
STH502410,TF107024,Gold,6,7006.451321130263,0.02,12.0,84077.0
STH503751,TF110963,Gold,6,7006.451321130263,0.02,12.0,84077.0
STH504034,TF111832,Bronze,8,7006.343157464346,0.02,12.0,84076.0
STH500512,TF101462,Gold,8,7006.126696571941,0.02,12.0,84074.0
STH507660,TF122562,Bronze,4,7006.060030513648,0.02,12.0,84073.0
STH507090,TF120968,Gold,4,7005.911895718022,0.02,12.0,84071.0
STH501562,TF104564,Bronze,3,7005.930054055601,0.02,12.0,84071.0
STH501784,TF105225,Bronze,3,7005.930054055601,0.02,12.0,84071.0
STH504897,TF114490,Silver,4,7005.842057621879,0.02,12.0,84070.0
STH501750,TF105127,Silver,4,7005.842057621879,0.02,12.0,84070.0
STH507303,TF121558,Bronze,6,7005.336392595905,0.02,12.0,84064.0
STH507457,TF121998,Silver,8,7005.2989684469085,0.02,12.0,84064.0
STH503797,TF111105,Silver,2,7005.246258227536,0.02,12.0,84063.0
STH502500,TF107296,Silver,5,7005.1131106057865,0.02,12.0,84061.0
STH502325,TF106789,Silver,9,7005.104297965542,0.02,12.0,84061.0
STH500160,TF100438,Silver,5,7005.1131106057865,0.02,12.0,84061.0
STH500677,TF101911,Silver,5,7005.1131106057865,0.02,12.0,84061.0
STH507631,TF122472,Silver,8,7004.8083941716095,0.02,12.0,84058.0
STH503473,TF110164,Silver,6,7004.803394519694,0.02,12.0,84058.0
STH503311,TF109643,Silver,8,7004.8083941716095,0.02,12.0,84058.0
STH507062,TF120875,Bronze,6,7004.55378973789,0.02,12.0,84055.0
STH501252,TF103696,Bronze,2,7004.562602378133,0.02,12.0,84055.0
STH501885,TF105545,Silver,3,7004.5173112114435,0.02,12.0,84054.0
STH504396,TF112921,Silver,5,7004.526147369386,0.02,12.0,84054.0
STH505645,TF116848,Gold,5,7004.521447634142,0.02,12.0,84054.0
STH506168,TF118292,Silver,2,7004.3929762299385,0.02,12.0,84053.0
STH500243,TF100654,Silver,6,7004.384163589695,0.02,12.0,84053.0
STH501225,TF103607,Gold,3,7004.415844095632,0.02,12.0,84053.0
STH503915,TF111442,Gold,7,7004.144263413967,0.02,12.0,84050.0
STH506481,TF119253,Silver,7,7004.074447503602,0.02,12.0,84049.0
STH501844,TF105401,Gold,7,7004.088404411983,0.02,12.0,84049.0
STH505858,TF117406,Bronze,8,7003.949177703303,0.02,12.0,84047.0
STH506654,TF119744,Bronze,8,7003.853608248368,0.02,12.0,84046.0
STH505043,TF114960,Gold,4,7003.708556370652,0.02,12.0,84045.0
STH501830,TF105369,Silver,3,7003.664029213847,0.02,12.0,84044.0
STH505681,TF116965,Silver,5,7003.6037638917405,0.02,12.0,84043.0
STH501883,TF105542,Bronze,2,7003.534900277768,0.02,12.0,84042.0
STH503682,TF110763,Bronze,2,7003.534900277768,0.02,12.0,84042.0
STH503154,TF109166,Silver,4,7003.4475076027675,0.02,12.0,84041.0
STH504108,TF112038,Silver,4,7003.4475076027675,0.02,12.0,84041.0
STH500695,TF101993,Bronze,5,7003.288894135914,0.02,12.0,84039.0
STH501220,TF103600,Bronze,5,7003.081985096478,0.02,12.0,84037.0
STH505672,TF116929,Gold,8,7002.996107653654,0.02,12.0,84036.0
STH501044,TF103061,Gold,8,7002.996107653654,0.02,12.0,84036.0
STH504166,TF112205,Silver,8,7002.926269557511,0.02,12.0,84035.0
STH506114,TF118158,Silver,4,7002.935082197755,0.02,12.0,84035.0
STH501419,TF104155,Silver,4,7002.935082197755,0.02,12.0,84035.0
STH505690,TF116987,Silver,8,7002.926269557511,0.02,12.0,84035.0
STH505653,TF116875,Silver,8,7002.926269557511,0.02,12.0,84035.0
STH505469,TF116278,Silver,2,7002.852278466493,0.02,12.0,84034.0
STH505951,TF117709,Bronze,3,7002.805953261676,0.02,12.0,84034.0
STH505622,TF116784,Gold,4,7002.781306799735,0.02,12.0,84033.0
STH506598,TF119577,Silver,5,7002.718560586675,0.02,12.0,84033.0
STH508499,TF124998,Gold,9,7002.755339061596,0.02,12.0,84033.0
STH503580,TF110467,Silver,9,7002.616553471418,0.02,12.0,84031.0
STH507999,TF123496,Silver,9,7002.616553471418,0.02,12.0,84031.0
STH500133,TF100366,Bronze,3,7002.436026651963,0.02,12.0,84029.0
STH504582,TF113500,Bronze,3,7002.436026651963,0.02,12.0,84029.0
STH503024,TF108784,Bronze,3,7002.436026651963,0.02,12.0,84029.0
STH507262,TF121450,Gold,6,7002.32960693395,0.02,12.0,84028.0
STH507051,TF120847,Bronze,6,7002.353038080387,0.02,12.0,84028.0
STH506412,TF119043,Bronze,4,7002.247434541877,0.02,12.0,84027.0
STH501905,TF105602,Bronze,4,7002.247434541877,0.02,12.0,84027.0
STH508101,TF123824,Silver,6,7002.259791023586,0.02,12.0,84027.0
STH508109,TF123845,Silver,6,7001.989613570584,0.02,12.0,84024.0
STH502036,TF105966,Silver,3,7002.01503499484,0.02,12.0,84024.0
STH500011,TF100021,Gold,4,7001.858923322089,0.02,12.0,84022.0
STH501293,TF103814,Bronze,6,7001.646814313766,0.02,12.0,84020.0
STH500913,TF102659,Bronze,6,7001.646814313766,0.02,12.0,84020.0
STH501569,TF104592,Gold,9,7001.605659569774,0.02,12.0,84019.0
STH504854,TF114361,Bronze,2,7001.444347688631,0.02,12.0,84017.0
STH506968,TF120602,Silver,5,7001.395558451099,0.02,12.0,84017.0
STH505537,TF116480,Bronze,5,7001.348059229493,0.02,12.0,84016.0
STH504321,TF112666,Gold,4,7001.243897470026,0.02,12.0,84015.0
STH503331,TF109699,Gold,7,7001.181428987859,0.02,12.0,84014.0
STH505402,TF116079,Bronze,4,7001.097755050055,0.02,12.0,84013.0
STH501531,TF104478,Gold,2,7001.108611913631,0.02,12.0,84013.0
STH508313,TF124423,Bronze,9,7000.863680346846,0.02,12.0,84010.0
STH505340,TF115893,Gold,8,7000.792768306284,0.02,12.0,84010.0
STH506885,TF120384,Silver,7,7000.748241149479,0.02,12.0,84009.0
STH502948,TF108539,Silver,7,7000.748241149479,0.02,12.0,84009.0
STH502499,TF107295,Silver,3,7000.757053789724,0.02,12.0,84009.0
STH501909,TF105608,Gold,4,7000.461294612011,0.02,12.0,84006.0
STH507117,TF121042,Silver,2,7000.45829870545,0.02,12.0,84005.0
STH508055,TF123690,Bronze,2,7000.397823235118,0.02,12.0,84005.0
STH502060,TF106036,Bronze,8,7000.188920281582,0.02,12.0,84002.0
STH503035,TF108822,Gold,2,7000.158188006102,0.02,12.0,84002.0
STH505970,TF117776,Gold,9,7000.04216199908,0.02,12.0,84001.0
STH503379,TF109843,Gold,9,7000.063821290192,0.02,12.0,84001.0
STH508322,TF124455,Silver,8,7000.067640876961,0.02,12.0,84001.0
STH500681,TF101930,Silver,5,7000.00538352416,0.02,12.0,84000.0
STH501890,TF105563,Silver,6,6999.936490402125,0.02,12.0,83999.0
STH504223,TF112364,Silver,6,6999.936490402125,0.02,12.0,83999.0
STH503640,TF110646,Silver,9,6999.802772522308,0.02,12.0,83998.0
STH501577,TF104617,Silver,9,6999.802772522308,0.02,12.0,83998.0
STH500270,TF100738,Gold,6,6999.856682577424,0.02,12.0,83998.0
STH506974,TF120626,Bronze,6,6999.639861017871,0.02,12.0,83996.0
STH503551,TF110393,Silver,6,6999.483345547504,0.02,12.0,83994.0
STH508471,TF124911,Silver,9,6999.290347117295,0.02,12.0,83991.0
STH502007,TF105883,Bronze,5,6999.257506640355,0.02,12.0,83991.0
STH502235,TF106515,Silver,7,6999.207543386033,0.02,12.0,83990.0
STH507073,TF120912,Gold,2,6999.012213220071,0.02,12.0,83988.0
STH507896,TF123228,Silver,4,6999.0004046732665,0.02,12.0,83988.0
STH506312,TF118743,Bronze,9,6998.602699461417,0.02,12.0,83983.0
STH505090,TF115093,Silver,2,6998.57902538169,0.02,12.0,83983.0
STH506819,TF120210,Silver,8,6998.478596369941,0.02,12.0,83982.0
STH501000,TF102940,Silver,5,6998.441885953466,0.02,12.0,83981.0
STH507996,TF123487,Silver,5,6998.441885953466,0.02,12.0,83981.0
STH503666,TF110732,Bronze,9,6998.432271165125,0.02,12.0,83981.0
STH500296,TF100806,Bronze,8,6998.181966985687,0.02,12.0,83978.0
STH500752,TF102181,Bronze,9,6998.062344555412,0.02,12.0,83977.0
STH506420,TF119058,Bronze,3,6998.01799373959,0.02,12.0,83976.0
STH507591,TF122362,Silver,7,6997.841265725356,0.02,12.0,83974.0
STH503990,TF111698,Bronze,8,6997.710581759495,0.02,12.0,83973.0
STH501534,TF104497,Gold,9,6997.6698415291485,0.02,12.0,83972.0
STH500877,TF102561,Gold,2,6997.614584509994,0.02,12.0,83971.0
STH503590,TF110496,Bronze,7,6997.496185436265,0.02,12.0,83970.0
STH507060,TF120870,Bronze,7,6997.496185436265,0.02,12.0,83970.0
STH501622,TF104763,Bronze,9,6997.4530199695955,0.02,12.0,83969.0
STH503195,TF109291,Bronze,9,6997.4530199695955,0.02,12.0,83969.0
STH501376,TF104034,Gold,9,6997.328984936565,0.02,12.0,83968.0
STH507633,TF122475,Silver,4,6997.121131349507,0.02,12.0,83965.0
STH502267,TF106592,Silver,8,6997.1123187092635,0.02,12.0,83965.0
STH503356,TF109779,Silver,7,6996.983991921283,0.02,12.0,83964.0
STH503881,TF111348,Bronze,6,6996.926683955356,0.02,12.0,83963.0
STH501811,TF105302,Gold,3,6996.885637493901,0.02,12.0,83963.0
STH508103,TF123827,Silver,3,6996.8158215835365,0.02,12.0,83962.0
STH500381,TF101068,Silver,3,6996.8158215835365,0.02,12.0,83962.0
STH501212,TF103581,Bronze,7,6996.753088154659,0.02,12.0,83961.0
STH502529,TF107364,Gold,2,6996.533874697984,0.02,12.0,83958.0
STH504043,TF111865,Bronze,6,6996.512865876483,0.033,12.0,83958.0
STH505024,TF114922,Bronze,6,6996.267578738833,0.02,12.0,83955.0
STH505114,TF115181,Gold,4,6996.156690477809,0.02,12.0,83954.0
STH500669,TF101889,Silver,4,6996.086874567444,0.02,12.0,83953.0
STH501941,TF105694,Bronze,9,6996.038291404081,0.02,12.0,83952.0
STH500574,TF101626,Gold,4,6995.547365891993,0.02,12.0,83947.0
STH507567,TF122318,Silver,9,6995.526097889098,0.02,12.0,83946.0
STH507045,TF120832,Silver,9,6995.355669592806,0.02,12.0,83944.0
STH501294,TF103818,Gold,3,6995.165011514478,0.02,12.0,83942.0
STH508066,TF123728,Gold,2,6995.070981013885,0.02,12.0,83941.0
STH504349,TF112765,Silver,9,6994.985742983094,0.02,12.0,83940.0
STH502327,TF106793,Silver,9,6994.985742983094,0.02,12.0,83940.0
STH507301,TF121546,Gold,5,6994.8184188759005,0.02,12.0,83938.0
STH501568,TF104586,Bronze,3,6994.805216163639,0.02,12.0,83938.0
STH503964,TF111600,Silver,5,6994.579029399129,0.02,12.0,83935.0
STH505413,TF116117,Gold,6,6994.089471859809,0.02,12.0,83929.0
STH506771,TF120062,Silver,8,6994.1154927303005,0.02,12.0,83929.0
STH503164,TF109194,Bronze,9,6994.080737690558,0.02,12.0,83929.0
STH504183,TF112243,Silver,6,6993.850082383037,0.02,12.0,83926.0
STH505278,TF115691,Silver,6,6993.850082383037,0.02,12.0,83926.0
STH506580,TF119535,Gold,5,6993.795276211213,0.02,12.0,83926.0
STH503370,TF109826,Bronze,9,6993.644311643038,0.02,12.0,83924.0
STH501150,TF103378,Gold,8,6993.610829023155,0.02,12.0,83923.0
STH508417,TF124746,Silver,4,6993.543271071337,0.02,12.0,83923.0
STH501125,TF103286,Bronze,5,6993.349730079219,0.02,12.0,83920.0
STH502484,TF107251,Silver,9,6993.265117003669,0.02,12.0,83919.0
STH502889,TF108378,Bronze,6,6992.9258880413945,0.02,12.0,83915.0
STH504278,TF112555,Gold,9,6992.881882007063,0.02,12.0,83915.0
STH503840,TF111224,Gold,8,6992.631577827625,0.02,12.0,83912.0
STH502111,TF106189,Gold,9,6991.9026308115335,0.02,12.0,83903.0
STH501550,TF104530,Gold,5,6991.009710549344,0.02,12.0,83892.0
STH506799,TF120157,Silver,6,6990.929996281085,0.02,12.0,83891.0
STH501729,TF105062,Silver,9,6990.56771007072,0.02,12.0,83887.0
STH506741,TF119979,Silver,9,6990.56771007072,0.02,12.0,83887.0
STH505113,TF115177,Gold,4,6990.258951126586,0.02,12.0,83883.0
STH508149,TF123975,Gold,6,6990.282474307456,0.02,12.0,83883.0
STH508189,TF124075,Silver,9,6989.8985359908775,0.02,12.0,83879.0
STH500638,TF101799,Gold,8,6986.428889740026,0.02,12.0,83837.0
STH502521,TF107340,Platinum,6,6946.99992322376,0.02,12.0,83364.0
STH508069,TF123735,Platinum,5,6940.796585691447,0.02,12.0,83290.0
STH501383,TF104048,Platinum,2,6939.731691659652,0.02,12.0,83277.0
STH504047,TF111874,Platinum,3,6935.704379047315,0.02,12.0,83228.0
STH503413,TF109975,Bronze,3,6934.584356257148,0.021,12.0,83215.0
STH503373,TF109830,Bronze,5,6933.126462224964,0.02,12.0,83198.0
STH502731,TF107920,Bronze,5,6933.126462224964,0.02,12.0,83198.0
STH507804,TF122943,Platinum,4,6932.012619790894,0.02,12.0,83184.0
STH505471,TF116293,Platinum,9,6931.6382098767945,0.02,12.0,83180.0
STH503653,TF110680,Silver,3,6931.50775468483,0.02,12.0,83178.0
STH505445,TF116214,Bronze,8,6930.939621176688,0.02,12.0,83171.0
STH506515,TF119357,Silver,5,6930.785722065595,0.02,12.0,83169.0
STH504776,TF114115,Platinum,2,6930.339924904791,0.02,12.0,83164.0
STH508351,TF124531,Gold,3,6929.033967099086,0.02,12.0,83148.0
STH505501,TF116381,Silver,7,6928.591966620462,0.02,12.0,83143.0
STH503514,TF110289,Silver,8,6927.86301960437,0.02,12.0,83134.0
STH506815,TF120203,Bronze,8,6927.398807956429,0.02,12.0,83129.0
STH507952,TF123376,Silver,4,6926.992707310827,0.02,12.0,83124.0
STH507851,TF123075,Platinum,8,6926.553206044639,0.02,12.0,83119.0
STH505008,TF114861,Bronze,5,6925.653822770554,0.02,12.0,83108.0
STH505346,TF115902,Bronze,2,6924.782638357256,0.02,12.0,83097.0
STH501297,TF103826,Platinum,4,6923.65504326076,0.02,12.0,83084.0
STH506777,TF120085,Bronze,4,6923.531653364507,0.02,12.0,83082.0
STH502940,TF108517,Platinum,3,6923.3562881764865,0.02,12.0,83080.0
STH507274,TF121491,Bronze,9,6923.162369946833,0.02,12.0,83078.0
STH502204,TF106426,Bronze,4,6923.107318123862,0.02,12.0,83077.0
STH504886,TF114467,Silver,2,6921.968804826356,0.02,12.0,83064.0
STH507471,TF122044,Platinum,2,6921.691255431535,0.02,12.0,83060.0
STH502388,TF106948,Bronze,7,6921.137903276795,0.02,12.0,83054.0
STH506473,TF119235,Gold,9,6920.874184644624,0.02,12.0,83050.0
STH501185,TF103483,Bronze,3,6920.869129052454,0.02,12.0,83050.0
STH508198,TF124109,Bronze,4,6920.611567262556,0.02,12.0,83047.0
STH500139,TF100376,Bronze,9,6920.026654532121,0.02,12.0,83040.0
STH506241,TF118528,Bronze,5,6919.951589926275,0.02,12.0,83039.0
STH504106,TF112031,Silver,5,6919.865841024171,0.02,12.0,83038.0
STH502794,TF108122,Bronze,5,6919.644077000245,0.02,12.0,83036.0
STH500898,TF102627,Bronze,2,6919.356284232224,0.02,12.0,83032.0
STH501593,TF104658,Silver,4,6919.236402620555,0.02,12.0,83031.0
STH504200,TF112301,Silver,6,6919.136894008078,0.02,12.0,83030.0
STH507872,TF123141,Silver,2,6918.922093154159,0.02,12.0,83027.0
STH504076,TF111949,Silver,6,6918.790248720569,0.02,12.0,83025.0
STH504404,TF112947,Silver,6,6918.57282251936,0.02,12.0,83023.0
STH504692,TF113810,Silver,7,6918.268210743912,0.02,12.0,83019.0
STH503539,TF110360,Silver,3,6918.193146138067,0.02,12.0,83018.0
STH500175,TF100479,Silver,3,6918.193146138067,0.02,12.0,83018.0
STH504943,TF114651,Silver,3,6918.193146138067,0.02,12.0,83018.0
STH507055,TF120861,Bronze,2,6918.206604740402,0.02,12.0,83018.0
STH502951,TF108558,Silver,3,6918.02536946011,0.02,12.0,83016.0
STH501922,TF105646,Bronze,4,6917.773561518244,0.02,12.0,83013.0
STH501435,TF104199,Bronze,8,6917.625012629926,0.02,12.0,83012.0
STH507933,TF123322,Silver,4,6917.534965690237,0.02,12.0,83010.0
STH507419,TF121899,Silver,3,6917.152611312721,0.02,12.0,83006.0
STH501837,TF105382,Platinum,3,6916.950682855926,0.02,12.0,83003.0
STH500354,TF100977,Silver,5,6916.874988353957,0.02,12.0,83002.0
STH506332,TF118804,Bronze,2,6916.743711056303,0.02,12.0,83001.0
STH507990,TF123470,Bronze,2,6916.743711056303,0.02,12.0,83001.0
STH506235,TF118507,Bronze,2,6916.643107169709,0.02,12.0,83000.0
STH502458,TF107187,Platinum,6,6916.381487606124,0.02,12.0,82997.0
STH506117,TF118163,Silver,4,6916.330929648113,0.02,12.0,82996.0
STH506726,TF119932,Silver,2,6916.154853978109,0.02,12.0,82994.0
STH504838,TF114283,Bronze,3,6916.014764040211,0.02,12.0,82992.0
STH506242,TF118529,Bronze,6,6915.952317743822,0.02,12.0,82991.0
STH504673,TF113744,Silver,6,6915.838528411834,0.02,12.0,82990.0
STH502282,TF106648,Gold,7,6915.794423158169,0.02,12.0,82990.0
STH505223,TF115511,Silver,2,6915.791504235872,0.02,12.0,82989.0
STH505955,TF117727,Silver,2,6915.791504235872,0.02,12.0,82989.0
STH501224,TF103605,Bronze,2,6915.619964505019,0.02,12.0,82987.0
STH508095,TF123815,Bronze,7,6915.586720469968,0.02,12.0,82987.0
STH500632,TF101788,Bronze,3,6915.595533110212,0.02,12.0,82987.0
STH508490,TF124970,Silver,5,6915.601982632022,0.02,12.0,82987.0
STH504101,TF112012,Silver,6,6915.46033634622,0.02,12.0,82986.0
STH500562,TF101588,Bronze,8,6915.327450534732,0.02,12.0,82984.0
STH503766,TF110998,Silver,3,6915.0625572197805,0.02,12.0,82981.0
STH504039,TF111844,Gold,4,6914.9904115362315,0.02,12.0,82980.0
STH504181,TF112241,Silver,8,6914.548411057607,0.02,12.0,82975.0
STH507948,TF123362,Gold,5,6914.332231088401,0.02,12.0,82972.0
STH506728,TF119941,Silver,4,6914.333610203688,0.02,12.0,82972.0
STH507715,TF122708,Platinum,8,6914.254419494097,0.02,12.0,82971.0
STH506789,TF120128,Silver,8,6914.147792399676,0.02,12.0,82970.0
STH500773,TF102253,Bronze,2,6914.200107560196,0.02,12.0,82970.0
STH507192,TF121278,Bronze,9,6914.184685439768,0.02,12.0,82970.0
STH504847,TF114321,Gold,4,6913.857142062369,0.02,12.0,82966.0
STH506236,TF118509,Silver,2,6913.5665055973905,0.02,12.0,82963.0
STH501691,TF104955,Bronze,3,6913.471160544103,0.02,12.0,82962.0
STH504212,TF112335,Bronze,2,6913.41750470218,0.02,12.0,82961.0
STH504299,TF112600,Bronze,4,6913.357239380074,0.02,12.0,82960.0
STH503288,TF109571,Bronze,3,6912.688557686089,0.02,12.0,82952.0
STH502004,TF105879,Bronze,3,6912.688557686089,0.02,12.0,82952.0
STH500057,TF100186,Silver,2,6912.554765465193,0.02,12.0,82951.0
STH501535,TF104500,Silver,7,6912.51011889765,0.02,12.0,82950.0
STH500141,TF100378,Silver,4,6912.2092154518,0.02,12.0,82947.0
STH500497,TF101426,Bronze,8,6912.291084364269,0.02,12.0,82947.0
STH500854,TF102496,Bronze,7,6912.092781809444,0.02,12.0,82945.0
STH503166,TF109211,Bronze,6,6911.89934534789,0.02,12.0,82943.0
STH503343,TF109731,Bronze,3,6911.877980955524,0.02,12.0,82943.0
STH508331,TF124482,Bronze,3,6911.877980955524,0.02,12.0,82943.0
STH507465,TF122021,Gold,3,6911.927268566248,0.02,12.0,82943.0
STH507574,TF122333,Gold,4,6911.859822617945,0.02,12.0,82942.0
STH504666,TF113727,Gold,4,6911.859822617945,0.02,12.0,82942.0
STH502734,TF107941,Bronze,5,6911.743089058917,0.02,12.0,82941.0
STH505119,TF115190,Silver,8,6911.781171881557,0.02,12.0,82941.0
STH505571,TF116596,Bronze,2,6911.550198911246,0.02,12.0,82939.0
STH507992,TF123473,Silver,5,6911.401323840227,0.02,12.0,82937.0
STH501517,TF104421,Silver,8,6911.41782213932,0.02,12.0,82937.0
STH508450,TF124842,Bronze,9,6911.22185101366,0.02,12.0,82935.0
STH505173,TF115363,Bronze,3,6911.147859922642,0.02,12.0,82934.0
STH508277,TF124308,Gold,2,6911.092718011647,0.02,12.0,82933.0
STH505489,TF116343,Silver,9,6911.052224865465,0.02,12.0,82933.0
STH503739,TF110926,Silver,3,6911.009584823847,0.02,12.0,82932.0
STH502346,TF106852,Gold,6,6910.8901070097945,0.02,12.0,82931.0
STH500502,TF101439,Gold,8,6910.941353998001,0.02,12.0,82931.0
STH501761,TF105165,Bronze,3,6910.927557047995,0.02,12.0,82931.0
STH507619,TF122445,Silver,9,6910.688875123228,0.02,12.0,82928.0
STH501833,TF105373,Silver,3,6910.4652381113665,0.02,12.0,82926.0
STH505482,TF116329,Bronze,6,6910.501716637813,0.02,12.0,82926.0
STH504496,TF113237,Gold,6,6910.40192858576,0.02,12.0,82925.0
STH502942,TF108522,Bronze,5,6910.42008692334,0.02,12.0,82925.0
STH505110,TF115157,Silver,2,6910.3409031298615,0.02,12.0,82924.0
STH501298,TF103829,Bronze,4,6910.198610031903,0.02,12.0,82922.0
STH505330,TF115837,Silver,3,6910.124381518783,0.02,12.0,82921.0
STH506801,TF120160,Silver,9,6910.02737405544,0.02,12.0,82920.0
STH501518,TF104422,Bronze,5,6909.689965890459,0.02,12.0,82916.0
STH506441,TF119119,Silver,7,6909.603143473526,0.02,12.0,82915.0
STH508336,TF124492,Bronze,5,6909.374760395461,0.02,12.0,82912.0
STH507302,TF121557,Gold,2,6909.264744254196,0.02,12.0,82911.0
STH503635,TF110627,Bronze,2,6909.112900567979,0.02,12.0,82909.0
STH506345,TF118868,Silver,5,6909.007344079183,0.02,12.0,82908.0
STH502090,TF106129,Bronze,7,6908.9621928911565,0.02,12.0,82908.0
STH504152,TF112160,Silver,7,6909.016180237126,0.02,12.0,82908.0
STH507436,TF121943,Bronze,7,6908.9621928911565,0.02,12.0,82908.0
STH500689,TF101976,Bronze,3,6908.747392037238,0.02,12.0,82905.0
STH501741,TF105097,Silver,5,6908.666487486598,0.02,12.0,82904.0
STH505078,TF115073,Silver,2,6908.579902491769,0.02,12.0,82903.0
STH503790,TF111089,Bronze,6,6908.507874019745,0.02,12.0,82902.0
STH503152,TF109163,Bronze,9,6908.314875589536,0.02,12.0,82900.0
STH503185,TF109268,Bronze,8,6908.233245875064,0.02,12.0,82899.0
STH506148,TF118244,Silver,8,6908.287233221034,0.02,12.0,82899.0
STH503341,TF109726,Bronze,7,6908.269501278954,0.02,12.0,82899.0
STH501096,TF103214,Silver,2,6908.140151472359,0.02,12.0,82898.0
STH507723,TF122726,Bronze,4,6908.018445021145,0.02,12.0,82896.0
STH502490,TF107264,Gold,2,6907.915462287693,0.02,12.0,82895.0
STH505410,TF116112,Gold,5,6907.894136831173,0.02,12.0,82895.0
STH507316,TF121605,Gold,4,6907.806850222012,0.02,12.0,82894.0
STH504978,TF114769,Silver,3,6907.8509554756765,0.02,12.0,82894.0
STH503419,TF109996,Gold,6,6907.858302903875,0.02,12.0,82894.0
STH506895,TF120416,Gold,7,6907.548586817781,0.02,12.0,82891.0
STH502693,TF107829,Bronze,2,6907.603553853932,0.02,12.0,82891.0
STH508071,TF123744,Bronze,7,6907.572017964218,0.02,12.0,82891.0
STH502134,TF106247,Silver,9,6907.558286204941,0.02,12.0,82891.0
STH505321,TF115815,Silver,9,6907.558286204941,0.02,12.0,82891.0
STH507782,TF122878,Bronze,9,6907.504298858972,0.02,12.0,82890.0
STH505850,TF117387,Bronze,8,6907.503124842183,0.02,12.0,82890.0
STH507540,TF122248,Silver,6,6907.4251150654945,0.02,12.0,82889.0
STH504735,TF113969,Bronze,3,6907.303243739877,0.02,12.0,82888.0
STH501429,TF104179,Bronze,5,6907.295986129416,0.02,12.0,82888.0
STH504596,TF113538,Gold,8,6907.241567094571,0.02,12.0,82887.0
STH505350,TF115912,Bronze,8,6907.282821967535,0.02,12.0,82887.0
STH502884,TF108368,Silver,7,6907.208593454415,0.02,12.0,82887.0
STH503844,TF111237,Gold,3,6907.138168528027,0.02,12.0,82886.0
STH502112,TF106193,Bronze,4,6907.045681949978,0.02,12.0,82885.0
STH506794,TF120142,Gold,4,6906.921646916947,0.02,12.0,82883.0
STH503695,TF110807,Bronze,3,6906.784756283002,0.02,12.0,82881.0
STH505582,TF116632,Gold,8,6906.740695206207,0.02,12.0,82881.0
STH505200,TF115447,Silver,5,6906.61336431814,0.02,12.0,82879.0
STH500925,TF102692,Bronze,9,6906.5538749514435,0.02,12.0,82879.0
STH506860,TF120316,Gold,4,6906.409221511934,0.02,12.0,82877.0
STH500482,TF101395,Bronze,2,6906.345750135041,0.02,12.0,82876.0
STH504075,TF111948,Gold,9,6905.990088899003,0.02,12.0,82872.0
STH505435,TF116177,Silver,4,6905.976033673554,0.02,12.0,82872.0
STH503784,TF111069,Silver,8,6905.96722103331,0.02,12.0,82872.0
STH500027,TF100069,Silver,2,6906.03629899566,0.02,12.0,82872.0
STH505842,TF117372,Bronze,4,6905.93438055637,0.02,12.0,82871.0
STH500595,TF101680,Silver,5,6905.953310424083,0.02,12.0,82871.0
STH505415,TF116124,Silver,9,6905.750699422231,0.02,12.0,82869.0
STH502501,TF107298,Gold,5,6905.728621239417,0.02,12.0,82869.0
STH502038,TF105977,Silver,6,6905.664114427401,0.02,12.0,82868.0
STH502782,TF108073,Bronze,3,6905.61680311895,0.02,12.0,82867.0
STH502012,TF105898,Bronze,7,6905.4681654875185,0.02,12.0,82866.0
STH502405,TF107001,Bronze,8,6905.279573377432,0.02,12.0,82863.0
STH508479,TF124942,Silver,7,6905.192899706635,0.02,12.0,82862.0
STH501626,TF104769,Bronze,8,6905.10914508114,0.02,12.0,82861.0
STH505242,TF115581,Gold,6,6904.973178609463,0.02,12.0,82860.0
STH501660,TF104857,Silver,4,6904.9483315731895,0.02,12.0,82859.0
STH502196,TF106401,Gold,6,6904.951327479751,0.02,12.0,82859.0
STH505924,TF117639,Gold,4,6904.648220873841,0.02,12.0,82856.0
STH503955,TF111583,Bronze,6,6904.687765789565,0.02,12.0,82856.0
STH503119,TF109058,Bronze,6,6904.597915234726,0.02,12.0,82855.0
STH507235,TF121380,Silver,8,6904.426523269864,0.02,12.0,82853.0
STH503642,TF110648,Bronze,9,6904.373709940685,0.02,12.0,82852.0
STH507265,TF121456,Gold,3,6904.231193103903,0.02,12.0,82851.0
STH502957,TF108569,Gold,7,6904.222380463659,0.02,12.0,82851.0
STH507895,TF123225,Gold,5,6903.919273857749,0.02,12.0,82847.0
STH500283,TF100776,Silver,8,6903.766469375807,0.02,12.0,82845.0
STH507216,TF121332,Bronze,6,6903.653509007502,0.02,12.0,82844.0
STH501099,TF103220,Silver,6,6903.483949416643,0.02,12.0,82842.0
STH504346,TF112755,Gold,8,6903.4934334475665,0.02,12.0,82842.0
STH504536,TF113345,Silver,9,6903.477273379125,0.02,12.0,82842.0
STH504027,TF111813,Gold,8,6903.4934334475665,0.02,12.0,82842.0
STH504155,TF112178,Silver,2,6903.492695499552,0.02,12.0,82842.0
STH506486,TF119275,Silver,6,6903.483949416643,0.02,12.0,82842.0
STH501045,TF103063,Gold,3,6903.37391929983,0.02,12.0,82840.0
STH507645,TF122514,Silver,4,6902.957340245462,0.02,12.0,82835.0
STH500415,TF101161,Gold,2,6902.9531868241,0.02,12.0,82835.0
STH502353,TF106873,Silver,7,6902.755002400551,0.02,12.0,82833.0
STH503534,TF110347,Bronze,4,6902.567799543578,0.02,12.0,82831.0
STH505272,TF115672,Gold,9,6902.475497034398,0.02,12.0,82830.0
STH503309,TF109637,Bronze,3,6902.500792500083,0.02,12.0,82830.0
STH504347,TF112759,Bronze,9,6902.500924741288,0.02,12.0,82830.0
STH504089,TF111978,Silver,5,6902.340111233338,0.02,12.0,82828.0
STH502422,TF107055,Silver,2,6902.054692130806,0.02,12.0,82825.0
STH501963,TF105759,Silver,8,6902.032543508822,0.02,12.0,82824.0
STH502518,TF107337,Silver,8,6902.026055384459,0.02,12.0,82824.0
STH500918,TF102672,Silver,4,6902.034801467367,0.02,12.0,82824.0
STH502800,TF108140,Silver,4,6901.811254530539,0.02,12.0,82822.0
STH506059,TF118039,Bronze,6,6901.779079591237,0.02,12.0,82821.0
STH502393,TF106969,Silver,8,6901.662616899108,0.02,12.0,82820.0
STH500480,TF101386,Silver,9,6901.474024789021,0.02,12.0,82818.0
STH502222,TF106477,Gold,5,6901.375670361641,0.02,12.0,82817.0
STH504801,TF114181,Silver,6,6901.3998849518675,0.02,12.0,82817.0
STH505572,TF116601,Gold,5,6901.375670361641,0.02,12.0,82817.0
STH502660,TF107729,Gold,5,6901.180163854696,0.02,12.0,82814.0
STH505019,TF114898,Gold,9,6900.770643813407,0.02,12.0,82809.0
STH504432,TF113032,Gold,9,6900.563734773972,0.02,12.0,82807.0
STH503475,TF110169,Silver,5,6900.526956299052,0.02,12.0,82806.0
STH506805,TF120173,Gold,7,6900.458131235462,0.02,12.0,82805.0
STH506369,TF118933,Gold,7,6900.458131235462,0.02,12.0,82805.0
STH504361,TF112793,Silver,8,6900.0634196302235,0.02,12.0,82801.0
STH506164,TF118278,Silver,9,6899.42432316897,0.02,12.0,82793.0
STH503121,TF109061,Gold,7,6899.30845174364,0.02,12.0,82792.0
STH502991,TF108683,Silver,8,6899.119013402999,0.02,12.0,82789.0
STH501957,TF105749,Silver,6,6898.702478018919,0.02,12.0,82784.0
STH501737,TF105082,Silver,7,6898.409957050347,0.02,12.0,82781.0
STH501586,TF104639,Silver,5,6897.96629689558,0.02,12.0,82776.0
STH500050,TF100161,Gold,8,6897.164776162034,0.02,12.0,82766.0
STH505606,TF116716,Gold,8,6896.645225817256,0.02,12.0,82760.0
STH506632,TF119684,Gold,2,6895.931700921592,0.02,12.0,82751.0
STH505141,TF115252,Gold,8,6894.772507175195,0.02,12.0,82737.0
STH501607,TF104726,Gold,8,6894.101622321148,0.02,12.0,82729.0
STH504560,TF113415,Silver,5,6893.084908426241,0.02,12.0,82717.0
STH507885,TF123193,Platinum,7,6852.218903107591,0.02,12.0,82227.0
STH501043,TF103057,Platinum,2,6845.595741313486,0.02,12.0,82147.0
STH502974,TF108620,Platinum,6,6842.624094247134,0.02,12.0,82111.0
STH507910,TF123258,Platinum,5,6839.228919119151,0.02,12.0,82071.0
STH500251,TF100680,Bronze,8,6836.887548076612,0.021,12.0,82043.0
STH502907,TF108421,Platinum,6,6835.841151590846,0.02,12.0,82030.0
STH503755,TF110970,Platinum,4,6835.735548052336,0.02,12.0,82029.0
STH504286,TF112570,Platinum,8,6834.383257558662,0.02,12.0,82013.0
STH507937,TF123331,Platinum,3,6834.092174598496,0.02,12.0,82009.0
STH504394,TF112916,Silver,8,6833.8109465042935,0.02,12.0,82006.0
STH504622,TF113608,Platinum,5,6833.178627278793,0.02,12.0,81998.0
STH508387,TF124646,Bronze,4,6832.33069668657,0.02,12.0,81988.0
STH504572,TF113468,Platinum,9,6832.191416858471,0.02,12.0,81986.0
STH502367,TF106902,Platinum,6,6831.809764095286,0.02,12.0,81982.0
STH503814,TF111153,Bronze,5,6831.713467674447,0.02,12.0,81981.0
STH503103,TF109027,Platinum,3,6831.698194837453,0.02,12.0,81980.0
STH504210,TF112327,Gold,8,6831.33715891855,0.023,12.0,81976.0
STH506573,TF119512,Platinum,3,6831.038140943397,0.02,12.0,81972.0
STH503832,TF111206,Silver,2,6830.8237071504045,0.02,12.0,81970.0
STH502082,TF106106,Platinum,3,6830.331917176776,0.02,12.0,81964.0
STH506455,TF119162,Bronze,3,6830.348263528597,0.02,12.0,81964.0
STH506300,TF118701,Bronze,3,6830.2085272805225,0.02,12.0,81963.0
STH505268,TF115662,Platinum,9,6829.718492501945,0.02,12.0,81957.0
STH505665,TF116914,Silver,4,6829.673303858473,0.02,12.0,81956.0
STH501232,TF103628,Platinum,4,6829.602970160684,0.02,12.0,81955.0
STH501234,TF103633,Silver,4,6828.909246715192,0.02,12.0,81947.0
STH504788,TF114139,Bronze,2,6828.017388194664,0.02,12.0,81936.0
STH505191,TF115417,Gold,3,6827.933589785246,0.02,12.0,81935.0
STH505513,TF116419,Platinum,8,6827.833156882346,0.02,12.0,81934.0
STH507037,TF120820,Bronze,9,6827.850538931751,0.02,12.0,81934.0
STH500696,TF101995,Bronze,2,6827.54600296847,0.02,12.0,81931.0
STH506684,TF119822,Silver,2,6827.245846872234,0.02,12.0,81927.0
STH507278,TF121497,Silver,3,6827.131925708204,0.02,12.0,81926.0
STH500493,TF101418,Bronze,2,6826.81335215254,0.02,12.0,81922.0
STH501946,TF105712,Platinum,6,6826.138122832605,0.02,12.0,81914.0
STH506660,TF119766,Bronze,5,6825.899516826199,0.02,12.0,81911.0
STH501277,TF103773,Platinum,9,6825.958235080224,0.02,12.0,81911.0
STH501261,TF103720,Silver,2,6824.9407866223455,0.02,12.0,81899.0
STH500318,TF100884,Bronze,6,6824.863056884076,0.02,12.0,81898.0
STH503527,TF110331,Bronze,3,6824.5062944362435,0.02,12.0,81894.0
STH502727,TF107910,Bronze,3,6824.45043543426,0.02,12.0,81893.0
STH507518,TF122181,Gold,3,6824.233802881816,0.02,12.0,81891.0
STH502232,TF106506,Silver,7,6824.271996645821,0.02,12.0,81891.0
STH501118,TF103269,Platinum,5,6824.153892786181,0.02,12.0,81890.0
STH504774,TF114110,Silver,7,6823.7918024031915,0.02,12.0,81886.0
STH506165,TF118282,Silver,8,6823.626926875819,0.02,12.0,81884.0
STH500786,TF102283,Silver,8,6823.626926875819,0.02,12.0,81884.0
STH502517,TF107336,Bronze,9,6822.983728761831,0.02,12.0,81876.0
STH506760,TF120043,Bronze,2,6822.691637956227,0.02,12.0,81872.0
STH506722,TF119926,Bronze,5,6822.629191659838,0.02,12.0,81872.0
STH501414,TF104145,Bronze,5,6822.629191659838,0.02,12.0,81872.0
STH500284,TF100779,Silver,4,6822.278856548037,0.02,12.0,81867.0
STH506212,TF118438,Bronze,2,6822.2724070262275,0.02,12.0,81867.0
STH500946,TF102757,Bronze,3,6821.962690940135,0.02,12.0,81864.0
STH502599,TF107565,Gold,2,6821.995613810408,0.02,12.0,81864.0
STH505375,TF115988,Gold,7,6821.798209060077,0.02,12.0,81862.0
STH500355,TF100979,Gold,2,6821.850263724768,0.02,12.0,81862.0
STH503934,TF111501,Gold,3,6821.73805202051,0.02,12.0,81861.0
STH503947,TF111555,Bronze,7,6821.659476051688,0.02,12.0,81860.0
STH508315,TF124428,Silver,6,6821.553613331784,0.02,12.0,81859.0
STH507075,TF120918,Silver,3,6821.498662543738,0.02,12.0,81858.0
STH507860,TF123105,Bronze,4,6821.233743924043,0.02,12.0,81855.0
STH505449,TF116230,Bronze,4,6821.233743924043,0.02,12.0,81855.0
STH507813,TF122966,Bronze,4,6821.133140037448,0.02,12.0,81854.0
STH500127,TF100344,Gold,4,6821.0091050044175,0.02,12.0,81852.0
STH500086,TF100261,Silver,6,6820.820962515853,0.02,12.0,81850.0
STH502130,TF106237,Silver,4,6820.644886845849,0.02,12.0,81848.0
STH506745,TF120003,Silver,8,6820.636074205605,0.02,12.0,81848.0
STH502053,TF106017,Silver,8,6820.567104525793,0.02,12.0,81847.0
STH501392,TF104071,Silver,8,6820.496337957531,0.02,12.0,81846.0
STH504599,TF113542,Bronze,7,6820.526804575856,0.02,12.0,81846.0
STH503684,TF110765,Silver,4,6820.472177517286,0.02,12.0,81846.0
STH504565,TF113439,Bronze,9,6820.201582019505,0.02,12.0,81842.0
STH502244,TF106530,Silver,7,6820.092015499761,0.02,12.0,81841.0
STH507535,TF122232,Silver,8,6820.0957192996,0.02,12.0,81841.0
STH507734,TF122751,Silver,5,6820.040768511553,0.02,12.0,81840.0
STH501284,TF103792,Bronze,6,6819.675246005265,0.02,12.0,81836.0
STH504338,TF112728,Bronze,3,6819.419087444027,0.02,12.0,81833.0
STH502034,TF105961,Silver,9,6819.366772283508,0.02,12.0,81832.0
STH504059,TF111902,Gold,6,6819.07982574604,0.02,12.0,81829.0
STH502383,TF106933,Bronze,7,6818.967958280285,0.02,12.0,81828.0
STH507796,TF122921,Bronze,7,6818.946298989173,0.02,12.0,81827.0
STH500544,TF101537,Gold,3,6818.900046276198,0.02,12.0,81827.0
STH505531,TF116462,Silver,6,6818.823643071428,0.02,12.0,81826.0
STH504926,TF114589,Bronze,6,6818.769655725459,0.02,12.0,81825.0
STH506489,TF119283,Gold,7,6818.75149738788,0.02,12.0,81825.0
STH502476,TF107236,Silver,3,6818.785485481222,0.02,12.0,81825.0
STH507643,TF122508,Platinum,9,6818.677445318342,0.02,12.0,81824.0
STH508117,TF123864,Bronze,4,6818.419962974933,0.02,12.0,81821.0
STH506010,TF117901,Bronze,8,6817.898724929676,0.02,12.0,81815.0
STH504173,TF112225,Bronze,8,6817.898724929676,0.02,12.0,81815.0
STH507408,TF121876,Silver,8,6817.784957783465,0.02,12.0,81813.0
STH504612,TF113585,Silver,8,6817.729098781481,0.02,12.0,81813.0
STH507397,TF121840,Bronze,2,6817.604430964011,0.02,12.0,81811.0
STH501315,TF103863,Bronze,8,6817.311761693276,0.02,12.0,81808.0
STH504309,TF112628,Silver,5,6817.327591449038,0.02,12.0,81808.0
STH504700,TF113831,Bronze,2,6817.164679944602,0.02,12.0,81806.0
STH501259,TF103716,Silver,2,6817.071432887801,0.02,12.0,81805.0
STH500868,TF102532,Silver,9,6816.636802023152,0.02,12.0,81800.0
STH506179,TF118322,Bronze,7,6816.573978519241,0.02,12.0,81799.0
STH503940,TF111532,Bronze,9,6816.582814677184,0.02,12.0,81799.0
STH501571,TF104602,Bronze,9,6816.582814677184,0.02,12.0,81799.0
STH505750,TF117132,Bronze,4,6816.404269227153,0.02,12.0,81797.0
STH506067,TF118053,Bronze,3,6816.435732928509,0.02,12.0,81797.0
STH506299,TF118698,Bronze,4,6816.404269227153,0.02,12.0,81797.0
STH506055,TF118027,Bronze,4,6816.287699949753,0.02,12.0,81795.0
STH506652,TF119738,Gold,2,6816.135054631765,0.02,12.0,81794.0
STH503382,TF109852,Gold,2,6816.135054631765,0.02,12.0,81794.0
STH501976,TF105796,Bronze,4,6816.051634311477,0.02,12.0,81793.0
STH501169,TF103439,Silver,9,6815.975300955364,0.02,12.0,81792.0
STH500340,TF100940,Silver,9,6815.975300955364,0.02,12.0,81792.0
STH504894,TF114483,Silver,7,6815.970301303449,0.02,12.0,81792.0
STH506826,TF120230,Bronze,7,6815.720696521645,0.02,12.0,81789.0
STH507887,TF123198,Bronze,3,6815.729509161889,0.02,12.0,81789.0
STH507400,TF121854,Bronze,6,6815.639066807172,0.02,12.0,81788.0
STH502969,TF108609,Gold,4,6815.582750879386,0.02,12.0,81787.0
STH503340,TF109725,Silver,3,6815.608229757268,0.02,12.0,81787.0
STH505777,TF117195,Bronze,8,6815.504174910565,0.02,12.0,81786.0
STH503875,TF111331,Bronze,5,6815.417589915735,0.02,12.0,81785.0
STH501863,TF105486,Gold,8,6815.255311195738,0.02,12.0,81783.0
STH506190,TF118352,Silver,8,6815.140750400762,0.02,12.0,81782.0
STH502809,TF108168,Bronze,5,6814.977838896325,0.02,12.0,81780.0
STH500692,TF101988,Silver,7,6814.96410713705,0.02,12.0,81780.0
STH501757,TF105152,Silver,5,6814.8845918395255,0.02,12.0,81779.0
STH501203,TF103548,Bronze,6,6814.946375194969,0.02,12.0,81779.0
STH506981,TF120638,Silver,9,6814.934334564147,0.02,12.0,81779.0
STH506529,TF119389,Gold,4,6814.677160599582,0.02,12.0,81776.0
STH506690,TF119832,Gold,5,6814.53517681989,0.02,12.0,81774.0
STH504521,TF113308,Silver,2,6814.527829391693,0.02,12.0,81774.0
STH504466,TF113124,Silver,9,6814.411803384671,0.02,12.0,81773.0
STH500976,TF102863,Bronze,6,6814.455800919669,0.02,12.0,81773.0
STH502775,TF108055,Silver,6,6814.226323963015,0.02,12.0,81771.0
STH504443,TF113058,Gold,6,6814.225460733797,0.02,12.0,81771.0
STH505183,TF115395,Bronze,9,6814.26280248946,0.02,12.0,81771.0
STH504898,TF114492,Silver,6,6814.226323963015,0.02,12.0,81771.0
STH501420,TF104156,Bronze,8,6814.181172774988,0.02,12.0,81770.0
STH506422,TF119065,Bronze,7,6814.179998758198,0.02,12.0,81770.0
STH508281,TF124319,Gold,9,6814.1630144374085,0.02,12.0,81770.0
STH505643,TF116842,Bronze,4,6813.972860045432,0.02,12.0,81768.0
STH500084,TF100252,Bronze,4,6813.972860045432,0.02,12.0,81768.0
STH500022,TF100052,Bronze,3,6813.722555865994,0.02,12.0,81765.0
STH504574,TF113475,Silver,9,6813.506213104865,0.02,12.0,81762.0
STH503508,TF110277,Bronze,7,6813.5199448641415,0.02,12.0,81762.0
STH508411,TF124726,Bronze,8,6813.488481162785,0.02,12.0,81762.0
STH503577,TF110453,Gold,9,6813.501513369621,0.02,12.0,81762.0
STH500809,TF102337,Bronze,8,6813.451051742107,0.02,12.0,81761.0
STH501449,TF104237,Silver,5,6813.2914122509455,0.02,12.0,81759.0
STH501760,TF105159,Bronze,5,6813.237424904977,0.02,12.0,81759.0
STH501057,TF103095,Bronze,8,6813.230748867459,0.02,12.0,81759.0
STH505316,TF115798,Gold,8,6813.189493994495,0.02,12.0,81758.0
STH507132,TF121080,Bronze,4,6812.993608849902,0.02,12.0,81756.0
STH505245,TF115594,Bronze,4,6812.993608849902,0.02,12.0,81756.0
STH503763,TF110994,Bronze,6,6812.687824026109,0.02,12.0,81752.0
STH505252,TF115617,Silver,8,6812.697750791249,0.02,12.0,81752.0
STH502520,TF107339,Silver,6,6812.562465234853,0.02,12.0,81751.0
STH505634,TF116818,Silver,6,6812.562465234853,0.02,12.0,81751.0
STH505659,TF116899,Silver,2,6812.527010518159,0.02,12.0,81750.0
STH507927,TF123311,Gold,5,6812.410804253782,0.02,12.0,81749.0
STH502976,TF108625,Gold,3,6812.275518697386,0.02,12.0,81747.0
STH504968,TF114738,Silver,2,6811.984225895584,0.02,12.0,81744.0
STH507549,TF122269,Bronze,4,6811.882307456294,0.02,12.0,81743.0
STH505717,TF117043,Gold,9,6811.938015798927,0.02,12.0,81743.0
STH506558,TF119473,Silver,9,6811.698626322155,0.02,12.0,81740.0
STH505229,TF115527,Bronze,4,6811.578880284388,0.02,12.0,81739.0
STH500374,TF101048,Gold,9,6811.619388755522,0.02,12.0,81739.0
STH507962,TF123405,Gold,6,6811.411679784687,0.02,12.0,81737.0
STH504256,TF112493,Silver,6,6811.379199347351,0.02,12.0,81737.0
STH500912,TF102658,Gold,6,6811.411679784687,0.02,12.0,81737.0
STH507620,TF122447,Bronze,9,6811.355827065337,0.02,12.0,81736.0
STH503675,TF110752,Silver,2,6811.374901309768,0.02,12.0,81736.0
STH502871,TF108341,Silver,7,6811.10339718588,0.02,12.0,81733.0
STH504569,TF113463,Silver,8,6811.10457120267,0.02,12.0,81733.0
STH500995,TF102907,Bronze,8,6811.050583856701,0.02,12.0,81733.0
STH501216,TF103593,Silver,7,6810.8830943112325,0.02,12.0,81731.0
STH504342,TF112743,Gold,3,6810.885343770447,0.02,12.0,81731.0
STH501967,TF105769,Silver,4,6810.896258473113,0.02,12.0,81731.0
STH508180,TF124058,Bronze,5,6810.849933268296,0.02,12.0,81730.0
STH501269,TF103753,Bronze,8,6810.68714537135,0.02,12.0,81728.0
STH500552,TF101555,Bronze,6,6810.512572153029,0.02,12.0,81726.0
STH505159,TF115312,Bronze,9,6810.498553261264,0.02,12.0,81726.0
STH502110,TF106188,Gold,8,6810.223963205505,0.02,12.0,81723.0
STH500987,TF102888,Silver,5,6810.167311457021,0.02,12.0,81722.0
STH500033,TF100096,Silver,8,6810.15414729514,0.02,12.0,81722.0
STH501609,TF104729,Gold,7,6810.170307363583,0.02,12.0,81722.0
STH508452,TF124845,Gold,2,6810.053222932415,0.02,12.0,81721.0
STH503360,TF109786,Bronze,6,6810.120986252204,0.02,12.0,81721.0
STH502546,TF107402,Silver,4,6809.917007277583,0.02,12.0,81719.0
STH505862,TF117429,Gold,8,6809.953785752503,0.02,12.0,81719.0
STH503415,TF109985,Gold,5,6809.867200757673,0.02,12.0,81718.0
STH503028,TF108795,Silver,8,6809.714396275731,0.02,12.0,81717.0
STH506808,TF120183,Silver,9,6809.425200279049,0.02,12.0,81713.0
STH507855,TF123083,Gold,5,6809.427449738263,0.02,12.0,81713.0
STH500579,TF101638,Bronze,7,6809.3920392361115,0.02,12.0,81713.0
STH504703,TF113841,Gold,6,6809.358556616228,0.02,12.0,81712.0
STH502441,TF107132,Gold,9,6809.224838736412,0.02,12.0,81711.0
STH505178,TF115384,Silver,5,6809.188060261491,0.02,12.0,81710.0
STH506359,TF118899,Gold,3,6809.151417903461,0.02,12.0,81710.0
STH506751,TF120021,Silver,6,6809.068437831216,0.02,12.0,81709.0
STH502985,TF108661,Silver,4,6808.805705883976,0.02,12.0,81706.0
STH505700,TF117009,Bronze,7,6808.872488891334,0.02,12.0,81706.0
STH500124,TF100341,Bronze,9,6808.448851641212,0.02,12.0,81701.0
STH507622,TF122450,Gold,3,6808.172166707932,0.02,12.0,81698.0
STH504233,TF112398,Gold,7,6807.9695557060795,0.02,12.0,81696.0
STH505133,TF115235,Gold,7,6807.9695557060795,0.02,12.0,81696.0
STH500830,TF102410,Silver,3,6807.93277723116,0.02,12.0,81695.0
STH505514,TF116420,Gold,9,6807.901836600834,0.02,12.0,81695.0
STH502908,TF108426,Silver,7,6807.7301662293075,0.02,12.0,81693.0
STH508400,TF124679,Gold,5,6807.693523871278,0.02,12.0,81692.0
STH502243,TF106529,Gold,5,6807.323597261565,0.02,12.0,81688.0
STH503412,TF109966,Gold,6,6807.135005151477,0.02,12.0,81686.0
STH502247,TF106541,Gold,9,6807.092575711231,0.02,12.0,81685.0
STH500815,TF102351,Silver,5,6807.030234414371,0.02,12.0,81684.0
STH506147,TF118242,Silver,8,6807.001219213215,0.02,12.0,81684.0
STH506516,TF119362,Gold,9,6806.511661673896,0.02,12.0,81678.0
STH500345,TF100952,Silver,9,6806.272272197124,0.02,12.0,81675.0
STH506978,TF120633,Silver,6,6805.745936182884,0.02,12.0,81669.0
STH501648,TF104820,Gold,8,6805.677111119294,0.02,12.0,81668.0
STH503728,TF110889,Bronze,4,6805.577790492454,0.02,12.0,81667.0
STH501235,TF103635,Gold,2,6805.528831444986,0.02,12.0,81666.0
STH504097,TF112000,Gold,7,6805.256378643564,0.02,12.0,81663.0
STH500652,TF101829,Bronze,7,6805.173504637159,0.02,12.0,81662.0
STH508040,TF123664,Silver,7,6804.672140767731,0.02,12.0,81656.0
STH507370,TF121763,Gold,7,6804.3563565153345,0.02,12.0,81652.0
STH500267,TF100731,Gold,3,6803.694284301532,0.02,12.0,81644.0
STH504594,TF113534,Gold,2,6803.474759598993,0.02,12.0,81642.0
STH506391,TF118990,Silver,3,6803.230135936228,0.02,12.0,81639.0
STH503838,TF111220,Gold,6,6803.272148597141,0.02,12.0,81639.0
STH501422,TF104159,Bronze,9,6803.146185681842,0.02,12.0,81638.0
STH503371,TF109828,Silver,6,6802.825850080932,0.02,12.0,81634.0
STH500541,TF101531,Gold,9,6802.383756045866,0.02,12.0,81629.0
STH501537,TF104506,Gold,8,6802.369605780352,0.02,12.0,81628.0
STH503674,TF110748,Gold,8,6802.369605780352,0.02,12.0,81628.0
STH505016,TF114885,Gold,7,6801.884096364527,0.02,12.0,81623.0
STH505509,TF116409,Gold,6,6801.5074432532565,0.02,12.0,81618.0
STH501918,TF105637,Silver,6,6801.437627342892,0.02,12.0,81617.0
STH507345,TF121692,Gold,4,6800.4217337893315,0.02,12.0,81605.0
STH504216,TF112353,Gold,7,6799.053690555964,0.02,12.0,81589.0
STH502085,TF106111,Platinum,9,6756.70893597533,0.02,12.0,81081.0
STH505553,TF116534,Platinum,5,6749.300968163149,0.02,12.0,80992.0
STH504330,TF112701,Bronze,4,6745.751263040903,0.02,12.0,80949.0
STH507884,TF123190,Bronze,4,6745.751263040903,0.02,12.0,80949.0
STH504523,TF113312,Platinum,2,6745.729717365161,0.02,12.0,80949.0
STH502623,TF107616,Bronze,7,6743.564421992627,0.02,12.0,80923.0
STH503109,TF109038,Bronze,7,6743.564421992627,0.02,12.0,80923.0
STH501034,TF103031,Silver,3,6743.403608484677,0.02,12.0,80921.0
STH508028,TF123624,Silver,5,6741.945714452492,0.02,12.0,80903.0
STH502129,TF106235,Silver,2,6740.591742280509,0.02,12.0,80887.0
STH506139,TF118216,Silver,7,6740.487820420309,0.02,12.0,80886.0
STH500739,TF102145,Platinum,2,6740.4281919219275,0.02,12.0,80885.0
STH500019,TF100045,Silver,8,6739.7588734042165,0.02,12.0,80877.0
STH504437,TF113039,Bronze,3,6739.54792550859,0.02,12.0,80875.0
STH503314,TF109648,Gold,5,6739.471926866749,0.02,12.0,80874.0
STH500313,TF100865,Bronze,8,6739.486957666201,0.02,12.0,80874.0
STH500971,TF102856,Platinum,5,6739.126554178716,0.02,12.0,80870.0
STH502350,TF106868,Gold,6,6738.742979850657,0.02,12.0,80865.0
STH500341,TF100942,Platinum,2,6738.412498174147,0.02,12.0,80861.0
STH507350,TF121704,Platinum,9,6738.038739871799,0.02,12.0,80856.0
STH508426,TF124770,Gold,8,6737.285085818473,0.02,12.0,80847.0
STH500483,TF101396,Platinum,2,6737.0087910927905,0.02,12.0,80844.0
STH505427,TF116164,Platinum,4,6736.696871846637,0.02,12.0,80840.0
STH507675,TF122618,Platinum,4,6736.464029866664,0.02,12.0,80838.0
STH505426,TF116162,Bronze,3,6736.29619042852,0.02,12.0,80836.0
STH504678,TF113754,Gold,9,6736.267149405305,0.02,12.0,80835.0
STH504004,TF111748,Platinum,5,6735.967924830546,0.02,12.0,80832.0
STH502407,TF107003,Platinum,2,6735.974600868063,0.02,12.0,80832.0
STH503867,TF111293,Platinum,4,6735.550897060607,0.02,12.0,80827.0
STH503764,TF110996,Platinum,3,6735.424999989195,0.02,12.0,80825.0
STH506404,TF119026,Platinum,9,6735.325562809284,0.02,12.0,80824.0
STH508114,TF123856,Silver,4,6735.202022014175,0.02,12.0,80822.0
STH507986,TF123456,Platinum,6,6734.799226795044,0.02,12.0,80818.0
STH500065,TF100210,Gold,3,6733.876390188745,0.02,12.0,80807.0
STH508496,TF124988,Bronze,3,6733.305337758306,0.02,12.0,80800.0
STH507658,TF122551,Platinum,3,6733.372868652575,0.02,12.0,80800.0
STH506493,TF119297,Bronze,3,6732.764982852301,0.02,12.0,80793.0
STH500028,TF100070,Silver,3,6732.655517367482,0.02,12.0,80792.0
STH503669,TF110738,Bronze,8,6732.511719099986,0.02,12.0,80790.0
STH507875,TF123148,Silver,4,6732.350905592036,0.02,12.0,80788.0
STH506917,TF120465,Bronze,4,6732.268877816183,0.02,12.0,80787.0
STH501108,TF103243,Gold,6,6731.689549140468,0.02,12.0,80780.0
STH504764,TF114079,Bronze,5,6731.707707478048,0.02,12.0,80780.0
STH502371,TF106911,Gold,2,6731.47474828655,0.02,12.0,80778.0
STH503372,TF109829,Bronze,2,6731.252138032071,0.02,12.0,80775.0
STH504010,TF111759,Silver,6,6730.893011559851,0.02,12.0,80771.0
STH507058,TF120866,Bronze,6,6730.578141804025,0.02,12.0,80767.0
STH501522,TF104437,Bronze,2,6730.102458540249,0.02,12.0,80761.0
STH506668,TF119791,Bronze,3,6730.035012591946,0.02,12.0,80760.0
STH503748,TF110956,Bronze,6,6729.845490988095,0.02,12.0,80758.0
STH508301,TF124399,Bronze,8,6729.660602677846,0.02,12.0,80756.0
STH505797,TF117255,Platinum,5,6729.683142174092,0.02,12.0,80756.0
STH503204,TF109318,Gold,7,6729.705970705796,0.02,12.0,80756.0
STH502760,TF108016,Silver,4,6729.499789169896,0.02,12.0,80754.0
STH508175,TF124048,Bronze,4,6729.306065575854,0.02,12.0,80752.0
STH500511,TF101457,Bronze,8,6729.120247771842,0.02,12.0,80749.0
STH506330,TF118798,Bronze,8,6729.120247771842,0.02,12.0,80749.0
STH507757,TF122806,Bronze,5,6728.940468301998,0.02,12.0,80747.0
STH502769,TF108042,Bronze,9,6728.79191941368,0.02,12.0,80746.0
STH501246,TF103675,Bronze,6,6728.211521285907,0.02,12.0,80739.0
STH503908,TF111427,Bronze,2,6728.2203339261505,0.02,12.0,80739.0
STH506541,TF119423,Bronze,6,6728.211521285907,0.02,12.0,80739.0
STH500849,TF102486,Bronze,5,6727.9156174919735,0.02,12.0,80735.0
STH501934,TF105675,Gold,2,6727.943540710331,0.02,12.0,80735.0
STH502316,TF106753,Bronze,3,6727.810013953464,0.02,12.0,80734.0
STH502231,TF106496,Bronze,2,6727.63337068975,0.02,12.0,80732.0
STH505987,TF117826,Silver,3,6727.446589443661,0.02,12.0,80729.0
STH505549,TF116511,Platinum,9,6727.186031621737,0.02,12.0,80726.0
STH505131,TF115231,Platinum,2,6726.86230660935,0.02,12.0,80722.0
STH502845,TF108275,Bronze,8,6726.753627253723,0.02,12.0,80721.0
STH500202,TF100536,Bronze,4,6726.762439893967,0.02,12.0,80721.0
STH504266,TF112513,Silver,4,6726.648672747756,0.02,12.0,80720.0
STH505757,TF117143,Bronze,4,6726.519590632595,0.02,12.0,80718.0
STH508405,TF124701,Silver,4,6726.420104417209,0.02,12.0,80717.0
STH503521,TF110313,Bronze,8,6726.390277511486,0.02,12.0,80717.0
STH501318,TF103873,Gold,2,6725.576920192212,0.02,12.0,80707.0
STH503864,TF111281,Bronze,6,6725.3045458617835,0.02,12.0,80704.0
STH505861,TF117428,Silver,9,6725.314699183431,0.02,12.0,80704.0
STH504711,TF113873,Bronze,3,6725.342124028598,0.02,12.0,80704.0
STH507130,TF121077,Bronze,3,6725.096836890948,0.02,12.0,80701.0
STH501508,TF104402,Bronze,9,6725.016837443594,0.02,12.0,80700.0
STH502690,TF107821,Silver,7,6724.875649778352,0.02,12.0,80699.0
STH506280,TF118660,Bronze,7,6724.894225889096,0.02,12.0,80699.0
STH501511,TF104410,Silver,3,6724.755071672257,0.02,12.0,80697.0
STH505407,TF116101,Silver,6,6724.771569971351,0.02,12.0,80697.0
STH505476,TF116307,Bronze,3,6724.63275822951,0.02,12.0,80696.0
STH507993,TF123474,Bronze,7,6724.575598845691,0.02,12.0,80695.0
STH502515,TF107333,Bronze,3,6724.584411485936,0.02,12.0,80695.0
STH501894,TF105572,Gold,2,6724.552069382187,0.02,12.0,80695.0
STH500715,TF102081,Bronze,6,6724.61143277299,0.02,12.0,80695.0
STH503819,TF111162,Silver,7,6724.530801379293,0.02,12.0,80694.0
STH500802,TF102312,Bronze,2,6724.502781771463,0.02,12.0,80694.0
STH503261,TF109488,Gold,3,6724.313696641395,0.02,12.0,80692.0
STH505897,TF117539,Bronze,8,6724.165278873003,0.02,12.0,80690.0
STH505806,TF117278,Bronze,8,6724.165278873003,0.02,12.0,80690.0
STH500750,TF102174,Silver,4,6724.026124656166,0.02,12.0,80688.0
STH506389,TF118987,Bronze,5,6723.979799451348,0.02,12.0,80688.0
STH500302,TF100839,Gold,8,6723.9704772717105,0.02,12.0,80688.0
STH503601,TF110530,Bronze,6,6723.795199147737,0.02,12.0,80686.0
STH506597,TF119574,Silver,8,6723.801854363201,0.02,12.0,80686.0
STH504447,TF113070,Bronze,8,6723.846651829599,0.02,12.0,80686.0
STH501379,TF104040,Silver,8,6723.801854363201,0.02,12.0,80686.0
STH504294,TF112593,Bronze,6,6723.795199147737,0.02,12.0,80686.0
STH500841,TF102448,Bronze,2,6723.81009015926,0.02,12.0,80686.0
STH500546,TF101544,Bronze,3,6723.773834755371,0.02,12.0,80685.0
STH508467,TF124906,Silver,8,6723.677025681404,0.02,12.0,80684.0
STH502377,TF106922,Bronze,2,6723.552357863934,0.02,12.0,80683.0
STH506267,TF118617,Gold,2,6723.51110299097,0.02,12.0,80682.0
STH500725,TF102110,Bronze,9,6723.536935743507,0.02,12.0,80682.0
STH505002,TF114844,Silver,5,6723.376122235556,0.02,12.0,80681.0
STH503984,TF111671,Bronze,9,6723.229422817475,0.02,12.0,80679.0
STH502133,TF106246,Silver,5,6723.275518348961,0.02,12.0,80679.0
STH504779,TF114120,Bronze,8,6723.259688593199,0.02,12.0,80679.0
STH503547,TF110380,Bronze,5,6723.126517453751,0.02,12.0,80678.0
STH503930,TF111497,Bronze,6,6723.155282980321,0.02,12.0,80678.0
STH505648,TF116854,Bronze,2,6723.112606844525,0.02,12.0,80677.0
STH503232,TF109399,Silver,6,6723.069102512346,0.02,12.0,80677.0
STH507604,TF122392,Gold,2,6723.089175698088,0.02,12.0,80677.0
STH507336,TF121659,Silver,9,6723.072907347109,0.02,12.0,80677.0
STH502417,TF107037,Bronze,9,6723.117704813507,0.02,12.0,80677.0
STH501624,TF104765,Silver,9,6723.072907347109,0.02,12.0,80677.0
STH508487,TF124964,Silver,9,6723.003937667297,0.02,12.0,80676.0
STH508192,TF124084,Silver,2,6723.019359787724,0.02,12.0,80676.0
STH506469,TF119222,Silver,5,6722.956891305556,0.02,12.0,80675.0
STH503956,TF111587,Bronze,6,6722.909995842672,0.02,12.0,80675.0
STH507672,TF122601,Bronze,6,6722.909995842672,0.02,12.0,80675.0
STH503932,TF111499,Silver,2,6722.749182334722,0.02,12.0,80673.0
STH500900,TF102630,Silver,2,6722.749182334722,0.02,12.0,80673.0
STH508195,TF124105,Bronze,3,6722.728508227492,0.02,12.0,80673.0
STH507709,TF122700,Silver,6,6722.5465713328695,0.02,12.0,80671.0
STH503013,TF108748,Bronze,6,6722.39757043766,0.02,12.0,80669.0
STH504621,TF113604,Bronze,6,6722.39757043766,0.02,12.0,80669.0
STH507505,TF122135,Bronze,2,6722.406383077903,0.02,12.0,80669.0
STH502018,TF105920,Gold,5,6722.365228333912,0.02,12.0,80668.0
STH500515,TF101467,Silver,3,6722.290412771632,0.02,12.0,80667.0
STH504189,TF112262,Silver,6,6722.227944289465,0.02,12.0,80667.0
STH506500,TF119321,Gold,3,6722.259624795402,0.02,12.0,80667.0
STH505392,TF116041,Silver,5,6722.263778216763,0.02,12.0,80667.0
STH504109,TF112044,Bronze,7,6722.1907676928595,0.02,12.0,80666.0
STH505342,TF115895,Silver,3,6722.02023531863,0.02,12.0,80664.0
STH502816,TF108193,Silver,9,6721.923227855287,0.02,12.0,80663.0
STH501693,TF104959,Bronze,8,6721.792958403073,0.02,12.0,80662.0
STH503873,TF111327,Silver,7,6721.817624316777,0.02,12.0,80662.0
STH500570,TF101608,Bronze,8,6721.72227926349,0.02,12.0,80661.0
STH501483,TF104331,Bronze,4,6721.65471281234,0.02,12.0,80660.0
STH508265,TF124274,Silver,9,6721.677940717637,0.02,12.0,80660.0
STH503114,TF109048,Gold,4,6721.631281665904,0.02,12.0,80660.0
STH501011,TF102974,Bronze,7,6721.668623421568,0.02,12.0,80660.0
STH502387,TF106946,Silver,6,6721.640981053064,0.02,12.0,80660.0
STH505940,TF117685,Bronze,9,6721.608358099461,0.02,12.0,80659.0
STH501163,TF103425,Gold,7,6721.568835369516,0.02,12.0,80659.0
STH502664,TF107741,Gold,7,6721.568835369516,0.02,12.0,80659.0
STH505274,TF115676,Bronze,5,6721.623249110984,0.02,12.0,80659.0
STH505065,TF115024,Silver,6,6721.534831200672,0.02,12.0,80658.0
STH503133,TF109103,Silver,5,6721.44754459151,0.02,12.0,80657.0
STH500940,TF102742,Bronze,8,6721.452101810488,0.02,12.0,80657.0
STH504902,TF114501,Bronze,2,6721.372192853176,0.02,12.0,80656.0
STH502188,TF106385,Gold,3,6721.354034515597,0.02,12.0,80656.0
STH504090,TF111981,Bronze,2,6721.372192853176,0.02,12.0,80656.0
STH504975,TF114764,Silver,8,6721.088677300685,0.02,12.0,80653.0
STH501385,TF104055,Bronze,5,6720.925765796248,0.02,12.0,80651.0
STH505901,TF117552,Silver,3,6720.697233183053,0.02,12.0,80648.0
STH507738,TF122767,Silver,2,6720.696059166263,0.02,12.0,80648.0
STH504066,TF111918,Silver,5,6720.562341286445,0.02,12.0,80647.0
STH505247,TF115599,Gold,5,6720.594821723781,0.02,12.0,80647.0
STH505973,TF117780,Silver,5,6720.562341286445,0.02,12.0,80647.0
STH502150,TF106305,Gold,9,6720.530150081553,0.02,12.0,80646.0
STH501107,TF103242,Silver,2,6720.475756291616,0.02,12.0,80646.0
STH505045,TF114966,Silver,9,6720.359730284594,0.02,12.0,80644.0
STH503235,TF109404,Bronze,9,6720.210729389383,0.02,12.0,80643.0
STH507382,TF121802,Bronze,9,6720.210729389383,0.02,12.0,80643.0
STH507152,TF121143,Gold,8,6720.178387285636,0.02,12.0,80642.0
STH504156,TF112179,Gold,6,6720.072783747126,0.02,12.0,80641.0
STH503892,TF111390,Silver,4,6719.968286166961,0.02,12.0,80640.0
STH500522,TF101483,Gold,3,6719.88730432547,0.02,12.0,80639.0
STH503308,TF109628,Silver,3,6719.746809275523,0.02,12.0,80637.0
STH501423,TF104160,Bronze,7,6719.4678717640645,0.02,12.0,80634.0
STH506039,TF117977,Bronze,7,6719.4678717640645,0.02,12.0,80634.0
STH502320,TF106769,Silver,8,6719.260703543235,0.02,12.0,80631.0
STH506376,TF118952,Bronze,8,6719.178675767382,0.02,12.0,80630.0
STH505525,TF116449,Silver,7,6719.104447254262,0.02,12.0,80629.0
STH503546,TF110378,Silver,7,6719.104447254262,0.02,12.0,80629.0
STH503924,TF111480,Gold,3,6719.034022327874,0.02,12.0,80628.0
STH505639,TF116835,Silver,4,6719.017862259431,0.02,12.0,80628.0
STH505699,TF117008,Gold,7,6719.025209687629,0.02,12.0,80628.0
STH504546,TF113370,Bronze,8,6718.945833787408,0.02,12.0,80627.0
STH505851,TF117392,Bronze,7,6718.761647997444,0.02,12.0,80625.0
STH507247,TF121415,Silver,5,6718.546647538666,0.02,12.0,80623.0
STH504194,TF112290,Silver,5,6718.509218117987,0.02,12.0,80622.0
STH502503,TF107303,Gold,8,6718.296262671537,0.02,12.0,80620.0
STH508432,TF124781,Gold,4,6718.305075311781,0.02,12.0,80620.0
STH503197,TF109296,Gold,3,6718.223445597309,0.02,12.0,80619.0
STH501405,TF104104,Gold,6,6718.244809989675,0.02,12.0,80619.0
STH505961,TF117755,Silver,5,6718.194012622989,0.02,12.0,80618.0
STH505221,TF115501,Bronze,6,6718.092966303458,0.02,12.0,80617.0
STH503406,TF109943,Silver,9,6717.987409814662,0.02,12.0,80616.0
STH501362,TF103986,Gold,2,6718.001968705872,0.02,12.0,80616.0
STH500389,TF101088,Gold,2,6718.001968705872,0.02,12.0,80616.0
STH506308,TF118730,Silver,9,6717.9167306750805,0.02,12.0,80615.0
STH505175,TF115366,Silver,2,6717.932152795507,0.02,12.0,80615.0
STH501647,TF104819,Silver,8,6717.863074833157,0.02,12.0,80614.0
STH503358,TF109784,Gold,8,6717.709299435137,0.02,12.0,80613.0
STH505206,TF115463,Silver,2,6717.322828209691,0.02,12.0,80608.0
STH501129,TF103291,Silver,9,6717.134127817065,0.02,12.0,80606.0
STH502273,TF106613,Silver,5,6717.142940457309,0.02,12.0,80606.0
STH505649,TF116858,Silver,5,6717.142940457309,0.02,12.0,80606.0
STH507260,TF121448,Silver,9,6717.134127817065,0.02,12.0,80606.0
STH508027,TF123617,Bronze,5,6717.101287340125,0.02,12.0,80605.0
STH501058,TF103100,Silver,7,6717.051324085803,0.02,12.0,80605.0
STH502987,TF108666,Silver,8,6717.052498102593,0.02,12.0,80605.0
STH507995,TF123485,Silver,7,6716.972184229082,0.02,12.0,80604.0
STH505989,TF117831,Silver,4,6717.014613669328,0.02,12.0,80604.0
STH507780,TF122873,Silver,4,6717.014613669328,0.02,12.0,80604.0
STH503161,TF109189,Bronze,8,6716.635072271273,0.02,12.0,80600.0
STH506927,TF120487,Bronze,2,6716.590721455452,0.02,12.0,80599.0
STH501728,TF105055,Gold,4,6716.544074673688,0.02,12.0,80599.0
STH505404,TF116089,Gold,4,6716.544074673688,0.02,12.0,80599.0
STH503705,TF110835,Bronze,9,6716.446480161187,0.02,12.0,80597.0
STH502511,TF107324,Silver,8,6716.35980649039,0.02,12.0,80596.0
STH501264,TF103735,Silver,8,6716.322377069711,0.02,12.0,80596.0
STH503949,TF111567,Bronze,5,6716.278309823441,0.02,12.0,80595.0
STH506328,TF118794,Bronze,9,6716.276051864895,0.02,12.0,80595.0
STH503613,TF110562,Silver,5,6716.285666653236,0.02,12.0,80595.0
STH501559,TF104559,Bronze,8,6716.025747685457,0.02,12.0,80592.0
STH506556,TF119463,Bronze,8,6716.025747685457,0.02,12.0,80592.0
STH504036,TF111839,Bronze,8,6716.025747685457,0.02,12.0,80592.0
STH501916,TF105631,Silver,5,6715.884959252192,0.02,12.0,80591.0
STH506230,TF118492,Silver,5,6715.745311747231,0.02,12.0,80589.0
STH506583,TF119539,Silver,8,6715.662323175654,0.02,12.0,80588.0
STH507577,TF122338,Silver,7,6715.685046425126,0.02,12.0,80588.0
STH502771,TF108047,Bronze,4,6715.569253470788,0.02,12.0,80587.0
STH504408,TF112963,Gold,5,6715.582285677622,0.02,12.0,80587.0
STH503796,TF111102,Gold,8,6715.389287247413,0.02,12.0,80585.0
STH506717,TF119914,Silver,6,6715.386291340852,0.02,12.0,80585.0
STH506716,TF119910,Gold,6,6715.306483516151,0.02,12.0,80584.0
STH503509,TF110280,Silver,5,6715.135987161414,0.02,12.0,80582.0
STH503836,TF111212,Bronze,8,6714.914446291849,0.02,12.0,80579.0
STH504881,TF114447,Silver,7,6714.827772621053,0.02,12.0,80578.0
STH504815,TF114222,Gold,3,6714.729418193671,0.02,12.0,80577.0
STH501895,TF105573,Gold,6,6714.646429622095,0.02,12.0,80576.0
STH504615,TF113590,Silver,7,6714.689833261428,0.02,12.0,80576.0
STH500704,TF102016,Gold,7,6714.498396643338,0.02,12.0,80574.0
STH504485,TF113182,Bronze,9,6714.396778541135,0.02,12.0,80573.0
STH507547,TF122266,Gold,7,6714.357233625412,0.02,12.0,80572.0
STH501964,TF105762,Silver,9,6714.227152392941,0.02,12.0,80571.0
STH506203,TF118399,Silver,7,6714.287417715047,0.02,12.0,80571.0
STH505873,TF117460,Silver,8,6714.10125532153,0.02,12.0,80569.0
STH507113,TF121028,Gold,4,6714.000471177579,0.02,12.0,80568.0
STH506867,TF120345,Silver,2,6713.950545930653,0.02,12.0,80567.0
STH505640,TF116837,Bronze,5,6713.734706327334,0.02,12.0,80565.0
STH506364,TF118919,Bronze,7,6713.696669239973,0.02,12.0,80564.0
STH506292,TF118680,Silver,8,6713.558470698955,0.02,12.0,80563.0
STH503253,TF109461,Bronze,7,6713.622840127021,0.02,12.0,80563.0
STH507828,TF123008,Gold,4,6713.391146591763,0.02,12.0,80561.0
STH505293,TF115722,Gold,7,6713.211258839382,0.02,12.0,80559.0
STH502438,TF107126,Bronze,9,6713.138974822245,0.02,12.0,80558.0
STH505742,TF117114,Silver,6,6712.992311579808,0.02,12.0,80556.0
STH500922,TF102683,Silver,6,6712.992311579808,0.02,12.0,80556.0
STH503572,TF110446,Gold,2,6712.914761713655,0.02,12.0,80555.0
STH505502,TF116382,Gold,6,6712.912503755108,0.02,12.0,80555.0
STH500091,TF100271,Silver,4,6712.492651898469,0.02,12.0,80550.0
STH504593,TF113528,Silver,5,6712.4228100988985,0.02,12.0,80549.0
STH501131,TF103298,Gold,4,6712.279845198155,0.02,12.0,80547.0
STH504766,TF114085,Silver,9,6711.320176968817,0.02,12.0,80536.0
STH502850,TF108286,Bronze,8,6710.75191121947,0.02,12.0,80529.0
STH504834,TF114276,Silver,6,6710.5983318187655,0.02,12.0,80527.0
STH505225,TF115516,Silver,4,6710.591097711519,0.02,12.0,80527.0
STH506166,TF118285,Silver,9,6710.285920186755,0.02,12.0,80523.0
STH505306,TF115769,Silver,5,6709.709633036383,0.02,12.0,80517.0
STH506505,TF119335,Silver,6,6709.3420613878525,0.02,12.0,80512.0
STH507319,TF121619,Gold,7,6709.270026633195,0.02,12.0,80511.0
STH502536,TF107378,Silver,6,6708.204352057723,0.02,12.0,80498.0
STH501663,TF104868,Silver,8,6707.856237854676,0.02,12.0,80494.0
STH500634,TF101791,Gold,6,6707.4553701531795,0.02,12.0,80489.0
STH503443,TF110066,Platinum,3,6653.715936425044,0.02,12.0,79845.0
STH505813,TF117293,Silver,2,6650.816343813642,0.02,12.0,79810.0
STH507200,TF121300,Silver,2,6650.080482400693,0.02,12.0,79801.0
STH506447,TF119142,Platinum,2,6649.6118270638435,0.02,12.0,79795.0
STH507066,TF120885,Bronze,8,6648.783401876459,0.024,12.0,79785.0
STH507507,TF122148,Silver,4,6648.622588368508,0.02,12.0,79783.0
STH500045,TF100141,Silver,4,6648.622588368508,0.031,12.0,79783.0
STH506109,TF118149,Platinum,5,6648.465952406785,0.02,12.0,79782.0
STH502825,TF108230,Bronze,2,6646.103653262822,0.02,12.0,79753.0
STH505743,TF117115,Silver,8,6645.417810907064,0.02,12.0,79745.0
STH504570,TF113464,Platinum,8,6645.238144967291,0.02,12.0,79743.0
STH506944,TF120535,Platinum,7,6645.125933760502,0.02,12.0,79742.0
STH506217,TF118455,Platinum,4,6644.918224789667,0.02,12.0,79739.0
STH500147,TF100403,Platinum,5,6644.459455226578,0.02,12.0,79734.0
STH505226,TF115517,Silver,5,6644.352828132157,0.02,12.0,79732.0
STH506302,TF118710,Gold,8,6643.233012718397,0.026000000000000002,12.0,79719.0
STH503189,TF109281,Gold,3,6643.091647440947,0.02,12.0,79717.0
STH508274,TF124301,Silver,2,6643.032178186929,0.02,12.0,79716.0
STH508197,TF124108,Platinum,3,6642.933994743244,0.02,12.0,79715.0
STH501902,TF105595,Platinum,7,6642.218958336379,0.02,12.0,79707.0
STH504725,TF113931,Platinum,5,6642.136154605117,0.02,12.0,79706.0
STH500416,TF101162,Bronze,3,6641.489355228307,0.02,12.0,79698.0
STH503661,TF110718,Silver,4,6641.149948914099,0.02,12.0,79694.0
STH501942,TF105697,Bronze,7,6641.204286763782,0.02,12.0,79694.0
STH504906,TF114514,Silver,8,6641.085277271871,0.02,12.0,79693.0
STH501645,TF104816,Platinum,7,6640.457957698285,0.02,12.0,79685.0
STH503241,TF109426,Bronze,6,6639.917540032094,0.02,12.0,79679.0
STH506082,TF118099,Bronze,6,6639.7106309926585,0.02,12.0,79677.0
STH506173,TF118304,Silver,2,6639.549817484708,0.02,12.0,79675.0
STH500858,TF102507,Gold,5,6639.316913521349,0.02,12.0,79672.0
STH508094,TF123812,Silver,3,6638.820870468616,0.02,12.0,79666.0
STH505528,TF116456,Platinum,2,6638.236587634305,0.02,12.0,79659.0
STH506370,TF118935,Bronze,8,6638.252736960474,0.02,12.0,79659.0
STH502271,TF106605,Platinum,4,6638.077142099122,0.02,12.0,79657.0
STH508410,TF124722,Platinum,4,6638.077142099122,0.02,12.0,79657.0
STH506317,TF118752,Bronze,5,6637.487857700015,0.02,12.0,79650.0
STH503602,TF110531,Bronze,5,6637.487857700015,0.02,12.0,79650.0
STH503199,TF109303,Bronze,6,6637.411272009014,0.02,12.0,79649.0
STH500545,TF101538,Silver,5,6637.145550235223,0.02,12.0,79646.0
STH506868,TF120346,Bronze,2,6637.075236250198,0.02,12.0,79645.0
STH507849,TF123069,Silver,2,6636.905610102003,0.02,12.0,79643.0
STH504302,TF112613,Silver,2,6636.836640422192,0.02,12.0,79642.0
STH504702,TF113836,Bronze,6,6636.758910683923,0.02,12.0,79641.0
STH502436,TF107112,Bronze,2,6636.711886507961,0.02,12.0,79641.0
STH504958,TF114695,Platinum,9,6636.596107674954,0.02,12.0,79639.0
STH505186,TF115404,Silver,3,6636.5215114849725,0.02,12.0,79638.0
STH506024,TF117947,Silver,2,6636.3652551959985,0.02,12.0,79636.0
STH508473,TF124917,Bronze,7,6636.197740345789,0.02,12.0,79634.0
STH507019,TF120756,Platinum,6,6636.09969772216,0.02,12.0,79633.0
STH505124,TF115207,Bronze,3,6635.98293949187,0.02,12.0,79632.0
STH503811,TF111143,Bronze,8,6635.953377976831,0.02,12.0,79631.0
STH506116,TF118160,Bronze,6,6635.793417888019,0.02,12.0,79630.0
STH503690,TF110793,Silver,3,6635.636308179906,0.02,12.0,79628.0
STH503093,TF108994,Bronze,4,6635.6173422180145,0.02,12.0,79627.0
STH505595,TF116672,Bronze,8,6635.60852957777,0.02,12.0,79627.0
STH501141,TF103339,Silver,4,6635.378746390008,0.02,12.0,79625.0
STH506163,TF118272,Silver,4,6635.44771606982,0.02,12.0,79625.0
STH503741,TF110940,Bronze,7,6635.0644708719265,0.02,12.0,79621.0
STH504514,TF113289,Platinum,9,6634.947113455946,0.02,12.0,79619.0
STH504853,TF114356,Silver,9,6634.229762170855,0.02,12.0,79611.0
STH503323,TF109675,Silver,5,6634.178414147723,0.02,12.0,79610.0
STH500840,TF102445,Silver,4,6634.174710347884,0.02,12.0,79610.0
STH501564,TF104579,Silver,6,6633.989822037636,0.02,12.0,79608.0
STH504559,TF113411,Bronze,3,6633.439313809983,0.02,12.0,79601.0
STH507522,TF122195,Silver,7,6633.260875021544,0.02,12.0,79599.0
STH505506,TF116397,Bronze,7,6633.067151427502,0.02,12.0,79597.0
STH500948,TF102761,Gold,4,6632.904958804264,0.02,12.0,79595.0
STH500150,TF100416,Bronze,7,6632.896224635013,0.02,12.0,79595.0
STH500626,TF101771,Gold,8,6632.909256841848,0.02,12.0,79595.0
STH500255,TF100692,Bronze,4,6632.710366793891,0.02,12.0,79593.0
STH506384,TF118973,Bronze,2,6632.6589141120285,0.02,12.0,79592.0
STH506320,TF118762,Silver,4,6632.59659964768,0.02,12.0,79591.0
STH500408,TF101133,Bronze,8,6632.33820441141,0.02,12.0,79588.0
STH500404,TF101124,Bronze,7,6632.160363222064,0.02,12.0,79586.0
STH505847,TF117381,Gold,5,6632.10524521991,0.02,12.0,79585.0
STH500676,TF101909,Silver,4,6631.515889835671,0.02,12.0,79578.0
STH506309,TF118737,Bronze,3,6631.385620383456,0.02,12.0,79577.0
STH503752,TF110967,Silver,2,6631.410286297161,0.02,12.0,79577.0
STH503979,TF111660,Bronze,5,6631.3944565413985,0.02,12.0,79577.0
STH504973,TF114759,Bronze,3,6631.314941243874,0.02,12.0,79576.0
STH506962,TF120585,Bronze,6,6631.252472761707,0.02,12.0,79575.0
STH505655,TF116886,Bronze,3,6631.290050928522,0.02,12.0,79575.0
STH504668,TF113732,Gold,7,6631.131935834861,0.02,12.0,79574.0
STH504213,TF112336,Gold,3,6630.795900076045,0.02,12.0,79570.0
STH502202,TF106420,Gold,3,6630.795900076045,0.02,12.0,79570.0
STH507539,TF122247,Silver,5,6630.786942819579,0.02,12.0,79569.0
STH505805,TF117277,Gold,3,6630.432550333808,0.02,12.0,79565.0
STH505959,TF117746,Bronze,4,6630.31581677478,0.02,12.0,79564.0
STH500250,TF100672,Silver,3,6630.362712237665,0.02,12.0,79564.0
STH504909,TF114523,Bronze,5,6629.857047211691,0.02,12.0,79558.0
STH505950,TF117708,Silver,3,6629.775749001265,0.02,12.0,79557.0
STH502226,TF106482,Gold,3,6629.771049266019,0.02,12.0,79557.0
STH505669,TF116924,Silver,8,6629.7497812631245,0.02,12.0,79557.0
STH506626,TF119659,Silver,4,6629.6337652215725,0.02,12.0,79556.0
STH504613,TF113586,Bronze,5,6629.5868697586875,0.02,12.0,79555.0
STH501513,TF104415,Bronze,5,6629.5868697586875,0.02,12.0,79555.0
STH505094,TF115115,Bronze,9,6629.4848626434305,0.02,12.0,79554.0
STH504640,TF113647,Gold,8,6629.5177855137035,0.02,12.0,79554.0
STH504890,TF114473,Bronze,9,6629.384258756836,0.02,12.0,79553.0
STH503243,TF109433,Bronze,9,6629.405918047948,0.02,12.0,79553.0
STH500720,TF102098,Silver,8,6629.261602839091,0.02,12.0,79551.0
STH503664,TF110729,Silver,5,6629.223445248885,0.02,12.0,79551.0
STH500207,TF100562,Silver,8,6629.261602839091,0.02,12.0,79551.0
STH506646,TF119727,Bronze,9,6629.065631713431,0.02,12.0,79549.0
STH500800,TF102307,Gold,9,6629.0216804775855,0.02,12.0,79548.0
STH508380,TF124612,Bronze,3,6629.029070043092,0.02,12.0,79548.0
STH500425,TF101189,Silver,5,6628.90481820548,0.02,12.0,79547.0
STH502435,TF107109,Gold,2,6628.936498711418,0.02,12.0,79547.0
STH502385,TF106941,Silver,3,6628.853365523618,0.02,12.0,79546.0
STH500602,TF101699,Silver,3,6628.853365523618,0.02,12.0,79546.0
STH507249,TF121419,Bronze,3,6628.771337747766,0.02,12.0,79545.0
STH507389,TF121822,Bronze,3,6628.771337747766,0.02,12.0,79545.0
STH501654,TF104844,Silver,2,6628.697109234646,0.02,12.0,79544.0
STH506835,TF120256,Bronze,7,6628.469832319088,0.02,12.0,79542.0
STH504628,TF113623,Bronze,9,6628.478668477031,0.02,12.0,79542.0
STH506563,TF119484,Bronze,7,6628.399153179506,0.02,12.0,79541.0
STH506809,TF120188,Bronze,3,6628.331586728356,0.02,12.0,79540.0
STH502764,TF108024,Silver,2,6628.352260835585,0.02,12.0,79540.0
STH501792,TF105236,Silver,3,6628.238339671556,0.02,12.0,79539.0
STH505574,TF116609,Silver,7,6628.288082396178,0.02,12.0,79539.0
STH500805,TF102322,Silver,3,6628.2134493562035,0.02,12.0,79539.0
STH504974,TF114763,Bronze,4,6628.262693606322,0.02,12.0,79539.0
STH505276,TF115679,Bronze,7,6628.128975726504,0.02,12.0,79538.0
STH504124,TF112080,Gold,6,6628.074782493042,0.02,12.0,79537.0
STH501618,TF104750,Silver,3,6627.977881084833,0.02,12.0,79536.0
STH506189,TF118348,Silver,3,6627.9681622185535,0.02,12.0,79536.0
STH502841,TF108261,Bronze,4,6627.936085578833,0.02,12.0,79535.0
STH501253,TF103697,Gold,7,6627.880112011677,0.02,12.0,79535.0
STH501805,TF105280,Silver,9,6627.871154755211,0.02,12.0,79534.0
STH504671,TF113739,Bronze,4,6627.8095487517,0.02,12.0,79534.0
STH506754,TF120025,Silver,7,6627.765551216701,0.02,12.0,79533.0
STH505466,TF116275,Silver,7,6627.765551216701,0.02,12.0,79533.0
STH506989,TF120661,Gold,4,6627.579208565828,0.02,12.0,79531.0
STH508077,TF123769,Bronze,9,6627.556284999385,0.02,12.0,79531.0
STH500980,TF102874,Silver,6,6627.588907952988,0.02,12.0,79531.0
STH502395,TF106976,Silver,4,6627.509392655464,0.02,12.0,79530.0
STH500217,TF100593,Bronze,8,6627.400028710412,0.02,12.0,79529.0
STH507641,TF122503,Silver,8,6627.39797956817,0.02,12.0,79529.0
STH501503,TF104393,Bronze,8,6627.400028710412,0.02,12.0,79529.0
STH501669,TF104896,Silver,7,6627.446924173297,0.02,12.0,79529.0
STH508235,TF124206,Bronze,8,6627.400028710412,0.02,12.0,79529.0
STH506677,TF119806,Silver,5,6627.395471491434,0.02,12.0,79529.0
STH506444,TF119132,Gold,3,6627.301961415521,0.02,12.0,79528.0
STH501424,TF104162,Silver,4,6627.239215202461,0.02,12.0,79527.0
STH507781,TF122874,Silver,4,6627.239215202461,0.02,12.0,79527.0
STH505199,TF115445,Silver,8,6627.137208087203,0.02,12.0,79526.0
STH507718,TF122716,Silver,8,6627.036604200609,0.02,12.0,79524.0
STH500944,TF102754,Bronze,4,6626.896415945644,0.02,12.0,79523.0
STH500686,TF101965,Bronze,8,6626.935950048974,0.02,12.0,79523.0
STH505365,TF115952,Bronze,9,6626.941259147323,0.02,12.0,79523.0
STH506221,TF118466,Bronze,6,6626.842228994816,0.02,12.0,79522.0
STH508124,TF123883,Gold,8,6626.787815253348,0.02,12.0,79521.0
STH502516,TF107335,Gold,5,6626.771316954254,0.02,12.0,79521.0
STH505715,TF117041,Bronze,9,6626.6710816943205,0.02,12.0,79520.0
STH502914,TF108448,Bronze,9,6626.6710816943205,0.02,12.0,79520.0
STH503831,TF111202,Silver,2,6626.564846209466,0.02,12.0,79519.0
STH501112,TF103252,Silver,5,6626.510268186369,0.02,12.0,79518.0
STH506634,TF119689,Silver,9,6626.408261071112,0.02,12.0,79517.0
STH508190,TF124077,Gold,5,6626.431030619737,0.02,12.0,79517.0
STH506167,TF118291,Silver,9,6626.307657184518,0.02,12.0,79516.0
STH508203,TF124118,Gold,2,6626.223321648902,0.02,12.0,79515.0
STH508247,TF124234,Bronze,3,6626.227734251657,0.02,12.0,79515.0
STH502075,TF106072,Gold,2,6626.2330405151815,0.02,12.0,79515.0
STH508193,TF124090,Silver,8,6626.131013920804,0.02,12.0,79514.0
STH505397,TF116056,Bronze,9,6626.158656289307,0.02,12.0,79514.0
STH504498,TF113247,Bronze,7,6626.075852558045,0.02,12.0,79513.0
STH503734,TF110908,Silver,6,6626.05149862328,0.02,12.0,79513.0
STH504750,TF114006,Silver,6,6626.05149862328,0.02,12.0,79513.0
STH502052,TF106016,Gold,6,6626.042369938162,0.02,12.0,79513.0
STH501076,TF103149,Gold,6,6626.02071064705,0.02,12.0,79512.0
STH502608,TF107580,Silver,2,6625.98393217213,0.02,12.0,79512.0
STH503138,TF109117,Gold,3,6625.764552085812,0.02,12.0,79509.0
STH507867,TF123125,Gold,6,6625.702083603645,0.02,12.0,79508.0
STH507779,TF122872,Silver,9,6625.402066904712,0.02,12.0,79505.0
STH505057,TF115010,Bronze,2,6625.447334553703,0.02,12.0,79505.0
STH504060,TF111904,Gold,7,6625.392367517552,0.02,12.0,79505.0
STH503608,TF110541,Gold,7,6625.392367517552,0.02,12.0,79505.0
STH504919,TF114566,Gold,7,6625.291763630958,0.02,12.0,79504.0
STH505290,TF115717,Gold,7,6625.291763630958,0.02,12.0,79504.0
STH505228,TF115526,Bronze,8,6625.267765685232,0.02,12.0,79503.0
STH507971,TF123423,Silver,4,6625.223521454682,0.02,12.0,79503.0
STH505086,TF115086,Bronze,3,6625.147024439648,0.02,12.0,79502.0
STH507615,TF122436,Bronze,5,6625.133278704824,0.02,12.0,79502.0
STH500371,TF101034,Silver,5,6625.1872660507925,0.02,12.0,79502.0
STH504426,TF113013,Bronze,8,6625.126602667306,0.02,12.0,79502.0
STH506155,TF118255,Silver,7,6625.052374154186,0.02,12.0,79501.0
STH505789,TF117228,Bronze,2,6624.9326281164185,0.02,12.0,79499.0
STH505542,TF116499,Bronze,2,6624.9326281164185,0.02,12.0,79499.0
STH504763,TF114077,Gold,2,6624.900319513325,0.02,12.0,79499.0
STH507581,TF122347,Silver,4,6624.732947179382,0.02,12.0,79497.0
STH505671,TF116928,Gold,4,6624.765427616718,0.02,12.0,79497.0
STH502847,TF108278,Gold,4,6624.765427616718,0.02,12.0,79497.0
STH501086,TF103186,Gold,8,6624.66342050146,0.02,12.0,79496.0
STH502651,TF107706,Bronze,8,6624.686851647896,0.02,12.0,79496.0
STH503503,TF110254,Gold,8,6624.562816614865,0.02,12.0,79495.0
STH503113,TF109046,Silver,3,6624.548761389417,0.02,12.0,79495.0
STH500307,TF100850,Silver,5,6624.49457443859,0.02,12.0,79494.0
STH508021,TF123595,Bronze,2,6624.413077771641,0.02,12.0,79493.0
STH506966,TF120597,Gold,4,6624.274853341418,0.02,12.0,79491.0
STH505263,TF115649,Silver,5,6624.141939522913,0.02,12.0,79490.0
STH500491,TF101414,Gold,5,6624.0364806006255,0.02,12.0,79488.0
STH500816,TF102356,Bronze,4,6623.989440521519,0.02,12.0,79488.0
STH507162,TF121170,Silver,2,6623.880079695431,0.02,12.0,79487.0
STH505978,TF117798,Bronze,7,6623.681872797002,0.02,12.0,79484.0
STH505981,TF117807,Silver,9,6623.594480122002,0.02,12.0,79483.0
STH500061,TF100197,Silver,9,6623.594480122002,0.02,12.0,79483.0
STH506387,TF118981,Silver,3,6623.521059289052,0.02,12.0,79482.0
STH504295,TF112594,Silver,3,6623.521059289052,0.02,12.0,79482.0
STH503890,TF111383,Bronze,6,6623.431568617565,0.02,12.0,79481.0
STH501747,TF105115,Silver,9,6623.082054716989,0.02,12.0,79477.0
STH506709,TF119886,Silver,9,6623.082054716989,0.02,12.0,79477.0
STH508280,TF124315,Silver,5,6623.090867357233,0.02,12.0,79477.0
STH502855,TF108304,Bronze,2,6622.975074402895,0.02,12.0,79476.0
STH501124,TF103284,Gold,7,6622.848764021444,0.02,12.0,79474.0
STH504009,TF111757,Gold,7,6622.823873706092,0.02,12.0,79474.0
STH501238,TF103643,Silver,4,6622.79211227296,0.02,12.0,79474.0
STH508495,TF124987,Bronze,7,6622.702621601473,0.02,12.0,79472.0
STH500660,TF101863,Bronze,8,6622.582999171197,0.02,12.0,79471.0
STH505025,TF114924,Silver,4,6622.422185663247,0.02,12.0,79469.0
STH505867,TF117444,Silver,8,6622.307733390314,0.02,12.0,79468.0
STH507508,TF122150,Silver,6,6622.361920341142,0.02,12.0,79468.0
STH504541,TF113358,Silver,9,6621.462217096821,0.02,12.0,79458.0
STH504532,TF113328,Silver,3,6621.430506699915,0.02,12.0,79457.0
STH504440,TF113047,Gold,9,6621.390869989261,0.02,12.0,79457.0
STH501520,TF104425,Gold,4,6621.346026787582,0.02,12.0,79456.0
STH502982,TF108657,Gold,4,6621.346026787582,0.02,12.0,79456.0
STH506373,TF118945,Silver,9,6621.321054078896,0.02,12.0,79456.0
STH503997,TF111713,Silver,3,6621.127079528008,0.02,12.0,79454.0
STH507791,TF122912,Gold,9,6621.1206925362585,0.02,12.0,79453.0
STH506818,TF120208,Bronze,2,6621.073520215946,0.02,12.0,79453.0
STH505754,TF117139,Gold,3,6621.047271703308,0.02,12.0,79453.0
STH507344,TF121686,Silver,9,6620.8813030594865,0.02,12.0,79451.0
STH505545,TF116504,Silver,8,6620.904026308957,0.02,12.0,79451.0
STH504647,TF113661,Silver,8,6620.904026308957,0.02,12.0,79451.0
STH503102,TF109025,Gold,6,6620.801265561454,0.02,12.0,79450.0
STH502618,TF107611,Bronze,6,6620.7183915550495,0.02,12.0,79449.0
STH504515,TF113290,Bronze,7,6620.768342691181,0.02,12.0,79449.0
STH503789,TF111087,Gold,5,6620.617079771489,0.02,12.0,79447.0
STH506838,TF120260,Silver,5,6620.612528835146,0.02,12.0,79447.0
STH502497,TF107292,Bronze,9,6620.344705441059,0.02,12.0,79444.0
STH507556,TF122285,Silver,9,6620.175079292865,0.02,12.0,79442.0
STH505752,TF117136,Silver,9,6620.175079292865,0.02,12.0,79442.0
STH504178,TF112235,Bronze,9,6620.133426175681,0.02,12.0,79442.0
STH505598,TF116688,Silver,5,6619.972612667731,0.02,12.0,79440.0
STH503148,TF109155,Silver,8,6619.876324208592,0.02,12.0,79439.0
STH504363,TF112804,Gold,4,6619.948398077503,0.02,12.0,79439.0
STH501160,TF103416,Silver,3,6619.828631031007,0.02,12.0,79438.0
STH500855,TF102502,Gold,2,6619.685666130263,0.02,12.0,79436.0
STH504141,TF112136,Silver,8,6619.506397598879,0.02,12.0,79434.0
STH504417,TF112988,Silver,8,6619.506397598879,0.02,12.0,79434.0
STH501061,TF103105,Silver,9,6619.317805488792,0.02,12.0,79432.0
STH505464,TF116270,Gold,5,6619.219451061412,0.02,12.0,79431.0
STH502562,TF107441,Gold,5,6619.219451061412,0.02,12.0,79431.0
STH502270,TF106601,Gold,8,6619.136462489834,0.02,12.0,79430.0
STH508037,TF123661,Gold,9,6618.988429511078,0.02,12.0,79428.0
STH502950,TF108552,Bronze,7,6618.89562404912,0.02,12.0,79427.0
STH502679,TF107781,Silver,2,6618.792872703215,0.02,12.0,79426.0
STH501198,TF103535,Gold,6,6618.860430655032,0.02,12.0,79426.0
STH506176,TF118311,Silver,9,6618.777450582787,0.02,12.0,79425.0
STH504243,TF112450,Silver,7,6618.514718635547,0.02,12.0,79422.0
STH507446,TF121969,Gold,8,6618.430238723214,0.02,12.0,79421.0
STH501592,TF104657,Gold,8,6618.430238723214,0.02,12.0,79421.0
STH507096,TF120985,Gold,8,6618.430238723214,0.02,12.0,79421.0
STH503263,TF109492,Gold,3,6618.133741597487,0.02,12.0,79418.0
STH500592,TF101673,Silver,3,6618.063925687123,0.02,12.0,79417.0
STH502897,TF108397,Bronze,6,6618.005214492534,0.02,12.0,79416.0
STH508424,TF124760,Silver,8,6617.997050884833,0.02,12.0,79416.0
STH502487,TF107254,Silver,2,6617.982340344207,0.02,12.0,79416.0
STH506095,TF118120,Bronze,5,6617.957827546057,0.02,12.0,79415.0
STH506651,TF119737,Bronze,9,6617.872445290252,0.02,12.0,79414.0
STH501083,TF103175,Gold,9,6617.7012917071215,0.02,12.0,79412.0
STH505081,TF115079,Silver,6,6617.641789982731,0.02,12.0,79412.0
STH501156,TF103401,Bronze,8,6617.495792178981,0.02,12.0,79410.0
STH502507,TF107314,Gold,8,6617.402536622849,0.02,12.0,79409.0
STH505061,TF115018,Gold,8,6617.032610013135,0.02,12.0,79404.0
STH507016,TF120735,Gold,8,6616.423285427319,0.02,12.0,79397.0
STH507836,TF123032,Gold,2,6616.319085117471,0.02,12.0,79396.0
STH504307,TF112625,Silver,8,6616.183895950547,0.02,12.0,79394.0
STH508121,TF123874,Gold,7,6616.162359760343,0.02,12.0,79394.0
STH501623,TF104764,Gold,4,6616.207218917159,0.02,12.0,79394.0
STH503291,TF109581,Bronze,8,6615.770986497781,0.02,12.0,79389.0
STH506324,TF118768,Gold,7,6615.217953533119,0.02,12.0,79383.0
STH508038,TF123662,Silver,6,6615.262058786784,0.02,12.0,79383.0
STH507942,TF123343,Gold,6,6615.1680023969875,0.02,12.0,79382.0
STH503306,TF109621,Gold,8,6615.008556861805,0.02,12.0,79380.0
STH501314,TF103861,Gold,8,6614.489006517027,0.02,12.0,79374.0
STH501765,TF105174,Silver,8,6614.419190606663,0.02,12.0,79373.0
STH503461,TF110132,Silver,8,6614.419190606663,0.02,12.0,79373.0
STH503852,TF111251,Gold,7,6614.094206981835,0.02,12.0,79369.0
STH504160,TF112185,Silver,3,6613.9451402448785,0.02,12.0,79367.0
STH500174,TF100476,Gold,4,6613.136385404087,0.02,12.0,79358.0
STH506138,TF118209,Gold,8,6613.051003148282,0.02,12.0,79357.0
STH507381,TF121798,Silver,9,6612.879711231563,0.02,12.0,79355.0
STH508368,TF124571,Gold,9,6612.32205613219,0.02,12.0,79348.0
STH503385,TF109856,Gold,9,6612.32205613219,0.02,12.0,79348.0
STH506315,TF118747,Silver,7,6611.731775979258,0.02,12.0,79341.0
STH500484,TF101397,Gold,9,6610.267984286196,0.02,12.0,79323.0
STH500895,TF102622,Gold,3,6608.870463858656,0.02,12.0,79306.0
STH501527,TF104455,Bronze,2,6559.105010872934,0.02,12.0,78709.0
STH503512,TF110286,Platinum,4,6558.767139630917,0.02,12.0,78705.0
STH504069,TF111925,Platinum,5,6555.563558798529,0.02,12.0,78667.0
STH508227,TF124167,Platinum,6,6554.834611782438,0.02,12.0,78658.0
STH506514,TF119356,Platinum,3,6554.408879654792,0.02,12.0,78653.0
STH507798,TF122924,Platinum,7,6553.980836084549,0.02,12.0,78648.0
STH508223,TF124159,Silver,5,6553.841568252339,0.02,12.0,78646.0
STH503738,TF110922,Silver,5,6553.841568252339,0.02,12.0,78646.0
STH504050,TF111882,Silver,6,6553.112621236248,0.02,12.0,78637.0
STH507966,TF123412,Gold,3,6552.82567469878,0.023,12.0,78634.0
STH503760,TF110979,Platinum,6,6552.222038606516,0.02,12.0,78627.0
STH500973,TF102858,Gold,4,6552.096727682688,0.02,12.0,78625.0
STH508239,TF124217,Platinum,3,6551.595098705682,0.02,12.0,78619.0
STH506647,TF119731,Platinum,7,6551.39248770383,0.02,12.0,78617.0
STH500230,TF100631,Bronze,3,6551.0151424064015,0.02,12.0,78612.0
STH507988,TF123464,Silver,9,6550.925780187971,0.02,12.0,78611.0
STH505673,TF116932,Platinum,8,6550.663540687738,0.02,12.0,78608.0
STH506623,TF119654,Platinum,4,6550.3537262845775,0.02,12.0,78604.0
STH505388,TF116030,Platinum,2,6550.191782696595,0.02,12.0,78602.0
STH503429,TF110024,Platinum,7,6548.949488094317,0.02,12.0,78587.0
STH500951,TF102772,Platinum,2,6548.904644892637,0.02,12.0,78587.0
STH505785,TF117210,Bronze,2,6548.837113998368,0.02,12.0,78586.0
STH507783,TF122879,Platinum,4,6548.85045794181,0.02,12.0,78586.0
STH500069,TF100219,Bronze,2,6548.781254996385,0.02,12.0,78585.0
STH505567,TF116589,Bronze,2,6548.35691975574,0.02,12.0,78580.0
STH500485,TF101398,Bronze,3,6548.192044228367,0.02,12.0,78578.0
STH508134,TF123907,Platinum,2,6548.0498008051345,0.02,12.0,78577.0
STH500191,TF100509,Bronze,3,6547.845398940857,0.02,12.0,78574.0
STH501758,TF105154,Bronze,8,6546.423266647613,0.02,12.0,78557.0
STH504571,TF113466,Silver,4,6546.262453139662,0.02,12.0,78555.0
STH503158,TF109183,Platinum,8,6545.676937582116,0.02,12.0,78548.0
STH507767,TF122833,Bronze,6,6545.441131691372,0.02,12.0,78545.0
STH503092,TF108993,Bronze,2,6545.38978366824,0.02,12.0,78545.0
STH504331,TF112702,Bronze,7,6545.1365199159245,0.02,12.0,78542.0
STH507165,TF121182,Bronze,7,6545.192378917909,0.02,12.0,78542.0
STH502174,TF106347,Bronze,3,6544.660836652148,0.02,12.0,78536.0
STH505534,TF116475,Silver,2,6544.561811771325,0.02,12.0,78535.0
STH502229,TF106492,Bronze,8,6544.407572899833,0.02,12.0,78533.0
STH507176,TF121227,Bronze,3,6543.928185836217,0.02,12.0,78527.0
STH505147,TF115265,Platinum,7,6543.8622811021,0.02,12.0,78526.0
STH505307,TF115775,Silver,9,6543.872349477783,0.02,12.0,78526.0
STH504409,TF112966,Bronze,9,6543.678625883741,0.02,12.0,78524.0
STH502944,TF108529,Bronze,5,6543.435784599938,0.02,12.0,78521.0
STH502040,TF105989,Platinum,8,6543.133334086007,0.02,12.0,78518.0
STH506061,TF118043,Bronze,5,6543.057592534325,0.02,12.0,78517.0
STH508276,TF124306,Platinum,2,6543.088983270186,0.02,12.0,78517.0
STH501774,TF105199,Silver,5,6543.093477135146,0.02,12.0,78517.0
STH500903,TF102637,Bronze,2,6543.023163150121,0.02,12.0,78516.0
STH507202,TF121302,Bronze,2,6543.023163150121,0.02,12.0,78516.0
STH506879,TF120370,Bronze,6,6542.874614261803,0.02,12.0,78514.0
STH500427,TF101193,Platinum,4,6542.726620502043,0.02,12.0,78513.0
STH501709,TF105007,Silver,6,6542.788865359698,0.02,12.0,78513.0
STH501226,TF103614,Platinum,6,6542.567174966861,0.02,12.0,78511.0
STH505050,TF114977,Bronze,3,6542.29421613403,0.02,12.0,78508.0
STH503904,TF111421,Silver,6,6542.364530119054,0.02,12.0,78508.0
STH505791,TF117237,Silver,7,6542.199654591681,0.02,12.0,78506.0
STH504111,TF112048,Gold,4,6541.912708054213,0.02,12.0,78503.0
STH504777,TF114117,Silver,4,6541.740491368803,0.02,12.0,78501.0
STH501344,TF103938,Bronze,4,6541.690097799734,0.02,12.0,78500.0
STH500297,TF100808,Bronze,8,6541.556456477693,0.02,12.0,78499.0
STH503086,TF108976,Bronze,4,6541.5652691179375,0.02,12.0,78499.0
STH503423,TF110007,Bronze,4,6541.621128119921,0.02,12.0,78499.0
STH501935,TF105676,Bronze,8,6541.416720229619,0.02,12.0,78497.0
STH505933,TF117668,Silver,4,6541.395642969743,0.02,12.0,78497.0
STH501679,TF104920,Silver,8,6541.330971327515,0.02,12.0,78496.0
STH504436,TF113036,Gold,5,6541.099883792031,0.02,12.0,78493.0
STH506791,TF120130,Silver,5,6541.011544352711,0.02,12.0,78492.0
STH508289,TF124345,Bronze,5,6540.89218110383,0.02,12.0,78491.0
STH502472,TF107225,Bronze,9,6540.827509461601,0.02,12.0,78490.0
STH504079,TF111952,Silver,9,6540.7417605594965,0.02,12.0,78489.0
STH503048,TF108871,Silver,9,6540.7417605594965,0.02,12.0,78489.0
STH504921,TF114575,Silver,9,6540.602024311423,0.02,12.0,78487.0
STH504558,TF113410,Platinum,6,6540.6096212533375,0.02,12.0,78487.0
STH503452,TF110092,Silver,2,6540.4162386586595,0.02,12.0,78485.0
STH502471,TF107222,Gold,6,6540.315077773955,0.02,12.0,78484.0
STH500274,TF100748,Silver,8,6540.112322155881,0.02,12.0,78481.0
STH502925,TF108480,Silver,8,6540.112322155881,0.02,12.0,78481.0
STH508396,TF124673,Bronze,6,6540.107375085754,0.02,12.0,78481.0
STH505222,TF115510,Silver,2,6540.0713902596,0.02,12.0,78481.0
STH502648,TF107692,Silver,2,6540.002420579787,0.02,12.0,78480.0
STH507970,TF123422,Bronze,3,6539.806471639905,0.02,12.0,78478.0
STH503227,TF109390,Bronze,9,6539.554503739666,0.02,12.0,78475.0
STH504484,TF113180,Silver,2,6539.583211835566,0.02,12.0,78475.0
STH502815,TF108188,Bronze,7,6539.503256751458,0.02,12.0,78474.0
STH501891,TF105567,Silver,5,6539.3936902317155,0.02,12.0,78473.0
STH502590,TF107535,Silver,3,6539.342443243508,0.02,12.0,78472.0
STH502510,TF107323,Platinum,5,6539.2844964234355,0.02,12.0,78471.0
STH500369,TF101032,Bronze,6,6539.082524275728,0.02,12.0,78469.0
STH506807,TF120179,Platinum,5,6539.077587383999,0.02,12.0,78469.0
STH504755,TF114025,Bronze,6,6539.082524275728,0.02,12.0,78469.0
STH501646,TF104817,Bronze,7,6539.015078327425,0.02,12.0,78468.0
STH502324,TF106787,Silver,2,6538.921710767778,0.02,12.0,78467.0
STH507284,TF121504,Platinum,9,6538.7370370225235,0.02,12.0,78465.0
STH505357,TF115929,Bronze,8,6538.705340055553,0.02,12.0,78464.0
STH501816,TF105315,Silver,6,6538.664743215623,0.02,12.0,78464.0
STH503120,TF109060,Bronze,2,6538.6068410119515,0.02,12.0,78463.0
STH507582,TF122348,Bronze,5,6538.348577607721,0.02,12.0,78460.0
STH502868,TF108335,Gold,5,6538.053172119833,0.02,12.0,78457.0
STH500350,TF100961,Bronze,2,6537.9918151598895,0.02,12.0,78456.0
STH505604,TF116707,Gold,9,6537.921327686244,0.02,12.0,78455.0
STH504304,TF112618,Silver,7,6537.935796199531,0.02,12.0,78455.0
STH508007,TF123556,Bronze,3,6537.877893995859,0.02,12.0,78455.0
STH504410,TF112968,Silver,9,6537.681938209472,0.02,12.0,78452.0
STH507915,TF123268,Gold,5,6537.652553461902,0.02,12.0,78452.0
STH503052,TF108879,Bronze,8,6537.624630243545,0.02,12.0,78451.0
STH507351,TF121707,Silver,2,6537.379872488196,0.02,12.0,78449.0
STH502297,TF106699,Bronze,6,6537.312117665598,0.02,12.0,78448.0
STH501582,TF104630,Bronze,3,6537.333547283379,0.02,12.0,78448.0
STH505408,TF116103,Silver,2,6537.358213197084,0.02,12.0,78448.0
STH507266,TF121460,Silver,9,6537.210552983278,0.02,12.0,78447.0
STH502437,TF107122,Bronze,8,6537.000486834563,0.02,12.0,78444.0
STH505594,TF116666,Gold,5,6536.919902645972,0.02,12.0,78443.0
STH501681,TF104922,Bronze,7,6536.790079688943,0.02,12.0,78441.0
STH507206,TF121308,Silver,5,6536.734869719502,0.02,12.0,78441.0
STH508200,TF124114,Silver,9,6536.477902167348,0.02,12.0,78438.0
STH504448,TF113075,Silver,4,6536.4228503443765,0.02,12.0,78437.0
STH501715,TF105018,Silver,2,6536.346473064887,0.02,12.0,78436.0
STH500335,TF100932,Silver,7,6536.301826497343,0.02,12.0,78436.0
STH505211,TF115479,Silver,8,6536.042556562107,0.02,12.0,78433.0
STH508216,TF124143,Bronze,8,6536.06113267285,0.02,12.0,78433.0
STH503151,TF109162,Silver,6,6536.00592270341,0.02,12.0,78432.0
STH507460,TF122001,Silver,3,6535.723675901188,0.02,12.0,78429.0
STH502921,TF108474,Gold,5,6535.755610024639,0.02,12.0,78429.0
STH502269,TF106600,Silver,4,6535.5816921214955,0.02,12.0,78427.0
STH505732,TF117087,Bronze,5,6535.5347966586105,0.02,12.0,78426.0
STH503369,TF109814,Bronze,5,6535.5347966586105,0.02,12.0,78426.0
STH505128,TF115224,Bronze,9,6535.4327895433535,0.02,12.0,78425.0
STH503468,TF110146,Silver,9,6535.313609546015,0.02,12.0,78424.0
STH502593,TF107544,Silver,5,6535.271976035403,0.02,12.0,78423.0
STH500999,TF102935,Silver,5,6535.271976035403,0.02,12.0,78423.0
STH507413,TF121884,Silver,5,6535.193031439921,0.02,12.0,78422.0
STH504829,TF114264,Silver,5,6534.9644631093715,0.02,12.0,78420.0
STH504951,TF114670,Silver,9,6534.968761146956,0.02,12.0,78420.0
STH508204,TF124119,Silver,4,6534.994728885095,0.02,12.0,78420.0
STH502492,TF107270,Bronze,9,6535.013558613354,0.02,12.0,78420.0
STH502936,TF108502,Bronze,2,6535.008460644372,0.02,12.0,78420.0
STH503301,TF109606,Bronze,4,6534.940741539126,0.02,12.0,78419.0
STH505279,TF115696,Bronze,4,6534.940741539126,0.02,12.0,78419.0
STH500209,TF100566,Silver,5,6534.852745105403,0.02,12.0,78418.0
STH502423,TF107061,Silver,5,6534.852745105403,0.02,12.0,78418.0
STH506150,TF118248,Bronze,3,6534.719264647689,0.02,12.0,78417.0
STH504910,TF114528,Silver,2,6534.645036134569,0.02,12.0,78416.0
STH500420,TF101175,Silver,2,6534.645036134569,0.02,12.0,78416.0
STH500041,TF100117,Silver,2,6534.654755000848,0.02,12.0,78416.0
STH501323,TF103885,Gold,6,6534.556985927692,0.02,12.0,78415.0
STH507054,TF120856,Gold,2,6534.565798567935,0.02,12.0,78415.0
STH502343,TF106849,Bronze,6,6534.461001243459,0.02,12.0,78414.0
STH506268,TF118619,Silver,6,6534.442425132716,0.02,12.0,78413.0
STH503678,TF110756,Silver,6,6534.442425132716,0.02,12.0,78413.0
STH500365,TF101012,Bronze,9,6534.426595376954,0.02,12.0,78413.0
STH500884,TF102581,Bronze,7,6534.347080079429,0.02,12.0,78412.0
STH501175,TF103449,Gold,5,6534.2610821337585,0.02,12.0,78411.0
STH504811,TF114211,Gold,5,6534.2610821337585,0.02,12.0,78411.0
STH501631,TF104776,Silver,2,6534.132610729555,0.02,12.0,78410.0
STH504849,TF114333,Silver,3,6534.1613762561265,0.02,12.0,78410.0
STH506352,TF118884,Bronze,4,6533.990317631597,0.02,12.0,78408.0
STH507500,TF122125,Silver,3,6533.9160891184765,0.02,12.0,78407.0
STH501860,TF105471,Silver,3,6533.9160891184765,0.02,12.0,78407.0
STH504264,TF112511,Silver,9,6533.819081655134,0.02,12.0,78406.0
STH508084,TF123785,Silver,7,6533.814082003219,0.02,12.0,78406.0
STH507640,TF122502,Silver,7,6533.713478116624,0.02,12.0,78405.0
STH507901,TF123241,Bronze,4,6533.550566612187,0.02,12.0,78403.0
STH503431,TF110028,Bronze,3,6533.573289861659,0.02,12.0,78403.0
STH504517,TF113298,Silver,6,6533.536834852911,0.02,12.0,78402.0
STH502667,TF107745,Silver,7,6533.39485107322,0.02,12.0,78401.0
STH507705,TF122689,Silver,4,6533.457319555387,0.02,12.0,78401.0
STH506588,TF119548,Silver,5,6533.343398391357,0.02,12.0,78400.0
STH503817,TF111159,Bronze,5,6533.261370615505,0.02,12.0,78399.0
STH507514,TF122170,Silver,4,6533.187142102384,0.02,12.0,78398.0
STH502583,TF107512,Gold,2,6533.0564518538895,0.02,12.0,78397.0
STH502754,TF107991,Gold,2,6533.0564518538895,0.02,12.0,78397.0
STH501748,TF105121,Silver,7,6532.80788783682,0.02,12.0,78394.0
STH502220,TF106471,Bronze,4,6532.844342845567,0.02,12.0,78394.0
STH505459,TF116256,Bronze,4,6532.844342845567,0.02,12.0,78394.0
STH507777,TF122862,Bronze,8,6532.835530205322,0.02,12.0,78394.0
STH500875,TF102555,Bronze,5,6532.821619596095,0.02,12.0,78394.0
STH504080,TF111954,Gold,8,6532.735742153271,0.02,12.0,78393.0
STH500690,TF101983,Bronze,3,6532.716016057586,0.02,12.0,78393.0
STH503993,TF111706,Silver,8,6532.777622061096,0.02,12.0,78393.0
STH500784,TF102277,Gold,5,6532.697584563064,0.02,12.0,78392.0
STH504623,TF113614,Silver,3,6532.5930869829,0.02,12.0,78391.0
STH508335,TF124491,Silver,2,6532.371610091463,0.02,12.0,78388.0
STH505522,TF116440,Silver,9,6532.277243375553,0.02,12.0,78387.0
STH503399,TF109920,Gold,8,6532.074241085483,0.02,12.0,78385.0
STH501176,TF103452,Gold,6,6532.069241433567,0.02,12.0,78385.0
STH508053,TF123687,Bronze,9,6532.10658318923,0.02,12.0,78385.0
STH507568,TF122325,Bronze,9,6532.10658318923,0.02,12.0,78385.0
STH501351,TF103946,Gold,6,6531.968637546973,0.02,12.0,78384.0
STH502155,TF106314,Silver,5,6531.94576968128,0.02,12.0,78383.0
STH507555,TF122284,Silver,7,6531.885504359173,0.02,12.0,78383.0
STH501827,TF105356,Silver,9,6531.936957041035,0.02,12.0,78383.0
STH507231,TF121373,Bronze,7,6531.803476583321,0.02,12.0,78382.0
STH502668,TF107747,Bronze,7,6531.803476583321,0.02,12.0,78382.0
STH506633,TF119685,Gold,3,6531.712478985735,0.02,12.0,78381.0
STH503463,TF110135,Silver,3,6531.64266307537,0.02,12.0,78380.0
STH504928,TF114603,Gold,2,6531.658823143812,0.02,12.0,78380.0
STH502345,TF106851,Silver,3,6531.64266307537,0.02,12.0,78380.0
STH502414,TF107031,Bronze,3,6531.566336565764,0.02,12.0,78379.0
STH505956,TF117728,Bronze,7,6531.570634603347,0.02,12.0,78379.0
STH501492,TF104359,Bronze,4,6531.446714135488,0.02,12.0,78377.0
STH505749,TF117131,Bronze,7,6531.363725563911,0.02,12.0,78376.0
STH501039,TF103048,Silver,9,6531.349993804635,0.02,12.0,78376.0
STH504339,TF112732,Gold,7,6531.239690530881,0.02,12.0,78375.0
STH500315,TF100874,Silver,2,6531.225635305432,0.02,12.0,78375.0
STH501085,TF103184,Bronze,5,6531.081205604747,0.02,12.0,78373.0
STH507177,TF121228,Gold,3,6530.9298761277205,0.02,12.0,78371.0
STH501029,TF103021,Gold,3,6530.9298761277205,0.02,12.0,78371.0
STH505338,TF115878,Bronze,8,6530.841687587255,0.02,12.0,78370.0
STH506016,TF117920,Bronze,6,6530.641984077651,0.02,12.0,78368.0
STH507125,TF121059,Bronze,9,6530.5658854257845,0.02,12.0,78367.0
STH505262,TF115648,Silver,8,6530.612210630601,0.02,12.0,78367.0
STH504064,TF111912,Silver,4,6530.473965039869,0.02,12.0,78366.0
STH504279,TF112556,Silver,8,6530.541531491019,0.02,12.0,78366.0
STH508381,TF124616,Silver,2,6530.368361501359,0.02,12.0,78364.0
STH504633,TF113637,Bronze,6,6530.358746713017,0.02,12.0,78364.0
STH506567,TF119497,Silver,5,6530.184769043187,0.02,12.0,78362.0
STH508184,TF124065,Gold,9,6529.8824003852915,0.02,12.0,78359.0
STH505105,TF115141,Silver,9,6529.883263614509,0.02,12.0,78359.0
STH502384,TF106936,Bronze,9,6529.905831531728,0.02,12.0,78359.0
STH503090,TF108986,Silver,5,6529.951927063213,0.02,12.0,78359.0
STH501840,TF105388,Gold,9,6529.781796498697,0.02,12.0,78357.0
STH507170,TF121202,Gold,5,6529.639559101489,0.02,12.0,78356.0
STH508059,TF123707,Bronze,3,6529.632057655472,0.02,12.0,78356.0
STH505155,TF115300,Bronze,3,6529.632057655472,0.02,12.0,78356.0
STH504316,TF112654,Silver,7,6529.677298918532,0.02,12.0,78356.0
STH505666,TF116916,Silver,3,6529.6394144852675,0.02,12.0,78356.0
STH502751,TF107986,Silver,7,6529.677298918532,0.02,12.0,78356.0
STH507657,TF122549,Gold,2,6529.664980525745,0.02,12.0,78356.0
STH503044,TF108851,Silver,9,6529.542407021925,0.02,12.0,78355.0
STH505142,TF115255,Silver,9,6529.542407021925,0.02,12.0,78355.0
STH503878,TF111341,Gold,9,6529.463169455292,0.02,12.0,78354.0
STH508401,TF124684,Gold,6,6529.52563793746,0.02,12.0,78354.0
STH502221,TF106474,Gold,2,6529.45807148631,0.02,12.0,78353.0
STH502968,TF108606,Silver,6,6529.349516874254,0.02,12.0,78352.0
STH504162,TF112194,Gold,3,6529.168875489627,0.02,12.0,78350.0
STH503713,TF110852,Silver,3,6529.099059579262,0.02,12.0,78349.0
STH504380,TF112887,Silver,9,6529.029981616912,0.02,12.0,78348.0
STH501541,TF104514,Silver,5,6528.871217251203,0.02,12.0,78346.0
STH505051,TF114980,Gold,7,6528.771800606015,0.02,12.0,78345.0
STH506517,TF119364,Silver,7,6528.726875011002,0.02,12.0,78345.0
STH505249,TF115602,Bronze,8,6528.53092607112,0.02,12.0,78342.0
STH500240,TF100651,Silver,2,6528.318659881307,0.02,12.0,78340.0
STH500036,TF100108,Silver,2,6528.318659881307,0.02,12.0,78340.0
STH504324,TF112678,Silver,2,6528.22880932647,0.02,12.0,78339.0
STH501932,TF105668,Bronze,9,6528.171905664742,0.02,12.0,78338.0
STH503128,TF109079,Silver,5,6528.183950169652,0.02,12.0,78338.0
STH507516,TF122179,Bronze,9,6528.171905664742,0.02,12.0,78338.0
STH503972,TF111632,Bronze,4,6528.124212487156,0.02,12.0,78337.0
STH500238,TF100648,Silver,5,6528.004604032429,0.02,12.0,78336.0
STH503649,TF110671,Gold,3,6528.022900703597,0.02,12.0,78336.0
STH501432,TF104185,Silver,5,6528.011092156791,0.02,12.0,78336.0
STH501925,TF105654,Gold,5,6527.93128433209,0.02,12.0,78335.0
STH501762,TF105167,Bronze,8,6527.921601485304,0.02,12.0,78335.0
STH502311,TF106740,Bronze,8,6527.921601485304,0.02,12.0,78335.0
STH506797,TF120149,Gold,6,6527.93245834888,0.02,12.0,78335.0
STH501977,TF105806,Bronze,5,6527.950616686459,0.02,12.0,78335.0
STH503802,TF111119,Bronze,8,6527.921601485304,0.02,12.0,78335.0
STH501831,TF105370,Silver,2,6527.803953444023,0.02,12.0,78334.0
STH504887,TF114469,Silver,8,6527.558176975501,0.02,12.0,78331.0
STH507572,TF122330,Gold,5,6527.604676304602,0.02,12.0,78331.0
STH506296,TF118687,Silver,7,6527.5809002249725,0.02,12.0,78331.0
STH506892,TF120412,Silver,9,6527.489283853466,0.02,12.0,78330.0
STH506363,TF118917,Gold,2,6527.3542190096105,0.02,12.0,78328.0
STH503853,TF111254,Gold,8,6527.28514104726,0.02,12.0,78327.0
STH502597,TF107561,Silver,9,6527.268980978819,0.02,12.0,78327.0
STH501139,TF103337,Bronze,3,6527.088454159364,0.02,12.0,78325.0
STH503600,TF110529,Gold,9,6527.0686194361815,0.02,12.0,78325.0
STH503074,TF108942,Gold,9,6527.0686194361815,0.02,12.0,78325.0
STH504455,TF113094,Gold,8,6526.474564316696,0.02,12.0,78318.0
STH503006,TF108728,Gold,8,6526.474564316696,0.02,12.0,78318.0
STH503588,TF110484,Silver,6,6526.30289394517,0.02,12.0,78316.0
STH505396,TF116054,Bronze,6,6526.321470055912,0.02,12.0,78316.0
STH507635,TF122478,Silver,3,6526.331909146325,0.02,12.0,78316.0
STH503207,TF109339,Silver,4,6526.34605941184,0.02,12.0,78316.0
STH507220,TF121342,Gold,4,6525.896324977426,0.02,12.0,78311.0
STH505130,TF115226,Gold,9,6525.745617300604,0.02,12.0,78309.0
STH506421,TF119062,Silver,7,6525.5739469290775,0.02,12.0,78307.0
STH500451,TF101289,Gold,2,6525.3301658582795,0.02,12.0,78304.0
STH502128,TF106233,Bronze,8,6525.208424422788,0.02,12.0,78303.0
STH506149,TF118247,Silver,6,6525.279751280481,0.02,12.0,78303.0
STH503200,TF109304,Silver,5,6525.09756205097,0.02,12.0,78301.0
STH502309,TF106738,Gold,6,6524.978785851247,0.02,12.0,78300.0
STH505854,TF117396,Silver,2,6524.740799603138,0.02,12.0,78297.0
STH507732,TF122746,Gold,3,6524.601218842187,0.02,12.0,78295.0
STH507809,TF122959,Gold,6,6524.4384309452425,0.02,12.0,78293.0
STH502683,TF107800,Silver,9,6524.116052896894,0.02,12.0,78289.0
STH504273,TF112532,Silver,9,6524.116052896894,0.02,12.0,78289.0
STH506319,TF118754,Silver,4,6523.953790425,0.02,12.0,78287.0
STH506108,TF118148,Silver,8,6523.944977784756,0.02,12.0,78287.0
STH502314,TF106747,Silver,2,6523.94484554355,0.02,12.0,78287.0
STH500419,TF101174,Gold,6,6523.829106359426,0.02,12.0,78286.0
STH500613,TF101732,Bronze,9,6523.383946142655,0.02,12.0,78281.0
STH500287,TF100784,Gold,8,6523.350463522772,0.02,12.0,78280.0
STH501852,TF105448,Silver,5,6523.224843408908,0.02,12.0,78279.0
STH503987,TF111677,Gold,8,6522.980536913058,0.02,12.0,78276.0
STH508177,TF124051,Silver,6,6522.930611666132,0.02,12.0,78275.0
STH508434,TF124784,Silver,6,6522.930611666132,0.02,12.0,78275.0
STH506158,TF118264,Silver,9,6522.7013243313795,0.02,12.0,78272.0
STH502122,TF106217,Gold,4,6522.573823329094,0.02,12.0,78271.0
STH507441,TF121952,Bronze,7,6522.447860413796,0.02,12.0,78269.0
STH500235,TF100640,Gold,8,6521.259910933634,0.02,12.0,78255.0
STH507943,TF123344,Gold,6,6521.1159292969105,0.02,12.0,78253.0
STH506676,TF119805,Bronze,9,6520.989966381612,0.02,12.0,78252.0
STH504411,TF112975,Silver,5,6520.829152873662,0.02,12.0,78250.0
STH508269,TF124286,Gold,5,6520.751055823164,0.02,12.0,78249.0
STH508385,TF124633,Silver,9,6520.307344570337,0.02,12.0,78244.0
STH502824,TF108225,Gold,9,6518.929088248635,0.02,12.0,78227.0
STH506388,TF118983,Gold,7,6517.826322877347,0.02,12.0,78214.0
STH503805,TF111122,Platinum,6,6469.807273174973,0.02,12.0,77638.0
STH507106,TF121015,Platinum,3,6468.178307654459,0.02,12.0,77618.0
STH505374,TF115986,Platinum,3,6465.211171566959,0.02,12.0,77583.0
STH503400,TF109927,Platinum,5,6463.753277534775,0.02,12.0,77565.0
STH504169,TF112216,Bronze,4,6463.595043740674,0.02,12.0,77563.0
STH508236,TF124209,Bronze,6,6462.13714970849,0.02,12.0,77546.0
STH501292,TF103806,Bronze,7,6461.408202692398,0.02,12.0,77537.0
STH503437,TF110048,Silver,3,6461.2473891844475,0.02,12.0,77535.0
STH506398,TF119014,Bronze,3,6460.783177536506,0.02,12.0,77529.0
STH502787,TF108085,Bronze,8,6460.679255676306,0.02,12.0,77528.0
STH501278,TF103776,Bronze,9,6459.9503086602135,0.02,12.0,77519.0
STH502428,TF107079,Gold,2,6459.502548614796,0.02,12.0,77514.0
STH505834,TF117354,Platinum,8,6459.027106639817,0.02,12.0,77508.0
STH504262,TF112508,Platinum,6,6458.5918927993225,0.02,12.0,77503.0
STH506669,TF119792,Platinum,2,6458.542150074701,0.02,12.0,77503.0
STH500755,TF102189,Platinum,3,6457.543025605606,0.02,12.0,77491.0
STH504813,TF114218,Platinum,9,6457.446018142264,0.02,12.0,77489.0
STH505864,TF117433,Bronze,2,6457.235449919389,0.02,12.0,77487.0
STH504352,TF112774,Platinum,5,6456.970334878487,0.02,12.0,77484.0
STH508465,TF124904,Platinum,7,6457.021787560349,0.02,12.0,77484.0
STH507612,TF122428,Platinum,3,6455.410762580426,0.02,12.0,77465.0
STH505214,TF115482,Platinum,9,6454.976930291765,0.02,12.0,77460.0
STH505044,TF114961,Silver,4,6454.415501923032,0.02,12.0,77453.0
STH502513,TF107327,Platinum,2,6454.10810705683,0.02,12.0,77449.0
STH501056,TF103093,Platinum,2,6453.995297988488,0.02,12.0,77448.0
STH505527,TF116452,Platinum,6,6453.082758514224,0.02,12.0,77437.0
STH504664,TF113715,Bronze,4,6452.846952623479,0.02,12.0,77434.0
STH506569,TF119499,Platinum,3,6452.725996066391,0.02,12.0,77433.0
STH506785,TF120111,Platinum,5,6452.665730744286,0.02,12.0,77432.0
STH500489,TF101412,Bronze,5,6452.542340848033,0.02,12.0,77431.0
STH504512,TF113282,Platinum,4,6452.3604875356505,0.02,12.0,77428.0
STH502629,TF107635,Platinum,4,6451.997049050299,0.02,12.0,77424.0
STH501170,TF103441,Platinum,5,6451.808456940213,0.02,12.0,77422.0
STH507850,TF123073,Gold,8,6451.725992657608,0.02,12.0,77421.0
STH506685,TF119825,Platinum,3,6451.2166493523455,0.02,12.0,77415.0
STH506591,TF119557,Silver,2,6451.228245083345,0.02,12.0,77415.0
STH506408,TF119034,Bronze,6,6450.594744660308,0.02,12.0,77407.0
STH501467,TF104276,Bronze,3,6450.608763552072,0.02,12.0,77407.0
STH501471,TF104285,Bronze,2,6450.6050597522335,0.02,12.0,77407.0
STH503135,TF109107,Silver,3,6450.499298067253,0.02,12.0,77406.0
STH506015,TF117914,Bronze,4,6450.420171441985,0.02,12.0,77405.0
STH500363,TF101005,Bronze,4,6450.420171441985,0.02,12.0,77405.0
STH504052,TF111889,Bronze,7,6449.8657976442155,0.02,12.0,77398.0
STH506407,TF119033,Silver,4,6449.770351051161,0.02,12.0,77397.0
STH503857,TF111265,Silver,3,6449.704984136265,0.02,12.0,77396.0
STH501005,TF102956,Bronze,9,6449.682411785649,0.02,12.0,77396.0
STH504013,TF111763,Bronze,5,6449.551488177819,0.02,12.0,77395.0
STH506851,TF120294,Platinum,4,6449.453445554191,0.02,12.0,77393.0
STH507688,TF122646,Bronze,8,6449.136850628123,0.02,12.0,77390.0
STH501882,TF105539,Silver,4,6448.976037120173,0.02,12.0,77388.0
STH501574,TF104611,Silver,6,6448.876528507696,0.02,12.0,77387.0
STH502047,TF106008,Silver,6,6448.792651261607,0.02,12.0,77386.0
STH503834,TF111208,Silver,6,6448.736792259622,0.02,12.0,77385.0
STH503913,TF111438,Bronze,3,6448.242143033954,0.02,12.0,77379.0
STH503860,TF111275,Bronze,7,6447.692975487704,0.02,12.0,77372.0
STH508054,TF123689,Bronze,4,6447.569055019845,0.02,12.0,77371.0
STH500917,TF102670,Silver,2,6447.528458179915,0.02,12.0,77370.0
STH506126,TF118181,Bronze,4,6447.513196017861,0.02,12.0,77370.0
STH505823,TF117314,Silver,8,6447.334757229422,0.02,12.0,77368.0
STH502585,TF107516,Bronze,8,6447.364647129543,0.02,12.0,77368.0
STH507891,TF123211,Bronze,4,6447.149846275624,0.02,12.0,77366.0
STH508299,TF124388,Bronze,4,6447.149846275624,0.02,12.0,77366.0
STH504020,TF111795,Bronze,4,6447.149846275624,0.02,12.0,77366.0
STH503310,TF109640,Platinum,9,6446.719846719335,0.02,12.0,77361.0
STH505745,TF117119,Silver,8,6446.663872375376,0.02,12.0,77360.0
STH506812,TF120197,Silver,9,6446.68968745942,0.02,12.0,77360.0
STH506283,TF118665,Platinum,2,6446.642930409067,0.02,12.0,77360.0
STH506145,TF118237,Bronze,2,6446.382741669327,0.02,12.0,77357.0
STH500087,TF100262,Bronze,2,6446.382741669327,0.02,12.0,77357.0
STH503298,TF109597,Silver,5,6446.07426794757,0.02,12.0,77353.0
STH502631,TF107640,Bronze,2,6446.064114625921,0.02,12.0,77353.0
STH508489,TF124969,Platinum,8,6446.034638056847,0.02,12.0,77352.0
STH501377,TF104035,Bronze,6,6445.69195224344,0.02,12.0,77348.0
STH503971,TF111627,Bronze,6,6445.69195224344,0.02,12.0,77348.0
STH503168,TF109227,Bronze,7,6445.451183651382,0.02,12.0,77345.0
STH500362,TF101004,Bronze,7,6445.326354969586,0.02,12.0,77344.0
STH500461,TF101319,Silver,3,6445.165541461635,0.02,12.0,77342.0
STH508480,TF124943,Silver,7,6445.156728821391,0.02,12.0,77342.0
STH505039,TF114953,Silver,3,6445.165541461635,0.02,12.0,77342.0
STH507930,TF123319,Bronze,7,6445.153645641021,0.02,12.0,77342.0
STH507333,TF121652,Gold,3,6445.05837439401,0.02,12.0,77341.0
STH505337,TF115877,Silver,7,6445.016992573317,0.02,12.0,77340.0
STH504606,TF113561,Bronze,8,6444.72223663529,0.02,12.0,77337.0
STH500329,TF100918,Silver,4,6444.2638851169795,0.02,12.0,77331.0
STH500205,TF100550,Bronze,5,6444.19590062105,0.02,12.0,77330.0
STH508031,TF123632,Silver,4,6444.073244703306,0.02,12.0,77329.0
STH500776,TF102259,Bronze,9,6443.993289619199,0.02,12.0,77328.0
STH502059,TF106033,Bronze,4,6444.019257357338,0.02,12.0,77328.0
STH500323,TF100901,Bronze,4,6444.019257357338,0.02,12.0,77328.0
STH505308,TF115779,Bronze,5,6443.877273577646,0.02,12.0,77327.0
STH503703,TF110828,Bronze,3,6443.825820895783,0.02,12.0,77326.0
STH503803,TF111120,Silver,5,6443.832476111247,0.02,12.0,77326.0
STH506077,TF118090,Bronze,2,6443.669564606811,0.02,12.0,77324.0
STH506186,TF118339,Silver,2,6443.306140097008,0.02,12.0,77320.0
STH505870,TF117453,Silver,5,6443.344297687214,0.02,12.0,77320.0
STH508127,TF123889,Bronze,2,6443.157139201798,0.02,12.0,77318.0
STH501764,TF105172,Bronze,6,6443.148326561554,0.02,12.0,77318.0
STH500246,TF100661,Gold,3,6442.816582557688,0.02,12.0,77314.0
STH502287,TF106660,Bronze,4,6442.552527167211,0.02,12.0,77311.0
STH501726,TF105046,Gold,2,6442.395850081958,0.02,12.0,77309.0
STH507028,TF120784,Silver,5,6442.437509481776,0.02,12.0,77309.0
STH503482,TF110179,Bronze,5,6442.3679268636,0.02,12.0,77308.0
STH505641,TF116839,Silver,7,6442.374582079064,0.02,12.0,77308.0
STH502947,TF108538,Bronze,8,6442.109663459369,0.02,12.0,77305.0
STH505070,TF115038,Silver,6,6441.953849603334,0.02,12.0,77303.0
STH503671,TF110741,Bronze,7,6441.832416309062,0.02,12.0,77302.0
STH501736,TF105080,Silver,4,6441.848246064824,0.02,12.0,77302.0
STH506866,TF120343,Bronze,7,6441.832416309062,0.02,12.0,77302.0
STH502177,TF106354,Bronze,7,6441.726266456669,0.02,12.0,77301.0
STH502605,TF107576,Bronze,7,6441.726266456669,0.02,12.0,77301.0
STH500085,TF100255,Gold,5,6441.358688525504,0.02,12.0,77296.0
STH503552,TF110396,Gold,2,6441.354883690741,0.02,12.0,77296.0
STH500424,TF101188,Silver,8,6441.157456638938,0.02,12.0,77294.0
STH505370,TF115981,Bronze,9,6440.961485513278,0.02,12.0,77292.0
STH502373,TF106914,Bronze,6,6441.0239539954455,0.02,12.0,77292.0
STH506861,TF120318,Bronze,2,6440.9563875442955,0.02,12.0,77291.0
STH500726,TF102111,Bronze,2,6440.9563875442955,0.02,12.0,77291.0
STH506017,TF117924,Bronze,2,6440.9563875442955,0.02,12.0,77291.0
STH502076,TF106076,Bronze,7,6440.910032831415,0.02,12.0,77291.0
STH506814,TF120202,Gold,5,6440.87051010147,0.02,12.0,77290.0
STH504693,TF113814,Bronze,7,6440.365686118935,0.02,12.0,77284.0
STH507464,TF122017,Bronze,3,6440.227440528203,0.02,12.0,77283.0
STH505781,TF117202,Bronze,6,6440.241351137431,0.02,12.0,77283.0
STH507740,TF122772,Silver,3,6440.134193471403,0.02,12.0,77282.0
STH503178,TF109254,Silver,7,6440.183936196025,0.02,12.0,77282.0
STH506450,TF119153,Silver,6,6440.071724989236,0.02,12.0,77281.0
STH501155,TF103396,Bronze,7,6440.024829526351,0.02,12.0,77280.0
STH504492,TF113208,Bronze,4,6439.9382445315205,0.02,12.0,77279.0
STH505702,TF117012,Silver,3,6439.8640160184,0.02,12.0,77278.0
STH507844,TF123054,Silver,9,6439.521721417408,0.02,12.0,77274.0
STH502486,TF107253,Silver,4,6439.475925594893,0.02,12.0,77274.0
STH505507,TF116401,Gold,7,6439.412616069287,0.02,12.0,77273.0
STH500908,TF102650,Bronze,2,6439.392889973601,0.02,12.0,77273.0
STH504364,TF112808,Bronze,2,6439.392889973601,0.02,12.0,77273.0
STH501222,TF103603,Silver,8,6439.454989179932,0.02,12.0,77273.0
STH502644,TF107680,Bronze,5,6439.350460533355,0.02,12.0,77272.0
STH505898,TF117542,Gold,4,6439.37445847908,0.02,12.0,77272.0
STH501712,TF105011,Silver,7,6439.342777973144,0.02,12.0,77272.0
STH504964,TF114721,Bronze,2,6439.222461677309,0.02,12.0,77271.0
STH506181,TF118325,Bronze,2,6439.215973552947,0.02,12.0,77271.0
STH506752,TF120022,Gold,3,6439.197815215368,0.02,12.0,77270.0
STH506076,TF118087,Bronze,8,6438.783457105246,0.02,12.0,77265.0
STH503537,TF110354,Bronze,8,6438.783457105246,0.02,12.0,77265.0
STH507207,TF121309,Silver,7,6438.755814736744,0.02,12.0,77265.0
STH500533,TF101507,Silver,8,6438.6138309570515,0.02,12.0,77263.0
STH507178,TF121229,Gold,2,6438.460032041333,0.02,12.0,77262.0
STH505728,TF117072,Gold,9,6438.442900461137,0.02,12.0,77261.0
STH501630,TF104775,Silver,9,6438.304114870959,0.02,12.0,77260.0
STH500430,TF101209,Gold,5,6438.326884419584,0.02,12.0,77260.0
STH503799,TF111109,Silver,2,6438.3195369913865,0.02,12.0,77260.0
STH504962,TF114711,Gold,9,6438.373930781324,0.02,12.0,77260.0
STH508290,TF124350,Gold,3,6438.275431737721,0.02,12.0,77259.0
STH501267,TF103743,Bronze,3,6438.123588051504,0.02,12.0,77257.0
STH507843,TF123053,Silver,5,6438.061273587156,0.02,12.0,77257.0
STH507151,TF121142,Silver,8,6438.026867720651,0.02,12.0,77256.0
STH507526,TF122203,Bronze,7,6438.009135778571,0.02,12.0,77256.0
STH505563,TF116574,Bronze,7,6437.892566501171,0.02,12.0,77255.0
STH506356,TF118896,Silver,2,6437.879785971977,0.02,12.0,77255.0
STH501625,TF104768,Silver,2,6437.879785971977,0.02,12.0,77255.0
STH500273,TF100745,Silver,7,6437.833431259097,0.02,12.0,77254.0
STH505724,TF117061,Gold,5,6437.7399211831835,0.02,12.0,77253.0
STH505561,TF116560,Gold,5,6437.63377133079,0.02,12.0,77252.0
STH500466,TF101337,Silver,6,6437.677174970125,0.02,12.0,77252.0
STH502212,TF106437,Gold,2,6437.606750043736,0.02,12.0,77251.0
STH508292,TF124360,Silver,3,6437.590589975294,0.02,12.0,77251.0
STH500212,TF100582,Bronze,4,6437.394641035412,0.02,12.0,77249.0
STH501368,TF104009,Bronze,4,6437.394641035412,0.02,12.0,77249.0
STH505890,TF117515,Silver,9,6437.297920704559,0.02,12.0,77248.0
STH503610,TF110544,Bronze,8,6437.280188762479,0.02,12.0,77247.0
STH504701,TF113832,Silver,7,6437.218405407035,0.02,12.0,77247.0
STH500738,TF102138,Bronze,5,6437.206048925325,0.02,12.0,77246.0
STH505382,TF116011,Bronze,2,6437.131909088172,0.02,12.0,77246.0
STH500054,TF100174,Silver,5,6437.083119850639,0.02,12.0,77245.0
STH506629,TF119670,Bronze,5,6437.0356206290335,0.02,12.0,77244.0
STH502218,TF106468,Silver,7,6436.9482279540325,0.02,12.0,77243.0
STH503059,TF108904,Bronze,9,6436.513812325708,0.02,12.0,77238.0
STH506520,TF119371,Silver,7,6436.43580254902,0.02,12.0,77237.0
STH501690,TF104949,Bronze,6,6436.300185488579,0.02,12.0,77236.0
STH505266,TF115656,Bronze,9,6436.293509451061,0.02,12.0,77236.0
STH507866,TF123120,Gold,4,6436.170707141265,0.02,12.0,77234.0
STH504907,TF114521,Bronze,8,6435.876481681123,0.02,12.0,77231.0
STH502927,TF108488,Gold,5,6435.932334400472,0.02,12.0,77231.0
STH505546,TF116505,Gold,5,6435.932334400472,0.02,12.0,77231.0
STH506858,TF120305,Bronze,6,6435.936747003228,0.02,12.0,77231.0
STH500040,TF100116,Bronze,9,6435.853758431652,0.02,12.0,77230.0
STH502181,TF106365,Gold,2,6435.845749405643,0.02,12.0,77230.0
STH504722,TF113924,Silver,4,6435.715668173172,0.02,12.0,77229.0
STH501106,TF103231,Silver,9,6435.760511374851,0.02,12.0,77229.0
STH501378,TF104039,Gold,2,6435.750846785293,0.02,12.0,77229.0
STH500380,TF101064,Gold,9,6435.729723398621,0.02,12.0,77229.0
STH507822,TF122993,Silver,5,6435.6929449237,0.02,12.0,77228.0
STH507790,TF122908,Silver,8,6435.706855532928,0.02,12.0,77228.0
STH501308,TF103847,Silver,8,6435.706855532928,0.02,12.0,77228.0
STH507859,TF123103,Gold,8,6435.553080134908,0.02,12.0,77227.0
STH504104,TF112027,Bronze,7,6435.577726596849,0.02,12.0,77227.0
STH507480,TF122082,Bronze,3,6435.579984555396,0.02,12.0,77227.0
STH501366,TF104006,Bronze,7,6435.5712384724875,0.02,12.0,77227.0
STH501218,TF103596,Gold,8,6435.553080134908,0.02,12.0,77227.0
STH504028,TF111814,Silver,9,6435.490333921849,0.02,12.0,77226.0
STH506208,TF118418,Silver,9,6435.490333921849,0.02,12.0,77226.0
STH501506,TF104400,Silver,3,6435.416913088899,0.02,12.0,77225.0
STH506687,TF119828,Silver,3,6435.410424964537,0.02,12.0,77225.0
STH502917,TF108467,Gold,4,6435.338279280988,0.02,12.0,77224.0
STH500582,TF101644,Bronze,3,6435.356437618568,0.02,12.0,77224.0
STH500879,TF102571,Gold,6,6435.203387384381,0.02,12.0,77222.0
STH505515,TF116421,Silver,2,6435.1666089094615,0.02,12.0,77222.0
STH504483,TF113178,Silver,3,6435.046986479186,0.02,12.0,77221.0
STH505035,TF114945,Silver,5,6434.98672115708,0.02,12.0,77220.0
STH505478,TF116309,Bronze,5,6435.033226768815,0.02,12.0,77220.0
STH502988,TF108669,Bronze,8,6435.021637593619,0.02,12.0,77220.0
STH501787,TF105228,Silver,7,6434.932534206253,0.02,12.0,77219.0
STH502457,TF107183,Bronze,4,6434.851037539303,0.02,12.0,77218.0
STH506468,TF119220,Bronze,6,6434.856037191219,0.02,12.0,77218.0
STH506855,TF120302,Gold,7,6434.815296960873,0.02,12.0,77218.0
STH502708,TF107869,Bronze,7,6434.59847540132,0.02,12.0,77215.0
STH502611,TF107592,Gold,5,6434.609332264896,0.02,12.0,77215.0
STH503293,TF109588,Silver,8,6434.203587190161,0.02,12.0,77210.0
STH505362,TF115944,Bronze,9,6434.119832564666,0.02,12.0,77209.0
STH507287,TF121509,Silver,8,6433.945854894834,0.02,12.0,77207.0
STH506788,TF120125,Gold,5,6433.658908357367,0.02,12.0,77204.0
STH506251,TF118565,Gold,2,6433.302145909534,0.02,12.0,77200.0
STH503655,TF110695,Gold,8,6433.2814146907585,0.02,12.0,77199.0
STH504728,TF113942,Silver,6,6433.230072040623,0.02,12.0,77199.0
STH505280,TF115697,Gold,7,6433.151438232712,0.02,12.0,77198.0
STH504972,TF114754,Silver,3,6433.022933327855,0.02,12.0,77196.0
STH506311,TF118742,Gold,6,6432.929961341275,0.02,12.0,77195.0
STH504880,TF114446,Gold,6,6432.929961341275,0.02,12.0,77195.0
STH508108,TF123844,Silver,8,6432.799880108804,0.02,12.0,77194.0
STH500988,TF102890,Silver,9,6432.777156859333,0.02,12.0,77193.0
STH501330,TF103902,Silver,7,6432.784362389164,0.02,12.0,77193.0
STH506125,TF118180,Silver,9,6432.777156859333,0.02,12.0,77193.0
STH503746,TF110951,Gold,3,6432.573198893442,0.02,12.0,77191.0
STH505095,TF115116,Silver,3,6432.503382983077,0.02,12.0,77190.0
STH508453,TF124850,Gold,4,6432.497415851696,0.02,12.0,77190.0
STH504172,TF112223,Gold,5,6432.512933571336,0.02,12.0,77190.0
STH506290,TF118678,Silver,3,6432.503382983077,0.02,12.0,77190.0
STH505642,TF116840,Gold,9,6432.504120931092,0.02,12.0,77190.0
STH503910,TF111433,Gold,4,6432.246667423731,0.02,12.0,77187.0
STH503182,TF109264,Gold,7,6432.201014325183,0.02,12.0,77186.0
STH500280,TF100768,Gold,4,6431.84425187735,0.02,12.0,77182.0
STH505583,TF116634,Gold,9,6431.693544200528,0.02,12.0,77180.0
STH502964,TF108597,Gold,5,6431.478743346609,0.02,12.0,77178.0
STH500530,TF101498,Silver,8,6431.402251398726,0.02,12.0,77177.0
STH503792,TF111095,Silver,8,6431.402251398726,0.02,12.0,77177.0
STH502183,TF106367,Gold,6,6430.926712751171,0.02,12.0,77171.0
STH506926,TF120485,Silver,8,6430.792926812909,0.02,12.0,77170.0
STH501769,TF105186,Bronze,7,6430.7897670747625,0.02,12.0,77169.0
STH505988,TF117829,Silver,2,6430.688726503062,0.02,12.0,77168.0
STH507590,TF122359,Gold,7,6430.19776573508,0.02,12.0,77162.0
STH505920,TF117629,Gold,7,6430.19776573508,0.02,12.0,77162.0
STH505517,TF116424,Silver,7,6430.107145263487,0.02,12.0,77161.0
STH504263,TF112510,Gold,3,6430.029595397334,0.02,12.0,77160.0
STH505627,TF116794,Silver,4,6429.900006550721,0.02,12.0,77159.0
STH507750,TF122790,Bronze,9,6429.331873042579,0.02,12.0,77152.0
STH503421,TF110003,Silver,6,6428.878538566056,0.02,12.0,77147.0
STH505190,TF115415,Gold,9,6428.569443406604,0.02,12.0,77143.0
STH507592,TF122363,Gold,9,6428.562955282241,0.02,12.0,77143.0
STH507742,TF122776,Gold,7,6427.633357677743,0.02,12.0,77132.0
STH505477,TF116308,Silver,5,6427.346504696718,0.02,12.0,77128.0
STH502996,TF108708,Gold,5,6427.133697996404,0.02,12.0,77126.0
STH501360,TF103979,Silver,7,6427.043991422602,0.02,12.0,77125.0
STH501812,TF105304,Gold,7,6427.113807332966,0.02,12.0,77125.0
STH506659,TF119763,Gold,5,6426.697271948885,0.02,12.0,77120.0
STH505564,TF116575,Bronze,9,6425.00105018159,0.02,12.0,77100.0
STH506273,TF118634,Platinum,3,6381.333512451316,0.02,12.0,76576.0
STH503409,TF109955,Platinum,3,6374.343660755591,0.02,12.0,76492.0
STH506864,TF120330,Platinum,7,6371.7745179787335,0.02,12.0,76461.0
STH504265,TF112512,Bronze,2,6371.000864672781,0.02,12.0,76452.0
STH503169,TF109230,Platinum,9,6370.232746700459,0.02,12.0,76443.0
STH503569,TF110442,Bronze,5,6368.814023624504,0.02,12.0,76426.0
STH502095,TF106134,Platinum,4,6368.188359614468,0.02,12.0,76418.0
STH506922,TF120481,Bronze,6,6368.085076608413,0.02,12.0,76417.0
STH507102,TF121005,Bronze,6,6368.085076608413,0.02,12.0,76417.0
STH507550,TF122271,Silver,3,6367.1953160843705,0.02,12.0,76406.0
STH502210,TF106433,Platinum,5,6366.9712341743425,0.02,12.0,76404.0
STH504929,TF114606,Silver,4,6366.466369068278,0.02,12.0,76398.0
STH503899,TF111410,Platinum,7,6366.001518566192,0.02,12.0,76392.0
STH502657,TF107724,Bronze,9,6365.8982355601365,0.022000000000000002,12.0,76391.0
STH507598,TF122376,Bronze,9,6365.8982355601365,0.02,12.0,76391.0
STH507892,TF123218,Platinum,9,6365.5529349496355,0.02,12.0,76387.0
STH507879,TF123169,Platinum,4,6365.496841843065,0.02,12.0,76386.0
STH507123,TF121056,Platinum,8,6364.97503353974,0.02,12.0,76380.0
STH501363,TF103987,Platinum,9,6364.543624534009,0.02,12.0,76375.0
STH507386,TF121812,Silver,3,6363.27247429247,0.02,12.0,76359.0
STH504948,TF114664,Silver,4,6363.117851757945,0.02,12.0,76357.0
STH501127,TF103288,Platinum,4,6362.762005489437,0.02,12.0,76353.0
STH507264,TF121453,Bronze,4,6362.610686092193,0.02,12.0,76351.0
STH505485,TF116336,Gold,6,6362.534687450351,0.02,12.0,76350.0
STH500859,TF102509,Platinum,5,6362.373915065929,0.02,12.0,76348.0
STH506286,TF118673,Platinum,6,6362.189314762318,0.02,12.0,76346.0
STH507602,TF122385,Platinum,5,6362.033058473345,0.02,12.0,76344.0
STH505168,TF115348,Platinum,3,6361.43782933707,0.02,12.0,76337.0
STH501610,TF104730,Gold,3,6361.318654637991,0.02,12.0,76336.0
STH506304,TF118718,Bronze,9,6361.276712527867,0.02,12.0,76335.0
STH508253,TF124247,Bronze,6,6361.036772394649,0.02,12.0,76332.0
STH506993,TF120675,Bronze,2,6360.732967798215,0.02,12.0,76329.0
STH506233,TF118501,Gold,9,6360.3478464020745,0.02,12.0,76324.0
STH505893,TF117523,Platinum,7,6360.062739036149,0.02,12.0,76321.0
STH501638,TF104792,Bronze,3,6359.523826539495,0.02,12.0,76314.0
STH507794,TF122917,Bronze,3,6359.333135928077,0.02,12.0,76312.0
STH506087,TF118107,Platinum,4,6358.485330856228,0.02,12.0,76302.0
STH500496,TF101424,Platinum,5,6357.756383840136,0.02,12.0,76293.0
STH503387,TF109861,Bronze,6,6357.336985491219,0.02,12.0,76288.0
STH503522,TF110317,Platinum,4,6357.335651364406,0.02,12.0,76288.0
STH505089,TF115092,Bronze,5,6357.271618576322,0.02,12.0,76287.0
STH508139,TF123938,Platinum,3,6357.07472569743,0.02,12.0,76285.0
STH506121,TF118172,Platinum,9,6357.101576661197,0.02,12.0,76285.0
STH508019,TF123589,Silver,2,6356.985481371851,0.02,12.0,76284.0
STH504208,TF112323,Gold,4,6356.939150772347,0.02,12.0,76283.0
STH504736,TF113970,Bronze,8,6356.30342669968,0.02,12.0,76276.0
STH502013,TF105907,Platinum,3,6356.130319470206,0.02,12.0,76274.0
STH504110,TF112045,Bronze,7,6355.8137245441385,0.02,12.0,76270.0
STH507020,TF120759,Silver,5,6355.413666175637,0.02,12.0,76265.0
STH505719,TF117047,Bronze,5,6355.331638399785,0.02,12.0,76264.0
STH502136,TF106259,Bronze,2,6354.9748759519525,0.02,12.0,76260.0
STH504456,TF113095,Silver,6,6354.824455407619,0.02,12.0,76258.0
STH502548,TF107409,Silver,2,6354.749390801773,0.02,12.0,76257.0
STH507601,TF122381,Bronze,7,6354.526105692693,0.02,12.0,76254.0
STH501889,TF105558,Silver,3,6354.020443785682,0.02,12.0,76248.0
STH500667,TF101882,Silver,3,6353.880707537608,0.02,12.0,76247.0
STH505444,TF116213,Silver,3,6353.880707537608,0.02,12.0,76247.0
STH502890,TF108383,Bronze,3,6353.82672019164,0.02,12.0,76246.0
STH506056,TF118029,Silver,7,6353.748863104018,0.02,12.0,76245.0
STH504100,TF112010,Bronze,7,6353.640902387627,0.02,12.0,76244.0
STH504518,TF113305,Gold,8,6353.604153963757,0.02,12.0,76243.0
STH505928,TF117647,Silver,8,6353.366561375436,0.02,12.0,76240.0
STH503070,TF108931,Silver,8,6353.282684129345,0.02,12.0,76239.0
STH506636,TF119696,Platinum,7,6353.214531405838,0.02,12.0,76239.0
STH501804,TF105278,Silver,8,6353.226825127362,0.02,12.0,76239.0
STH508215,TF124141,Silver,5,6352.907398152558,0.02,12.0,76235.0
STH506142,TF118221,Bronze,8,6352.911955371535,0.02,12.0,76235.0
STH503136,TF109110,Bronze,5,6352.857004583489,0.02,12.0,76234.0
STH502625,TF107624,Bronze,5,6352.732175901692,0.02,12.0,76233.0
STH501166,TF103431,Bronze,5,6352.732175901692,0.02,12.0,76233.0
STH504241,TF112447,Silver,9,6352.637614359343,0.02,12.0,76232.0
STH501606,TF104725,Gold,2,6352.27560321603,0.02,12.0,76227.0
STH505576,TF116614,Platinum,9,6352.276187718432,0.02,12.0,76227.0
STH502870,TF108339,Gold,2,6352.27560321603,0.02,12.0,76227.0
STH502014,TF105908,Bronze,8,6352.179304555604,0.02,12.0,76226.0
STH504461,TF113114,Silver,4,6352.018491047654,0.02,12.0,76224.0
STH508338,TF124498,Silver,6,6351.833602737406,0.02,12.0,76222.0
STH503448,TF110079,Silver,6,6351.833602737406,0.02,12.0,76222.0
STH503416,TF109986,Gold,2,6351.735248310025,0.02,12.0,76221.0
STH503280,TF109555,Bronze,3,6351.702325439752,0.02,12.0,76220.0
STH503648,TF110669,Bronze,3,6351.702325439752,0.02,12.0,76220.0
STH503692,TF110800,Bronze,3,6351.601721553157,0.02,12.0,76219.0
STH504146,TF112145,Silver,2,6351.479065635413,0.02,12.0,76218.0
STH500992,TF102894,Bronze,7,6351.399110551305,0.02,12.0,76217.0
STH503276,TF109531,Bronze,7,6351.399110551305,0.02,12.0,76217.0
STH508252,TF124246,Bronze,7,6351.330140871492,0.02,12.0,76216.0
STH503965,TF111601,Bronze,7,6351.330140871492,0.02,12.0,76216.0
STH505108,TF115152,Bronze,3,6351.283094509753,0.02,12.0,76215.0
STH502898,TF108402,Silver,2,6350.817564567625,0.02,12.0,76210.0
STH504900,TF114496,Silver,3,6350.750118619321,0.02,12.0,76209.0
STH506973,TF120623,Bronze,8,6350.670163535213,0.02,12.0,76208.0
STH500716,TF102087,Bronze,8,6350.372625524853,0.02,12.0,76204.0
STH505599,TF116690,Bronze,5,6350.244431407568,0.02,12.0,76203.0
STH507321,TF121625,Gold,9,6350.07994952751,0.02,12.0,76201.0
STH508168,TF124033,Bronze,5,6349.936918481537,0.02,12.0,76199.0
STH504903,TF114502,Gold,5,6349.94902591968,0.02,12.0,76199.0
STH502106,TF106168,Silver,8,6349.835353799217,0.02,12.0,76198.0
STH501542,TF104518,Bronze,4,6349.8610344048675,0.02,12.0,76198.0
STH501867,TF105497,Bronze,3,6349.773747795706,0.02,12.0,76197.0
STH501390,TF104068,Silver,2,6349.776598176408,0.02,12.0,76197.0
STH501262,TF103732,Bronze,2,6349.617491506734,0.02,12.0,76195.0
STH502238,TF106523,Gold,6,6349.290845471851,0.02,12.0,76191.0
STH506738,TF119969,Bronze,2,6349.105066101721,0.02,12.0,76189.0
STH500367,TF101022,Bronze,6,6349.096253461477,0.02,12.0,76189.0
STH505637,TF116825,Silver,2,6348.935439953526,0.02,12.0,76187.0
STH501069,TF103124,Bronze,3,6348.888544490642,0.02,12.0,76187.0
STH501913,TF105625,Gold,5,6348.815756445819,0.02,12.0,76186.0
STH504769,TF114092,Bronze,6,6348.509290225076,0.02,12.0,76182.0
STH506234,TF118502,Gold,7,6348.4911318874965,0.02,12.0,76182.0
STH501605,TF104712,Bronze,4,6348.429774927552,0.02,12.0,76181.0
STH506081,TF118098,Bronze,7,6348.367306445385,0.02,12.0,76180.0
STH504463,TF113120,Bronze,5,6348.315853763523,0.02,12.0,76180.0
STH506417,TF119051,Bronze,5,6348.315853763523,0.02,12.0,76180.0
STH506594,TF119566,Bronze,4,6348.15959747455,0.02,12.0,76178.0
STH500233,TF100636,Bronze,8,6347.97864576381,0.02,12.0,76176.0
STH503745,TF110949,Gold,4,6347.966592761706,0.02,12.0,76176.0
STH500597,TF101682,Gold,8,6347.901921119478,0.02,12.0,76175.0
STH503532,TF110344,Silver,4,6347.896776851341,0.02,12.0,76175.0
STH507071,TF120907,Silver,4,6347.796172964747,0.02,12.0,76174.0
STH504250,TF112479,Silver,4,6347.81783225586,0.02,12.0,76174.0
STH504389,TF112906,Bronze,7,6347.780343208985,0.02,12.0,76173.0
STH507594,TF122365,Bronze,9,6347.750570636083,0.02,12.0,76173.0
STH501920,TF105640,Bronze,7,6347.780343208985,0.02,12.0,76173.0
STH504637,TF113643,Bronze,7,6347.674193356592,0.02,12.0,76172.0
STH501666,TF104884,Bronze,4,6347.647172069537,0.02,12.0,76172.0
STH500985,TF102882,Bronze,5,6347.700827911461,0.02,12.0,76172.0
STH505497,TF116376,Bronze,7,6347.674193356592,0.02,12.0,76172.0
STH504093,TF111987,Silver,4,6347.477545921342,0.02,12.0,76170.0
STH500556,TF101566,Silver,4,6347.477545921342,0.02,12.0,76170.0
STH502400,TF106985,Silver,8,6347.468733281098,0.02,12.0,76170.0
STH504421,TF113000,Silver,8,6347.468733281098,0.02,12.0,76170.0
STH506049,TF118000,Bronze,5,6347.430650458457,0.02,12.0,76169.0
STH501365,TF103999,Silver,5,6347.067225948655,0.02,12.0,76165.0
STH505799,TF117258,Gold,9,6347.033237855312,0.02,12.0,76164.0
STH502821,TF108205,Bronze,6,6346.9718808953685,0.02,12.0,76164.0
STH502865,TF108327,Silver,4,6346.890582684942,0.02,12.0,76163.0
STH505165,TF115336,Silver,2,6346.811067387418,0.02,12.0,76162.0
STH500395,TF101102,Silver,5,6346.74859890525,0.02,12.0,76161.0
STH502363,TF106893,Silver,5,6346.74859890525,0.02,12.0,76161.0
STH505762,TF117155,Silver,5,6346.74859890525,0.02,12.0,76161.0
STH500870,TF102541,Bronze,3,6346.756281465462,0.02,12.0,76161.0
STH507597,TF122372,Bronze,6,6346.701703442366,0.02,12.0,76160.0
STH501381,TF104046,Silver,2,6346.540889934416,0.02,12.0,76158.0
STH506103,TF118139,Gold,2,6346.2188031064115,0.02,12.0,76155.0
STH502963,TF108596,Silver,7,6346.131863095948,0.02,12.0,76154.0
STH507452,TF121981,Silver,6,6346.131369893126,0.02,12.0,76154.0
STH501601,TF104689,Silver,3,6346.082120371326,0.02,12.0,76153.0
STH502354,TF106874,Bronze,7,6345.972756426274,0.02,12.0,76152.0
STH505977,TF117796,Bronze,4,6345.8861714314435,0.02,12.0,76151.0
STH506545,TF119431,Bronze,4,6345.8861714314435,0.02,12.0,76151.0
STH501132,TF103300,Gold,7,6345.848721393243,0.02,12.0,76150.0
STH507039,TF120823,Gold,7,6345.848721393243,0.02,12.0,76150.0
STH503727,TF110883,Bronze,3,6345.469143661506,0.02,12.0,76146.0
STH506303,TF118714,Bronze,3,6345.469143661506,0.02,12.0,76146.0
STH504730,TF113949,Bronze,8,6345.513986863184,0.02,12.0,76146.0
STH504242,TF112448,Bronze,7,6345.4603310212615,0.02,12.0,76146.0
STH506274,TF118635,Bronze,4,6345.446420412034,0.02,12.0,76145.0
STH508104,TF123829,Bronze,4,6345.446420412034,0.02,12.0,76145.0
STH505253,TF115621,Gold,4,6345.322385379003,0.02,12.0,76144.0
STH504800,TF114180,Gold,4,6345.322385379003,0.02,12.0,76144.0
STH506907,TF120439,Bronze,8,6345.243809410182,0.02,12.0,76143.0
STH506753,TF120024,Silver,5,6345.239252191204,0.02,12.0,76143.0
STH505937,TF117678,Bronze,8,6345.243809410182,0.02,12.0,76143.0
STH503685,TF110770,Gold,3,6345.145742115291,0.02,12.0,76142.0
STH501685,TF104931,Bronze,5,6345.157224415352,0.02,12.0,76142.0
STH500117,TF100322,Bronze,2,6345.170388577232,0.02,12.0,76142.0
STH501053,TF103077,Silver,4,6345.082995902231,0.02,12.0,76141.0
STH500278,TF100758,Gold,8,6345.119774377151,0.02,12.0,76141.0
STH504429,TF113021,Gold,8,6345.050804697338,0.02,12.0,76141.0
STH504254,TF112486,Bronze,9,6344.855718986674,0.02,12.0,76138.0
STH507720,TF122720,Bronze,5,6344.717473395942,0.02,12.0,76137.0
STH500082,TF100249,Bronze,6,6344.648580273907,0.02,12.0,76136.0
STH508086,TF123792,Silver,4,6344.570570497219,0.02,12.0,76135.0
STH500198,TF100523,Silver,8,6344.5617578569745,0.02,12.0,76135.0
STH505521,TF116437,Gold,5,6344.593438362911,0.02,12.0,76135.0
STH503105,TF109031,Gold,9,6344.321857681247,0.02,12.0,76132.0
STH502446,TF107147,Gold,2,6344.337279801674,0.02,12.0,76132.0
STH504549,TF113375,Silver,9,6344.252041770882,0.02,12.0,76131.0
STH507722,TF122725,Silver,9,6344.252041770882,0.02,12.0,76131.0
STH502672,TF107761,Silver,9,6344.151437884288,0.02,12.0,76130.0
STH508106,TF123836,Silver,2,6344.17256127096,0.02,12.0,76130.0
STH505504,TF116392,Bronze,3,6344.071514951427,0.02,12.0,76129.0
STH500571,TF101614,Bronze,5,6344.011249629321,0.02,12.0,76128.0
STH500066,TF100215,Silver,6,6343.9659584626315,0.02,12.0,76128.0
STH506811,TF120192,Bronze,7,6343.919633257815,0.02,12.0,76127.0
STH507886,TF123196,Silver,6,6343.89527932305,0.02,12.0,76127.0
STH507120,TF121051,Gold,6,6343.86449134682,0.02,12.0,76126.0
STH507139,TF121101,Silver,6,6343.870389007697,0.02,12.0,76126.0
STH508093,TF123811,Silver,9,6343.832810840882,0.02,12.0,76126.0
STH501846,TF105411,Silver,5,6343.841623481127,0.02,12.0,76126.0
STH506289,TF118676,Gold,3,6343.608332785582,0.02,12.0,76123.0
STH502852,TF108291,Silver,3,6343.098765855808,0.02,12.0,76117.0
STH506174,TF118307,Silver,3,6343.098765855808,0.02,12.0,76117.0
STH505927,TF117644,Silver,4,6343.067302154452,0.02,12.0,76117.0
STH506924,TF120483,Silver,3,6343.098765855808,0.02,12.0,76117.0
STH505935,TF117675,Bronze,5,6342.613620919244,0.02,12.0,76111.0
STH504784,TF114129,Bronze,8,6342.530632347666,0.02,12.0,76110.0
STH503015,TF108755,Bronze,6,6342.427458525726,0.02,12.0,76109.0
STH508272,TF124295,Silver,8,6342.412494975513,0.02,12.0,76109.0
STH504375,TF112871,Silver,6,6342.30209973447,0.02,12.0,76108.0
STH501739,TF105085,Silver,9,6342.323464126836,0.02,12.0,76108.0
STH501617,TF104748,Silver,5,6342.3383551383595,0.02,12.0,76108.0
STH507081,TF120938,Silver,8,6342.176926704143,0.02,12.0,76106.0
STH502603,TF107571,Gold,8,6342.087970271231,0.02,12.0,76105.0
STH504131,TF112098,Gold,2,6342.013979180213,0.02,12.0,76104.0
STH507558,TF122290,Bronze,6,6341.884673903151,0.02,12.0,76103.0
STH505526,TF116451,Silver,2,6341.723860395201,0.02,12.0,76101.0
STH501714,TF105015,Silver,8,6341.654782432851,0.02,12.0,76100.0
STH500226,TF100624,Gold,2,6341.687371152725,0.02,12.0,76100.0
STH503480,TF110176,Bronze,7,6341.698511509634,0.02,12.0,76100.0
STH500356,TF100982,Gold,2,6341.3539252861565,0.02,12.0,76096.0
STH504771,TF114104,Gold,6,6341.151314284304,0.02,12.0,76094.0
STH504180,TF112240,Bronze,7,6341.155726887059,0.02,12.0,76094.0
STH505461,TF116262,Silver,3,6340.994913379109,0.02,12.0,76092.0
STH504081,TF111957,Bronze,8,6340.967134776973,0.02,12.0,76092.0
STH502776,TF108057,Silver,5,6340.934648057003,0.02,12.0,76091.0
STH502058,TF106026,Silver,8,6340.844205702287,0.02,12.0,76090.0
STH507848,TF123066,Gold,2,6340.647701519535,0.02,12.0,76088.0
STH505814,TF117294,Gold,8,6340.578623557185,0.02,12.0,76087.0
STH500501,TF101435,Silver,7,6340.622728810849,0.02,12.0,76087.0
STH500604,TF101704,Bronze,5,6340.589567767913,0.02,12.0,76087.0
STH502892,TF108386,Silver,3,6340.385588793292,0.02,12.0,76085.0
STH503560,TF110419,Silver,4,6340.265966363017,0.02,12.0,76083.0
STH504659,TF113697,Gold,4,6340.240879653032,0.02,12.0,76083.0
STH503757,TF110973,Bronze,6,6340.164047923727,0.02,12.0,76082.0
STH508142,TF123949,Gold,4,6340.102940293408,0.02,12.0,76081.0
STH505180,TF115390,Bronze,7,6340.07501707505,0.02,12.0,76081.0
STH505980,TF117804,Bronze,9,6340.067759464589,0.02,12.0,76081.0
STH507580,TF122346,Gold,8,6339.93870738977,0.02,12.0,76079.0
STH507438,TF121945,Gold,8,6339.93870738977,0.02,12.0,76079.0
STH500358,TF100991,Silver,5,6339.900457832276,0.02,12.0,76079.0
STH500158,TF100432,Gold,6,6339.828312148727,0.02,12.0,76078.0
STH505838,TF117365,Gold,5,6339.60683525729,0.02,12.0,76075.0
STH505328,TF115826,Silver,3,6339.485566665063,0.02,12.0,76074.0
STH502686,TF107811,Silver,7,6339.4767540248195,0.02,12.0,76074.0
STH504658,TF113694,Silver,8,6339.454030775348,0.02,12.0,76073.0
STH502680,TF107783,Silver,8,6339.454030775348,0.02,12.0,76073.0
STH503476,TF110171,Silver,6,6339.350856953408,0.02,12.0,76072.0
STH503633,TF110616,Bronze,6,6339.341070407043,0.02,12.0,76072.0
STH506275,TF118644,Gold,2,6339.250072809457,0.02,12.0,76071.0
STH505326,TF115823,Gold,8,6339.180994847107,0.02,12.0,76070.0
STH508494,TF124979,Gold,8,6339.180994847107,0.02,12.0,76070.0
STH506509,TF119342,Gold,6,6339.098191115845,0.02,12.0,76069.0
STH501815,TF105313,Silver,5,6338.927694761108,0.02,12.0,76067.0
STH505907,TF117574,Bronze,7,6338.612123390951,0.02,12.0,76063.0
STH507435,TF121940,Silver,7,6338.6194802207465,0.02,12.0,76063.0
STH504945,TF114655,Bronze,5,6338.197298781073,0.02,12.0,76058.0
STH502277,TF106631,Gold,7,6338.148941225106,0.02,12.0,76058.0
STH500196,TF100519,Bronze,9,6338.09863558599,0.02,12.0,76057.0
STH500921,TF102682,Silver,7,6338.079125314741,0.02,12.0,76057.0
STH506980,TF120636,Bronze,9,6337.977206875451,0.02,12.0,76056.0
STH502774,TF108054,Bronze,6,6337.903067038297,0.02,12.0,76055.0
STH505612,TF116730,Silver,8,6337.890533204654,0.02,12.0,76055.0
STH505085,TF115083,Silver,5,6337.8163933675005,0.02,12.0,76054.0
STH503523,TF110323,Silver,6,6337.727362518824,0.02,12.0,76053.0
STH506982,TF120640,Gold,2,6337.617605558952,0.02,12.0,76051.0
STH503456,TF110100,Silver,7,6337.469800728924,0.02,12.0,76050.0
STH502465,TF107201,Silver,5,6337.512966195594,0.02,12.0,76050.0
STH507015,TF120732,Silver,9,6337.164015905131,0.02,12.0,76046.0
STH506154,TF118253,Bronze,7,6337.174120022206,0.02,12.0,76046.0
STH508457,TF124874,Gold,7,6337.002966439076,0.02,12.0,76044.0
STH501642,TF104810,Gold,3,6337.011779079319,0.02,12.0,76044.0
STH507306,TF121573,Silver,8,6336.740853712832,0.02,12.0,76041.0
STH501540,TF104513,Silver,6,6336.784019179502,0.02,12.0,76041.0
STH503229,TF109392,Gold,8,6336.274019422984,0.02,12.0,76035.0
STH505036,TF114946,Gold,4,6336.071552797849,0.02,12.0,76033.0
STH501613,TF104737,Bronze,5,6335.801608245827,0.02,12.0,76030.0
STH500957,TF102813,Bronze,5,6335.801608245827,0.02,12.0,76030.0
STH503765,TF110997,Gold,4,6335.768125625943,0.02,12.0,76029.0
STH505031,TF114940,Gold,9,6335.545072406891,0.02,12.0,76027.0
STH502763,TF108022,Gold,3,6335.198624145033,0.02,12.0,76022.0
STH506555,TF119461,Silver,4,6335.1787593708,0.02,12.0,76022.0
STH500794,TF102296,Silver,6,6335.1407222834405,0.02,12.0,76022.0
STH506967,TF120599,Silver,9,6335.1118845685105,0.02,12.0,76021.0
STH506748,TF120015,Silver,3,6335.097174027886,0.02,12.0,76021.0
STH503948,TF111562,Silver,9,6334.597178131226,0.02,12.0,76015.0
STH506414,TF119047,Gold,5,6334.519628265073,0.02,12.0,76014.0
STH506003,TF117869,Silver,8,6334.027676650317,0.02,12.0,76008.0
STH501230,TF103622,Gold,7,6334.006140460113,0.02,12.0,76008.0
STH504038,TF111843,Silver,9,6332.880052122212,0.02,12.0,75995.0
STH506321,TF118765,Silver,5,6332.725006673509,0.02,12.0,75993.0
STH506963,TF120586,Gold,6,6332.666934697697,0.02,12.0,75992.0
STH501097,TF103218,Gold,3,6332.278538043081,0.02,12.0,75987.0
STH503338,TF109719,Silver,7,6332.043446603893,0.02,12.0,75985.0
STH506314,TF118746,Silver,7,6331.836537564457,0.02,12.0,75982.0
STH500532,TF101505,Silver,8,6329.719367810324,0.02,12.0,75957.0
STH504528,TF113322,Gold,9,6329.72941078444,0.02,12.0,75957.0
STH504539,TF113353,Gold,6,6328.703474256765,0.02,12.0,75944.0
STH506437,TF119111,Silver,9,6327.415238848097,0.02,12.0,75929.0
STH503874,TF111330,Gold,6,6327.128292310629,0.02,12.0,75926.0
STH503041,TF108842,Platinum,6,6288.635411523224,0.02,12.0,75464.0
STH503248,TF109447,Platinum,6,6288.635411523224,0.02,12.0,75464.0
STH507340,TF121678,Platinum,7,6277.158373389938,0.02,12.0,75326.0
STH505812,TF117291,Bronze,3,6276.219844556613,0.02,12.0,75315.0
STH502650,TF107705,Platinum,7,6274.59185596037,0.02,12.0,75295.0
STH503917,TF111451,Silver,3,6273.143242984294,0.02,12.0,75278.0
STH504548,TF113373,Bronze,3,6272.433744198703,0.02,12.0,75269.0
STH503963,TF111598,Platinum,3,6272.173715759081,0.02,12.0,75266.0
STH502355,TF106877,Platinum,3,6271.833429424564,0.02,12.0,75262.0
STH506916,TF120458,Bronze,3,6271.115533765659,0.02,12.0,75253.0
STH502173,TF106346,Silver,6,6270.956401936019,0.02,12.0,75251.0
STH506589,TF119553,Silver,9,6268.769560887742,0.02,12.0,75225.0
STH505736,TF117095,Silver,9,6268.769560887742,0.02,12.0,75225.0
STH504293,TF112586,Platinum,8,6268.188694344104,0.02,12.0,75218.0
STH504935,TF114621,Gold,8,6267.024720318091,0.02,12.0,75204.0
STH501678,TF104919,Platinum,7,6266.523091341085,0.02,12.0,75198.0
STH506579,TF119534,Bronze,6,6265.724941379567,0.02,12.0,75189.0
STH507802,TF122935,Silver,4,6265.482011419798,0.02,12.0,75186.0
STH500048,TF100157,Platinum,4,6264.295318396527,0.02,12.0,75172.0
STH505803,TF117270,Silver,6,6263.483762481609,0.02,12.0,75162.0
STH500316,TF100879,Bronze,5,6263.219545476246,0.02,12.0,75159.0
STH503981,TF111667,Platinum,5,6263.163955834055,0.02,12.0,75158.0
STH501640,TF104799,Bronze,3,6262.9760025781125,0.02,12.0,75156.0
STH506247,TF118555,Silver,3,6262.875346109729,0.02,12.0,75155.0
STH506683,TF119821,Silver,3,6262.875346109729,0.02,12.0,75155.0
STH504754,TF114022,Silver,3,6262.819487107745,0.02,12.0,75154.0
STH507899,TF123239,Bronze,9,6261.662142831586,0.02,12.0,75140.0
STH502215,TF106459,Bronze,5,6261.58707822574,0.02,12.0,75139.0
STH508137,TF123932,Silver,5,6261.361593075561,0.02,12.0,75136.0
STH504688,TF113793,Bronze,5,6261.046723319735,0.02,12.0,75133.0
STH503543,TF110369,Bronze,6,6260.718394961574,0.02,12.0,75129.0
STH500516,TF101469,Platinum,6,6260.410955666632,0.02,12.0,75125.0
STH506889,TF120406,Bronze,3,6260.137996833801,0.02,12.0,75122.0
STH507107,TF121016,Bronze,3,6260.137996833801,0.02,12.0,75122.0
STH507972,TF123426,Bronze,7,6259.989447945482,0.02,12.0,75120.0
STH501081,TF103168,Bronze,7,6259.989447945482,0.02,12.0,75120.0
STH507768,TF122834,Bronze,2,6259.842093039867,0.02,12.0,75118.0
STH501560,TF104562,Silver,6,6259.413996887836,0.02,12.0,75113.0
STH502336,TF106821,Bronze,8,6259.400237177464,0.02,12.0,75113.0
STH506825,TF120229,Silver,4,6259.239423669514,0.02,12.0,75111.0
STH505219,TF115496,Gold,4,6259.192417265264,0.02,12.0,75110.0
STH505904,TF117566,Gold,9,6258.823133847589,0.02,12.0,75106.0
STH504388,TF112903,Silver,5,6258.855325052482,0.02,12.0,75106.0
STH501724,TF105042,Bronze,7,6258.85617847162,0.02,12.0,75106.0
STH500889,TF102595,Silver,7,6258.7608573906355,0.02,12.0,75105.0
STH502749,TF107981,Bronze,5,6258.680102801616,0.02,12.0,75104.0
STH505895,TF117533,Bronze,9,6258.602320481561,0.02,12.0,75103.0
STH503029,TF108798,Bronze,2,6258.379199355768,0.02,12.0,75101.0
STH506987,TF120652,Bronze,2,6258.379199355768,0.02,12.0,75101.0
STH504860,TF114398,Bronze,5,6258.316753059379,0.02,12.0,75100.0
STH501104,TF103227,Gold,2,6258.2235301159535,0.02,12.0,75099.0
STH506475,TF119239,Silver,8,6257.956102855652,0.02,12.0,75095.0
STH505960,TF117748,Silver,2,6257.7903422775735,0.02,12.0,75093.0
STH501105,TF103230,Gold,5,6257.294670272796,0.02,12.0,75088.0
STH503530,TF110339,Bronze,3,6257.231021409677,0.02,12.0,75087.0
STH507352,TF121712,Silver,3,6257.061395261482,0.02,12.0,75085.0
STH506339,TF118853,Silver,7,6256.912846373164,0.02,12.0,75083.0
STH501144,TF103360,Gold,2,6256.950524394018,0.02,12.0,75083.0
STH504857,TF114373,Bronze,6,6256.926304975499,0.02,12.0,75083.0
STH507305,TF121572,Gold,8,6256.700964441542,0.02,12.0,75080.0
STH500187,TF100499,Bronze,3,6256.537908320884,0.02,12.0,75078.0
STH503711,TF110848,Bronze,8,6256.49326175334,0.02,12.0,75078.0
STH506220,TF118465,Bronze,8,6256.49326175334,0.02,12.0,75078.0
STH506985,TF120645,Bronze,2,6256.450621711722,0.02,12.0,75077.0
STH503596,TF110520,Gold,4,6256.225281177765,0.02,12.0,75075.0
STH500122,TF100330,Bronze,9,6256.233991818104,0.02,12.0,75075.0
STH503489,TF110211,Gold,4,6256.225281177765,0.02,12.0,75075.0
STH501140,TF103338,Silver,8,6256.183899357072,0.02,12.0,75074.0
STH504527,TF113318,Bronze,8,6256.129912011103,0.02,12.0,75074.0
STH508226,TF124165,Bronze,5,6256.11341371201,0.02,12.0,75073.0
STH507243,TF121399,Silver,3,6256.036544451456,0.02,12.0,75072.0
STH504650,TF113665,Gold,5,6256.036689067678,0.02,12.0,75072.0
STH504171,TF112220,Bronze,9,6255.8891434190455,0.02,12.0,75071.0
STH507906,TF123250,Silver,7,6255.779576899302,0.02,12.0,75069.0
STH505650,TF116864,Bronze,2,6255.565418406658,0.02,12.0,75067.0
STH504025,TF111810,Bronze,8,6255.468410943316,0.02,12.0,75066.0
STH500996,TF102913,Silver,2,6255.3025977834495,0.02,12.0,75064.0
STH506402,TF119023,Silver,2,6255.3025977834495,0.02,12.0,75064.0
STH506586,TF119544,Bronze,5,6255.186164141092,0.02,12.0,75062.0
STH504851,TF114354,Bronze,3,6255.17732798315,0.02,12.0,75062.0
STH501495,TF104369,Bronze,5,6255.186164141092,0.02,12.0,75062.0
STH508036,TF123658,Gold,6,6255.168005803512,0.02,12.0,75062.0
STH503274,TF109520,Bronze,3,6255.081758528216,0.02,12.0,75061.0
STH503533,TF110345,Bronze,6,6255.044180361401,0.02,12.0,75061.0
STH507276,TF121494,Bronze,2,6255.052993001645,0.02,12.0,75061.0
STH507575,TF122336,Silver,2,6254.88336685345,0.02,12.0,75059.0
STH500517,TF101470,Bronze,3,6254.836471390566,0.02,12.0,75058.0
STH507797,TF122922,Gold,5,6254.763683345743,0.02,12.0,75057.0
STH501718,TF105028,Gold,9,6254.753368253816,0.02,12.0,75057.0
STH505373,TF115985,Gold,3,6254.643466677722,0.02,12.0,75056.0
STH501251,TF103693,Bronze,7,6254.633860388713,0.02,12.0,75056.0
STH500044,TF100138,Bronze,7,6254.633860388713,0.02,12.0,75056.0
STH508237,TF124210,Gold,3,6254.587607675739,0.02,12.0,75055.0
STH506466,TF119211,Silver,3,6254.473046880763,0.02,12.0,75054.0
STH501148,TF103375,Silver,3,6254.473046880763,0.02,12.0,75054.0
STH501857,TF105463,Bronze,4,6254.448380967058,0.02,12.0,75053.0
STH504918,TF114564,Bronze,6,6254.457217125,0.02,12.0,75053.0
STH500896,TF102624,Bronze,6,6254.351067272608,0.02,12.0,75052.0
STH504844,TF114304,Bronze,8,6253.904913372621,0.02,12.0,75047.0
STH506146,TF118239,Bronze,7,6253.728270108909,0.02,12.0,75045.0
STH501181,TF103462,Silver,4,6253.744099864671,0.02,12.0,75045.0
STH505660,TF116900,Bronze,2,6253.512295238199,0.02,12.0,75042.0
STH507537,TF122235,Gold,5,6253.185572645539,0.02,12.0,75038.0
STH507653,TF122530,Silver,8,6253.053310438785,0.02,12.0,75037.0
STH507922,TF123304,Silver,8,6253.053310438785,0.02,12.0,75037.0
STH507056,TF120863,Silver,5,6253.115756735174,0.02,12.0,75037.0
STH507621,TF122448,Silver,7,6253.1207563870885,0.02,12.0,75037.0
STH501696,TF104965,Bronze,6,6252.919807795292,0.02,12.0,75035.0
STH507674,TF122604,Gold,4,6252.8338098496215,0.02,12.0,75034.0
STH507186,TF121245,Silver,6,6252.808737011964,0.02,12.0,75034.0
STH504551,TF113391,Gold,4,6252.8338098496215,0.02,12.0,75034.0
STH503045,TF108858,Gold,4,6252.8338098496215,0.02,12.0,75034.0
STH502019,TF105921,Bronze,9,6252.857339313125,0.02,12.0,75034.0
STH500206,TF100554,Gold,4,6252.8338098496215,0.02,12.0,75034.0
STH506595,TF119570,Bronze,2,6252.852241344142,0.02,12.0,75034.0
STH500346,TF100953,Gold,5,6252.766363901317,0.02,12.0,75033.0
STH501759,TF105158,Gold,2,6252.7282063111115,0.02,12.0,75033.0
STH501453,TF104244,Silver,9,6252.68771316493,0.02,12.0,75032.0
STH500864,TF102527,Gold,3,6252.521790474496,0.02,12.0,75030.0
STH507341,TF121680,Silver,7,6252.496612978107,0.02,12.0,75030.0
STH504911,TF114532,Silver,6,6252.286205832487,0.02,12.0,75027.0
STH503706,TF110837,Silver,6,6252.286205832487,0.02,12.0,75027.0
STH508001,TF123511,Bronze,7,6252.1908607792,0.02,12.0,75026.0
STH502055,TF106021,Bronze,6,6252.137204937278,0.02,12.0,75026.0
STH502596,TF107560,Bronze,6,6252.159056066989,0.02,12.0,75026.0
STH501904,TF105598,Gold,3,6251.999259295019,0.02,12.0,75024.0
STH504431,TF113026,Silver,3,6252.03004727125,0.02,12.0,75024.0
STH501667,TF104890,Bronze,7,6251.920683326198,0.02,12.0,75023.0
STH501744,TF105102,Silver,7,6251.657862702989,0.02,12.0,75020.0
STH500319,TF100889,Bronze,8,6251.53259290269,0.02,12.0,75018.0
STH507041,TF120826,Bronze,4,6251.394347311958,0.02,12.0,75017.0
STH508362,TF124558,Gold,6,6251.375915817437,0.02,12.0,75017.0
STH507181,TF121234,Silver,6,6251.380615552682,0.02,12.0,75017.0
STH500953,TF102795,Silver,8,6251.350842979779,0.02,12.0,75016.0
STH504841,TF114290,Silver,8,6251.350842979779,0.02,12.0,75016.0
STH502653,TF107718,Silver,5,6251.187179091128,0.02,12.0,75014.0
STH504922,TF114576,Silver,7,6250.995782511619,0.02,12.0,75012.0
STH500691,TF101985,Bronze,9,6250.803645886598,0.02,12.0,75010.0
STH506703,TF119871,Bronze,9,6250.803645886598,0.02,12.0,75010.0
STH501468,TF104277,Gold,8,6250.770163266715,0.02,12.0,75009.0
STH504354,TF112782,Bronze,3,6250.672605825697,0.02,12.0,75008.0
STH506390,TF118988,Bronze,8,6250.679310905093,0.02,12.0,75008.0
STH504689,TF113797,Silver,5,6250.547262923713,0.02,12.0,75007.0
STH508187,TF124071,Silver,2,6250.473123086559,0.02,12.0,75006.0
STH506001,TF117859,Bronze,3,6250.389368461064,0.02,12.0,75005.0
STH500391,TF101090,Gold,2,6250.260316386245,0.02,12.0,75003.0
STH505948,TF117704,Silver,2,6250.215390791233,0.02,12.0,75003.0
STH506365,TF118920,Silver,9,6250.199968670806,0.02,12.0,75002.0
STH503251,TF109455,Bronze,8,6249.868734174529,0.02,12.0,74998.0
STH501978,TF105808,Silver,5,6249.7895503810505,0.02,12.0,74997.0
STH502541,TF107388,Silver,9,6249.780737740806,0.02,12.0,74997.0
STH508044,TF123670,Bronze,4,6249.69291038164,0.02,12.0,74996.0
STH503544,TF110371,Silver,4,6249.7079206665785,0.02,12.0,74996.0
STH500891,TF102602,Silver,6,6249.573028769972,0.02,12.0,74995.0
STH504751,TF114009,Silver,6,6249.573028769972,0.02,12.0,74995.0
STH505725,TF117066,Gold,2,6249.502603843583,0.02,12.0,74994.0
STH502464,TF107200,Silver,3,6249.486443775141,0.02,12.0,74994.0
STH506089,TF118111,Gold,6,6249.493791203339,0.02,12.0,74994.0
STH508243,TF124225,Bronze,4,6249.290494835259,0.02,12.0,74991.0
STH503118,TF109057,Bronze,8,6249.1386131416475,0.02,12.0,74990.0
STH503297,TF109596,Bronze,7,6249.207506263682,0.02,12.0,74990.0
STH500713,TF102072,Bronze,9,6249.139787158437,0.02,12.0,74990.0
STH505068,TF115033,Silver,3,6249.046692755732,0.02,12.0,74989.0
STH500116,TF100320,Silver,7,6249.114259206882,0.02,12.0,74989.0
STH508222,TF124155,Bronze,2,6249.0277628880185,0.02,12.0,74988.0
STH500829,TF102399,Silver,8,6249.0003380428525,0.02,12.0,74988.0
STH501002,TF102949,Gold,4,6248.897991808996,0.02,12.0,74987.0
STH500958,TF102814,Gold,3,6248.773656827491,0.02,12.0,74985.0
STH506415,TF119048,Silver,8,6248.38531219079,0.02,12.0,74981.0
STH506160,TF118267,Silver,8,6248.455991330372,0.02,12.0,74981.0
STH504915,TF114552,Bronze,9,6248.409666125555,0.02,12.0,74981.0
STH502223,TF106478,Gold,8,6248.455128101154,0.02,12.0,74981.0
STH500897,TF102625,Silver,8,6248.360421875437,0.02,12.0,74980.0
STH502967,TF108605,Silver,7,6248.331656348867,0.02,12.0,74980.0
STH502807,TF108161,Silver,5,6248.248852617605,0.02,12.0,74979.0
STH504475,TF113151,Gold,5,6248.169044792904,0.02,12.0,74978.0
STH507223,TF121361,Bronze,9,6248.189363250908,0.02,12.0,74978.0
STH506970,TF120611,Gold,9,6248.1481083779445,0.02,12.0,74978.0
STH500029,TF100074,Gold,5,6248.098365653323,0.02,12.0,74977.0
STH501786,TF105227,Gold,2,6247.9993355008155,0.02,12.0,74976.0
STH502098,TF106146,Gold,2,6247.9993355008155,0.02,12.0,74976.0
STH504648,TF113662,Gold,8,6248.035897171155,0.02,12.0,74976.0
STH503255,TF109466,Silver,5,6248.028549742958,0.02,12.0,74976.0
STH500392,TF101092,Bronze,4,6247.781148121213,0.02,12.0,74973.0
STH505448,TF116229,Silver,9,6247.656365174698,0.02,12.0,74972.0
STH505379,TF116003,Silver,2,6247.671787295125,0.02,12.0,74972.0
STH504620,TF113602,Silver,9,6247.631474859345,0.02,12.0,74972.0
STH500914,TF102662,Silver,4,6247.611521973019,0.02,12.0,74971.0
STH503622,TF110592,Silver,7,6247.521079618303,0.02,12.0,74970.0
STH504686,TF113786,Silver,6,6247.2996027268655,0.02,12.0,74968.0
STH503417,TF109987,Silver,2,6247.062462709308,0.02,12.0,74965.0
STH508361,TF124556,Bronze,8,6246.915061676897,0.02,12.0,74963.0
STH500417,TF101165,Gold,3,6246.779814209423,0.02,12.0,74961.0
STH502756,TF108001,Bronze,2,6246.3303559550695,0.02,12.0,74956.0
STH503842,TF111228,Bronze,5,6245.79439738623,0.02,12.0,74950.0
STH502578,TF107489,Bronze,6,6245.808547651744,0.02,12.0,74950.0
STH508425,TF124768,Gold,2,6245.567926319094,0.02,12.0,74947.0
STH501587,TF104640,Gold,8,6245.128921747031,0.02,12.0,74942.0
STH506942,TF120531,Silver,6,6245.119437716107,0.02,12.0,74941.0
STH505810,TF117288,Gold,7,6245.047292032559,0.02,12.0,74941.0
STH501280,TF103783,Bronze,9,6245.036435168983,0.02,12.0,74940.0
STH505934,TF117672,Bronze,3,6244.932234859135,0.02,12.0,74939.0
STH505677,TF116951,Silver,6,6244.755999230757,0.02,12.0,74937.0
STH502535,TF107375,Silver,6,6244.755999230757,0.02,12.0,74937.0
STH502444,TF107140,Silver,9,6244.67301065918,0.02,12.0,74936.0
STH507208,TF121311,Silver,8,6244.695733908651,0.02,12.0,74936.0
STH503809,TF111131,Bronze,8,6244.654080791467,0.02,12.0,74936.0
STH501526,TF104449,Silver,4,6244.493267283517,0.02,12.0,74934.0
STH501158,TF103409,Gold,6,6244.3860641217125,0.02,12.0,74933.0
STH504734,TF113964,Silver,5,6244.40423643484,0.02,12.0,74933.0
STH505875,TF117473,Silver,7,6244.396978824378,0.02,12.0,74933.0
STH505481,TF116323,Silver,3,6244.399236782924,0.02,12.0,74933.0
STH500589,TF101668,Silver,3,6244.399236782924,0.02,12.0,74933.0
STH501965,TF105765,Silver,7,6244.396978824378,0.02,12.0,74933.0
STH500885,TF102585,Silver,7,6244.390490700016,0.02,12.0,74933.0
STH506366,TF118922,Silver,2,6244.349285646793,0.02,12.0,74932.0
STH500991,TF102893,Gold,7,6244.317170999677,0.02,12.0,74932.0
STH506713,TF119905,Gold,4,6244.2804605832025,0.02,12.0,74931.0
STH502123,TF106218,Silver,6,6244.1466746449405,0.02,12.0,74930.0
STH501450,TF104239,Silver,9,6243.966786892559,0.02,12.0,74928.0
STH502928,TF108489,Gold,7,6243.65711710562,0.02,12.0,74924.0
STH507826,TF123004,Gold,6,6243.679840355092,0.02,12.0,74924.0
STH508483,TF124948,Gold,9,6243.589398000375,0.02,12.0,74923.0
STH501848,TF105426,Bronze,5,6243.474340826951,0.02,12.0,74922.0
STH508061,TF123711,Gold,8,6243.3679211089375,0.02,12.0,74920.0
STH501065,TF103113,Bronze,4,6243.254816124411,0.02,12.0,74919.0
STH502869,TF108337,Gold,9,6242.859276967493,0.02,12.0,74914.0
STH502633,TF107646,Bronze,7,6242.685620874609,0.02,12.0,74912.0
STH508241,TF124222,Bronze,4,6242.478482161843,0.02,12.0,74910.0
STH505703,TF117013,Bronze,3,6242.388631363026,0.02,12.0,74909.0
STH500445,TF101270,Silver,7,6242.306426235241,0.02,12.0,74908.0
STH504188,TF112257,Gold,6,6242.282211645013,0.02,12.0,74907.0
STH504639,TF113645,Gold,9,6242.199223073437,0.02,12.0,74906.0
STH502576,TF107481,Gold,7,6242.096049251496,0.02,12.0,74905.0
STH504193,TF112286,Bronze,6,6241.020588129659,0.02,12.0,74892.0
STH505512,TF116418,Gold,6,6240.772864930967,0.02,12.0,74889.0
STH501703,TF104990,Silver,7,6240.704550566333,0.02,12.0,74888.0
STH500473,TF101350,Gold,9,6240.095370596738,0.02,12.0,74881.0
STH501725,TF105045,Silver,7,6239.609019302291,0.02,12.0,74875.0
STH505185,TF115403,Gold,4,6239.322072764824,0.02,12.0,74872.0
STH505001,TF114841,Gold,7,6239.009661132813,0.02,12.0,74868.0
STH507807,TF122956,Gold,8,6238.800264461499,0.02,12.0,74866.0
STH507566,TF122312,Silver,5,6238.672933573433,0.02,12.0,74864.0
STH505544,TF116502,Gold,8,6238.0571671798925,0.02,12.0,74857.0
STH507932,TF123321,Silver,9,6237.481951190265,0.02,12.0,74850.0
STH501716,TF105020,Silver,7,6237.215039541248,0.02,12.0,74847.0
STH504681,TF113762,Bronze,9,6237.1421911190855,0.02,12.0,74846.0
STH504353,TF112776,Gold,9,6233.852782846453,0.02,12.0,74806.0
STH500886,TF102588,Gold,9,6232.464560108413,0.02,12.0,74790.0
STH500933,TF102723,Gold,7,6232.347272194461,0.02,12.0,74788.0
STH507339,TF121675,Gold,9,6230.889378162277,0.02,12.0,74771.0
STH500264,TF100725,Platinum,2,6187.23122961295,0.02,12.0,74247.0
STH504684,TF113772,Platinum,3,6186.586159842949,0.02,12.0,74239.0
STH504590,TF113518,Platinum,3,6186.502282596859,0.02,12.0,74238.0
STH505099,TF115128,Platinum,7,6183.670371778581,0.02,12.0,74204.0
STH506195,TF118371,Platinum,2,6181.053929022466,0.02,12.0,74173.0
STH505770,TF117179,Bronze,5,6180.709877424352,0.02,12.0,74169.0
STH503359,TF109785,Platinum,2,6180.392427954678,0.02,12.0,74165.0
STH506453,TF119157,Platinum,4,6179.9593847325195,0.02,12.0,74160.0
STH506416,TF119049,Silver,9,6179.975310971475,0.02,12.0,74160.0
STH504157,TF112181,Platinum,4,6179.5960349902825,0.02,12.0,74155.0
STH500144,TF100396,Silver,3,6179.091169884218,0.02,12.0,74149.0
STH501767,TF105179,Silver,3,6179.091169884218,0.02,12.0,74149.0
STH501933,TF105672,Platinum,6,6178.55734970232,0.02,12.0,74143.0
STH503025,TF108786,Silver,5,6177.633275852034,0.02,12.0,74132.0
STH501204,TF103551,Silver,6,6176.904328835943,0.02,12.0,74123.0
STH502246,TF106536,Silver,6,6176.904328835943,0.02,12.0,74123.0
STH504071,TF111933,Platinum,2,6176.3859307744715,0.02,12.0,74117.0
STH501926,TF105657,Platinum,9,6175.951299909822,0.02,12.0,74111.0
STH507194,TF121284,Bronze,2,6175.84328776244,0.02,12.0,74110.0
STH506624,TF119655,Platinum,3,6174.8743809003645,0.02,12.0,74098.0
STH500608,TF101711,Platinum,5,6174.269768865777,0.02,12.0,74091.0
STH506742,TF119984,Platinum,6,6173.470142710104,0.02,12.0,74082.0
STH506255,TF118572,Platinum,4,6173.334857153708,0.02,12.0,74080.0
STH507134,TF121086,Bronze,6,6172.932626194497,0.02,12.0,74075.0
STH508191,TF124079,Platinum,6,6172.687539852089,0.02,12.0,74072.0
STH500577,TF101632,Platinum,3,6172.673629242861,0.02,12.0,74072.0
STH507087,TF120958,Platinum,5,6171.875789104734,0.02,12.0,74063.0
STH502610,TF107588,Platinum,5,6171.215735210677,0.02,12.0,74055.0
STH504021,TF111798,Bronze,4,6171.1709275658795,0.02,12.0,74054.0
STH500442,TF101253,Bronze,4,6171.115068563896,0.02,12.0,74053.0
STH506157,TF118259,Platinum,3,6170.9332152515135,0.02,12.0,74051.0
STH503446,TF110074,Bronze,5,6170.441980549787,0.02,12.0,74045.0
STH500210,TF100573,Bronze,9,6170.321449905575,0.02,12.0,74044.0
STH503820,TF111163,Platinum,5,6169.765046708325,0.02,12.0,74037.0
STH503023,TF108782,Silver,2,6169.636097271835,0.02,12.0,74036.0
STH504029,TF111815,Gold,8,6169.049805426114,0.02,12.0,74029.0
STH506648,TF119734,Silver,7,6169.121951109662,0.02,12.0,74029.0
STH508462,TF124898,Bronze,3,6168.992899157848,0.02,12.0,74028.0
STH504497,TF113246,Platinum,9,6168.9600010403665,0.02,12.0,74028.0
STH507753,TF122796,Platinum,8,6169.028894162401,0.02,12.0,74028.0
STH507012,TF120728,Platinum,6,6168.752862327599,0.02,12.0,74025.0
STH506878,TF120367,Bronze,4,6167.9564392157245,0.02,12.0,74015.0
STH501676,TF104917,Bronze,9,6167.470333483436,0.02,12.0,74010.0
STH501591,TF104654,Silver,8,6167.138372674989,0.02,12.0,74006.0
STH504098,TF112005,Bronze,5,6166.994650219659,0.02,12.0,74004.0
STH507839,TF123041,Bronze,2,6166.939699431613,0.02,12.0,74003.0
STH502916,TF108461,Bronze,6,6166.666321861498,0.02,12.0,74000.0
STH506399,TF119015,Bronze,3,6166.55560081458,0.02,12.0,73999.0
STH506627,TF119660,Platinum,4,6166.518328101738,0.02,12.0,73998.0
STH506436,TF119108,Bronze,2,6166.451521007579,0.02,12.0,73997.0
STH503245,TF109444,Silver,3,6165.776561337456,0.02,12.0,73989.0
STH502819,TF108201,Silver,4,6165.118380889626,0.02,12.0,73981.0
STH503273,TF109519,Silver,2,6165.024179883607,0.02,12.0,73980.0
STH503005,TF108726,Silver,5,6164.458403553345,0.02,12.0,73974.0
STH507296,TF121532,Platinum,6,6164.401328853032,0.02,12.0,73973.0
STH502978,TF108639,Bronze,2,6164.226522369097,0.02,12.0,73971.0
STH501309,TF103849,Bronze,2,6164.226522369097,0.02,12.0,73971.0
STH500218,TF100596,Gold,2,6164.102487336067,0.02,12.0,73969.0
STH502723,TF107901,Bronze,6,6164.023911367245,0.02,12.0,73968.0
STH503328,TF109693,Bronze,3,6164.020106532482,0.02,12.0,73968.0
STH501136,TF103317,Bronze,2,6163.907895325692,0.02,12.0,73967.0
STH500263,TF100724,Bronze,2,6163.907895325692,0.02,12.0,73967.0
STH507628,TF122466,Silver,6,6163.729456537254,0.02,12.0,73965.0
STH504280,TF112557,Silver,6,6163.660486857442,0.02,12.0,73964.0
STH503659,TF110712,Bronze,9,6163.346211339361,0.02,12.0,73960.0
STH502805,TF108156,Silver,5,6163.18539783141,0.02,12.0,73958.0
STH502537,TF107379,Bronze,3,6163.178948309601,0.02,12.0,73958.0
STH500639,TF101800,Bronze,6,6162.874231875423,0.02,12.0,73954.0
STH508344,TF124510,Bronze,4,6162.869232223507,0.02,12.0,73954.0
STH500224,TF100619,Bronze,3,6162.591985073201,0.02,12.0,73951.0
STH501819,TF105323,Bronze,3,6162.591985073201,0.02,12.0,73951.0
STH503885,TF111367,Bronze,4,6162.450001293509,0.02,12.0,73949.0
STH507562,TF122303,Silver,4,6162.40520382711,0.02,12.0,73949.0
STH508378,TF124606,Silver,4,6162.280375145314,0.02,12.0,73947.0
STH505047,TF114969,Gold,3,6162.16950427785,0.02,12.0,73946.0
STH501754,TF105144,Silver,4,6161.917025403077,0.02,12.0,73943.0
STH502958,TF108570,Gold,5,6161.844879719528,0.02,12.0,73942.0
STH506653,TF119743,Bronze,5,6161.721054277416,0.02,12.0,73941.0
STH502494,TF107278,Silver,8,6161.731207599065,0.02,12.0,73941.0
STH500298,TF100816,Gold,7,6161.784703140535,0.02,12.0,73941.0
STH504070,TF111930,Bronze,2,6161.783522759584,0.02,12.0,73941.0
STH503469,TF110147,Silver,2,6161.672451976256,0.02,12.0,73940.0
STH504781,TF114124,Bronze,8,6161.4163378432395,0.02,12.0,73937.0
STH505768,TF117174,Bronze,9,6161.348891894935,0.02,12.0,73936.0
STH501862,TF105478,Silver,2,6161.171580087891,0.02,12.0,73934.0
STH507583,TF122349,Silver,5,6161.188078386985,0.02,12.0,73934.0
STH504114,TF112053,Silver,9,6161.002260582973,0.02,12.0,73932.0
STH506758,TF120038,Bronze,2,6161.0009199015685,0.02,12.0,73932.0
STH507940,TF123341,Silver,8,6160.998556783134,0.02,12.0,73932.0
STH502160,TF106321,Bronze,3,6160.78439829049,0.02,12.0,73929.0
STH502803,TF108150,Bronze,3,6160.78439829049,0.02,12.0,73929.0
STH503051,TF108877,Bronze,7,6160.581787288637,0.02,12.0,73927.0
STH508420,TF124755,Silver,3,6160.420973780687,0.02,12.0,73925.0
STH501590,TF104650,Silver,7,6160.2183627788345,0.02,12.0,73923.0
STH506104,TF118142,Bronze,2,6160.190343171004,0.02,12.0,73922.0
STH506746,TF120008,Gold,3,6160.1721848334255,0.02,12.0,73922.0
STH503700,TF110821,Silver,7,6160.093534097038,0.02,12.0,73921.0
STH505695,TF116993,Bronze,4,6160.0554512743975,0.02,12.0,73921.0
STH501391,TF104070,Gold,6,6159.982663229574,0.02,12.0,73920.0
STH504787,TF114138,Silver,4,6159.792630651189,0.02,12.0,73918.0
STH502331,TF106808,Bronze,8,6159.852840272545,0.02,12.0,73918.0
STH506259,TF118589,Gold,4,6159.80658755957,0.02,12.0,73918.0
STH502488,TF107258,Bronze,9,6159.64642443593,0.02,12.0,73916.0
STH508131,TF123898,Silver,4,6159.692026764595,0.02,12.0,73916.0
STH507989,TF123466,Bronze,2,6159.460222138123,0.02,12.0,73914.0
STH507267,TF121463,Gold,3,6159.510683765637,0.02,12.0,73914.0
STH507046,TF120837,Silver,4,6159.37339972119,0.02,12.0,73912.0
STH505794,TF117248,Bronze,2,6159.239919263476,0.02,12.0,73911.0
STH504310,TF112632,Gold,5,6159.133499545463,0.02,12.0,73910.0
STH507954,TF123381,Gold,5,6159.133499545463,0.02,12.0,73910.0
STH505994,TF117846,Gold,9,6159.068827903234,0.02,12.0,73909.0
STH504187,TF112254,Silver,5,6158.984739039615,0.02,12.0,73908.0
STH508463,TF124900,Silver,5,6158.984739039615,0.02,12.0,73908.0
STH505735,TF117094,Bronze,6,6158.867734695216,0.02,12.0,73906.0
STH502084,TF106110,Bronze,6,6158.867734695216,0.02,12.0,73906.0
STH503206,TF109335,Platinum,9,6158.872797107317,0.02,12.0,73906.0
STH500053,TF100171,Bronze,5,6158.814078853293,0.02,12.0,73906.0
STH501675,TF104913,Bronze,3,6158.731275122031,0.02,12.0,73905.0
STH506072,TF118082,Bronze,7,6158.753813531186,0.02,12.0,73905.0
STH507565,TF122311,Silver,4,6158.78643648479,0.02,12.0,73905.0
STH508072,TF123746,Silver,9,6158.635640064854,0.02,12.0,73904.0
STH502031,TF105956,Gold,2,6158.676133211035,0.02,12.0,73904.0
STH507458,TF121999,Silver,5,6158.644452705098,0.02,12.0,73904.0
STH500197,TF100521,Silver,5,6158.644452705098,0.02,12.0,73904.0
STH504161,TF112188,Bronze,6,6158.597557242214,0.02,12.0,73903.0
STH502883,TF108367,Silver,3,6158.593000023236,0.02,12.0,73903.0
STH500600,TF101696,Bronze,3,6158.5109722473835,0.02,12.0,73902.0
STH505080,TF115075,Gold,6,6158.473522209183,0.02,12.0,73902.0
STH502954,TF108565,Silver,2,6158.4367437342635,0.02,12.0,73901.0
STH506502,TF119328,Silver,8,6158.35674428691,0.02,12.0,73900.0
STH500967,TF102845,Silver,6,6158.234132732411,0.02,12.0,73899.0
STH503912,TF111436,Bronze,9,6158.218302976648,0.02,12.0,73899.0
STH507024,TF120774,Bronze,9,6158.218302976648,0.02,12.0,73899.0
STH500492,TF101416,Bronze,6,6158.0851318372015,0.02,12.0,73897.0
STH504986,TF114788,Bronze,3,6158.071221227974,0.02,12.0,73897.0
STH502332,TF106809,Gold,6,6157.985343785149,0.02,12.0,73896.0
STH501545,TF104522,Gold,7,6157.744575193091,0.02,12.0,73893.0
STH505452,TF116238,Gold,7,6157.744575193091,0.02,12.0,73893.0
STH500107,TF100308,Gold,7,6157.619746511295,0.02,12.0,73891.0
STH501389,TF104060,Bronze,4,6157.342274211882,0.02,12.0,73888.0
STH508257,TF124257,Gold,6,6157.323842717361,0.02,12.0,73888.0
STH503989,TF111689,Bronze,3,6157.364997461354,0.02,12.0,73888.0
STH503428,TF110017,Bronze,5,6157.273381089847,0.02,12.0,73887.0
STH506997,TF120690,Silver,4,6157.249027155081,0.02,12.0,73887.0
STH507950,TF123367,Gold,4,6157.239898469964,0.02,12.0,73887.0
STH508052,TF123683,Silver,5,6157.135105991052,0.02,12.0,73886.0
STH506521,TF119372,Bronze,8,6157.1396632100295,0.02,12.0,73886.0
STH506888,TF120400,Bronze,5,6157.0530782152,0.02,12.0,73885.0
STH504670,TF113737,Gold,3,6157.041595915139,0.02,12.0,73884.0
STH506571,TF119509,Bronze,9,6156.680893646941,0.02,12.0,73880.0
STH500426,TF101191,Bronze,8,6156.627237805017,0.02,12.0,73880.0
STH508391,TF124653,Bronze,9,6156.680893646941,0.02,12.0,73880.0
STH506707,TF119882,Silver,8,6156.569329660791,0.02,12.0,73879.0
STH506711,TF119901,Silver,4,6156.514771040641,0.02,12.0,73878.0
STH504026,TF111812,Bronze,3,6156.507723657281,0.02,12.0,73878.0
STH506886,TF120393,Gold,5,6156.489292162759,0.02,12.0,73878.0
STH504797,TF114169,Silver,8,6156.457611656822,0.02,12.0,73877.0
STH502953,TF108561,Bronze,3,6156.330807236626,0.02,12.0,73876.0
STH501437,TF104202,Gold,2,6156.233133601522,0.02,12.0,73875.0
STH500986,TF102885,Gold,9,6156.16185247911,0.02,12.0,73874.0
STH501655,TF104845,Bronze,2,6156.086991181551,0.02,12.0,73873.0
STH501459,TF104253,Gold,2,6155.96295614852,0.02,12.0,73872.0
STH507292,TF121522,Bronze,3,6155.967368751275,0.02,12.0,73872.0
STH507448,TF121973,Silver,6,6155.861812262479,0.02,12.0,73870.0
STH501832,TF105371,Bronze,7,6155.815487057663,0.02,12.0,73870.0
STH500783,TF102276,Silver,5,6155.78582402455,0.02,12.0,73869.0
STH502175,TF106350,Gold,6,6155.7603451466675,0.02,12.0,73869.0
STH502299,TF106703,Bronze,4,6155.778776641188,0.02,12.0,73869.0
STH500962,TF102828,Gold,6,6155.7603451466675,0.02,12.0,73869.0
STH505467,TF116276,Bronze,4,6155.778776641188,0.02,12.0,73869.0
STH501214,TF103589,Bronze,2,6155.615605955358,0.02,12.0,73867.0
STH505227,TF115520,Bronze,7,6155.595184183016,0.02,12.0,73867.0
STH503612,TF110557,Bronze,4,6155.238421735183,0.02,12.0,73863.0
STH505984,TF117818,Bronze,4,6155.238421735183,0.02,12.0,73863.0
STH500791,TF102290,Bronze,9,6155.087714058361,0.02,12.0,73861.0
STH507863,TF123115,Gold,6,6154.854754866862,0.02,12.0,73858.0
STH507956,TF123387,Bronze,8,6154.759932014083,0.02,12.0,73857.0
STH508404,TF124699,Silver,4,6154.705423658973,0.02,12.0,73856.0
STH500977,TF102865,Gold,2,6154.639954012942,0.02,12.0,73856.0
STH501938,TF105683,Bronze,5,6154.5094747190915,0.02,12.0,73854.0
STH507222,TF121350,Bronze,7,6154.449209396986,0.02,12.0,73853.0
STH506169,TF118294,Gold,8,6154.302451114483,0.02,12.0,73852.0
STH508443,TF124818,Silver,8,6154.3332390907135,0.02,12.0,73852.0
STH504930,TF114607,Bronze,9,6154.357593025479,0.02,12.0,73852.0
STH502081,TF106105,Bronze,6,6154.320882609004,0.02,12.0,73852.0
STH503249,TF109448,Gold,8,6154.302451114483,0.02,12.0,73852.0
STH503582,TF110475,Silver,5,6154.196779517529,0.02,12.0,73850.0
STH502079,TF106100,Gold,7,6154.125807850771,0.02,12.0,73850.0
STH505343,TF115897,Bronze,9,6154.137290150832,0.02,12.0,73850.0
STH501781,TF105218,Silver,5,6154.196779517529,0.02,12.0,73850.0
STH503905,TF111422,Bronze,9,6154.137290150832,0.02,12.0,73850.0
STH507920,TF123298,Silver,5,6153.976476642882,0.02,12.0,73848.0
STH505145,TF115260,Gold,2,6153.909832980061,0.02,12.0,73847.0
STH503785,TF111070,Gold,5,6153.776115100243,0.02,12.0,73845.0
STH501421,TF104157,Bronze,4,6153.729075021137,0.02,12.0,73845.0
STH506776,TF120083,Bronze,9,6153.697539131423,0.02,12.0,73844.0
STH503781,TF111053,Silver,9,6153.604292074622,0.02,12.0,73843.0
STH506012,TF117908,Silver,2,6153.619714195049,0.02,12.0,73843.0
STH500772,TF102247,Silver,4,6153.559448872943,0.02,12.0,73843.0
STH503471,TF110153,Silver,6,6153.505261922115,0.02,12.0,73842.0
STH506488,TF119279,Silver,5,6153.536725623471,0.02,12.0,73842.0
STH504976,TF114765,Silver,7,6153.469006518227,0.02,12.0,73842.0
STH503793,TF111096,Gold,6,6153.292455221801,0.02,12.0,73840.0
STH505230,TF115538,Gold,6,6153.317345537154,0.02,12.0,73840.0
STH508330,TF124481,Silver,6,6153.247529626789,0.02,12.0,73839.0
STH506810,TF120191,Silver,6,6153.247529626789,0.02,12.0,73839.0
STH506245,TF118548,Gold,5,6153.263689695231,0.02,12.0,73839.0
STH507475,TF122059,Silver,3,6153.254205664308,0.02,12.0,73839.0
STH505479,TF116311,Gold,7,6153.203424373124,0.02,12.0,73838.0
STH502861,TF108317,Gold,3,6152.9605830893215,0.02,12.0,73836.0
STH502724,TF107903,Bronze,9,6152.991315364801,0.02,12.0,73836.0
STH507751,TF122794,Bronze,9,6152.991315364801,0.02,12.0,73836.0
STH505701,TF117010,Silver,5,6152.830501856851,0.02,12.0,73834.0
STH503405,TF109932,Silver,4,6152.814984137211,0.02,12.0,73834.0
STH505656,TF116891,Silver,9,6152.8216892166065,0.02,12.0,73834.0
STH502971,TF108615,Silver,7,6152.776314906024,0.02,12.0,73833.0
STH504762,TF114068,Bronze,8,6152.686072156166,0.02,12.0,73832.0
STH504247,TF112472,Silver,7,6152.518582610697,0.02,12.0,73830.0
STH500673,TF101901,Gold,5,6152.453112964667,0.02,12.0,73829.0
STH505077,TF115066,Gold,4,6152.451938947877,0.02,12.0,73829.0
STH502718,TF107891,Bronze,8,6152.322633670815,0.02,12.0,73828.0
STH505686,TF116981,Gold,7,6152.31822106806,0.02,12.0,73828.0
STH501700,TF104976,Silver,3,6152.28144259314,0.02,12.0,73827.0
STH501982,TF105822,Silver,2,6152.110367481002,0.02,12.0,73825.0
STH504245,TF112461,Silver,7,6152.078831591288,0.02,12.0,73825.0
STH507232,TF121374,Silver,7,6152.078831591288,0.02,12.0,73825.0
STH500721,TF102100,Silver,8,6152.047367889932,0.02,12.0,73825.0
STH501371,TF104021,Silver,9,6152.011112486042,0.02,12.0,73824.0
STH501048,TF103067,Gold,8,6151.930130644552,0.02,12.0,73823.0
STH502328,TF106796,Bronze,8,6151.713309084998,0.02,12.0,73821.0
STH500293,TF100800,Bronze,7,6151.542233972861,0.02,12.0,73819.0
STH500384,TF101077,Silver,3,6151.381420464911,0.02,12.0,73817.0
STH502070,TF106057,Silver,5,6151.432873146773,0.02,12.0,73817.0
STH507322,TF121626,Silver,8,6151.349884575196,0.02,12.0,73816.0
STH506063,TF118046,Silver,6,6151.246710753256,0.02,12.0,73815.0
STH505872,TF117456,Bronze,6,6151.236924206891,0.02,12.0,73815.0
STH504925,TF114586,Gold,8,6151.076848646955,0.02,12.0,73813.0
STH503254,TF109464,Silver,6,6151.067364616031,0.02,12.0,73813.0
STH504866,TF114409,Bronze,4,6150.822099597013,0.02,12.0,73810.0
STH504488,TF113200,Silver,9,6150.8278465985395,0.02,12.0,73810.0
STH505602,TF116699,Bronze,5,6150.773154991887,0.02,12.0,73809.0
STH501722,TF105040,Gold,6,6150.773742041046,0.02,12.0,73809.0
STH505788,TF117222,Gold,3,6150.416979593213,0.02,12.0,73805.0
STH500448,TF101285,Gold,3,6149.8076550073965,0.02,12.0,73798.0
STH503914,TF111441,Silver,8,6149.2460320984965,0.02,12.0,73791.0
STH508024,TF123606,Silver,6,6149.194579416635,0.02,12.0,73790.0
STH506170,TF118297,Gold,4,6149.078707991304,0.02,12.0,73789.0
STH503689,TF110782,Gold,4,6149.078707991304,0.02,12.0,73789.0
STH502480,TF107244,Gold,2,6149.121873457974,0.02,12.0,73789.0
STH502046,TF106006,Gold,7,6148.898820238924,0.02,12.0,73787.0
STH503548,TF110383,Gold,3,6148.907632879167,0.02,12.0,73787.0
STH504460,TF113112,Gold,3,6148.907632879167,0.02,12.0,73787.0
STH502382,TF106931,Bronze,7,6148.6352585487375,0.02,12.0,73784.0
STH507960,TF123400,Bronze,7,6148.633547774533,0.02,12.0,73784.0
STH500062,TF100198,Gold,9,6148.491998372419,0.02,12.0,73782.0
STH507043,TF120829,Gold,5,6148.349760975212,0.02,12.0,73780.0
STH503125,TF109073,Bronze,3,6148.33655826295,0.02,12.0,73780.0
STH501416,TF104148,Silver,4,6148.180213298011,0.02,12.0,73778.0
STH500581,TF101643,Gold,4,6147.663979425791,0.02,12.0,73772.0
STH506430,TF119092,Silver,6,6147.381424482349,0.02,12.0,73769.0
STH500136,TF100371,Silver,8,6147.2219789471665,0.02,12.0,73767.0
STH503895,TF111401,Gold,3,6147.094477944881,0.02,12.0,73765.0
STH504966,TF114735,Gold,5,6146.935032409699,0.02,12.0,73763.0
STH504002,TF111742,Silver,8,6146.702428602388,0.02,12.0,73760.0
STH502426,TF107070,Silver,8,6146.702428602388,0.02,12.0,73760.0
STH508397,TF124674,Bronze,8,6146.620400826536,0.02,12.0,73759.0
STH500894,TF102615,Silver,8,6146.47888166556,0.02,12.0,73758.0
STH507503,TF122131,Silver,6,6146.285893218307,0.02,12.0,73755.0
STH501320,TF103876,Gold,8,6146.162919926936,0.02,12.0,73754.0
STH506249,TF118559,Gold,6,6146.206085393606,0.02,12.0,73754.0
STH501552,TF104532,Gold,6,6146.206085393606,0.02,12.0,73754.0
STH501301,TF103834,Bronze,8,6146.080045920531,0.02,12.0,73753.0
STH506999,TF120693,Bronze,7,6145.420770198582,0.02,12.0,73745.0
STH505782,TF117203,Bronze,7,6145.026437743643,0.02,12.0,73740.0
STH505417,TF116132,Gold,7,6144.957588032737,0.02,12.0,73739.0
STH507377,TF121778,Gold,4,6144.600825584905,0.02,12.0,73735.0
STH504888,TF114470,Gold,9,6144.533950782615,0.02,12.0,73734.0
STH506144,TF118235,Gold,4,6143.445444826837,0.02,12.0,73721.0
STH504445,TF113064,Bronze,9,6143.090118019009,0.02,12.0,73717.0
STH505887,TF117505,Gold,2,6141.939934174845,0.02,12.0,73703.0
STH502260,TF106571,Silver,9,6140.904798123036,0.02,12.0,73691.0
STH503130,TF109086,Platinum,8,6092.025067077124,0.02,12.0,73104.0
STH508491,TF124972,Platinum,9,6090.526936421327,0.02,12.0,73086.0
STH506333,TF118819,Platinum,2,6090.132444840677,0.02,12.0,73082.0
STH502359,TF106887,Platinum,2,6089.586476097106,0.02,12.0,73075.0
STH503891,TF111386,Bronze,2,6088.844645372553,0.02,12.0,73066.0
STH504367,TF112828,Silver,2,6085.768043800234,0.02,12.0,73029.0
STH501849,TF105434,Bronze,2,6085.441771511917,0.02,12.0,73025.0
STH506833,TF120252,Platinum,3,6084.047910267816,0.02,12.0,73009.0
STH508268,TF124282,Platinum,5,6083.908226668676,0.02,12.0,73007.0
STH502919,TF108472,Bronze,9,6083.742016259908,0.02,12.0,73005.0
STH506574,TF119513,Platinum,4,6083.419567138319,0.02,12.0,73001.0
STH503436,TF110046,Platinum,4,6082.41337297192,0.02,12.0,72989.0
STH500103,TF100301,Platinum,6,6081.882728510653,0.02,12.0,72983.0
STH507499,TF122123,Platinum,5,6081.578276103434,0.02,12.0,72979.0
STH502915,TF108450,Silver,8,6081.394361703682,0.02,12.0,72977.0
STH502205,TF106427,Gold,6,6081.04535988326,0.02,12.0,72973.0
STH505698,TF117005,Silver,9,6080.66541468759,0.02,12.0,72968.0
STH502857,TF108307,Silver,9,6080.66541468759,0.02,12.0,72968.0
STH503525,TF110326,Gold,6,6080.378468150123,0.02,12.0,72965.0
STH506715,TF119909,Platinum,8,6080.403175187356,0.02,12.0,72965.0
STH501030,TF103025,Platinum,9,6079.774832057859,0.02,12.0,72957.0
STH506258,TF118586,Gold,7,6079.649521134031,0.02,12.0,72956.0
STH505193,TF115420,Gold,7,6079.649521134031,0.02,12.0,72956.0
STH501396,TF104083,Bronze,2,6078.660625744077,0.02,12.0,72944.0
STH500312,TF100863,Bronze,2,6078.520889496003,0.02,12.0,72942.0
STH503668,TF110737,Bronze,3,6077.585033440476,0.02,12.0,72931.0
STH504561,TF113420,Bronze,2,6075.669773073863,0.02,12.0,72908.0
STH505603,TF116703,Platinum,8,6075.416572081735,0.02,12.0,72905.0
STH507017,TF120747,Bronze,3,6075.285674456833,0.02,12.0,72903.0
STH502127,TF106231,Platinum,8,6075.183730101761,0.02,12.0,72902.0
STH502453,TF107169,Platinum,5,6075.059809633903,0.02,12.0,72901.0
STH506271,TF118627,Silver,7,6075.069878009586,0.02,12.0,72901.0
STH504652,TF113671,Platinum,3,6074.797077686662,0.02,12.0,72898.0
STH504154,TF112172,Bronze,5,6074.740913230706,0.02,12.0,72897.0
STH502265,TF106584,Platinum,9,6074.687625065643,0.02,12.0,72896.0
STH507463,TF122008,Silver,6,6074.5441936070965,0.02,12.0,72895.0
STH503750,TF110962,Bronze,4,6074.21187904168,0.02,12.0,72891.0
STH506411,TF119042,Bronze,4,6074.142909361868,0.02,12.0,72890.0
STH507230,TF121372,Platinum,7,6073.971842211431,0.02,12.0,72888.0
STH506340,TF118854,Silver,4,6073.562058650856,0.02,12.0,72883.0
STH502544,TF107400,Silver,5,6073.257446875409,0.02,12.0,72879.0
STH506543,TF119425,Bronze,5,6072.942577119583,0.02,12.0,72875.0
STH506419,TF119056,Bronze,2,6072.76279764974,0.02,12.0,72873.0
STH502592,TF107540,Bronze,2,6072.76279764974,0.02,12.0,72873.0
STH508188,TF124072,Bronze,2,6072.76279764974,0.02,12.0,72873.0
STH507342,TF121683,Silver,2,6072.593171501545,0.02,12.0,72871.0
STH501352,TF103950,Bronze,6,6072.068280017851,0.02,12.0,72865.0
STH505208,TF115466,Silver,6,6072.104164618672,0.02,12.0,72865.0
STH502655,TF107721,Bronze,3,6072.033850633648,0.02,12.0,72864.0
STH507031,TF120799,Gold,4,6071.512606305758,0.02,12.0,72858.0
STH505689,TF116986,Silver,7,6071.37521760258,0.02,12.0,72857.0
STH501088,TF103192,Bronze,4,6071.304903617556,0.02,12.0,72856.0
STH500037,TF100109,Silver,8,6071.126464829117,0.02,12.0,72854.0
STH500464,TF101331,Bronze,3,6071.008999823623,0.02,12.0,72852.0
STH508439,TF124808,Bronze,4,6070.941553875319,0.02,12.0,72851.0
STH500754,TF102185,Bronze,7,6070.752032271468,0.02,12.0,72849.0
STH504573,TF113474,Silver,4,6070.594922563357,0.02,12.0,72847.0
STH507690,TF122650,Silver,9,6070.481395059115,0.02,12.0,72846.0
STH506057,TF118030,Gold,4,6070.369764653016,0.02,12.0,72844.0
STH506842,TF120269,Silver,5,6070.266594205195,0.02,12.0,72843.0
STH505064,TF115022,Platinum,9,6070.119968418204,0.02,12.0,72841.0
STH500663,TF101868,Bronze,3,6069.968033432406,0.02,12.0,72840.0
STH506291,TF118679,Silver,8,6069.8519566555,0.02,12.0,72838.0
STH501567,TF104583,Platinum,9,6069.600418073426,0.02,12.0,72835.0
STH502227,TF106483,Silver,6,6069.137028531172,0.02,12.0,72830.0
STH504852,TF114355,Bronze,7,6069.173921571264,0.02,12.0,72830.0
STH503083,TF108962,Silver,6,6069.137028531172,0.02,12.0,72830.0
STH507610,TF122419,Bronze,7,6069.1180625692805,0.02,12.0,72829.0
STH504542,TF113360,Bronze,6,6068.822158775347,0.02,12.0,72826.0
STH502600,TF107567,Gold,4,6068.661489883618,0.02,12.0,72824.0
STH500204,TF100541,Silver,2,6068.661345267396,0.02,12.0,72824.0
STH506837,TF120259,Gold,4,6068.592520203806,0.02,12.0,72823.0
STH501121,TF103278,Bronze,4,6068.509646197401,0.02,12.0,72822.0
STH501016,TF102989,Bronze,3,6068.539911973125,0.02,12.0,72822.0
STH504006,TF111753,Bronze,4,6068.397928193433,0.02,12.0,72821.0
STH507214,TF121328,Bronze,8,6068.025765810951,0.02,12.0,72816.0
STH508133,TF123903,Silver,3,6067.932398251304,0.02,12.0,72815.0
STH501903,TF105596,Bronze,2,6067.731449659508,0.02,12.0,72813.0
STH506002,TF117862,Bronze,9,6067.784997218893,0.02,12.0,72813.0
STH501773,TF105198,Bronze,9,6067.716027539081,0.02,12.0,72813.0
STH502236,TF106519,Bronze,2,6067.706559344155,0.02,12.0,72812.0
STH503813,TF111148,Gold,9,6067.443535984653,0.02,12.0,72809.0
STH500006,TF100011,Bronze,9,6067.296818794859,0.02,12.0,72808.0
STH503039,TF108833,Gold,2,6067.212408491678,0.02,12.0,72807.0
STH506238,TF118519,Silver,2,6067.198451583297,0.02,12.0,72806.0
STH503233,TF109401,Bronze,5,6067.08201794094,0.02,12.0,72805.0
STH501573,TF104608,Bronze,6,6067.051752165216,0.02,12.0,72805.0
STH506498,TF119317,Silver,2,6067.097847696703,0.02,12.0,72805.0
STH508321,TF124449,Silver,6,6066.895236694851,0.02,12.0,72803.0
STH501969,TF105771,Bronze,2,6066.948846801492,0.02,12.0,72803.0
STH500201,TF100534,Silver,6,6066.770408013054,0.02,12.0,72801.0
STH504332,TF112710,Bronze,7,6066.551373479673,0.02,12.0,72799.0
STH501785,TF105226,Gold,3,6066.483461475586,0.02,12.0,72798.0
STH504192,TF112277,Bronze,7,6066.529714188561,0.02,12.0,72798.0
STH503027,TF108790,Silver,5,6066.474504219121,0.02,12.0,72798.0
STH505568,TF116591,Bronze,6,6066.353070924848,0.02,12.0,72796.0
STH508041,TF123665,Gold,3,6066.310752147022,0.02,12.0,72796.0
STH508402,TF124685,Gold,7,6066.334912587268,0.02,12.0,72796.0
STH507411,TF121880,Bronze,3,6066.219899785401,0.02,12.0,72795.0
STH508403,TF124687,Gold,2,6066.187557681653,0.02,12.0,72794.0
STH503156,TF109172,Bronze,2,6066.138270070928,0.02,12.0,72794.0
STH506875,TF120361,Bronze,8,6065.901371059063,0.02,12.0,72791.0
STH503486,TF110192,Bronze,8,6065.800767172469,0.02,12.0,72790.0
STH508369,TF124577,Bronze,8,6065.800767172469,0.02,12.0,72790.0
STH501426,TF104168,Silver,8,6065.782191061726,0.02,12.0,72789.0
STH501788,TF105231,Silver,6,6065.7455572030285,0.02,12.0,72789.0
STH507172,TF121211,Gold,4,6065.754514459494,0.02,12.0,72789.0
STH506349,TF118874,Silver,7,6065.678111254725,0.02,12.0,72788.0
STH500551,TF101554,Silver,4,6065.6399536645185,0.02,12.0,72788.0
STH502048,TF106009,Bronze,5,6065.615287750814,0.02,12.0,72787.0
STH503157,TF109178,Bronze,3,6065.409323054837,0.02,12.0,72785.0
STH501482,TF104327,Bronze,2,6065.408149038047,0.02,12.0,72785.0
STH503663,TF110724,Bronze,3,6065.409323054837,0.02,12.0,72785.0
STH501808,TF105287,Silver,8,6065.31251398087,0.02,12.0,72784.0
STH505323,TF115819,Bronze,9,6065.071820156378,0.02,12.0,72781.0
STH507647,TF122516,Silver,5,6065.011610535022,0.02,12.0,72780.0
STH502253,TF106552,Silver,5,6065.011610535022,0.02,12.0,72780.0
STH500303,TF100842,Bronze,5,6064.762005753217,0.02,12.0,72777.0
STH507579,TF122342,Silver,4,6064.734363384714,0.02,12.0,72777.0
STH502473,TF107229,Bronze,9,6064.753193112972,0.02,12.0,72777.0
STH504305,TF112619,Bronze,6,6064.545484142138,0.02,12.0,72775.0
STH503063,TF108910,Silver,5,6064.592379605022,0.02,12.0,72775.0
STH501092,TF103199,Gold,2,6064.305433067554,0.02,12.0,72772.0
STH502710,TF107873,Gold,6,6064.352479429294,0.02,12.0,72772.0
STH507737,TF122757,Bronze,7,6064.1573937186295,0.02,12.0,72770.0
STH503068,TF108926,Bronze,7,6064.086714579048,0.02,12.0,72769.0
STH506778,TF120087,Silver,7,6063.975643795719,0.02,12.0,72768.0
STH503259,TF109480,Bronze,4,6063.987684426542,0.02,12.0,72768.0
STH500433,TF101213,Silver,2,6063.872245229174,0.02,12.0,72766.0
STH507765,TF122826,Silver,6,6063.863432588931,0.02,12.0,72766.0
STH507416,TF121890,Silver,6,6063.863432588931,0.02,12.0,72766.0
STH505532,TF116465,Gold,7,6063.692502093015,0.02,12.0,72764.0
STH508244,TF124227,Gold,3,6063.576486051463,0.02,12.0,72763.0
STH500080,TF100242,Bronze,5,6063.221307989771,0.02,12.0,72759.0
STH505160,TF115314,Silver,8,6063.246696779627,0.02,12.0,72759.0
STH503845,TF111238,Silver,4,6063.172063739653,0.02,12.0,72758.0
STH504392,TF112914,Silver,3,6063.143298213083,0.02,12.0,72758.0
STH504068,TF111921,Silver,3,6063.143298213083,0.02,12.0,72758.0
STH502103,TF106163,Gold,4,6063.166166078775,0.02,12.0,72758.0
STH508375,TF124601,Silver,3,6063.143298213083,0.02,12.0,72758.0
STH500525,TF101489,Bronze,5,6063.001005115124,0.02,12.0,72756.0
STH505428,TF116165,Gold,8,6062.89458539711,0.02,12.0,72755.0
STH500055,TF100180,Silver,4,6062.936495468282,0.02,12.0,72755.0
STH503381,TF109847,Gold,2,6062.796086353508,0.02,12.0,72754.0
STH508433,TF124783,Bronze,2,6062.644242667291,0.02,12.0,72752.0
STH507982,TF123450,Bronze,4,6062.583977345185,0.02,12.0,72751.0
STH507142,TF121111,Bronze,5,6062.561254095714,0.02,12.0,72751.0
STH504719,TF113911,Bronze,4,6062.583977345185,0.02,12.0,72751.0
STH504507,TF113272,Bronze,8,6062.623511448515,0.02,12.0,72751.0
STH500909,TF102651,Silver,7,6062.547522336438,0.02,12.0,72751.0
STH505127,TF115215,Silver,5,6062.5386861784955,0.02,12.0,72750.0
STH504944,TF114652,Bronze,3,6062.4556505572045,0.02,12.0,72749.0
STH501147,TF103373,Silver,2,6062.368976886407,0.02,12.0,72748.0
STH507372,TF121768,Silver,2,6062.111244591081,0.02,12.0,72745.0
STH505896,TF117538,Silver,9,6061.995218584059,0.02,12.0,72744.0
STH502028,TF105946,Silver,9,6062.016877875171,0.02,12.0,72744.0
STH504564,TF113436,Silver,9,6061.995218584059,0.02,12.0,72744.0
STH508083,TF123784,Silver,9,6062.016877875171,0.02,12.0,72744.0
STH507648,TF122517,Gold,9,6061.9370700504705,0.02,12.0,72743.0
STH505758,TF117144,Gold,2,6061.910883048444,0.02,12.0,72743.0
STH508376,TF124603,Silver,2,6061.878402611107,0.02,12.0,72743.0
STH501547,TF104526,Bronze,3,6061.915295651199,0.02,12.0,72743.0
STH501454,TF104246,Silver,8,6061.818575320346,0.02,12.0,72742.0
STH500549,TF101550,Silver,8,6061.818575320346,0.02,12.0,72742.0
STH505134,TF115236,Bronze,9,6061.846217688849,0.02,12.0,72742.0
STH502580,TF107497,Bronze,7,6061.763413957587,0.02,12.0,72741.0
STH507378,TF121781,Silver,3,6061.382297574989,0.02,12.0,72737.0
STH504147,TF112147,Silver,3,6061.382297574989,0.02,12.0,72737.0
STH501701,TF104986,Silver,9,6061.089628304254,0.02,12.0,72733.0
STH504454,TF113093,Bronze,7,6061.10336006353,0.02,12.0,72733.0
STH506781,TF120094,Silver,9,6061.089628304254,0.02,12.0,72733.0
STH500647,TF101819,Gold,7,6060.979325030499,0.02,12.0,72732.0
STH501914,TF105626,Bronze,8,6061.034466941495,0.02,12.0,72732.0
STH501047,TF103066,Silver,3,6060.94254655558,0.02,12.0,72731.0
STH507144,TF121120,Silver,5,6060.874827450334,0.02,12.0,72730.0
STH502602,TF107569,Silver,4,6060.873653433545,0.02,12.0,72730.0
STH502283,TF106650,Silver,7,6060.749654420007,0.02,12.0,72729.0
STH501174,TF103445,Gold,3,6060.669510627339,0.02,12.0,72728.0
STH505460,TF116261,Gold,4,6060.452989016259,0.02,12.0,72725.0
STH500821,TF102368,Bronze,9,6060.342949346082,0.02,12.0,72724.0
STH502986,TF108665,Silver,8,6060.35184513022,0.02,12.0,72724.0
STH507034,TF120813,Silver,7,6060.227510148715,0.02,12.0,72723.0
STH503250,TF109451,Bronze,3,6060.194669671775,0.02,12.0,72722.0
STH506029,TF117962,Bronze,3,6060.194669671775,0.02,12.0,72722.0
STH503043,TF108850,Bronze,2,6060.100639171183,0.02,12.0,72721.0
STH504000,TF111732,Gold,5,6060.064898592752,0.02,12.0,72721.0
STH507661,TF122566,Gold,7,6060.073734750695,0.02,12.0,72721.0
STH503846,TF111239,Gold,5,6059.969329137817,0.02,12.0,72720.0
STH502613,TF107600,Silver,8,6060.010988537635,0.02,12.0,72720.0
STH506045,TF117993,Bronze,3,6059.891242499868,0.02,12.0,72719.0
STH506662,TF119771,Silver,2,6059.931079580323,0.02,12.0,72719.0
STH505217,TF115489,Silver,5,6059.9244035428055,0.02,12.0,72719.0
STH504065,TF111916,Silver,5,6059.9244035428055,0.02,12.0,72719.0
STH504427,TF113014,Bronze,6,6059.728454602923,0.02,12.0,72717.0
STH503581,TF110474,Silver,5,6059.691561562831,0.02,12.0,72716.0
STH501985,TF105836,Bronze,4,6059.677001921061,0.02,12.0,72716.0
STH503079,TF108954,Silver,2,6059.567641094973,0.02,12.0,72715.0
STH504611,TF113584,Silver,9,6059.552218974546,0.02,12.0,72715.0
STH501373,TF104028,Silver,2,6059.567641094973,0.02,12.0,72715.0
STH502138,TF106265,Bronze,4,6059.465722655683,0.02,12.0,72714.0
STH506898,TF120421,Gold,9,6059.314521958879,0.02,12.0,72712.0
STH501706,TF104998,Bronze,6,6059.119130017107,0.02,12.0,72709.0
STH506281,TF118662,Bronze,6,6059.119130017107,0.02,12.0,72709.0
STH503615,TF110570,Bronze,7,6058.999507586831,0.02,12.0,72708.0
STH503361,TF109790,Bronze,2,6058.907922940087,0.02,12.0,72707.0
STH504917,TF114562,Bronze,9,6058.939242264725,0.02,12.0,72707.0
STH502567,TF107463,Silver,9,6058.817962860106,0.02,12.0,72706.0
STH507289,TF121514,Silver,9,6058.76961611653,0.02,12.0,72705.0
STH500142,TF100385,Silver,6,6058.755705507304,0.02,12.0,72705.0
STH501465,TF104269,Silver,8,6058.687986402058,0.02,12.0,72704.0
STH508419,TF124754,Silver,4,6058.652531685363,0.02,12.0,72704.0
STH502678,TF107780,Silver,8,6058.687986402058,0.02,12.0,72704.0
STH504889,TF114471,Bronze,8,6058.6404871804525,0.02,12.0,72704.0
STH500874,TF102554,Gold,7,6058.266147967984,0.02,12.0,72699.0
STH501752,TF105134,Gold,4,6058.179562973153,0.02,12.0,72698.0
STH502891,TF108384,Silver,9,6057.959039385966,0.02,12.0,72696.0
STH500942,TF102744,Silver,2,6057.968443826088,0.02,12.0,72696.0
STH505705,TF117019,Silver,9,6057.959039385966,0.02,12.0,72696.0
STH505554,TF116539,Bronze,7,6057.9187977748215,0.02,12.0,72695.0
STH504871,TF114424,Silver,5,6057.923584669271,0.02,12.0,72695.0
STH505793,TF117242,Bronze,4,6057.863846986775,0.02,12.0,72694.0
STH505624,TF116788,Silver,2,6057.847015115548,0.02,12.0,72694.0
STH506256,TF118578,Silver,5,6057.744238532047,0.02,12.0,72693.0
STH502072,TF106060,Silver,8,6057.737562494529,0.02,12.0,72693.0
STH507097,TF120989,Bronze,2,6057.557035675075,0.02,12.0,72691.0
STH504126,TF112082,Bronze,7,6057.490160872785,0.02,12.0,72690.0
STH500862,TF102518,Silver,4,6057.500422476972,0.02,12.0,72690.0
STH500651,TF101828,Gold,5,6057.450615957062,0.02,12.0,72689.0
STH507926,TF123308,Gold,5,6057.450615957062,0.02,12.0,72689.0
STH507101,TF121002,Gold,8,6057.073122290453,0.02,12.0,72685.0
STH506756,TF120029,Gold,9,6057.0784313888025,0.02,12.0,72685.0
STH507968,TF123417,Silver,2,6057.024037598864,0.02,12.0,72684.0
STH501937,TF105682,Bronze,7,6056.9754544355,0.02,12.0,72684.0
STH508283,TF124326,Bronze,9,6056.932288968831,0.02,12.0,72683.0
STH500803,TF102314,Gold,7,6056.943145832407,0.02,12.0,72683.0
STH506694,TF119841,Silver,5,6056.77147546088,0.02,12.0,72681.0
STH507196,TF121287,Silver,6,6056.651853030605,0.02,12.0,72680.0
STH505786,TF117215,Silver,8,6056.591587708499,0.02,12.0,72679.0
STH507309,TF121586,Silver,8,6056.591587708499,0.02,12.0,72679.0
STH501802,TF105273,Silver,4,6056.600400348742,0.02,12.0,72679.0
STH506609,TF119604,Silver,4,6056.510549793904,0.02,12.0,72678.0
STH508063,TF123716,Bronze,5,6056.475794754161,0.02,12.0,72678.0
STH501152,TF103388,Bronze,7,6056.4559040907225,0.02,12.0,72677.0
STH505784,TF117207,Silver,4,6056.389121083364,0.02,12.0,72677.0
STH507423,TF121914,Gold,7,6055.9927219248775,0.02,12.0,72672.0
STH503587,TF110481,Silver,7,6055.922906014513,0.02,12.0,72671.0
STH501899,TF105580,Bronze,9,6055.820987575223,0.02,12.0,72670.0
STH505304,TF115752,Silver,5,6055.87145333265,0.02,12.0,72670.0
STH500657,TF101849,Bronze,8,6055.72695707463,0.02,12.0,72669.0
STH501579,TF104621,Gold,4,6055.635959477045,0.02,12.0,72668.0
STH508451,TF124844,Gold,9,6055.485251800223,0.02,12.0,72666.0
STH501295,TF103820,Gold,5,6055.447367366958,0.02,12.0,72665.0
STH501689,TF104943,Bronze,6,6055.310421690549,0.02,12.0,72664.0
STH505932,TF117666,Silver,6,6055.05265576172,0.02,12.0,72661.0
STH506336,TF118838,Gold,4,6055.026634891228,0.02,12.0,72660.0
STH505877,TF117476,Bronze,8,6054.948058922407,0.02,12.0,72659.0
STH502899,TF108403,Gold,6,6054.541503930212,0.02,12.0,72654.0
STH505808,TF117285,Silver,9,6054.465011982329,0.02,12.0,72654.0
STH508102,TF123826,Silver,2,6054.480434102757,0.02,12.0,72654.0
STH507805,TF122945,Silver,4,6054.128140197935,0.02,12.0,72650.0
STH500194,TF100516,Silver,6,6054.108249534496,0.02,12.0,72649.0
STH505790,TF117234,Silver,3,6053.751487086664,0.02,12.0,72645.0
STH508298,TF124383,Gold,7,6053.449118428769,0.02,12.0,72641.0
STH501931,TF105667,Silver,7,6053.155755581576,0.02,12.0,72638.0
STH505691,TF116988,Gold,8,6053.083609898028,0.02,12.0,72637.0
STH501621,TF104760,Bronze,7,6053.116346535027,0.02,12.0,72637.0
STH500221,TF100609,Silver,5,6052.962767134323,0.02,12.0,72636.0
STH500981,TF102875,Silver,9,6052.955665268282,0.02,12.0,72635.0
STH500625,TF101770,Silver,9,6052.744386002904,0.02,12.0,72633.0
STH500654,TF101839,Silver,8,6052.650355502312,0.02,12.0,72632.0
STH503191,TF109283,Silver,6,6052.6702461657505,0.02,12.0,72632.0
STH507538,TF122245,Silver,7,6052.600404366181,0.02,12.0,72631.0
STH501658,TF104855,Bronze,9,6052.454406562431,0.02,12.0,72629.0
STH500281,TF100769,Gold,9,6052.354662881936,0.02,12.0,72628.0
STH508080,TF123776,Silver,6,6052.235530892435,0.02,12.0,72627.0
STH505021,TF114914,Gold,5,6051.5845108126205,0.02,12.0,72619.0
STH505796,TF117252,Gold,5,6051.5845108126205,0.02,12.0,72619.0
STH502607,TF107579,Silver,5,6051.497638994892,0.02,12.0,72618.0
STH503619,TF110583,Silver,8,6050.775926086048,0.02,12.0,72609.0
STH507831,TF123020,Silver,9,6050.483405117475,0.02,12.0,72606.0
STH505192,TF115418,Gold,6,6050.436886284517,0.02,12.0,72605.0
STH500229,TF100628,Gold,6,6050.196458580007,0.02,12.0,72602.0
STH500768,TF102237,Gold,8,6047.632964420461,0.02,12.0,72572.0
STH507931,TF123320,Gold,3,6045.600356971994,0.02,12.0,72547.0
STH507595,TF122366,Bronze,6,5997.401745659279,0.02,12.0,71969.0
STH508409,TF124721,Platinum,2,5996.220107988674,0.02,12.0,71955.0
STH500413,TF101146,Platinum,5,5993.893530692324,0.02,12.0,71927.0
STH505314,TF115792,Platinum,2,5992.949782822313,0.02,12.0,71915.0
STH501317,TF103871,Bronze,5,5992.605731224199,0.02,12.0,71911.0
STH501370,TF104017,Platinum,2,5992.288281754525,0.02,12.0,71907.0
STH508045,TF123671,Platinum,4,5991.491888790129,0.02,12.0,71898.0
STH503459,TF110125,Bronze,7,5991.147837192016,0.02,12.0,71894.0
STH500882,TF102577,Bronze,7,5990.858847794939,0.02,12.0,71890.0
STH500286,TF100781,Platinum,2,5989.819193904026,0.02,12.0,71878.0
STH500396,TF101104,Bronze,3,5989.442102224113,0.02,12.0,71873.0
STH505647,TF116852,Platinum,4,5989.367494038242,0.02,12.0,71872.0
STH501015,TF102987,Platinum,8,5988.9394504679985,0.02,12.0,71867.0
STH501710,TF105008,Platinum,8,5988.9394504679985,0.02,12.0,71867.0
STH504115,TF112058,Platinum,8,5988.5761007257615,0.02,12.0,71863.0
STH503927,TF111485,Silver,8,5987.342288603605,0.02,12.0,71848.0
STH508466,TF124905,Silver,8,5987.342288603605,0.02,12.0,71848.0
STH500164,TF100446,Gold,5,5987.055342066137,0.02,12.0,71845.0
STH508123,TF123878,Silver,4,5986.855202807337,0.02,12.0,71842.0
STH506829,TF120245,Silver,4,5986.717263447714,0.02,12.0,71841.0
STH507044,TF120831,Platinum,7,5986.761422059967,0.02,12.0,71841.0
STH506628,TF119664,Gold,6,5986.326395050046,0.02,12.0,71836.0
STH504731,TF113956,Platinum,4,5986.041287684119,0.02,12.0,71832.0
STH502296,TF106698,Platinum,9,5985.722758957782,0.02,12.0,71829.0
STH505454,TF116244,Platinum,2,5985.73818107821,0.02,12.0,71829.0
STH504760,TF114050,Silver,9,5985.06637098532,0.02,12.0,71821.0
STH501763,TF105170,Bronze,2,5984.52467539791,0.02,12.0,71814.0
STH503188,TF109280,Gold,9,5984.139554001769,0.02,12.0,71810.0
STH502813,TF108178,Silver,6,5983.695871844836,0.02,12.0,71804.0
STH504246,TF112469,Bronze,4,5983.150658611817,0.02,12.0,71798.0
STH501358,TF103973,Silver,3,5983.169535830596,0.02,12.0,71798.0
STH506153,TF118252,Platinum,7,5982.313748872397,0.02,12.0,71788.0
STH502228,TF106491,Platinum,7,5981.987140844909,0.02,12.0,71784.0
STH504457,TF113097,Platinum,5,5981.54809143983,0.02,12.0,71779.0
STH502020,TF105923,Bronze,2,5981.5487302939755,0.02,12.0,71779.0
STH504277,TF112551,Bronze,6,5981.553028331558,0.02,12.0,71779.0
STH504782,TF114125,Silver,2,5981.392214823608,0.02,12.0,71777.0
STH504761,TF114064,Platinum,8,5981.364498981658,0.02,12.0,71776.0
STH505041,TF114956,Bronze,6,5981.128693090914,0.02,12.0,71774.0
STH507874,TF123147,Bronze,2,5981.077345067782,0.02,12.0,71773.0
STH502512,TF107325,Bronze,5,5981.063326176017,0.02,12.0,71773.0
STH503865,TF111283,Bronze,2,5981.077345067782,0.02,12.0,71773.0
STH505359,TF115936,Gold,3,5981.040596643912,0.02,12.0,71772.0
STH502482,TF107248,Bronze,7,5980.824081315466,0.02,12.0,71770.0
STH506546,TF119438,Platinum,9,5980.635551965566,0.02,12.0,71768.0
STH501874,TF105511,Platinum,5,5980.398411948008,0.02,12.0,71765.0
STH501480,TF104325,Bronze,2,5980.344694251851,0.02,12.0,71764.0
STH506133,TF118191,Platinum,7,5979.9132809869925,0.02,12.0,71759.0
STH506656,TF119756,Platinum,7,5979.9132809869925,0.02,12.0,71759.0
STH501210,TF103568,Bronze,5,5979.291122677437,0.02,12.0,71751.0
STH500590,TF101669,Gold,6,5979.272964339857,0.02,12.0,71751.0
STH500694,TF101992,Silver,5,5978.998464735896,0.02,12.0,71748.0
STH502862,TF108321,Bronze,2,5978.766583551647,0.02,12.0,71745.0
STH500832,TF102426,Platinum,6,5978.558163538309,0.02,12.0,71743.0
STH500989,TF102891,Silver,5,5978.59034792327,0.02,12.0,71743.0
STH505486,TF116337,Bronze,5,5978.1578532035755,0.02,12.0,71738.0
STH504863,TF114402,Platinum,9,5978.091948469458,0.02,12.0,71737.0
STH501466,TF104273,Silver,7,5977.887215991223,0.02,12.0,71735.0
STH500960,TF102826,Silver,3,5977.672415137303,0.02,12.0,71732.0
STH505954,TF117726,Bronze,3,5977.618427791334,0.02,12.0,71731.0
STH504660,TF113699,Platinum,7,5977.52578935031,0.02,12.0,71730.0
STH500605,TF101707,Bronze,7,5977.4326099873215,0.02,12.0,71729.0
STH506335,TF118829,Bronze,7,5977.4326099873215,0.02,12.0,71729.0
STH503175,TF109240,Bronze,4,5977.308689519463,0.02,12.0,71728.0
STH504802,TF114182,Silver,4,5977.083204369284,0.02,12.0,71725.0
STH501041,TF103053,Bronze,8,5976.9365049512035,0.02,12.0,71723.0
STH507560,TF122294,Silver,4,5976.54284946328,0.02,12.0,71719.0
STH501637,TF104791,Bronze,9,5976.515070861143,0.02,12.0,71718.0
STH505995,TF117849,Bronze,2,5976.222980055539,0.02,12.0,71715.0
STH503754,TF110969,Bronze,6,5975.919765167092,0.02,12.0,71711.0
STH500130,TF100358,Platinum,7,5975.808663341297,0.02,12.0,71710.0
STH508159,TF124007,Silver,2,5975.7589516591415,0.02,12.0,71709.0
STH504732,TF113957,Silver,2,5975.689981979329,0.02,12.0,71708.0
STH500047,TF100155,Platinum,9,5975.548344973349,0.02,12.0,71707.0
STH505189,TF115408,Silver,6,5975.485574089026,0.02,12.0,71706.0
STH502814,TF108179,Bronze,6,5975.431586743058,0.02,12.0,71705.0
STH505347,TF115905,Bronze,6,5975.431586743058,0.02,12.0,71705.0
STH503593,TF110503,Silver,3,5975.374853042109,0.02,12.0,71704.0
STH506674,TF119799,Silver,2,5975.270773235107,0.02,12.0,71703.0
STH502564,TF107455,Platinum,7,5975.1318095892675,0.02,12.0,71702.0
STH503256,TF109469,Silver,6,5975.084955431095,0.02,12.0,71701.0
STH501195,TF103525,Bronze,4,5974.765086023354,0.02,12.0,71697.0
STH503344,TF109736,Silver,2,5974.609272167319,0.02,12.0,71695.0
STH505174,TF115365,Bronze,8,5974.392901455095,0.02,12.0,71693.0
STH500195,TF100517,Bronze,2,5974.294402411493,0.02,12.0,71692.0
STH505022,TF114917,Gold,4,5974.069061877536,0.02,12.0,71689.0
STH508010,TF123568,Platinum,6,5974.036201767449,0.02,12.0,71688.0
STH506635,TF119695,Bronze,5,5973.935535120668,0.02,12.0,71687.0
STH503570,TF110444,Silver,5,5973.503140931053,0.02,12.0,71682.0
STH504912,TF114539,Bronze,2,5973.409199106429,0.02,12.0,71681.0
STH506098,TF118129,Bronze,2,5973.409199106429,0.02,12.0,71681.0
STH505731,TF117082,Silver,5,5973.447281929069,0.02,12.0,71681.0
STH506869,TF120349,Bronze,6,5973.307191991171,0.02,12.0,71680.0
STH503057,TF108899,Bronze,9,5973.244745694782,0.02,12.0,71679.0
STH507092,TF120972,Bronze,7,5973.000172267961,0.02,12.0,71676.0
STH502010,TF105891,Bronze,3,5972.950429543339,0.02,12.0,71675.0
STH502758,TF108007,Bronze,3,5972.950429543339,0.02,12.0,71675.0
STH507226,TF121366,Bronze,2,5972.918624831128,0.02,12.0,71675.0
STH506119,TF118168,Silver,2,5972.727147553221,0.02,12.0,71673.0
STH506998,TF120691,Silver,6,5972.718334912977,0.02,12.0,71673.0
STH506396,TF119007,Platinum,8,5972.578307735265,0.02,12.0,71671.0
STH500282,TF100772,Bronze,4,5972.292161666829,0.02,12.0,71668.0
STH507733,TF122748,Platinum,6,5972.25364657447,0.02,12.0,71667.0
STH503368,TF109810,Bronze,7,5972.270732049048,0.02,12.0,71667.0
STH503384,TF109855,Bronze,4,5972.221482527247,0.02,12.0,71667.0
STH502681,TF107786,Bronze,3,5972.167826685324,0.02,12.0,71666.0
STH504477,TF113153,Gold,2,5972.135484581576,0.02,12.0,71666.0
STH508308,TF124411,Bronze,8,5971.849297958986,0.02,12.0,71662.0
STH502170,TF106339,Silver,8,5971.730117961649,0.02,12.0,71661.0
STH501507,TF104401,Silver,4,5971.587880564442,0.02,12.0,71659.0
STH507770,TF122840,Bronze,5,5971.467645195802,0.02,12.0,71658.0
STH501719,TF105030,Silver,3,5971.411237300729,0.02,12.0,71657.0
STH507494,TF122113,Bronze,2,5971.393505358648,0.02,12.0,71657.0
STH501249,TF103691,Silver,4,5971.269253521037,0.02,12.0,71655.0
STH502750,TF107984,Gold,3,5971.161250427835,0.02,12.0,71654.0
STH504877,TF114443,Bronze,9,5971.120350942895,0.02,12.0,71653.0
STH503542,TF110365,Bronze,9,5971.120350942895,0.02,12.0,71653.0
STH506434,TF119102,Silver,7,5970.964537086859,0.02,12.0,71652.0
STH503567,TF110436,Bronze,8,5970.8431037925875,0.02,12.0,71650.0
STH506062,TF118045,Silver,5,5970.858933548349,0.02,12.0,71650.0
STH504971,TF114751,Bronze,5,5970.758279396715,0.02,12.0,71649.0
STH502161,TF106322,Bronze,6,5970.763588495063,0.02,12.0,71649.0
STH505327,TF115825,Bronze,4,5970.628302938668,0.02,12.0,71648.0
STH506461,TF119196,Silver,9,5970.656322546498,0.02,12.0,71648.0
STH507725,TF122734,Bronze,7,5970.649667331033,0.02,12.0,71648.0
STH505034,TF114944,Gold,5,5970.610144601088,0.02,12.0,71647.0
STH507355,TF121718,Silver,5,5970.540306504945,0.02,12.0,71646.0
STH504376,TF112877,Silver,9,5970.531493864701,0.02,12.0,71646.0
STH504850,TF114336,Gold,9,5970.424326797076,0.02,12.0,71645.0
STH504520,TF113307,Silver,6,5970.230590418852,0.02,12.0,71643.0
STH504253,TF112485,Silver,9,5970.168144122464,0.02,12.0,71642.0
STH505355,TF115926,Silver,9,5970.168144122464,0.02,12.0,71642.0
STH501119,TF103270,Bronze,6,5970.029332380623,0.02,12.0,71640.0
STH507497,TF122119,Bronze,3,5969.967075027821,0.02,12.0,71640.0
STH506813,TF120201,Bronze,5,5969.8993559225755,0.02,12.0,71639.0
STH501440,TF104212,Gold,3,5969.943643881385,0.02,12.0,71639.0
STH507445,TF121968,Silver,5,5969.953343268545,0.02,12.0,71639.0
STH505883,TF117492,Silver,5,5969.953343268545,0.02,12.0,71639.0
STH506159,TF118266,Gold,3,5969.84303999479,0.02,12.0,71638.0
STH506307,TF118729,Silver,4,5969.759906806991,0.02,12.0,71637.0
STH502162,TF106324,Silver,3,5969.603650518018,0.02,12.0,71635.0
STH505098,TF115127,Gold,7,5969.5156003111415,0.02,12.0,71634.0
STH508218,TF124145,Silver,7,5969.401039516166,0.02,12.0,71633.0
STH508245,TF124232,Silver,4,5969.215560094511,0.02,12.0,71631.0
STH505792,TF117240,Bronze,4,5969.238128011729,0.02,12.0,71631.0
STH503850,TF111247,Silver,8,5969.19462367955,0.02,12.0,71630.0
STH500519,TF101478,Bronze,9,5969.1917732988495,0.02,12.0,71630.0
STH501801,TF105270,Silver,4,5969.144880954928,0.02,12.0,71630.0
STH506912,TF120451,Silver,4,5969.119990639576,0.02,12.0,71629.0
STH507904,TF123247,Silver,2,5969.009595398533,0.02,12.0,71628.0
STH507240,TF121394,Silver,4,5968.874703501926,0.02,12.0,71626.0
STH505529,TF116459,Gold,2,5968.744013253431,0.02,12.0,71625.0
STH501650,TF104826,Bronze,2,5968.592169567214,0.02,12.0,71623.0
STH500610,TF101723,Silver,7,5968.495449236361,0.02,12.0,71622.0
STH504646,TF113660,Gold,5,5968.385145962606,0.02,12.0,71621.0
STH500578,TF101636,Bronze,3,5968.406007173697,0.02,12.0,71621.0
STH505146,TF115263,Bronze,7,5968.441461890392,0.02,12.0,71621.0
STH503625,TF110596,Silver,8,5968.353465456669,0.02,12.0,71620.0
STH508050,TF123679,Silver,2,5968.31690378633,0.02,12.0,71620.0
STH502728,TF107911,Bronze,3,5968.233149160835,0.02,12.0,71619.0
STH506663,TF119773,Bronze,3,5968.233149160835,0.02,12.0,71619.0
STH502416,TF107033,Gold,2,5968.128987401369,0.02,12.0,71618.0
STH507048,TF120843,Silver,2,5968.059171491004,0.02,12.0,71617.0
STH504402,TF112942,Bronze,9,5967.794144588772,0.02,12.0,71614.0
STH508246,TF124233,Bronze,8,5967.7125148743,0.02,12.0,71613.0
STH503435,TF110045,Gold,3,5967.129862932275,0.02,12.0,71606.0
STH505630,TF116810,Bronze,2,5967.082822853167,0.02,12.0,71605.0
STH505826,TF117322,Gold,7,5967.027855817017,0.02,12.0,71604.0
STH502077,TF106078,Silver,3,5966.890473455503,0.02,12.0,71603.0
STH500154,TF100426,Gold,7,5966.927251930422,0.02,12.0,71603.0
STH507313,TF121597,Silver,6,5966.90438406473,0.02,12.0,71603.0
STH501037,TF103043,Silver,4,5966.859009754146,0.02,12.0,71602.0
STH502434,TF107108,Silver,8,5966.844118742623,0.02,12.0,71602.0
STH500564,TF101590,Bronze,5,5966.775255128651,0.02,12.0,71601.0
STH502877,TF108354,Bronze,8,5966.76209096677,0.02,12.0,71601.0
STH507842,TF123051,Gold,3,5966.665784270836,0.02,12.0,71600.0
STH500587,TF101661,Gold,6,5966.644458814317,0.02,12.0,71600.0
STH501458,TF104251,Gold,4,5966.671093369185,0.02,12.0,71600.0
STH502092,TF106131,Bronze,2,5966.568116415883,0.02,12.0,71599.0
STH503998,TF111715,Silver,4,5966.60127745882,0.02,12.0,71599.0
STH503112,TF109044,Gold,3,5966.617437527262,0.02,12.0,71599.0
STH504818,TF114229,Bronze,8,5966.529248986797,0.02,12.0,71598.0
STH505255,TF115630,Gold,7,5966.365775625646,0.02,12.0,71596.0
STH505463,TF116269,Bronze,3,5966.353875837076,0.02,12.0,71596.0
STH502145,TF106284,Silver,8,5966.299772030143,0.02,12.0,71596.0
STH503545,TF110375,Bronze,7,5966.345063196833,0.02,12.0,71596.0
STH501074,TF103141,Silver,8,5966.22909289056,0.02,12.0,71595.0
STH503392,TF109894,Gold,8,5966.19830491433,0.02,12.0,71594.0
STH500167,TF100458,Silver,4,5966.16152643941,0.02,12.0,71594.0
STH506840,TF120267,Silver,4,5966.16152643941,0.02,12.0,71594.0
STH503445,TF110073,Silver,4,5966.16152643941,0.02,12.0,71594.0
STH504062,TF111907,Bronze,6,5966.046308112559,0.02,12.0,71593.0
STH505060,TF115016,Silver,9,5966.115171726531,0.02,12.0,71593.0
STH507557,TF122287,Gold,7,5966.021661650618,0.02,12.0,71592.0
STH506406,TF119031,Silver,2,5965.879006480246,0.02,12.0,71591.0
STH501338,TF103929,Bronze,5,5965.796003933121,0.02,12.0,71590.0
STH508047,TF123674,Silver,9,5965.570825014051,0.02,12.0,71587.0
STH500351,TF100962,Silver,2,5965.515567994896,0.02,12.0,71586.0
STH505892,TF117519,Silver,9,5965.500145874469,0.02,12.0,71586.0
STH503450,TF110089,Gold,5,5965.207890238653,0.02,12.0,71582.0
STH504451,TF113081,Silver,6,5965.143383426636,0.02,12.0,71582.0
STH500083,TF100251,Bronze,4,5965.1102223837,0.02,12.0,71581.0
STH501936,TF105681,Bronze,9,5964.887169164648,0.02,12.0,71579.0
STH505638,TF116830,Bronze,5,5964.895981804892,0.02,12.0,71579.0
STH507395,TF121838,Silver,2,5964.906243409079,0.02,12.0,71579.0
STH508296,TF124377,Gold,3,5964.856436889168,0.02,12.0,71578.0
STH503862,TF111278,Bronze,8,5964.758842376667,0.02,12.0,71577.0
STH507541,TF122250,Bronze,2,5964.61056270236,0.02,12.0,71575.0
STH500020,TF100048,Bronze,8,5964.581925956013,0.02,12.0,71575.0
STH507442,TF121962,Silver,7,5964.5555994284705,0.02,12.0,71575.0
STH501418,TF104152,Bronze,3,5964.54072090279,0.02,12.0,71574.0
STH503591,TF110497,Silver,7,5964.414436410544,0.02,12.0,71573.0
STH506525,TF119382,Gold,3,5964.416685869759,0.02,12.0,71573.0
STH506459,TF119176,Silver,4,5964.427600572425,0.02,12.0,71573.0
STH506471,TF119232,Silver,3,5964.177296392987,0.02,12.0,71570.0
STH506400,TF119016,Gold,5,5963.656275152311,0.02,12.0,71564.0
STH503327,TF109687,Silver,5,5963.69216543197,0.02,12.0,71564.0
STH503165,TF109206,Gold,5,5963.618845731632,0.02,12.0,71563.0
STH504118,TF112064,Bronze,8,5963.609162884845,0.02,12.0,71563.0
STH506395,TF119001,Gold,5,5963.292237704144,0.02,12.0,71560.0
STH501154,TF103392,Bronze,7,5963.34823721787,0.02,12.0,71560.0
STH508395,TF124672,Silver,7,5963.268461624514,0.02,12.0,71559.0
STH507905,TF123248,Bronze,7,5963.22680850733,0.02,12.0,71559.0
STH507064,TF120883,Gold,9,5963.0263582887255,0.02,12.0,71556.0
STH500932,TF102722,Gold,8,5963.021049190376,0.02,12.0,71556.0
STH503758,TF110976,Bronze,7,5962.923381335423,0.02,12.0,71555.0
STH504821,TF114238,Gold,9,5962.756180835723,0.02,12.0,71553.0
STH501735,TF105079,Silver,5,5962.719402360803,0.02,12.0,71553.0
STH505384,TF116015,Silver,2,5962.748417561958,0.02,12.0,71553.0
STH505203,TF115456,Gold,3,5962.682760002773,0.02,12.0,71552.0
STH503851,TF111250,Silver,4,5962.548327248665,0.02,12.0,71551.0
STH506901,TF120425,Silver,9,5962.516791358951,0.02,12.0,71550.0
STH505771,TF117182,Bronze,8,5962.497861491238,0.02,12.0,71550.0
STH506284,TF118670,Silver,8,5962.539514608422,0.02,12.0,71550.0
STH503100,TF109023,Silver,7,5962.41361753701,0.02,12.0,71549.0
STH500422,TF101183,Silver,7,5962.41361753701,0.02,12.0,71549.0
STH506670,TF119794,Silver,7,5962.240759524148,0.02,12.0,71547.0
STH505450,TF116233,Silver,7,5962.240759524148,0.02,12.0,71547.0
STH501433,TF104193,Gold,8,5962.162125716238,0.02,12.0,71546.0
STH502924,TF108477,Bronze,8,5962.194434319332,0.02,12.0,71546.0
STH501948,TF105718,Bronze,6,5961.935202342502,0.02,12.0,71543.0
STH500405,TF101126,Silver,5,5961.819380232573,0.02,12.0,71542.0
STH507156,TF121149,Bronze,8,5961.674883974553,0.02,12.0,71540.0
STH507468,TF122037,Silver,8,5961.511812508057,0.02,12.0,71538.0
STH503977,TF111648,Silver,8,5961.511812508057,0.02,12.0,71538.0
STH503774,TF111026,Gold,9,5961.433178700146,0.02,12.0,71537.0
STH503879,TF111343,Bronze,6,5961.258348590472,0.02,12.0,71535.0
STH506678,TF119807,Silver,8,5961.281533403305,0.028999999999999998,12.0,71535.0
STH504285,TF112564,Silver,7,5961.261508328619,0.02,12.0,71535.0
STH506484,TF119269,Gold,8,5961.211701808708,0.02,12.0,71535.0
STH507254,TF121432,Silver,8,5961.141885898343,0.02,12.0,71534.0
STH500173,TF100475,Silver,3,5961.045441818459,0.02,12.0,71533.0
STH503444,TF110072,Gold,4,5960.974561791151,0.02,12.0,71532.0
STH501727,TF105053,Bronze,2,5960.9613590788895,0.02,12.0,71532.0
STH507520,TF122187,Silver,6,5960.879153951103,0.02,12.0,71531.0
STH500599,TF101687,Silver,9,5960.782865491965,0.02,12.0,71529.0
STH505964,TF117766,Silver,9,5960.552586387213,0.02,12.0,71527.0
STH507272,TF121487,Silver,8,5960.532561312527,0.02,12.0,71526.0
STH503888,TF111380,Silver,8,5960.532561312527,0.02,12.0,71526.0
STH502851,TF108288,Silver,7,5960.271635645551,0.02,12.0,71523.0
STH501485,TF104339,Bronze,6,5960.0020781595595,0.02,12.0,71520.0
STH501491,TF104351,Gold,7,5959.939829951267,0.02,12.0,71519.0
STH507427,TF121926,Silver,3,5959.699413986587,0.02,12.0,71516.0
STH503941,TF111536,Gold,4,5959.559833225638,0.02,12.0,71515.0
STH502360,TF106888,Gold,6,5959.516667758968,0.02,12.0,71514.0
STH508441,TF124813,Silver,5,5959.400111309489,0.02,12.0,71513.0
STH503438,TF110050,Gold,8,5959.0380249223135,0.02,12.0,71508.0
STH505299,TF115734,Silver,9,5958.692312902827,0.02,12.0,71504.0
STH503094,TF109000,Silver,9,5958.692312902827,0.02,12.0,71504.0
STH503110,TF109039,Gold,6,5958.5267950759,0.02,12.0,71502.0
STH503687,TF110780,Gold,6,5957.582388848676,0.02,12.0,71491.0
STH502829,TF108239,Silver,7,5957.452800002062,0.02,12.0,71489.0
STH502442,TF107133,Silver,9,5957.09043723392,0.02,12.0,71485.0
STH507949,TF123364,Gold,8,5957.068901043715,0.02,12.0,71485.0
STH507358,TF121729,Silver,9,5956.431332017398,0.02,12.0,71477.0
STH504399,TF112933,Silver,4,5956.032531019448,0.02,12.0,71472.0
STH501602,TF104693,Bronze,6,5955.509256668123,0.02,12.0,71466.0
STH506490,TF119287,Gold,9,5955.172000863571,0.02,12.0,71462.0
STH507766,TF122827,Gold,7,5954.979012416318,0.02,12.0,71460.0
STH507677,TF122623,Gold,8,5953.580891320384,0.02,12.0,71443.0
STH501484,TF104336,Gold,9,5952.851944304292,0.02,12.0,71434.0
STH504504,TF113265,Gold,9,5951.696563546224,0.02,12.0,71420.0
STH501407,TF104128,Bronze,2,5900.7404991724,0.02,12.0,70809.0
STH504473,TF113148,Platinum,8,5900.70132821617,0.02,12.0,70808.0
STH504290,TF112576,Platinum,5,5899.841457592248,0.02,12.0,70798.0
STH507603,TF122386,Platinum,5,5899.440838934317,0.02,12.0,70793.0
STH505270,TF115665,Bronze,4,5899.282605140215,0.02,12.0,70791.0
STH507359,TF121734,Platinum,2,5899.08835013591,0.02,12.0,70789.0
STH500649,TF101822,Platinum,3,5898.656941130179,0.02,12.0,70784.0
STH500353,TF100967,Bronze,5,5897.76140525051,0.02,12.0,70773.0
STH507118,TF121043,Platinum,2,5895.76712080395,0.02,12.0,70749.0
STH500972,TF102857,Bronze,9,5895.637870059755,0.02,12.0,70748.0
STH506827,TF120233,Bronze,9,5895.637870059755,0.02,12.0,70748.0
STH505946,TF117702,Silver,5,5895.477056551805,0.02,12.0,70746.0
STH500149,TF100412,Platinum,4,5894.896190008167,0.02,12.0,70739.0
STH500134,TF100369,Silver,8,5893.290215503529,0.02,12.0,70719.0
STH504336,TF112724,Gold,6,5892.27432194997,0.02,12.0,70707.0
STH500729,TF102115,Platinum,6,5891.384602549456,0.02,12.0,70697.0
STH505198,TF115443,Bronze,7,5890.163479543535,0.02,12.0,70682.0
STH500447,TF101282,Gold,9,5890.087480901693,0.02,12.0,70681.0
STH505625,TF116789,Bronze,2,5889.9924080552055,0.02,12.0,70680.0
STH505071,TF115039,Platinum,8,5889.926708517272,0.02,12.0,70679.0
STH506219,TF118461,Bronze,3,5889.687796279758,0.02,12.0,70676.0
STH505336,TF115876,Platinum,2,5889.505942967376,0.02,12.0,70674.0
STH508147,TF123964,Platinum,6,5888.990622788413,0.02,12.0,70668.0
STH504046,TF111873,Platinum,3,5888.413557465933,0.02,12.0,70661.0
STH502030,TF105954,Platinum,7,5888.261675772321,0.02,12.0,70659.0
STH505855,TF117402,Bronze,5,5887.6148763955125,0.02,12.0,70651.0
STH507586,TF122352,Platinum,8,5887.3124258815815,0.02,12.0,70648.0
STH506964,TF120590,Platinum,8,5887.079583901608,0.02,12.0,70645.0
STH507908,TF123256,Bronze,3,5886.296324951613,0.02,12.0,70636.0
STH501091,TF103197,Platinum,9,5886.143727846081,0.02,12.0,70634.0
STH504225,TF112371,Silver,9,5885.628983939033,0.02,12.0,70628.0
STH504831,TF114267,Bronze,5,5885.3787858254345,0.02,12.0,70625.0
STH505783,TF117205,Bronze,9,5885.314114183207,0.02,12.0,70624.0
STH507343,TF121684,Bronze,2,5884.714510451571,0.02,12.0,70617.0
STH503974,TF111636,Silver,4,5884.6635985197145,0.02,12.0,70616.0
STH502716,TF107886,Bronze,2,5884.658651449587,0.02,12.0,70616.0
STH503397,TF109917,Silver,4,5884.6635985197145,0.02,12.0,70616.0
STH501834,TF105374,Silver,2,5884.349289053318,0.02,12.0,70612.0
STH505260,TF115639,Gold,3,5884.137407121696,0.02,12.0,70610.0
STH507147,TF121132,Silver,6,5884.000018418519,0.02,12.0,70608.0
STH500767,TF102234,Silver,5,5883.934651503622,0.02,12.0,70607.0
STH501258,TF103715,Silver,5,5883.934651503622,0.02,12.0,70607.0
STH501598,TF104677,Bronze,7,5883.781155545177,0.02,12.0,70605.0
STH501684,TF104928,Bronze,7,5883.781155545177,0.02,12.0,70605.0
STH501436,TF104201,Bronze,3,5883.756995104931,0.02,12.0,70605.0
STH506362,TF118911,Gold,2,5883.647704966155,0.02,12.0,70604.0
STH503201,TF109311,Gold,2,5883.647704966155,0.02,12.0,70604.0
STH500979,TF102868,Platinum,6,5883.45956598472,0.02,12.0,70602.0
STH503724,TF110875,Silver,3,5883.219723379295,0.02,12.0,70599.0
STH507311,TF121590,Bronze,8,5883.191944777159,0.02,12.0,70598.0
STH501021,TF103001,Bronze,8,5883.052208529085,0.02,12.0,70597.0
STH502738,TF107948,Gold,5,5882.735372091496,0.02,12.0,70593.0
STH506816,TF120204,Silver,8,5882.759550587544,0.02,12.0,70593.0
STH507126,TF121062,Bronze,5,5882.299101072747,0.02,12.0,70588.0
STH503903,TF111420,Gold,5,5882.255177848868,0.02,12.0,70587.0
STH503510,TF110284,Bronze,2,5882.170906955463,0.02,12.0,70586.0
STH507681,TF122628,Bronze,5,5882.108460659074,0.02,12.0,70585.0
STH500820,TF102363,Bronze,9,5881.922642855062,0.02,12.0,70583.0
STH500025,TF100061,Platinum,5,5881.868456441533,0.02,12.0,70582.0
STH507174,TF121215,Bronze,3,5881.863887232253,0.02,12.0,70582.0
STH504003,TF111744,Platinum,7,5881.756590241221,0.02,12.0,70581.0
STH506487,TF119277,Silver,6,5881.504267557213,0.02,12.0,70578.0
STH506413,TF119044,Platinum,9,5881.496271873273,0.02,12.0,70578.0
STH506705,TF119876,Bronze,3,5881.4419599393705,0.02,12.0,70577.0
STH505684,TF116975,Bronze,3,5881.341356052776,0.02,12.0,70576.0
STH500468,TF101342,Bronze,3,5881.341356052776,0.02,12.0,70576.0
STH506625,TF119657,Silver,2,5881.218700135031,0.02,12.0,70575.0
STH503115,TF109051,Gold,3,5881.286290699557,0.02,12.0,70575.0
STH503787,TF111082,Bronze,2,5881.058562936671,0.02,12.0,70573.0
STH503894,TF111395,Bronze,3,5881.022729009372,0.02,12.0,70572.0
STH505654,TF116883,Silver,6,5881.032882331019,0.02,12.0,70572.0
STH504350,TF112768,Bronze,7,5881.013916369127,0.02,12.0,70572.0
STH508415,TF124736,Gold,7,5880.797283816683,0.02,12.0,70570.0
STH502381,TF106926,Silver,3,5880.853102861177,0.02,12.0,70570.0
STH505292,TF115721,Silver,7,5880.844290220933,0.02,12.0,70570.0
STH506425,TF119070,Bronze,4,5880.713012923278,0.02,12.0,70569.0
STH506263,TF118598,Gold,8,5880.492672041237,0.02,12.0,70566.0
STH502108,TF106183,Gold,4,5880.488374003653,0.02,12.0,70566.0
STH504239,TF112440,Platinum,8,5880.352500247303,0.02,12.0,70564.0
STH502695,TF107835,Gold,5,5879.8283966673725,0.02,12.0,70558.0
STH500460,TF101313,Silver,4,5879.760806102848,0.02,12.0,70557.0
STH502931,TF108494,Bronze,2,5879.627303459355,0.02,12.0,70556.0
STH507201,TF121301,Gold,5,5879.688660419299,0.02,12.0,70556.0
STH500746,TF102164,Silver,5,5879.520037510789,0.02,12.0,70554.0
STH507819,TF122985,Bronze,2,5879.357126006353,0.02,12.0,70552.0
STH508408,TF124710,Bronze,8,5879.26011854301,0.02,12.0,70551.0
STH501157,TF103407,Bronze,6,5879.1545150045,0.02,12.0,70550.0
STH502894,TF108392,Gold,2,5879.108262291525,0.02,12.0,70549.0
STH507650,TF122520,Silver,2,5878.99370149655,0.02,12.0,70548.0
STH500724,TF102109,Silver,5,5879.0318590867555,0.02,12.0,70548.0
STH505787,TF117220,Bronze,5,5878.977871740787,0.02,12.0,70548.0
STH500836,TF102437,Bronze,3,5878.898356443263,0.02,12.0,70547.0
STH502876,TF108352,Bronze,6,5878.835887961096,0.02,12.0,70546.0
STH502970,TF108613,Silver,3,5878.787285659934,0.02,12.0,70545.0
STH508113,TF123854,Bronze,3,5878.6281789902605,0.02,12.0,70544.0
STH507703,TF122681,Bronze,3,5878.6281789902605,0.02,12.0,70544.0
STH501288,TF103799,Bronze,3,5878.6281789902605,0.02,12.0,70544.0
STH502682,TF107789,Bronze,3,5878.6281789902605,0.02,12.0,70544.0
STH507898,TF123234,Gold,5,5878.5553909454375,0.02,12.0,70543.0
STH508428,TF124776,Bronze,9,5878.531171526918,0.02,12.0,70542.0
STH503218,TF109366,Silver,6,5878.302912070663,0.02,12.0,70540.0
STH507215,TF121329,Silver,6,5878.302912070663,0.02,12.0,70540.0
STH507368,TF121761,Bronze,4,5878.240088566753,0.02,12.0,70539.0
STH500472,TF101348,Bronze,4,5878.240088566753,0.02,12.0,70539.0
STH503627,TF110599,Bronze,6,5878.142774872303,0.02,12.0,70538.0
STH507873,TF123143,Silver,2,5878.088111216744,0.02,12.0,70537.0
STH502124,TF106222,Bronze,5,5878.055488263141,0.02,12.0,70537.0
STH506536,TF119411,Silver,7,5877.937314796809,0.02,12.0,70535.0
STH501740,TF105095,Bronze,4,5877.899231974168,0.02,12.0,70535.0
STH502394,TF106972,Silver,3,5877.946127437053,0.02,12.0,70535.0
STH503342,TF109728,Silver,7,5877.937314796809,0.02,12.0,70535.0
STH507269,TF121474,Gold,6,5877.826443929345,0.02,12.0,70534.0
STH502532,TF107368,Silver,4,5877.63641135096,0.02,12.0,70532.0
STH506723,TF119929,Bronze,7,5877.519977708604,0.02,12.0,70530.0
STH502301,TF106707,Bronze,7,5877.519977708604,0.02,12.0,70530.0
STH507199,TF121298,Bronze,5,5877.415572095726,0.02,12.0,70529.0
STH504074,TF111947,Bronze,4,5877.43515331273,0.02,12.0,70529.0
STH500146,TF100399,Bronze,2,5877.304002837894,0.02,12.0,70528.0
STH503196,TF109294,Bronze,2,5877.304002837894,0.02,12.0,70528.0
STH502159,TF106320,Gold,4,5877.287018517104,0.02,12.0,70527.0
STH502509,TF107321,Bronze,5,5877.170284958076,0.02,12.0,70526.0
STH507029,TF120786,Bronze,9,5877.068277842819,0.02,12.0,70525.0
STH507317,TF121611,Gold,2,5877.042445090283,0.02,12.0,70525.0
STH500126,TF100343,Gold,5,5877.046249925045,0.02,12.0,70525.0
STH505938,TF117681,Gold,9,5876.912608603005,0.02,12.0,70523.0
STH503647,TF110668,Silver,7,5876.912463986783,0.02,12.0,70523.0
STH502411,TF107028,Gold,9,5876.912608603005,0.02,12.0,70523.0
STH508051,TF123681,Silver,5,5876.907464334869,0.02,12.0,70523.0
STH500401,TF101114,Silver,5,5876.806860448273,0.02,12.0,70522.0
STH500477,TF101377,Bronze,6,5876.711515394987,0.02,12.0,70521.0
STH506083,TF118100,Bronze,9,5876.760764916788,0.02,12.0,70521.0
STH503012,TF108745,Silver,2,5876.550701887037,0.02,12.0,70519.0
STH500034,TF100098,Silver,2,5876.621381026618,0.02,12.0,70519.0
STH506977,TF120632,Bronze,7,5876.597594230957,0.02,12.0,70519.0
STH501380,TF104045,Silver,5,5876.488233404869,0.02,12.0,70518.0
STH504217,TF112354,Bronze,6,5876.441337941985,0.02,12.0,70517.0
STH502959,TF108578,Bronze,6,5876.441337941985,0.02,12.0,70517.0
STH502298,TF106702,Silver,2,5876.280524434034,0.02,12.0,70515.0
STH504969,TF114741,Silver,2,5876.280524434034,0.02,12.0,70515.0
STH505235,TF115557,Silver,6,5876.077913432182,0.02,12.0,70513.0
STH500439,TF101243,Silver,5,5875.901270168469,0.02,12.0,70511.0
STH506182,TF118329,Bronze,8,5875.868647214866,0.02,12.0,70510.0
STH505353,TF115919,Silver,3,5875.551577417942,0.02,12.0,70507.0
STH501237,TF103640,Silver,6,5875.516437127406,0.02,12.0,70506.0
STH505615,TF116746,Silver,7,5875.34896641609,0.02,12.0,70504.0
STH507784,TF122881,Bronze,7,5875.248312264454,0.02,12.0,70503.0
STH506172,TF118303,Bronze,3,5875.208778161124,0.02,12.0,70503.0
STH506105,TF118143,Gold,7,5875.290817882501,0.02,12.0,70503.0
STH507138,TF121097,Silver,4,5875.163486994435,0.02,12.0,70502.0
STH506297,TF118688,Bronze,9,5875.139700198773,0.02,12.0,70502.0
STH501116,TF103263,Silver,8,5875.142550579474,0.02,12.0,70502.0
STH503467,TF110142,Silver,6,5875.1723231523765,0.02,12.0,70502.0
STH502719,TF107892,Silver,4,5875.092807854852,0.02,12.0,70501.0
STH501201,TF103542,Bronze,5,5875.117161789618,0.02,12.0,70501.0
STH507285,TF121505,Silver,2,5874.957522298457,0.02,12.0,70499.0
STH502566,TF107462,Gold,4,5874.7433928352175,0.02,12.0,70497.0
STH502902,TF108410,Bronze,9,5874.595353486293,0.02,12.0,70495.0
STH500132,TF100365,Silver,8,5874.620019399998,0.02,12.0,70495.0
STH506566,TF119492,Bronze,6,5874.388214773526,0.02,12.0,70493.0
STH500583,TF101645,Bronze,6,5874.388214773526,0.02,12.0,70493.0
STH503920,TF111472,Gold,2,5874.1475934408745,0.02,12.0,70490.0
STH504088,TF111977,Gold,2,5874.1475934408745,0.02,12.0,70490.0
STH505577,TF116617,Bronze,6,5874.167911898879,0.02,12.0,70490.0
STH507864,TF123118,Gold,4,5874.050279746424,0.02,12.0,70489.0
STH501410,TF104135,Bronze,6,5873.728160879469,0.02,12.0,70485.0
STH508340,TF124502,Bronze,9,5873.742071488696,0.02,12.0,70485.0
STH501248,TF103685,Silver,8,5873.714429120193,0.02,12.0,70485.0
STH504406,TF112959,Gold,9,5873.642283436644,0.02,12.0,70484.0
STH503305,TF109619,Silver,6,5873.70559296225,0.02,12.0,70484.0
STH505059,TF115013,Silver,6,5873.70559296225,0.02,12.0,70484.0
STH501078,TF103154,Silver,5,5873.581257980745,0.02,12.0,70483.0
STH506243,TF118536,Silver,4,5873.499628266273,0.02,12.0,70482.0
STH501653,TF104839,Gold,6,5873.042649541662,0.02,12.0,70477.0
STH501476,TF104305,Bronze,9,5872.9314947581315,0.02,12.0,70475.0
STH500561,TF101584,Bronze,8,5872.930320741342,0.02,12.0,70475.0
STH507036,TF120818,Silver,8,5872.792045642547,0.02,12.0,70474.0
STH502770,TF108043,Bronze,5,5872.723182028575,0.02,12.0,70473.0
STH502193,TF106398,Silver,5,5872.770681250181,0.02,12.0,70473.0
STH500366,TF101021,Gold,3,5872.565364427186,0.02,12.0,70471.0
STH500190,TF100507,Gold,3,5872.565364427186,0.02,12.0,70471.0
STH506202,TF118397,Bronze,8,5872.270266847285,0.02,12.0,70467.0
STH503292,TF109587,Bronze,6,5872.164663308775,0.02,12.0,70466.0
STH505475,TF116305,Gold,8,5872.167891105367,0.02,12.0,70466.0
STH507360,TF121743,Bronze,3,5872.090523471622,0.02,12.0,70465.0
STH504282,TF112560,Silver,2,5872.003849800824,0.02,12.0,70464.0
STH500135,TF100370,Gold,5,5871.890073253017,0.02,12.0,70463.0
STH501009,TF102970,Gold,8,5871.82760477085,0.02,12.0,70462.0
STH508311,TF124417,Gold,2,5871.753613679832,0.02,12.0,70461.0
STH503411,TF109961,Silver,8,5871.3944169324695,0.02,12.0,70457.0
STH504864,TF114403,Silver,6,5871.349042621886,0.02,12.0,70456.0
STH507218,TF121339,Bronze,7,5871.297776933059,0.02,12.0,70456.0
STH503289,TF109576,Bronze,7,5871.265287996391,0.02,12.0,70455.0
STH501274,TF103766,Gold,6,5871.161126236925,0.02,12.0,70454.0
STH500580,TF101640,Bronze,4,5871.058149283624,0.02,12.0,70453.0
STH507678,TF122624,Gold,9,5871.098657754757,0.02,12.0,70453.0
STH504176,TF112233,Gold,6,5870.890948783923,0.02,12.0,70451.0
STH506572,TF119511,Silver,2,5870.854170309003,0.02,12.0,70450.0
STH507837,TF123033,Silver,3,5870.734547878727,0.02,12.0,70449.0
STH505596,TF116675,Silver,4,5870.545955768641,0.02,12.0,70447.0
STH503264,TF109493,Bronze,8,5870.529852855937,0.02,12.0,70446.0
STH508303,TF124403,Bronze,3,5870.069970290701,0.02,12.0,70441.0
STH500305,TF100845,Bronze,6,5870.025111133886,0.02,12.0,70440.0
STH500470,TF101346,Gold,7,5869.649576362818,0.02,12.0,70436.0
STH508333,TF124485,Silver,5,5869.646580456257,0.02,12.0,70436.0
STH507774,TF122854,Bronze,8,5869.557089784769,0.02,12.0,70435.0
STH508343,TF124506,Bronze,9,5869.437467354494,0.02,12.0,70433.0
STH504744,TF113994,Gold,2,5869.359633918789,0.02,12.0,70432.0
STH501561,TF104563,Silver,5,5869.276653846544,0.02,12.0,70431.0
STH502239,TF106524,Silver,5,5869.276653846544,0.02,12.0,70431.0
STH502163,TF106326,Bronze,7,5869.174735407254,0.02,12.0,70430.0
STH502237,TF106521,Silver,9,5869.124772152932,0.02,12.0,70429.0
STH507430,TF121930,Bronze,6,5869.080704906662,0.02,12.0,70429.0
STH506749,TF120018,Gold,2,5868.989707309076,0.02,12.0,70428.0
STH503686,TF110778,Gold,2,5868.989707309076,0.02,12.0,70428.0
STH505188,TF115407,Silver,6,5868.9176334401645,0.02,12.0,70427.0
STH502508,TF107315,Silver,6,5868.9176334401645,0.02,12.0,70427.0
STH507023,TF120770,Silver,6,5868.9176334401645,0.02,12.0,70427.0
STH507570,TF122327,Silver,4,5868.924891050627,0.02,12.0,70427.0
STH503190,TF109282,Bronze,9,5868.828142768678,0.02,12.0,70426.0
STH503691,TF110797,Bronze,6,5868.857157969833,0.02,12.0,70426.0
STH503554,TF110400,Bronze,4,5868.664169522581,0.02,12.0,70424.0
STH505505,TF116395,Bronze,4,5868.664169522581,0.02,12.0,70424.0
STH502543,TF107393,Bronze,5,5868.612076258517,0.02,12.0,70423.0
STH506021,TF117937,Gold,2,5868.38038272326,0.02,12.0,70421.0
STH505600,TF116693,Bronze,7,5868.1282109537415,0.02,12.0,70418.0
STH503285,TF109565,Silver,3,5868.190944382619,0.02,12.0,70418.0
STH501572,TF104606,Silver,3,5867.967397445791,0.02,12.0,70416.0
STH502206,TF106428,Silver,6,5867.938382244635,0.02,12.0,70415.0
STH508143,TF123951,Silver,6,5867.938382244635,0.02,12.0,70415.0
STH500565,TF101593,Silver,6,5867.938382244635,0.02,12.0,70415.0
STH507762,TF122814,Bronze,6,5867.642701537916,0.02,12.0,70412.0
STH506762,TF120046,Gold,4,5867.531813276892,0.02,12.0,70410.0
STH505756,TF117141,Gold,6,5867.471547954787,0.02,12.0,70410.0
STH503014,TF108753,Gold,9,5867.3811056000695,0.02,12.0,70409.0
STH503269,TF109510,Silver,7,5867.209435228543,0.02,12.0,70407.0
STH500806,TF102323,Bronze,5,5867.266048426646,0.02,12.0,70407.0
STH500612,TF101731,Bronze,5,5867.266048426646,0.02,12.0,70407.0
STH502266,TF106585,Gold,8,5867.159628708632,0.02,12.0,70406.0
STH503801,TF111118,Silver,9,5866.901220688181,0.02,12.0,70403.0
STH502254,TF106554,Silver,6,5866.523653679121,0.02,12.0,70398.0
STH502089,TF106119,Silver,6,5866.004103334343,0.02,12.0,70392.0
STH502279,TF106638,Gold,7,5865.887756851191,0.02,12.0,70391.0
STH502913,TF108446,Silver,7,5865.794706663029,0.02,12.0,70390.0
STH505716,TF117042,Silver,7,5865.740037628943,0.02,12.0,70389.0
STH507869,TF123128,Silver,5,5865.29504698169,0.02,12.0,70384.0
STH506800,TF120159,Gold,8,5865.1588098350985,0.02,12.0,70382.0
STH503075,TF108946,Gold,2,5865.008100444222,0.02,12.0,70380.0
STH504395,TF112918,Silver,6,5864.880356783059,0.02,12.0,70379.0
STH501087,TF103189,Silver,9,5864.851519068129,0.02,12.0,70378.0
STH503321,TF109671,Bronze,2,5864.768098029086,0.02,12.0,70377.0
STH507607,TF122410,Gold,2,5864.573385170906,0.02,12.0,70375.0
STH502149,TF106304,Bronze,8,5864.464181526307,0.02,12.0,70374.0
STH502114,TF106196,Gold,3,5864.2791534281305,0.02,12.0,70371.0
STH501820,TF105325,Gold,9,5864.257004806145,0.02,12.0,70371.0
STH507049,TF120844,Silver,6,5864.129673918078,0.02,12.0,70370.0
STH502863,TF108322,Silver,6,5864.129673918078,0.02,12.0,70370.0
STH504015,TF111768,Gold,7,5863.7457749597315,0.02,12.0,70365.0
STH507238,TF121391,Gold,4,5863.550206412038,0.02,12.0,70363.0
STH503511,TF110285,Silver,8,5863.348633637923,0.02,12.0,70360.0
STH508145,TF123956,Gold,4,5863.113780364519,0.02,12.0,70357.0
STH505084,TF115082,Silver,8,5862.6717798858945,0.02,12.0,70352.0
STH501311,TF103853,Gold,5,5862.384833348427,0.02,12.0,70349.0
STH502307,TF106735,Gold,9,5861.343474700324,0.02,12.0,70336.0
STH503800,TF111111,Silver,9,5861.27365878996,0.02,12.0,70335.0
STH501756,TF105148,Silver,8,5861.05413408742,0.02,12.0,70333.0
STH505163,TF115322,Silver,7,5861.006747140943,0.02,12.0,70332.0
STH501575,TF104613,Silver,9,5860.325187071328,0.02,12.0,70324.0
STH502131,TF106244,Silver,9,5860.325187071328,0.02,12.0,70324.0
STH501887,TF105549,Silver,7,5860.187949326035,0.02,12.0,70322.0
STH507729,TF122739,Gold,7,5858.532959555199,0.02,12.0,70302.0
STH504267,TF112514,Platinum,9,5805.440113857372,0.02,12.0,69665.0
STH500807,TF102325,Platinum,2,5805.333815046194,0.02,12.0,69664.0
STH505284,TF115705,Bronze,6,5803.772638007955,0.02,12.0,69645.0
STH502696,TF107836,Platinum,5,5803.022145316121,0.02,12.0,69636.0
STH503219,TF109367,Silver,4,5802.505200060917,0.02,12.0,69630.0
STH507425,TF121917,Platinum,6,5802.418026981826,0.02,12.0,69629.0
STH507320,TF121623,Platinum,7,5801.391541955373,0.02,12.0,69617.0
STH505767,TF117172,Platinum,6,5799.704849919311,0.02,12.0,69596.0
STH506287,TF118674,Silver,8,5799.238142403452,0.02,12.0,69591.0
STH504694,TF113816,Platinum,7,5798.975902903218,0.02,12.0,69588.0
STH504996,TF114829,Bronze,3,5799.027194507826,0.02,12.0,69588.0
STH504705,TF113843,Platinum,7,5798.657275859814,0.02,12.0,69584.0
STH503131,TF109100,Platinum,2,5798.584458785585,0.02,12.0,69583.0
STH507094,TF120980,Silver,9,5798.50919538736,0.02,12.0,69582.0
STH504833,TF114271,Silver,4,5798.23108867592,0.02,12.0,69579.0
STH503418,TF109988,Platinum,6,5797.876876161859,0.02,12.0,69575.0
STH506135,TF118193,Bronze,5,5797.028945569637,0.02,12.0,69564.0
STH506022,TF117939,Silver,7,5796.5642155589085,0.02,12.0,69559.0
STH507103,TF121006,Platinum,4,5796.39644372052,0.02,12.0,69557.0
STH504244,TF112457,Bronze,3,5795.775459427756,0.02,12.0,69549.0
STH500741,TF102149,Platinum,7,5795.75030043569,0.02,12.0,69549.0
STH506959,TF120575,Platinum,2,5795.633216004523,0.02,12.0,69548.0
STH507776,TF122859,Platinum,3,5794.731410975569,0.02,12.0,69537.0
STH504716,TF113893,Bronze,9,5794.537492745915,0.02,12.0,69534.0
STH505273,TF115673,Platinum,6,5794.2784957942795,0.02,12.0,69531.0
STH502068,TF106052,Platinum,4,5794.002463959478,0.02,12.0,69528.0
STH500137,TF100374,Bronze,5,5793.970920108061,0.02,12.0,69528.0
STH508318,TF124440,Bronze,4,5793.688126991956,0.02,12.0,69524.0
STH507466,TF122033,Silver,3,5793.1741474594255,0.02,12.0,69518.0
STH503441,TF110059,Bronze,2,5792.9731988676285,0.02,12.0,69516.0
STH505170,TF115356,Platinum,9,5792.672568783339,0.02,12.0,69512.0
STH501051,TF103074,Bronze,4,5792.40050814051,0.02,12.0,69509.0
STH505377,TF115990,Silver,8,5792.305857855048,0.02,12.0,69508.0
STH500162,TF100442,Platinum,5,5792.294265747855,0.02,12.0,69508.0
STH501062,TF103106,Bronze,2,5792.240548051698,0.02,12.0,69507.0
STH502033,TF105960,Silver,2,5792.069419451822,0.02,12.0,69505.0
STH502200,TF106415,Bronze,8,5791.990988099222,0.02,12.0,69504.0
STH508048,TF123675,Silver,9,5791.576910838956,0.02,12.0,69499.0
STH500969,TF102849,Bronze,7,5791.50128594368,0.02,12.0,69498.0
STH505040,TF114955,Bronze,3,5791.511601035606,0.02,12.0,69498.0
STH503936,TF111511,Silver,5,5791.240963823253,0.02,12.0,69495.0
STH501299,TF103831,Platinum,2,5791.108824517094,0.02,12.0,69493.0
STH508445,TF124826,Bronze,2,5790.731407031307,0.02,12.0,69489.0
STH502784,TF108082,Bronze,3,5790.002460015215,0.02,12.0,69480.0
STH503557,TF110405,Bronze,3,5789.877631333418,0.02,12.0,69479.0
STH505281,TF115699,Silver,2,5789.89659729531,0.02,12.0,69479.0
STH506086,TF118105,Silver,7,5789.699192544979,0.02,12.0,69476.0
STH502522,TF107342,Silver,3,5789.56826893715,0.02,12.0,69475.0
STH507209,TF121318,Gold,2,5789.595631866078,0.02,12.0,69475.0
STH500543,TF101536,Bronze,6,5789.32475998733,0.02,12.0,69472.0
STH501995,TF105864,Silver,2,5789.16394647938,0.02,12.0,69470.0
STH505922,TF117631,Silver,8,5789.054122774977,0.02,12.0,69469.0
STH505551,TF116528,Bronze,3,5788.8527805233925,0.02,12.0,69466.0
STH505403,TF116084,Bronze,2,5788.540761148268,0.02,12.0,69462.0
STH506298,TF118693,Bronze,5,5788.419737301234,0.02,12.0,69461.0
STH502066,TF106049,Bronze,9,5788.41092466099,0.02,12.0,69461.0
STH500344,TF100949,Platinum,9,5788.26717628988,0.02,12.0,69459.0
STH507938,TF123333,Bronze,9,5788.271188412916,0.02,12.0,69459.0
STH504054,TF111895,Platinum,6,5788.193036452726,0.02,12.0,69458.0
STH506691,TF119833,Bronze,3,5787.811814132176,0.02,12.0,69454.0
STH505617,TF116758,Bronze,9,5787.870569754985,0.02,12.0,69454.0
STH503312,TF109645,Bronze,6,5787.746649287126,0.02,12.0,69453.0
STH506188,TF118345,Bronze,9,5787.725219669345,0.02,12.0,69453.0
STH506641,TF119715,Silver,2,5787.654805458988,0.02,12.0,69452.0
STH500758,TF102207,Bronze,2,5787.699602925386,0.02,12.0,69452.0
STH500788,TF102285,Platinum,7,5787.464089436635,0.02,12.0,69450.0
STH500665,TF101877,Bronze,3,5787.3898868392935,0.02,12.0,69449.0
STH500072,TF100231,Bronze,6,5787.327440542905,0.02,12.0,69448.0
STH501123,TF103281,Bronze,6,5787.327440542905,0.02,12.0,69448.0
STH501128,TF103290,Gold,7,5787.169545957251,0.02,12.0,69446.0
STH507098,TF120991,Gold,3,5787.094481351406,0.02,12.0,69445.0
STH503504,TF110264,Bronze,4,5787.082867116083,0.02,12.0,69445.0
STH506496,TF119308,Platinum,7,5787.029374163319,0.02,12.0,69444.0
STH501008,TF102969,Silver,7,5786.792217120856,0.02,12.0,69442.0
STH503021,TF108777,Bronze,8,5786.702573333814,0.02,12.0,69440.0
STH507856,TF123086,Bronze,4,5786.660939823201,0.02,12.0,69440.0
STH501319,TF103875,Silver,2,5786.259838829516,0.02,12.0,69435.0
STH504359,TF112790,Silver,8,5785.994300424952,0.02,12.0,69432.0
STH506757,TF120036,Gold,7,5785.950896785618,0.02,12.0,69431.0
STH500668,TF101888,Bronze,4,5785.654745656802,0.02,12.0,69428.0
STH508068,TF123734,Bronze,6,5785.6249730839,0.02,12.0,69427.0
STH503574,TF110449,Bronze,2,5785.575230359278,0.02,12.0,69427.0
STH505958,TF117731,Bronze,9,5785.559808238851,0.02,12.0,69427.0
STH504137,TF112114,Bronze,5,5785.51276187711,0.02,12.0,69426.0
STH503778,TF111044,Silver,7,5785.51921139892,0.02,12.0,69426.0
STH503821,TF111165,Bronze,2,5785.305052906276,0.02,12.0,69424.0
STH507929,TF123315,Bronze,2,5785.305052906276,0.02,12.0,69424.0
STH503732,TF110901,Gold,2,5785.112048193432,0.02,12.0,69421.0
STH500586,TF101656,Bronze,3,5784.846283343186,0.02,12.0,69418.0
STH502694,TF107831,Bronze,3,5784.846283343186,0.02,12.0,69418.0
STH501350,TF103945,Bronze,6,5784.783814861019,0.02,12.0,69417.0
STH507534,TF122230,Silver,6,5784.670047714808,0.02,12.0,69416.0
STH504683,TF113769,Bronze,3,5784.5761058901835,0.02,12.0,69415.0
STH505197,TF115442,Bronze,3,5784.5761058901835,0.02,12.0,69415.0
STH504494,TF113214,Bronze,3,5784.5761058901835,0.02,12.0,69415.0
STH501661,TF104859,Bronze,9,5784.479098426841,0.02,12.0,69414.0
STH501411,TF104136,Gold,3,5784.327242175356,0.02,12.0,69412.0
STH504138,TF112118,Gold,3,5784.327242175356,0.02,12.0,69412.0
STH501243,TF103663,Bronze,6,5784.196851624618,0.02,12.0,69410.0
STH505738,TF117102,Silver,9,5784.061317366736,0.02,12.0,69409.0
STH502258,TF106568,Bronze,2,5783.982050770698,0.02,12.0,69408.0
STH505818,TF117304,Gold,3,5783.963892433119,0.02,12.0,69408.0
STH500978,TF102867,Silver,3,5783.894054336976,0.02,12.0,69407.0
STH500386,TF101079,Platinum,9,5783.952123558457,0.02,12.0,69407.0
STH502568,TF107468,Bronze,4,5783.847158874091,0.02,12.0,69406.0
STH504495,TF113230,Bronze,8,5783.644547872239,0.02,12.0,69404.0
STH502666,TF107744,Bronze,7,5783.467904608527,0.02,12.0,69402.0
STH501388,TF104058,Gold,8,5783.281969592988,0.02,12.0,69399.0
STH504748,TF114001,Gold,9,5783.205383901988,0.02,12.0,69398.0
STH502276,TF106623,Silver,8,5783.15629468064,0.02,12.0,69398.0
STH502045,TF106004,Silver,2,5783.113654639022,0.02,12.0,69397.0
STH505508,TF116403,Bronze,9,5783.016204742742,0.02,12.0,69396.0
STH507611,TF122424,Bronze,9,5783.016204742742,0.02,12.0,69396.0
STH503575,TF110450,Silver,9,5782.8970247454035,0.02,12.0,69395.0
STH508155,TF123997,Platinum,7,5782.942127665775,0.02,12.0,69395.0
STH504491,TF113205,Silver,7,5782.860390886706,0.02,12.0,69394.0
STH504215,TF112352,Gold,9,5782.860535502928,0.02,12.0,69394.0
STH503160,TF109187,Bronze,8,5782.738957592434,0.02,12.0,69393.0
STH501413,TF104144,Bronze,5,5782.654133196562,0.02,12.0,69392.0
STH506401,TF119017,Bronze,5,5782.654133196562,0.02,12.0,69392.0
STH508492,TF124977,Silver,6,5782.5483715115815,0.02,12.0,69391.0
STH503795,TF111098,Bronze,7,5782.54552113088,0.02,12.0,69391.0
STH508364,TF124561,Bronze,5,5782.605786452987,0.02,12.0,69391.0
STH501372,TF104023,Bronze,9,5782.596973812742,0.02,12.0,69391.0
STH506099,TF118133,Bronze,4,5782.524156738515,0.02,12.0,69390.0
STH507936,TF123330,Silver,9,5782.483206666532,0.02,12.0,69390.0
STH507440,TF121949,Gold,5,5782.505998400935,0.02,12.0,69390.0
STH502179,TF106359,Bronze,6,5782.389264841908,0.02,12.0,69389.0
STH506053,TF118019,Bronze,6,5782.389264841908,0.02,12.0,69389.0
STH506948,TF120545,Silver,3,5782.384707622929,0.02,12.0,69389.0
STH503945,TF111550,Silver,2,5782.228451333957,0.02,12.0,69387.0
STH501395,TF104082,Silver,8,5782.131443870615,0.02,12.0,69386.0
STH501858,TF105466,Bronze,7,5782.001174418399,0.02,12.0,69384.0
STH501111,TF103249,Bronze,6,5781.876839436895,0.02,12.0,69383.0
STH501115,TF103258,Bronze,3,5781.862928827668,0.02,12.0,69382.0
STH504691,TF113799,Gold,3,5781.738893794637,0.02,12.0,69381.0
STH504051,TF111884,Silver,5,5781.743047215999,0.02,12.0,69381.0
STH508232,TF124187,Silver,6,5781.707213288701,0.02,12.0,69380.0
STH504989,TF114803,Gold,2,5781.562250530924,0.02,12.0,69379.0
STH500857,TF102505,Silver,3,5781.499504317865,0.02,12.0,69378.0
STH501193,TF103519,Silver,3,5781.499504317865,0.02,12.0,69378.0
STH506342,TF118860,Gold,7,5781.536282792785,0.02,12.0,69378.0
STH504547,TF113371,Silver,3,5781.499504317865,0.02,12.0,69378.0
STH504358,TF112788,Bronze,8,5781.272227402308,0.02,12.0,69375.0
STH500706,TF102029,Gold,8,5781.152184175752,0.02,12.0,69374.0
STH502445,TF107142,Bronze,5,5781.1025181102195,0.02,12.0,69373.0
STH501167,TF103434,Bronze,6,5781.06626270633,0.02,12.0,69373.0
STH504151,TF112157,Silver,7,5780.978266272608,0.02,12.0,69372.0
STH500801,TF102308,Silver,7,5780.978266272608,0.02,12.0,69372.0
STH504133,TF112103,Silver,5,5780.926813590746,0.02,12.0,69371.0
STH503988,TF111682,Gold,8,5780.8073357766925,0.02,12.0,69370.0
STH500810,TF102338,Bronze,2,5780.851461852411,0.02,12.0,69370.0
STH500727,TF102113,Gold,8,5780.682507094896,0.02,12.0,69368.0
STH500211,TF100578,Bronze,5,5780.61194383492,0.02,12.0,69367.0
STH504175,TF112230,Silver,8,5780.567946299921,0.02,12.0,69367.0
STH500825,TF102383,Gold,7,5780.386603300963,0.02,12.0,69365.0
STH502952,TF108559,Gold,8,5780.319157352659,0.02,12.0,69364.0
STH501286,TF103797,Silver,2,5780.212757586177,0.02,12.0,69363.0
STH500200,TF100532,Bronze,9,5780.202423793632,0.02,12.0,69362.0
STH506200,TF118394,Bronze,3,5780.129002960682,0.02,12.0,69362.0
STH504663,TF113713,Gold,9,5780.078388760601,0.02,12.0,69361.0
STH501682,TF104924,Gold,2,5780.0955203407975,0.02,12.0,69361.0
STH504083,TF111962,Bronze,6,5780.115838798802,0.02,12.0,69361.0
STH500409,TF101134,Gold,9,5780.009419080789,0.02,12.0,69360.0
STH501734,TF105078,Bronze,2,5779.878698781245,0.02,12.0,69359.0
STH507479,TF122076,Silver,9,5779.838999283829,0.02,12.0,69358.0
STH502278,TF106633,Bronze,6,5779.676087779392,0.02,12.0,69356.0
STH508062,TF123715,Bronze,9,5779.689998388619,0.02,12.0,69356.0
STH508372,TF124583,Silver,8,5779.662356020116,0.02,12.0,69356.0
STH501012,TF102980,Bronze,6,5779.676087779392,0.02,12.0,69356.0
STH505433,TF116172,Silver,6,5779.582840722592,0.02,12.0,69355.0
STH506614,TF119624,Gold,6,5779.552052746361,0.02,12.0,69355.0
STH500268,TF100733,Silver,2,5779.515274271442,0.02,12.0,69354.0
STH501180,TF103461,Bronze,4,5779.393567820228,0.02,12.0,69353.0
STH506065,TF118050,Gold,5,5779.375409482648,0.02,12.0,69353.0
STH507009,TF120720,Gold,5,5779.375409482648,0.02,12.0,69353.0
STH505246,TF115597,Silver,6,5779.312663269589,0.02,12.0,69352.0
STH503618,TF110576,Gold,2,5779.2422383432,0.02,12.0,69351.0
STH505389,TF116031,Gold,6,5779.233425702957,0.02,12.0,69351.0
STH508259,TF124265,Bronze,2,5778.978676653014,0.02,12.0,69348.0
STH506329,TF118795,Gold,3,5779.0257167321215,0.02,12.0,69348.0
STH502879,TF108358,Bronze,6,5778.969864012772,0.02,12.0,69348.0
STH501001,TF102943,Bronze,4,5779.030129334877,0.02,12.0,69348.0
STH500101,TF100285,Gold,9,5778.928709268779,0.02,12.0,69347.0
STH500128,TF100347,Bronze,5,5778.84153722479,0.02,12.0,69346.0
STH503242,TF109429,Silver,5,5778.718608150104,0.02,12.0,69345.0
STH501699,TF104974,Silver,8,5778.73997254247,0.02,12.0,69345.0
STH501795,TF105250,Silver,3,5778.7863272553495,0.02,12.0,69345.0
STH504369,TF112839,Bronze,8,5778.657944766617,0.02,12.0,69344.0
STH501851,TF105445,Gold,8,5778.6166898936535,0.02,12.0,69343.0
STH502835,TF108249,Bronze,5,5778.301182318785,0.02,12.0,69340.0
STH507707,TF122691,Bronze,9,5778.149300625173,0.02,12.0,69338.0
STH505678,TF116953,Silver,4,5778.057380239257,0.02,12.0,69337.0
STH502352,TF106871,Silver,4,5778.057380239257,0.02,12.0,69337.0
STH508118,TF123865,Silver,5,5778.025916537901,0.02,12.0,69336.0
STH505884,TF117498,Silver,2,5777.7813484044555,0.02,12.0,69333.0
STH502722,TF107897,Bronze,5,5777.691857732968,0.02,12.0,69332.0
STH505492,TF116355,Gold,2,5777.481237705108,0.02,12.0,69330.0
STH506075,TF118086,Bronze,7,5777.3836431926065,0.02,12.0,69329.0
STH503959,TF111592,Silver,5,5777.328433223165,0.02,12.0,69328.0
STH505381,TF116007,Bronze,4,5777.309503355453,0.02,12.0,69328.0
STH507484,TF122094,Bronze,5,5777.220472506776,0.02,12.0,69327.0
STH507671,TF122600,Gold,9,5777.04658465468,0.02,12.0,69325.0
STH506018,TF117930,Gold,3,5777.010022984342,0.02,12.0,69324.0
STH502153,TF106312,Gold,6,5776.838875683846,0.02,12.0,69322.0
STH506843,TF120272,Bronze,6,5776.491525490684,0.02,12.0,69318.0
STH500537,TF101516,Silver,7,5776.310290210391,0.02,12.0,69316.0
STH508438,TF124807,Silver,4,5776.3559433089395,0.02,12.0,69316.0
STH504804,TF114190,Silver,7,5776.310290210391,0.02,12.0,69316.0
STH500026,TF100064,Gold,3,5776.312539669606,0.02,12.0,69316.0
STH504778,TF114119,Bronze,7,5776.233963700784,0.02,12.0,69315.0
STH504566,TF113443,Gold,7,5776.109928667754,0.02,12.0,69313.0
STH501879,TF105535,Gold,4,5776.023343672923,0.02,12.0,69312.0
STH505207,TF115464,Bronze,9,5775.925749160422,0.02,12.0,69311.0
STH505351,TF115916,Silver,2,5775.812224525858,0.02,12.0,69310.0
STH507211,TF121325,Bronze,6,5775.851609323268,0.02,12.0,69310.0
STH502289,TF106663,Silver,5,5775.764935652472,0.02,12.0,69309.0
STH504480,TF113163,Silver,5,5775.764935652472,0.02,12.0,69309.0
STH500309,TF100853,Bronze,5,5775.757578822677,0.02,12.0,69309.0
STH505628,TF116798,Gold,4,5775.583592653514,0.02,12.0,69307.0
STH507987,TF123457,Silver,8,5775.581343194299,0.02,12.0,69307.0
STH503393,TF109899,Gold,7,5775.597503262741,0.02,12.0,69307.0
STH501616,TF104741,Gold,4,5775.583592653514,0.02,12.0,69307.0
STH503658,TF110708,Bronze,8,5775.505016684692,0.02,12.0,69306.0
STH504791,TF114154,Bronze,9,5775.385394254417,0.02,12.0,69305.0
STH503089,TF108984,Gold,8,5775.380981651661,0.02,12.0,69305.0
STH508386,TF124640,Gold,5,5775.294396656832,0.02,12.0,69304.0
STH505889,TF117514,Gold,2,5775.307560818712,0.02,12.0,69304.0
STH508291,TF124351,Silver,8,5775.348501214326,0.02,12.0,69304.0
STH500624,TF101769,Silver,7,5775.164315424361,0.02,12.0,69302.0
STH501817,TF105316,Bronze,7,5775.122662307177,0.02,12.0,69301.0
STH507994,TF123476,Gold,9,5774.897321773219,0.02,12.0,69299.0
STH503176,TF109242,Silver,6,5774.859072215725,0.02,12.0,69298.0
STH507432,TF121934,Gold,7,5774.786926532177,0.02,12.0,69297.0
STH505795,TF117250,Gold,7,5774.786926532177,0.02,12.0,69297.0
STH502250,TF106549,Gold,6,5774.706612658666,0.02,12.0,69296.0
STH502661,TF107730,Bronze,5,5774.564862591581,0.02,12.0,69295.0
STH503951,TF111572,Bronze,8,5774.604994556463,0.02,12.0,69295.0
STH507068,TF120898,Silver,8,5774.435368408269,0.02,12.0,69293.0
STH502431,TF107094,Silver,9,5774.412645158798,0.02,12.0,69293.0
STH500904,TF102644,Silver,7,5774.307041620288,0.02,12.0,69292.0
STH504149,TF112153,Bronze,9,5774.304684442408,0.02,12.0,69292.0
STH508009,TF123567,Gold,5,5774.148421870801,0.02,12.0,69290.0
STH507817,TF122978,Silver,4,5773.929474611228,0.02,12.0,69287.0
STH502340,TF106839,Silver,9,5773.706421392177,0.02,12.0,69284.0
STH502366,TF106901,Bronze,8,5773.5707377744,0.02,12.0,69283.0
STH504238,TF112429,Gold,4,5773.479740176815,0.02,12.0,69282.0
STH503222,TF109376,Gold,4,5773.479740176815,0.02,12.0,69282.0
STH505498,TF116377,Gold,6,5773.41947485471,0.02,12.0,69281.0
STH503780,TF111050,Bronze,9,5773.3613411030865,0.02,12.0,69280.0
STH507314,TF121602,Bronze,4,5773.146968283073,0.02,12.0,69278.0
STH503725,TF110877,Silver,8,5773.03773969819,0.02,12.0,69276.0
STH503721,TF110869,Silver,6,5772.77500775095,0.02,12.0,69273.0
STH500449,TF101286,Gold,8,5772.667804589146,0.02,12.0,69272.0
STH506122,TF118174,Gold,7,5772.6905278386175,0.02,12.0,69272.0
STH503629,TF110603,Bronze,6,5772.485028310477,0.02,12.0,69270.0
STH500148,TF100409,Gold,2,5772.170483776062,0.024,12.0,69266.0
STH502450,TF107161,Bronze,3,5771.733933407705,0.02,12.0,69261.0
STH505125,TF115211,Silver,9,5771.6994680962825,0.02,12.0,69260.0
STH508107,TF123839,Silver,4,5771.537205624389,0.02,12.0,69258.0
STH505236,TF115558,Bronze,9,5770.969072116247,0.02,12.0,69252.0
STH502811,TF108171,Silver,7,5770.999536281346,0.02,12.0,69252.0
STH506013,TF117909,Bronze,2,5770.937752791609,0.02,12.0,69251.0
STH502402,TF106991,Gold,9,5770.377789718929,0.02,12.0,69245.0
STH504994,TF114826,Gold,7,5769.6937018596545,0.02,12.0,69236.0
STH503284,TF109564,Gold,6,5768.354496097239,0.02,12.0,69220.0
STH508342,TF124505,Gold,8,5768.020348616338,0.02,12.0,69216.0
STH508000,TF123503,Gold,9,5767.8109519450245,0.02,12.0,69214.0
STH505720,TF117053,Gold,6,5767.605524006462,0.02,12.0,69211.0
STH507624,TF122460,Silver,9,5767.221585689883,0.02,12.0,69207.0
STH502056,TF106024,Silver,6,5766.86482324205,0.02,12.0,69202.0
STH502533,TF107369,Gold,9,5764.747798104139,0.02,12.0,69177.0
STH504258,TF112500,Gold,7,5764.480886455122,0.02,12.0,69174.0
STH503319,TF109666,Gold,5,5757.386571737024,0.02,12.0,69089.0
STH504634,TF113639,Platinum,7,5720.24550859634,0.02,12.0,68643.0
STH505162,TF115319,Bronze,2,5712.636352972247,0.02,12.0,68552.0
STH507625,TF122461,Platinum,6,5711.008364376003,0.02,12.0,68532.0
STH506934,TF120505,Platinum,3,5710.552794930026,0.02,12.0,68527.0
STH500926,TF102693,Platinum,5,5708.606722473808,0.02,12.0,68503.0
STH501892,TF105569,Bronze,8,5708.262670875694,0.02,12.0,68499.0
STH506175,TF118310,Bronze,8,5708.262670875694,0.02,12.0,68499.0
STH506214,TF118440,Silver,7,5706.650877732418,0.02,12.0,68480.0
STH506884,TF120383,Bronze,7,5705.450804671526,0.02,12.0,68465.0
STH503733,TF110904,Bronze,8,5704.859797015059,0.02,12.0,68458.0
STH500748,TF102166,Platinum,2,5704.532385685509,0.02,12.0,68454.0
STH505846,TF117380,Gold,6,5704.170175749817,0.02,12.0,68450.0
STH507280,TF121499,Platinum,7,5704.018239523338,0.02,12.0,68448.0
STH503159,TF109186,Platinum,4,5703.88506838389,0.02,12.0,68447.0
STH502305,TF106726,Bronze,5,5703.517227375566,0.02,12.0,68442.0
STH504407,TF112961,Platinum,2,5703.47565662514,0.02,12.0,68442.0
STH500683,TF101952,Silver,6,5703.295446025227,0.02,12.0,68440.0
STH501813,TF105306,Platinum,6,5703.280456349303,0.02,12.0,68439.0
STH506006,TF117877,Platinum,2,5703.142210758571,0.02,12.0,68438.0
STH506512,TF119346,Gold,8,5702.712281717632,0.02,12.0,68433.0
STH507820,TF122986,Platinum,3,5702.413263742479,0.02,12.0,68429.0
STH505609,TF116726,Platinum,7,5702.210652740627,0.02,12.0,68427.0
STH500399,TF101109,Gold,9,5701.98333470154,0.055999999999999994,12.0,68424.0
STH501519,TF104423,Platinum,9,5701.637962013508,0.02,12.0,68420.0
STH506682,TF119814,Platinum,2,5701.408284891585,0.02,12.0,68417.0
STH505886,TF117502,Platinum,9,5701.022936161446,0.02,12.0,68412.0
STH506995,TF120679,Bronze,4,5700.854703063514,0.02,12.0,68410.0
STH504019,TF111790,Platinum,3,5700.672849751131,0.02,12.0,68408.0
STH505312,TF115788,Silver,4,5700.629217913334,0.02,12.0,68408.0
STH501720,TF105034,Bronze,5,5700.265492295495,0.02,12.0,68403.0
STH502714,TF107880,Bronze,2,5699.806329072618,0.02,12.0,68398.0
STH504008,TF111756,Platinum,8,5699.208279681428,0.02,12.0,68390.0
STH502329,TF106802,Bronze,6,5698.781783179267,0.02,12.0,68385.0
STH507711,TF122703,Platinum,8,5698.768528662019,0.02,12.0,68385.0
STH502911,TF108442,Bronze,3,5698.046828665821,0.02,12.0,68377.0
STH503336,TF109715,Bronze,4,5697.934616961562,0.02,12.0,68375.0
STH508328,TF124478,Bronze,4,5697.8638503933,0.02,12.0,68374.0
STH508392,TF124654,Bronze,7,5697.449212843604,0.02,12.0,68369.0
STH501004,TF102953,Platinum,8,5697.2050310913255,0.02,12.0,68366.0
STH504500,TF113251,Bronze,5,5696.967126699251,0.02,12.0,68364.0
STH504129,TF112088,Platinum,8,5697.028114670671,0.02,12.0,68364.0
STH500462,TF101323,Bronze,2,5696.5545052494335,0.02,12.0,68359.0
STH504387,TF112902,Platinum,5,5696.307913737488,0.02,12.0,68356.0
STH500186,TF100498,Silver,2,5696.245142853165,0.02,12.0,68355.0
STH504685,TF113773,Gold,3,5696.172997169618,0.02,12.0,68354.0
STH504729,TF113946,Bronze,6,5696.0053377031845,0.02,12.0,68352.0
STH506701,TF119868,Bronze,3,5695.950386915139,0.02,12.0,68351.0
STH500457,TF101301,Bronze,3,5695.950386915139,0.02,12.0,68351.0
STH504826,TF114258,Silver,6,5695.895872218366,0.02,12.0,68351.0
STH500070,TF100226,Platinum,7,5695.369570050081,0.02,12.0,68344.0
STH506294,TF118685,Bronze,4,5695.221439899046,0.02,12.0,68343.0
STH500670,TF101895,Bronze,4,5695.09661121725,0.02,12.0,68341.0
STH504661,TF113701,Silver,2,5695.111873379304,0.02,12.0,68341.0
STH505129,TF115225,Silver,8,5694.918172428811,0.02,12.0,68339.0
STH500214,TF100585,Gold,5,5694.631225891343,0.02,12.0,68336.0
STH501717,TF105026,Gold,9,5694.6224132511,0.02,12.0,68335.0
STH507229,TF121369,Bronze,5,5694.492492882954,0.02,12.0,68334.0
STH501565,TF104580,Silver,9,5694.133366410735,0.02,12.0,68330.0
STH502773,TF108053,Bronze,2,5693.966156868715,0.02,12.0,68328.0
STH503498,TF110245,Bronze,2,5693.966156868715,0.02,12.0,68328.0
STH505962,TF117758,Bronze,2,5693.759247829278,0.02,12.0,68325.0
STH504737,TF113972,Silver,9,5693.70903117009,0.02,12.0,68325.0
STH505804,TF117272,Silver,5,5693.657683146958,0.02,12.0,68324.0
STH504552,TF113393,Silver,2,5693.5337626791,0.02,12.0,68322.0
STH504318,TF112658,Silver,6,5693.329354788797,0.02,12.0,68320.0
STH502312,TF106742,Gold,5,5693.356717717726,0.02,12.0,68320.0
STH506044,TF117989,Gold,3,5693.182144499404,0.02,12.0,68318.0
STH508250,TF124238,Bronze,6,5693.10444065034,0.02,12.0,68317.0
STH502999,TF108718,Platinum,6,5693.035363225288,0.02,12.0,68316.0
STH500756,TF102191,Gold,3,5692.641789593398,0.02,12.0,68312.0
STH503720,TF110863,Bronze,7,5692.546420426737,0.02,12.0,68311.0
STH502104,TF106165,Bronze,6,5692.613866375041,0.02,12.0,68311.0
STH502429,TF107082,Bronze,3,5692.331619572818,0.02,12.0,68308.0
STH507761,TF122813,Silver,8,5692.011197004687,0.02,12.0,68304.0
STH507680,TF122626,Bronze,8,5692.008113824319,0.02,12.0,68304.0
STH502469,TF107212,Gold,3,5691.909138777468,0.02,12.0,68303.0
STH500372,TF101043,Bronze,5,5691.879919707034,0.02,12.0,68303.0
STH506643,TF119719,Bronze,8,5691.817473410645,0.02,12.0,68302.0
STH507467,TF122036,Silver,8,5691.703684078656,0.02,12.0,68300.0
STH507006,TF120715,Bronze,9,5691.576704818587,0.02,12.0,68299.0
STH507803,TF122938,Silver,3,5691.478818713349,0.02,12.0,68298.0
STH506862,TF120322,Silver,9,5691.282249988595,0.02,12.0,68295.0
STH508476,TF124934,Silver,5,5691.291062628839,0.02,12.0,68295.0
STH508421,TF124756,Bronze,6,5691.050368804347,0.02,12.0,68293.0
STH506532,TF119398,Silver,2,5690.990159182991,0.02,12.0,68292.0
STH500718,TF102094,Silver,5,5690.927712886602,0.02,12.0,68291.0
STH506452,TF119156,Bronze,2,5690.788901144761,0.02,12.0,68289.0
STH506817,TF120206,Bronze,6,5690.731741760943,0.02,12.0,68289.0
STH500304,TF100843,Silver,2,5690.5709282529915,0.02,12.0,68287.0
STH502732,TF107932,Bronze,6,5690.488892499571,0.02,12.0,68286.0
STH502582,TF107503,Bronze,9,5690.427025326765,0.02,12.0,68285.0
STH500799,TF102306,Gold,7,5690.126620186962,0.02,12.0,68282.0
STH503096,TF109006,Gold,2,5689.979265281347,0.02,12.0,68280.0
STH500131,TF100363,Bronze,3,5690.011607385095,0.02,12.0,68280.0
STH508122,TF123877,Bronze,7,5690.002794744851,0.02,12.0,68280.0
STH504382,TF112893,Bronze,2,5689.929977670622,0.02,12.0,68279.0
STH508360,TF124552,Silver,3,5689.8419812369,0.02,12.0,68278.0
STH503680,TF110759,Silver,7,5689.6604592680915,0.02,12.0,68276.0
STH502169,TF106337,Bronze,7,5689.4158315084505,0.02,12.0,68273.0
STH500239,TF100649,Silver,4,5689.431661264212,0.02,12.0,68273.0
STH506952,TF120557,Bronze,5,5689.406995350508,0.02,12.0,68273.0
STH506397,TF119012,Bronze,7,5689.4158315084505,0.02,12.0,68273.0
STH501581,TF104627,Silver,4,5689.224752224776,0.02,12.0,68271.0
STH502468,TF107211,Bronze,4,5689.282660369003,0.02,12.0,68271.0
STH503887,TF111370,Silver,4,5689.113034220808,0.02,12.0,68269.0
STH504753,TF114020,Bronze,9,5688.863527756072,0.02,12.0,68266.0
STH502729,TF107915,Silver,5,5688.724373539233,0.02,12.0,68265.0
STH503886,TF111368,Silver,8,5688.740871838327,0.02,12.0,68265.0
STH507523,TF122197,Bronze,8,5688.686884492358,0.02,12.0,68264.0
STH500646,TF101814,Silver,5,5688.70271424812,0.02,12.0,68264.0
STH501049,TF103068,Bronze,3,5688.508339042328,0.02,12.0,68262.0
STH507744,TF122780,Silver,2,5688.517234826465,0.02,12.0,68262.0
STH505560,TF116558,Gold,2,5688.415767710653,0.02,12.0,68261.0
STH501824,TF105343,Bronze,3,5688.250606747001,0.02,12.0,68259.0
STH507824,TF122999,Bronze,3,5688.250606747001,0.02,12.0,68259.0
STH507944,TF123350,Silver,2,5688.176378233881,0.02,12.0,68258.0
STH502577,TF107487,Silver,9,5688.202565235908,0.02,12.0,68258.0
STH506470,TF119231,Bronze,2,5688.057014984999,0.02,12.0,68257.0
STH503681,TF110761,Silver,6,5687.995426523141,0.02,12.0,68256.0
STH500975,TF102861,Bronze,3,5688.017764767027,0.02,12.0,68256.0
STH507288,TF121512,Bronze,7,5687.853531863389,0.02,12.0,68254.0
STH506697,TF119849,Silver,5,5687.797123968316,0.02,12.0,68254.0
STH500622,TF101763,Bronze,5,5687.743136622346,0.02,12.0,68253.0
STH502184,TF106368,Gold,6,5687.724978284767,0.02,12.0,68253.0
STH506696,TF119847,Bronze,7,5687.6082447257395,0.02,12.0,68251.0
STH500007,TF100013,Bronze,4,5687.521659730909,0.02,12.0,68250.0
STH507072,TF120908,Gold,4,5687.480404857945,0.02,12.0,68250.0
STH500289,TF100791,Gold,2,5687.510177430848,0.02,12.0,68250.0
STH503458,TF110115,Gold,3,5687.479911655125,0.02,12.0,68250.0
STH502640,TF107672,Silver,3,5687.447431217789,0.02,12.0,68249.0
STH505651,TF116870,Gold,7,5687.359381010912,0.02,12.0,68248.0
STH505196,TF115438,Gold,3,5687.368193651157,0.02,12.0,68248.0
STH508099,TF123822,Bronze,8,5687.220154302232,0.02,12.0,68247.0
STH503513,TF110287,Silver,7,5687.244820215937,0.02,12.0,68247.0
STH501915,TF105629,Silver,4,5687.0593407942815,0.02,12.0,68245.0
STH504261,TF112507,Bronze,4,5687.0819087115,0.02,12.0,68245.0
STH507444,TF121965,Bronze,9,5687.03555399862,0.02,12.0,68244.0
STH504775,TF114111,Silver,4,5686.988661654699,0.02,12.0,68244.0
STH507083,TF120944,Silver,4,5686.988661654699,0.02,12.0,68244.0
STH507002,TF120701,Bronze,9,5687.03555399862,0.02,12.0,68244.0
STH503768,TF111003,Bronze,5,5686.933875732743,0.02,12.0,68243.0
STH500227,TF100625,Silver,3,5686.935005812777,0.02,12.0,68243.0
STH503205,TF109320,Bronze,2,5686.805876876698,0.02,12.0,68242.0
STH504289,TF112575,Gold,4,5686.639246635064,0.02,12.0,68240.0
STH507399,TF121847,Silver,8,5686.616477086439,0.02,12.0,68239.0
STH500923,TF102686,Silver,8,5686.537532490957,0.02,12.0,68238.0
STH505607,TF116723,Bronze,2,5686.435950266985,0.02,12.0,68237.0
STH504082,TF111958,Bronze,9,5686.420528146558,0.02,12.0,68237.0
STH504708,TF113852,Bronze,5,5686.352961695407,0.02,12.0,68236.0
STH507439,TF121947,Silver,5,5686.330393778189,0.02,12.0,68236.0
STH505107,TF115149,Gold,5,5686.2505859534895,0.02,12.0,68235.0
STH506822,TF120223,Silver,8,5686.19724615644,0.02,12.0,68234.0
STH500943,TF102746,Silver,4,5686.206058796684,0.02,12.0,68234.0
STH500837,TF102439,Silver,6,5686.145793474578,0.02,12.0,68234.0
STH501010,TF102971,Silver,3,5686.124429082212,0.02,12.0,68233.0
STH505610,TF116727,Gold,9,5685.9573459807125,0.02,12.0,68231.0
STH505906,TF117573,Silver,2,5685.902952190775,0.02,12.0,68231.0
STH504870,TF114421,Silver,9,5685.786926183753,0.02,12.0,68229.0
STH503599,TF110527,Silver,9,5685.786926183753,0.02,12.0,68229.0
STH503665,TF110731,Bronze,3,5685.707003250893,0.02,12.0,68228.0
STH506038,TF117976,Bronze,9,5685.637925288543,0.02,12.0,68228.0
STH504983,TF114782,Bronze,7,5685.5551215572805,0.02,12.0,68227.0
STH501270,TF103758,Gold,8,5685.622591200784,0.02,12.0,68227.0
STH502192,TF106394,Silver,6,5685.601446762097,0.02,12.0,68227.0
STH503986,TF111674,Gold,9,5685.538137236491,0.02,12.0,68226.0
STH502792,TF108110,Gold,9,5685.538137236491,0.02,12.0,68226.0
STH502375,TF106916,Bronze,7,5685.334818682633,0.02,12.0,68224.0
STH507670,TF122598,Silver,3,5685.174005174683,0.02,12.0,68222.0
STH506923,TF120482,Gold,4,5685.1298999210185,0.02,12.0,68222.0
STH500192,TF100511,Silver,3,5685.174005174683,0.02,12.0,68222.0
STH504153,TF112169,Bronze,7,5684.895067663224,0.02,12.0,68219.0
STH501688,TF104939,Bronze,7,5684.895067663224,0.02,12.0,68219.0
STH506565,TF119486,Silver,9,5684.881335903948,0.02,12.0,68219.0
STH503835,TF111210,Bronze,9,5684.827348557978,0.02,12.0,68218.0
STH506231,TF118496,Silver,8,5684.687899442394,0.02,12.0,68216.0
STH503621,TF110591,Bronze,5,5684.61254770406,0.02,12.0,68215.0
STH504674,TF113745,Gold,4,5684.514874068956,0.02,12.0,68214.0
STH503117,TF109055,Gold,2,5684.37958851256,0.02,12.0,68213.0
STH502443,TF107134,Silver,7,5684.041068878121,0.02,12.0,68208.0
STH500734,TF102126,Silver,7,5684.019217748409,0.02,12.0,68208.0
STH502670,TF107759,Bronze,6,5683.883600687967,0.02,12.0,68207.0
STH502168,TF106336,Silver,2,5683.899703600671,0.02,12.0,68207.0
STH505636,TF116822,Silver,5,5683.9364140171465,0.02,12.0,68207.0
STH504329,TF112692,Gold,5,5683.785927052864,0.02,12.0,68205.0
STH504557,TF113402,Gold,8,5683.7234585706965,0.02,12.0,68205.0
STH503424,TF110008,Gold,4,5683.732271210941,0.02,12.0,68205.0
STH507374,TF121772,Bronze,6,5683.520162202617,0.02,12.0,68202.0
STH506759,TF120039,Bronze,4,5683.468709520755,0.02,12.0,68202.0
STH504577,TF113478,Gold,9,5683.334797889122,0.02,12.0,68200.0
STH501649,TF104824,Bronze,4,5683.345588984295,0.02,12.0,68200.0
STH507769,TF122835,Silver,3,5683.17075658458,0.02,12.0,68198.0
STH506204,TF118407,Silver,9,5683.073749121238,0.02,12.0,68197.0
STH505015,TF114883,Silver,3,5682.993840163926,0.02,12.0,68196.0
STH503643,TF110650,Silver,3,5683.000328288287,0.02,12.0,68196.0
STH501875,TF105520,Gold,3,5682.920520463586,0.02,12.0,68195.0
STH503302,TF109616,Bronze,4,5682.9540030834705,0.02,12.0,68195.0
STH506380,TF118965,Gold,3,5682.920520463586,0.02,12.0,68195.0
STH500446,TF101278,Silver,2,5682.75002410885,0.02,12.0,68193.0
STH502358,TF106885,Gold,6,5682.78680258377,0.02,12.0,68193.0
STH500648,TF101820,Bronze,7,5682.791215186525,0.02,12.0,68193.0
STH506582,TF119537,Bronze,2,5682.6947711066405,0.02,12.0,68192.0
STH506382,TF118968,Silver,3,5682.630401678574,0.02,12.0,68192.0
STH500585,TF101653,Silver,6,5682.547413106998,0.02,12.0,68191.0
STH505822,TF117311,Silver,7,5682.478519984962,0.02,12.0,68190.0
STH504357,TF112787,Bronze,8,5682.432194780146,0.02,12.0,68189.0
STH503769,TF111010,Bronze,5,5682.225056067378,0.02,12.0,68187.0
STH503902,TF111419,Silver,2,5682.278638882657,0.02,12.0,68187.0
STH505550,TF116519,Gold,6,5682.274377178757,0.02,12.0,68187.0
STH505593,TF116665,Silver,4,5682.264893147833,0.02,12.0,68187.0
STH504682,TF113765,Bronze,7,5682.181890600708,0.02,12.0,68186.0
STH507244,TF121401,Gold,4,5682.191573447495,0.02,12.0,68186.0
STH503923,TF111479,Gold,7,5682.0578555676775,0.02,12.0,68185.0
STH505380,TF116005,Bronze,6,5682.010815488571,0.02,12.0,68184.0
STH502923,TF108476,Gold,4,5681.971270572847,0.02,12.0,68184.0
STH500145,TF100398,Silver,4,5681.901454662482,0.02,12.0,68183.0
STH501554,TF104538,Silver,5,5681.712862552396,0.02,12.0,68181.0
STH506180,TF118324,Bronze,9,5681.703247764054,0.02,12.0,68180.0
STH503847,TF111241,Silver,2,5681.638722715242,0.02,12.0,68180.0
STH505092,TF115102,Gold,9,5681.485164840558,0.02,12.0,68178.0
STH506834,TF120253,Bronze,7,5681.281868472479,0.02,12.0,68175.0
STH503181,TF109263,Silver,9,5681.020625952779,0.02,12.0,68172.0
STH502207,TF106430,Silver,3,5681.03120440969,0.02,12.0,68172.0
STH504018,TF111784,Silver,9,5681.020625952779,0.02,12.0,68172.0
STH505939,TF117683,Bronze,6,5680.9765587065085,0.02,12.0,68172.0
STH504783,TF114128,Silver,9,5680.800323078131,0.02,12.0,68170.0
STH504519,TF113306,Silver,6,5680.813487240011,0.02,12.0,68170.0
STH506649,TF119735,Gold,4,5680.825295786817,0.02,12.0,68170.0
STH507814,TF122967,Gold,8,5680.864829890147,0.02,12.0,68170.0
STH500559,TF101582,Gold,3,5680.526540702544,0.02,12.0,68166.0
STH504627,TF113621,Gold,3,5680.526540702544,0.02,12.0,68166.0
STH507533,TF122229,Silver,6,5680.443560630299,0.02,12.0,68165.0
STH500584,TF101647,Gold,6,5680.418473920314,0.02,12.0,68165.0
STH500306,TF100847,Silver,4,5680.392107948436,0.02,12.0,68165.0
STH505248,TF115601,Gold,9,5680.087536130481,0.02,12.0,68161.0
STH506351,TF118880,Gold,6,5680.073625521254,0.02,12.0,68161.0
STH507676,TF122621,Silver,7,5679.714613614206,0.02,12.0,68157.0
STH500342,TF100943,Silver,9,5679.654348292101,0.02,12.0,68156.0
STH502245,TF106533,Bronze,8,5679.518664674324,0.02,12.0,68154.0
STH505775,TF117190,Silver,5,5679.451881666966,0.02,12.0,68153.0
STH508371,TF124580,Gold,8,5679.1966455264055,0.02,12.0,68150.0
STH502463,TF107195,Silver,6,5678.722934650874,0.02,12.0,68145.0
STH508356,TF124544,Gold,7,5678.638454738541,0.02,12.0,68144.0
STH502793,TF108116,Silver,9,5678.626646191736,0.02,12.0,68144.0
STH507846,TF123064,Gold,5,5678.698720060647,0.02,12.0,68144.0
STH506613,TF119621,Gold,8,5678.61573148907,0.02,12.0,68143.0
STH501247,TF103681,Silver,3,5678.212368766201,0.02,12.0,68139.0
STH504087,TF111974,Bronze,4,5678.166043561385,0.02,12.0,68138.0
STH500249,TF100670,Bronze,4,5678.166043561385,0.02,12.0,68138.0
STH502713,TF107879,Silver,6,5677.89995713419,0.02,12.0,68135.0
STH501260,TF103719,Gold,9,5677.886784472978,0.02,12.0,68135.0
STH501490,TF104348,Silver,6,5677.89995713419,0.02,12.0,68135.0
STH502023,TF105936,Bronze,8,5677.64423525806,0.02,12.0,68132.0
STH506936,TF120507,Silver,3,5677.543194686358,0.02,12.0,68131.0
STH501499,TF104382,Bronze,9,5677.351714289487,0.02,12.0,68128.0
STH504529,TF113324,Silver,7,5677.171010118098,0.02,12.0,68126.0
STH506925,TF120484,Silver,7,5677.171010118098,0.02,12.0,68126.0
STH505976,TF117794,Silver,8,5676.961613446784,0.02,12.0,68124.0
STH500364,TF101010,Bronze,7,5676.755536475677,0.02,12.0,68121.0
STH506270,TF118626,Silver,9,5676.747372867976,0.02,12.0,68121.0
STH506604,TF119591,Gold,8,5676.511879012371,0.02,12.0,68118.0
STH500475,TF101367,Silver,5,5676.085300654175,0.02,12.0,68113.0
STH500938,TF102740,Gold,8,5675.902554426554,0.02,12.0,68111.0
STH500459,TF101312,Silver,7,5675.296580701833,0.02,12.0,68104.0
STH505511,TF116417,Silver,7,5675.296580701833,0.02,12.0,68104.0
STH504271,TF112524,Gold,9,5675.173607410463,0.02,12.0,68102.0
STH500965,TF102833,Gold,2,5675.002400057119,0.02,12.0,68100.0
STH506528,TF119387,Silver,8,5675.004059733261,0.02,12.0,68100.0
STH502998,TF108713,Gold,8,5675.002532298325,0.02,12.0,68100.0
STH505626,TF116792,Bronze,6,5675.016593566903,0.02,12.0,68100.0
STH502598,TF107563,Gold,7,5674.697222532354,0.02,12.0,68096.0
STH507546,TF122265,Bronze,7,5674.287646550812,0.02,12.0,68091.0
STH500911,TF102654,Silver,6,5674.200972880014,0.02,12.0,68090.0
STH507704,TF122686,Gold,9,5672.460430347947,0.02,12.0,68070.0
STH507030,TF120790,Silver,9,5672.221040871175,0.02,12.0,68067.0
STH500159,TF100437,Gold,7,5672.153619036247,0.02,12.0,68066.0
STH502378,TF106923,Gold,9,5671.364899083906,0.02,12.0,68056.0
STH506047,TF117996,Gold,5,5670.961604419482,0.02,12.0,68052.0
STH502285,TF106655,Silver,8,5668.818541763391,0.02,12.0,68026.0
STH502662,TF107732,Platinum,9,5628.084058774413,0.02,12.0,67537.0
STH508370,TF124578,Platinum,7,5616.298110828097,0.02,12.0,67396.0
STH507069,TF120901,Platinum,7,5615.8267256019035,0.02,12.0,67390.0
STH500712,TF102069,Bronze,6,5615.668491807803,0.02,12.0,67388.0
STH500687,TF101968,Bronze,6,5615.668491807803,0.021,12.0,67388.0
STH508141,TF123941,Silver,2,5615.507678299852,0.02,12.0,67386.0
STH500328,TF100914,Bronze,4,5615.355979229856,0.02,12.0,67384.0
STH501263,TF103734,Bronze,8,5614.210597775618,0.02,12.0,67371.0
STH500402,TF101115,Platinum,3,5613.787544767434,0.02,12.0,67365.0
STH506680,TF119809,Platinum,5,5612.32965073525,0.02,12.0,67348.0
STH503538,TF110358,Gold,3,5612.304943698016,0.02,12.0,67348.0
STH507318,TF121618,Platinum,5,5612.011023691845,0.02,12.0,67344.0
STH501998,TF105872,Platinum,6,5611.701307605753,0.02,12.0,67340.0
STH505635,TF116819,Gold,4,5611.575996681924,0.02,12.0,67339.0
STH502768,TF108040,Platinum,5,5611.424060455445,0.02,12.0,67337.0
STH504618,TF113597,Platinum,3,5610.561942299906,0.02,12.0,67327.0
STH505779,TF117197,Platinum,4,5609.832995283814,0.02,12.0,67318.0
STH503624,TF110595,Platinum,2,5609.750191552552,0.02,12.0,67317.0
STH504635,TF113641,Platinum,9,5609.514466557477,0.02,12.0,67314.0
STH506619,TF119643,Gold,8,5608.660208617556,0.02,12.0,67304.0
STH500793,TF102295,Platinum,9,5608.402122538684,0.02,12.0,67301.0
STH503485,TF110189,Bronze,3,5607.531576979529,0.02,12.0,67290.0
STH500642,TF101808,Platinum,8,5607.4296326244585,0.02,12.0,67289.0
STH506806,TF120178,Bronze,4,5606.942366211511,0.02,12.0,67283.0
STH501897,TF105576,Bronze,5,5606.073682947345,0.02,12.0,67273.0
STH504509,TF113279,Bronze,2,5605.409407573481,0.02,12.0,67265.0
STH503395,TF109908,Silver,9,5605.300738396255,0.02,12.0,67264.0
STH508023,TF123602,Platinum,5,5605.169370743233,0.02,12.0,67262.0
STH507785,TF122885,Bronze,6,5605.137826891818,0.02,12.0,67262.0
STH505032,TF114942,Bronze,5,5604.8550337757115,0.02,12.0,67258.0
STH504505,TF113266,Bronze,7,5604.755525163236,0.02,12.0,67257.0
STH502780,TF108068,Bronze,3,5604.68046055739,0.02,12.0,67256.0
STH505912,TF117599,Platinum,9,5604.647562439908,0.02,12.0,67256.0
STH508206,TF124121,Platinum,5,5604.190119547703,0.02,12.0,67250.0
STH501182,TF103467,Gold,3,5603.996881569247,0.02,12.0,67248.0
STH508042,TF123667,Bronze,8,5603.88684189907,0.02,12.0,67247.0
STH503933,TF111500,Platinum,7,5603.704988586687,0.02,12.0,67244.0
STH503559,TF110410,Bronze,9,5603.297631131051,0.02,12.0,67240.0
STH502777,TF108059,Platinum,9,5603.28128477923,0.02,12.0,67239.0
STH506499,TF119320,Platinum,5,5603.078818154096,0.02,12.0,67237.0
STH504077,TF111950,Platinum,8,5602.976041570595,0.02,12.0,67236.0
STH503709,TF110842,Gold,2,5602.710134837559,0.02,12.0,67233.0
STH505828,TF117334,Bronze,6,5602.493619509114,0.02,12.0,67230.0
STH504057,TF111899,Bronze,2,5602.13908240712,0.02,12.0,67226.0
STH507728,TF122738,Bronze,7,5601.764672493022,0.02,12.0,67221.0
STH504119,TF112066,Bronze,7,5601.624936244948,0.02,12.0,67219.0
STH505088,TF115089,Gold,2,5601.491485665926,0.02,12.0,67218.0
STH503106,TF109034,Platinum,9,5601.274331483336,0.02,12.0,67215.0
STH501384,TF104050,Bronze,4,5601.100397119158,0.02,12.0,67213.0
STH505548,TF116510,Bronze,4,5601.044538117174,0.02,12.0,67213.0
STH506504,TF119333,Bronze,4,5600.681188374937,0.02,12.0,67208.0
STH502530,TF107365,Bronze,8,5600.495370570925,0.02,12.0,67206.0
STH503823,TF111172,Bronze,8,5600.495370570925,0.02,12.0,67206.0
STH505565,TF116581,Bronze,5,5600.440419782878,0.02,12.0,67205.0
STH506845,TF120277,Bronze,5,5600.315591101082,0.02,12.0,67204.0
STH508032,TF123635,Bronze,5,5599.952241358845,0.02,12.0,67199.0
STH501589,TF104647,Bronze,2,5599.914083768639,0.02,12.0,67199.0
STH505952,TF117720,Bronze,6,5599.642503086974,0.02,12.0,67196.0
STH504044,TF111868,Silver,2,5599.550659258836,0.02,12.0,67195.0
STH507716,TF122711,Silver,2,5599.425830577039,0.02,12.0,67193.0
STH506961,TF120579,Silver,2,5599.425830577039,0.02,12.0,67193.0
STH502372,TF106912,Bronze,7,5599.327374149754,0.02,12.0,67192.0
STH504240,TF112441,Bronze,3,5599.185136752547,0.02,12.0,67190.0
STH501783,TF105223,Bronze,3,5599.185136752547,0.02,12.0,67190.0
STH507297,TF121533,Gold,7,5599.1212587590835,0.02,12.0,67189.0
STH506535,TF119403,Bronze,2,5598.902343636441,0.02,12.0,67187.0
STH501704,TF104995,Silver,3,5598.696883560948,0.02,12.0,67184.0
STH500095,TF100278,Bronze,4,5598.556793623049,0.02,12.0,67183.0
STH508278,TF124309,Bronze,8,5598.128750052806,0.02,12.0,67178.0
STH505586,TF116649,Silver,8,5597.819387656537,0.02,12.0,67174.0
STH506327,TF118792,Silver,4,5597.795227216292,0.02,12.0,67174.0
STH501153,TF103391,Silver,5,5597.708666609619,0.02,12.0,67173.0
STH501409,TF104133,Bronze,8,5597.765400310569,0.02,12.0,67173.0
STH507384,TF121806,Bronze,2,5597.471084159126,0.02,12.0,67170.0
STH501869,TF105501,Bronze,3,5597.357162995096,0.022000000000000002,12.0,67168.0
STH507659,TF122554,Bronze,8,5597.103899242781,0.02,12.0,67165.0
STH504385,TF112899,Silver,6,5596.979719593528,0.02,12.0,67164.0
STH506919,TF120469,Bronze,9,5597.036453294477,0.02,12.0,67164.0
STH505730,TF117078,Gold,2,5596.779333662732,0.02,12.0,67161.0
STH503246,TF109445,Silver,9,5596.689821982514,0.02,12.0,67160.0
STH501306,TF103842,Silver,9,5596.689821982514,0.02,12.0,67160.0
STH508003,TF123529,Gold,7,5596.55913173402,0.02,12.0,67159.0
STH506928,TF120490,Bronze,3,5596.471959690031,0.02,12.0,67158.0
STH500633,TF101789,Silver,2,5596.518855152915,0.02,12.0,67158.0
STH503022,TF108780,Bronze,7,5596.369952574773,0.02,12.0,67156.0
STH502065,TF106048,Silver,7,5596.250772577436,0.02,12.0,67155.0
STH505923,TF117636,Silver,3,5596.209139066823,0.02,12.0,67155.0
STH506279,TF118658,Silver,5,5596.2141387187385,0.02,12.0,67155.0
STH504335,TF112716,Gold,3,5596.223095975204,0.02,12.0,67155.0
STH506642,TF119716,Silver,3,5596.1301944713405,0.02,12.0,67154.0
STH505234,TF115556,Gold,7,5596.145313655148,0.02,12.0,67154.0
STH506548,TF119441,Silver,6,5596.146692770434,0.02,12.0,67154.0
STH502506,TF107309,Bronze,6,5596.092705424466,0.02,12.0,67153.0
STH504234,TF112404,Bronze,3,5595.959534285019,0.02,12.0,67152.0
STH506091,TF118115,Bronze,2,5595.877904570546,0.02,12.0,67151.0
STH508144,TF123954,Silver,7,5595.78109549658,0.02,12.0,67149.0
STH502796,TF108124,Bronze,5,5595.259352795497,0.02,12.0,67143.0
STH501791,TF105235,Bronze,2,5595.1477835376645,0.02,12.0,67142.0
STH506577,TF119522,Silver,4,5595.060961120732,0.02,12.0,67141.0
STH507853,TF123081,Bronze,5,5595.014065657847,0.02,12.0,67140.0
STH505837,TF117364,Bronze,5,5595.014065657847,0.02,12.0,67140.0
STH506790,TF120129,Bronze,9,5594.8114546559955,0.02,12.0,67138.0
STH502380,TF106925,Gold,5,5594.76520194302,0.02,12.0,67137.0
STH504904,TF114504,Silver,8,5594.688798738251,0.02,12.0,67136.0
STH501929,TF105662,Silver,5,5594.672300439157,0.02,12.0,67136.0
STH501850,TF105438,Bronze,2,5594.694638683043,0.02,12.0,67136.0
STH507204,TF121306,Bronze,5,5594.5016402528345,0.02,12.0,67134.0
STH503098,TF109015,Bronze,2,5594.487729643608,0.02,12.0,67134.0
STH507959,TF123398,Silver,7,5594.510957548905,0.02,12.0,67134.0
STH500115,TF100319,Bronze,4,5594.4200105383625,0.02,12.0,67133.0
STH506702,TF119869,Bronze,4,5594.4200105383625,0.02,12.0,67133.0
STH505611,TF116728,Silver,9,5594.37906046638,0.02,12.0,67133.0
STH506090,TF118112,Silver,9,5594.323201464395,0.02,12.0,67132.0
STH502691,TF107822,Bronze,6,5594.285118641756,0.02,12.0,67131.0
STH501843,TF105397,Silver,9,5594.150492135832,0.02,12.0,67130.0
STH503055,TF108891,Bronze,3,5594.198533646925,0.02,12.0,67130.0
STH506051,TF118012,Gold,6,5594.092113928912,0.02,12.0,67129.0
STH507946,TF123355,Gold,6,5594.036254926928,0.02,12.0,67128.0
STH507838,TF123039,Bronze,7,5593.801458763313,0.02,12.0,67126.0
STH501275,TF103767,Bronze,7,5593.826349078666,0.02,12.0,67126.0
STH503470,TF110151,Bronze,6,5593.772693236743,0.02,12.0,67125.0
STH503662,TF110723,Bronze,9,5593.788311991306,0.02,12.0,67125.0
STH504576,TF113477,Bronze,5,5593.69106352227,0.02,12.0,67124.0
STH505693,TF116991,Bronze,5,5593.69106352227,0.02,12.0,67124.0
STH506427,TF119075,Gold,6,5593.6729051846905,0.02,12.0,67124.0
STH504190,TF112265,Silver,6,5593.603067088548,0.02,12.0,67123.0
STH506102,TF118138,Bronze,4,5593.469586630833,0.02,12.0,67122.0
STH507890,TF123207,Silver,3,5593.395358117713,0.02,12.0,67121.0
STH502338,TF106832,Silver,7,5593.192747115861,0.02,12.0,67118.0
STH505800,TF117260,Bronze,8,5593.168081202156,0.02,12.0,67118.0
STH508279,TF124314,Bronze,8,5593.097402062574,0.02,12.0,67117.0
STH502637,TF107656,Bronze,7,5593.043746220651,0.02,12.0,67117.0
STH500510,TF101456,Gold,6,5593.011404116903,0.02,12.0,67116.0
STH504220,TF112357,Bronze,5,5592.960942489389,0.02,12.0,67116.0
STH508115,TF123858,Gold,4,5592.905800578393,0.02,12.0,67115.0
STH501509,TF104404,Silver,3,5592.931279456275,0.02,12.0,67115.0
STH502275,TF106620,Silver,7,5592.874120072456,0.02,12.0,67114.0
STH502147,TF106297,Silver,2,5592.801302998228,0.02,12.0,67114.0
STH507324,TF121629,Bronze,8,5592.827224609571,0.02,12.0,67114.0
STH502061,TF106039,Bronze,5,5592.740639614742,0.02,12.0,67113.0
STH503318,TF109661,Gold,3,5592.72915731468,0.02,12.0,67113.0
STH501228,TF103617,Silver,4,5592.666411101621,0.02,12.0,67112.0
STH504471,TF113143,Bronze,5,5592.645736994391,0.02,12.0,67112.0
STH500259,TF100708,Silver,7,5592.6312708110845,0.02,12.0,67112.0
STH504099,TF112007,Bronze,8,5592.314799204559,0.02,12.0,67108.0
STH501695,TF104962,Silver,8,5592.145173056364,0.02,12.0,67106.0
STH505646,TF116850,Silver,4,5592.153985696608,0.02,12.0,67106.0
STH503825,TF111182,Silver,2,5591.850879090699,0.02,12.0,67102.0
STH504817,TF114228,Silver,9,5591.756512374789,0.02,12.0,67101.0
STH501478,TF104319,Bronze,2,5591.774552581092,0.02,12.0,67101.0
STH502063,TF106043,Bronze,9,5591.634198932042,0.02,12.0,67100.0
STH501268,TF103744,Bronze,6,5591.57194157924,0.02,12.0,67099.0
STH500528,TF101492,Bronze,5,5591.594664828711,0.02,12.0,67099.0
STH501290,TF103803,Bronze,6,5591.57194157924,0.02,12.0,67099.0
STH506804,TF120167,Silver,5,5591.473385424091,0.02,12.0,67098.0
STH506337,TF118848,Silver,5,5591.425038680516,0.02,12.0,67097.0
STH508058,TF123706,Bronze,4,5591.295909744438,0.02,12.0,67096.0
STH505205,TF115460,Silver,3,5591.121932074607,0.02,12.0,67093.0
STH506476,TF119240,Bronze,2,5590.874530452862,0.02,12.0,67090.0
STH501563,TF104569,Gold,7,5590.718959530117,0.02,12.0,67089.0
STH502864,TF108326,Silver,7,5590.749747506347,0.02,12.0,67089.0
STH506185,TF118337,Silver,9,5590.7231129514785,0.02,12.0,67089.0
STH501356,TF103968,Gold,8,5590.512543693501,0.02,12.0,67086.0
STH500643,TF101810,Silver,4,5590.392985058515,0.02,12.0,67085.0
STH507525,TF122201,Gold,3,5590.409145126957,0.02,12.0,67085.0
STH506456,TF119170,Gold,2,5590.327515412484,0.02,12.0,67084.0
STH505516,TF116423,Bronze,8,5590.320956586492,0.02,12.0,67084.0
STH504144,TF112143,Bronze,4,5590.316658548908,0.02,12.0,67084.0
STH502264,TF106583,Bronze,8,5590.320956586492,0.02,12.0,67084.0
STH504035,TF111836,Bronze,5,5590.197036118633,0.02,12.0,67082.0
STH501775,TF105201,Bronze,8,5590.114047547056,0.02,12.0,67081.0
STH507461,TF122003,Bronze,8,5590.114047547056,0.02,12.0,67081.0
STH505740,TF117107,Silver,7,5589.967144648333,0.02,12.0,67080.0
STH506506,TF119338,Silver,8,5590.020800490255,0.02,12.0,67080.0
STH506368,TF118928,Silver,4,5589.953234039105,0.02,12.0,67079.0
STH508357,TF124546,Gold,7,5589.8133692503125,0.02,12.0,67078.0
STH503626,TF110598,Silver,8,5589.750623037253,0.02,12.0,67077.0
STH503777,TF111042,Gold,8,5589.67138547062,0.02,12.0,67076.0
STH501071,TF103130,Gold,8,5589.67138547062,0.02,12.0,67076.0
STH508256,TF124254,Silver,9,5589.291853474164,0.02,12.0,67072.0
STH504795,TF114165,Silver,5,5589.224287023013,0.02,12.0,67071.0
STH500966,TF102835,Gold,6,5589.075586076277,0.02,12.0,67069.0
STH506052,TF118013,Bronze,5,5589.116326306624,0.02,12.0,67069.0
STH503451,TF110091,Silver,3,5588.948255188211,0.02,12.0,67067.0
STH504235,TF112407,Bronze,6,5588.8587645167245,0.02,12.0,67066.0
STH508020,TF123590,Gold,6,5588.734729483694,0.02,12.0,67065.0
STH506734,TF119960,Bronze,5,5588.687689404586,0.02,12.0,67064.0
STH507348,TF121699,Silver,2,5588.697951008774,0.02,12.0,67064.0
STH502432,TF107096,Bronze,9,5588.678876764343,0.02,12.0,67064.0
STH502054,TF106020,Bronze,8,5588.38012168007,0.02,12.0,67061.0
STH507573,TF122332,Gold,7,5588.275959920604,0.02,12.0,67059.0
STH503065,TF108919,Gold,7,5588.275959920604,0.02,12.0,67059.0
STH504268,TF112515,Gold,4,5588.176929768098,0.02,12.0,67058.0
STH502050,TF106013,Silver,7,5588.099838857398,0.02,12.0,67057.0
STH504544,TF113365,Bronze,8,5588.0101950703565,0.02,12.0,67056.0
STH502412,TF107029,Bronze,2,5587.967555028738,0.02,12.0,67056.0
STH507755,TF122802,Silver,2,5587.797928880544,0.02,12.0,67054.0
STH501464,TF104267,Bronze,9,5587.82160296027,0.02,12.0,67054.0
STH500679,TF101917,Silver,7,5587.766392990829,0.02,12.0,67053.0
STH503553,TF110398,Gold,8,5587.547012904512,0.02,12.0,67051.0
STH501940,TF105692,Silver,8,5587.477196994147,0.02,12.0,67050.0
STH500787,TF102284,Bronze,7,5587.229795372403,0.02,12.0,67047.0
STH507835,TF123030,Silver,5,5587.120434546315,0.02,12.0,67045.0
STH502561,TF107440,Silver,7,5587.060169224209,0.02,12.0,67045.0
STH505657,TF116896,Bronze,4,5586.944376269871,0.02,12.0,67043.0
STH507328,TF121635,Bronze,2,5586.709573823622,0.02,12.0,67041.0
STH504773,TF114109,Gold,4,5586.773222686741,0.02,12.0,67041.0
STH504749,TF114005,Gold,6,5586.681606315235,0.02,12.0,67040.0
STH503719,TF110860,Gold,3,5586.4744676024675,0.02,12.0,67038.0
STH504345,TF112753,Silver,5,5586.511109960497,0.02,12.0,67038.0
STH503000,TF108719,Silver,9,5586.515407998081,0.02,12.0,67038.0
STH501839,TF105386,Silver,8,5586.331222208117,0.02,12.0,67036.0
STH507983,TF123451,Silver,4,5586.250184293522,0.02,12.0,67035.0
STH505319,TF115811,Silver,7,5586.205325136705,0.02,12.0,67034.0
STH503918,TF111458,Bronze,6,5586.145587454209,0.02,12.0,67034.0
STH506920,TF120473,Gold,9,5586.08380977398,0.02,12.0,67033.0
STH506832,TF120250,Gold,5,5586.044275670649,0.02,12.0,67033.0
STH507364,TF121754,Gold,9,5586.035463030405,0.02,12.0,67032.0
STH505344,TF115899,Silver,4,5585.825328411076,0.02,12.0,67030.0
STH506954,TF120560,Gold,7,5585.6374538041455,0.02,12.0,67028.0
STH507327,TF121634,Bronze,2,5585.571864493492,0.02,12.0,67027.0
STH506260,TF118591,Silver,9,5585.6022751920245,0.02,12.0,67027.0
STH507089,TF120964,Gold,7,5585.499514444521,0.02,12.0,67026.0
STH500640,TF101801,Bronze,7,5585.416640438117,0.02,12.0,67025.0
STH500494,TF101422,Gold,6,5585.315328654558,0.02,12.0,67024.0
STH504967,TF114736,Silver,8,5585.303520107752,0.02,12.0,67024.0
STH503198,TF109301,Gold,2,5585.3241412948,0.02,12.0,67024.0
STH504805,TF114191,Gold,7,5585.292605405086,0.02,12.0,67024.0
STH505383,TF116012,Gold,9,5585.22488629984,0.02,12.0,67023.0
STH502391,TF106957,Bronze,9,5585.257194902934,0.02,12.0,67023.0
STH506554,TF119459,Gold,8,5585.223712283051,0.02,12.0,67023.0
STH506409,TF119035,Bronze,3,5584.8429174774,0.02,12.0,67018.0
STH506575,TF119519,Silver,9,5584.747431104521,0.02,12.0,67017.0
STH505122,TF115194,Silver,6,5584.670861550798,0.02,12.0,67016.0
STH505798,TF117257,Gold,5,5584.646646960571,0.02,12.0,67016.0
STH500051,TF100165,Silver,3,5584.596721713645,0.02,12.0,67015.0
STH501738,TF105084,Gold,9,5584.274462392312,0.02,12.0,67011.0
STH503541,TF110363,Gold,6,5584.281138429829,0.02,12.0,67011.0
STH505097,TF115123,Gold,3,5584.080487841424,0.02,12.0,67009.0
STH505111,TF115158,Bronze,8,5584.028588205503,0.02,12.0,67008.0
STH503056,TF108897,Bronze,2,5583.880308531195,0.02,12.0,67007.0
STH503016,TF108758,Gold,5,5582.926020981146,0.02,12.0,66995.0
STH503054,TF108889,Silver,5,5582.702401633941,0.02,12.0,66992.0
STH504323,TF112677,Gold,7,5582.57942834257,0.02,12.0,66991.0
STH505320,TF115814,Silver,2,5582.495262921174,0.02,12.0,66990.0
STH508182,TF124063,Silver,9,5581.661042985838,0.02,12.0,66980.0
STH506900,TF120424,Gold,6,5581.37409644837,0.02,12.0,66976.0
STH508022,TF123596,Gold,7,5581.164699777056,0.02,12.0,66974.0
STH500920,TF102680,Gold,2,5580.590900258562,0.02,12.0,66967.0
STH501979,TF105809,Gold,6,5579.499667032105,0.02,12.0,66954.0
STH503991,TF111699,Silver,8,5579.0504324462345,0.02,12.0,66949.0
STH502802,TF108147,Silver,9,5578.502413637668,0.02,12.0,66942.0
STH502711,TF107876,Silver,8,5575.383322922587,0.02,12.0,66905.0
STH500216,TF100590,Gold,5,5527.435074510136,0.02,12.0,66329.0
STH507878,TF123162,Bronze,3,5523.803259756001,0.02,12.0,66286.0
STH507953,TF123380,Bronze,3,5523.803259756001,0.02,12.0,66286.0
STH507476,TF122060,Bronze,3,5523.803259756001,0.02,12.0,66286.0
STH505352,TF115917,Bronze,3,5523.803259756001,0.026000000000000002,12.0,66286.0
STH502570,TF107470,Platinum,5,5523.232546534011,0.02,12.0,66279.0
STH503603,TF110533,Bronze,4,5522.785323342833,0.02,12.0,66273.0
STH503403,TF109930,Bronze,5,5522.345365723817,0.02,12.0,66268.0
STH500508,TF101453,Silver,2,5521.455605199775,0.053,12.0,66257.0
STH505288,TF115714,Bronze,7,5520.887471691633,0.02,12.0,66251.0
STH504604,TF113558,Silver,3,5520.726658183683,0.02,12.0,66249.0
STH503861,TF111277,Silver,3,5520.726658183683,0.02,12.0,66249.0
STH500361,TF101001,Platinum,6,5519.964269671236,0.02,12.0,66240.0
STH503848,TF111244,Platinum,4,5519.006524651265,0.02,12.0,66228.0
STH501570,TF104594,Platinum,2,5518.021419073936,0.02,12.0,66216.0
STH504072,TF111937,Platinum,5,5517.958950591768,0.02,12.0,66216.0
STH504952,TF114673,Platinum,6,5517.548630619081,0.02,12.0,66211.0
STH504086,TF111972,Bronze,2,5517.478776061905,0.02,12.0,66210.0
STH505154,TF115294,Platinum,6,5517.230003575677,0.02,12.0,66207.0
STH503502,TF110253,Silver,8,5517.081923103223,0.02,12.0,66205.0
STH505658,TF116898,Platinum,9,5516.925287141499,0.02,12.0,66203.0
STH505816,TF117300,Platinum,7,5516.841342894101,0.02,12.0,66202.0
STH508406,TF124703,Bronze,3,5516.8709752075965,0.02,12.0,66202.0
STH501302,TF103835,Silver,9,5516.352976087131,0.02,12.0,66196.0
STH506710,TF119900,Silver,9,5516.352976087131,0.024,12.0,66196.0
STH502663,TF107738,Silver,4,5516.211610809681,0.02,12.0,66195.0
STH505275,TF115678,Bronze,4,5516.142028191505,0.02,12.0,66194.0
STH505985,TF117819,Platinum,8,5516.191340473491,0.02,12.0,66194.0
STH500569,TF101603,Silver,7,5514.407996258679,0.02,12.0,66173.0
STH501615,TF104740,Bronze,3,5513.479503879452,0.02,12.0,66162.0
STH506479,TF119247,Silver,4,5513.065426619187,0.02,12.0,66157.0
STH500244,TF100655,Platinum,8,5512.865134119369,0.02,12.0,66154.0
STH507552,TF122278,Platinum,6,5512.56202751346,0.02,12.0,66151.0
STH501336,TF103924,Silver,9,5512.566875729221,0.02,12.0,66151.0
STH503651,TF110675,Bronze,9,5512.497293111045,0.02,12.0,66150.0
STH506844,TF120273,Silver,3,5512.418596054914,0.02,12.0,66149.0
STH501209,TF103566,Platinum,2,5512.324887495903,0.02,12.0,66148.0
STH502467,TF107210,Platinum,7,5512.090812792694,0.02,12.0,66145.0
STH503623,TF110593,Bronze,5,5512.021609847268,0.02,12.0,66144.0
STH501749,TF105126,Bronze,2,5511.0498215473735,0.02,12.0,66133.0
STH504317,TF112656,Bronze,6,5510.868327590531,0.02,12.0,66130.0
STH502833,TF108247,Platinum,5,5510.747371033443,0.02,12.0,66129.0
STH500009,TF100019,Silver,2,5510.707514082581,0.02,12.0,66128.0
STH503775,TF111028,Silver,3,5510.458761309118,0.02,12.0,66126.0
STH504442,TF113050,Bronze,3,5510.488651209239,0.02,12.0,66126.0
STH506495,TF119303,Bronze,3,5510.488651209239,0.02,12.0,66126.0
STH504538,TF113352,Silver,3,5510.402902307133,0.02,12.0,66125.0
STH504348,TF112760,Platinum,7,5509.659403610972,0.02,12.0,66116.0
STH506313,TF118745,Platinum,6,5509.409099431535,0.02,12.0,66113.0
STH504092,TF111986,Bronze,4,5509.359085535216,0.02,12.0,66112.0
STH504297,TF112597,Silver,4,5509.2496200503965,0.02,12.0,66111.0
STH500490,TF101413,Bronze,9,5509.1058217829,0.02,12.0,66109.0
STH503167,TF109225,Silver,6,5508.216061258858,0.02,12.0,66099.0
STH502669,TF107755,Silver,2,5508.140996653012,0.02,12.0,66098.0
STH502972,TF108617,Gold,4,5507.200167705299,0.02,12.0,66086.0
STH507652,TF122528,Bronze,5,5506.090808672441,0.02,12.0,66073.0
STH504326,TF112684,Bronze,6,5506.004248065769,0.02,12.0,66072.0
STH506578,TF119523,Silver,5,5505.954155604736,0.02,12.0,66071.0
STH508267,TF124279,Bronze,2,5505.862010668562,0.02,12.0,66070.0
STH505468,TF116277,Bronze,5,5505.729241466279,0.02,12.0,66069.0
STH507965,TF123411,Silver,5,5505.786378926779,0.02,12.0,66069.0
STH502956,TF108568,Silver,2,5505.373757476962,0.02,12.0,66064.0
STH507405,TF121869,Bronze,5,5505.23866719098,0.02,12.0,66063.0
STH502107,TF106181,Bronze,3,5505.13306365247,0.02,12.0,66062.0
STH505917,TF117618,Gold,6,5505.127247821052,0.02,12.0,66062.0
STH504746,TF113999,Silver,2,5505.2010481483985,0.02,12.0,66062.0
STH501394,TF104079,Bronze,3,5504.227473372665,0.02,12.0,66051.0
STH506508,TF119341,Bronze,3,5504.227473372665,0.02,12.0,66051.0
STH506210,TF118424,Bronze,8,5504.201505634525,0.02,12.0,66050.0
STH500745,TF102163,Bronze,5,5504.197700799763,0.02,12.0,66050.0
STH503699,TF110820,Bronze,8,5504.132535954713,0.02,12.0,66050.0
STH503313,TF109647,Gold,8,5504.0774706014945,0.02,12.0,66049.0
STH503571,TF110445,Bronze,8,5503.9039676241655,0.02,12.0,66047.0
STH507108,TF121020,Silver,8,5503.76731455646,0.02,12.0,66045.0
STH507271,TF121483,Bronze,3,5503.305089895019,0.02,12.0,66040.0
STH501975,TF105795,Bronze,2,5503.1488336060465,0.02,12.0,66038.0
STH501555,TF104543,Silver,4,5502.891012634754,0.02,12.0,66035.0
STH506724,TF119930,Gold,6,5502.891157250975,0.02,12.0,66035.0
STH505385,TF116019,Silver,2,5502.785409096244,0.02,12.0,66033.0
STH504913,TF114547,Bronze,5,5502.769579340481,0.02,12.0,66033.0
STH502804,TF108153,Gold,6,5502.7514210029,0.02,12.0,66033.0
STH502413,TF107030,Bronze,6,5502.62759556079,0.021,12.0,66032.0
STH503230,TF109395,Silver,6,5502.582798094391,0.02,12.0,66031.0
STH508455,TF124860,Bronze,4,5501.9611170268645,0.02,12.0,66024.0
STH501404,TF104103,Bronze,3,5501.955807928516,0.02,12.0,66023.0
STH505216,TF115488,Bronze,5,5501.847195862835,0.02,12.0,66022.0
STH500094,TF100277,Bronze,2,5501.825831470469,0.02,12.0,66022.0
STH508207,TF124125,Bronze,2,5501.825831470469,0.02,12.0,66022.0
STH504418,TF112990,Silver,3,5501.737835036747,0.02,12.0,66021.0
STH502280,TF106646,Gold,4,5501.566904540831,0.02,12.0,66019.0
STH501367,TF104008,Silver,4,5501.327515064059,0.02,12.0,66016.0
STH503893,TF111393,Silver,7,5501.365672654266,0.02,12.0,66016.0
STH501984,TF105829,Bronze,3,5501.096884454378,0.02,12.0,66013.0
STH505391,TF116033,Bronze,5,5500.96199255777,0.02,12.0,66012.0
STH504112,TF112051,Gold,7,5500.889204512947,0.02,12.0,66011.0
STH504742,TF113985,Bronze,9,5500.859985442513,0.02,12.0,66010.0
STH506972,TF120622,Gold,5,5500.713128842943,0.02,12.0,66009.0
STH505103,TF115137,Silver,8,5500.636725638174,0.02,12.0,66008.0
STH500110,TF100312,Bronze,6,5500.503222994681,0.02,12.0,66006.0
STH504835,TF114277,Bronze,9,5500.440754512513,0.02,12.0,66005.0
STH506205,TF118408,Bronze,2,5500.435656543531,0.02,12.0,66005.0
STH502975,TF108621,Silver,4,5500.421924784255,0.02,12.0,66005.0
STH503985,TF111673,Silver,2,5500.413088626312,0.02,12.0,66005.0
STH506839,TF120265,Gold,2,5500.333280801612,0.02,12.0,66004.0
STH504718,TF113909,Silver,9,5500.326987366302,0.02,12.0,66004.0
STH501953,TF105741,Silver,2,5500.3424094867305,0.02,12.0,66004.0
STH505925,TF117641,Silver,5,5500.279941004563,0.02,12.0,66003.0
STH503747,TF110955,Silver,3,5500.2284883227,0.02,12.0,66003.0
STH506721,TF119924,Gold,6,5499.984181826851,0.02,12.0,66000.0
STH502003,TF105878,Bronze,7,5499.84495511817,0.02,12.0,65998.0
STH505271,TF115666,Bronze,6,5499.720620136666,0.02,12.0,65997.0
STH505473,TF116299,Bronze,6,5499.720620136666,0.02,12.0,65997.0
STH508423,TF124758,Gold,7,5499.724911891615,0.02,12.0,65997.0
STH507717,TF122714,Bronze,7,5499.749385663236,0.02,12.0,65997.0
STH507059,TF120868,Bronze,3,5499.706709527439,0.02,12.0,65996.0
STH505079,TF115074,Gold,2,5499.299881378302,0.02,12.0,65992.0
STH500507,TF101451,Bronze,8,5499.045328962497,0.02,12.0,65989.0
STH505420,TF116137,Silver,6,5498.96403075207,0.02,12.0,65988.0
STH505696,TF117003,Silver,4,5498.955194594128,0.02,12.0,65987.0
STH500324,TF100902,Bronze,2,5498.874588689407,0.02,12.0,65986.0
STH507492,TF122105,Gold,4,5498.853727478316,0.02,12.0,65986.0
STH505558,TF116555,Bronze,5,5498.688566514665,0.02,12.0,65984.0
STH503561,TF110421,Bronze,2,5498.695242552182,0.02,12.0,65984.0
STH500436,TF101232,Silver,5,5498.226247578036,0.02,12.0,65979.0
STH502698,TF107844,Silver,5,5498.155568438455,0.02,12.0,65978.0
STH501746,TF105114,Gold,5,5498.146439753336,0.02,12.0,65978.0
STH501612,TF104735,Gold,2,5497.939301040568,0.02,12.0,65975.0
STH502677,TF107779,Gold,2,5497.598444447985,0.02,12.0,65971.0
STH506857,TF120304,Bronze,6,5497.519868479163,0.02,12.0,65970.0
STH503611,TF110552,Bronze,8,5497.452149373918,0.02,12.0,65969.0
STH508085,TF123787,Silver,9,5497.364152940195,0.02,12.0,65968.0
STH504381,TF112888,Silver,7,5497.312700258332,0.02,12.0,65968.0
STH501206,TF103563,Silver,9,5497.364152940195,0.02,12.0,65968.0
STH504767,TF114086,Gold,5,5497.219190182419,0.02,12.0,65967.0
STH506004,TF117873,Silver,6,5497.15644396936,0.02,12.0,65966.0
STH500804,TF102317,Silver,6,5497.15644396936,0.02,12.0,65966.0
STH504624,TF113617,Gold,3,5497.139674884895,0.02,12.0,65966.0
STH504275,TF112538,Bronze,6,5496.813644712543,0.02,12.0,65962.0
STH505169,TF115355,Gold,3,5496.869497431892,0.02,12.0,65962.0
STH500961,TF102827,Bronze,7,5496.790921463071,0.02,12.0,65961.0
STH503505,TF110267,Gold,7,5496.767490316634,0.02,12.0,65961.0
STH505421,TF116140,Bronze,5,5496.68774764113,0.02,12.0,65960.0
STH500997,TF102915,Silver,4,5496.561214833086,0.02,12.0,65959.0
STH503346,TF109744,Silver,8,5496.583753242241,0.02,12.0,65959.0
STH508325,TF124468,Bronze,2,5496.611178087407,0.02,12.0,65959.0
STH500760,TF102222,Bronze,8,5496.501725466388,0.02,12.0,65958.0
STH507035,TF120816,Bronze,5,5496.144963018556,0.02,12.0,65954.0
STH506209,TF118421,Bronze,3,5496.093510336694,0.02,12.0,65953.0
STH504654,TF113683,Bronze,9,5495.993081324944,0.02,12.0,65952.0
STH506708,TF119883,Silver,8,5495.968727390178,0.02,12.0,65952.0
STH503620,TF110586,Silver,3,5495.9238841885,0.02,12.0,65951.0
STH500534,TF101509,Silver,4,5495.901160939028,0.02,12.0,65951.0
STH504379,TF112885,Silver,8,5495.943837074826,0.02,12.0,65951.0
STH502190,TF106390,Silver,5,5495.832267816993,0.02,12.0,65950.0
STH507027,TF120781,Bronze,6,5495.785942612177,0.02,12.0,65949.0
STH505913,TF117605,Gold,4,5495.676471754362,0.02,12.0,65948.0
STH505538,TF116483,Gold,3,5495.546495296316,0.02,12.0,65947.0
STH507763,TF122816,Silver,5,5495.611964942346,0.02,12.0,65947.0
STH507149,TF121135,Bronze,9,5495.539936470323,0.02,12.0,65946.0
STH507637,TF122493,Gold,5,5495.411603399708,0.02,12.0,65945.0
STH503247,TF109446,Bronze,6,5495.416016002464,0.02,12.0,65945.0
STH504879,TF114445,Bronze,8,5495.355750680358,0.037000000000000005,12.0,65944.0
STH500017,TF100040,Silver,9,5495.2148900587335,0.02,12.0,65943.0
STH508329,TF124480,Silver,5,5495.172213922936,0.02,12.0,65942.0
STH507841,TF123048,Bronze,7,5495.056995596085,0.02,12.0,65941.0
STH501901,TF105592,Silver,6,5495.103320800901,0.02,12.0,65941.0
STH506353,TF118889,Silver,3,5495.066610384427,0.02,12.0,65941.0
STH500540,TF101529,Bronze,3,5495.059253554631,0.02,12.0,65941.0
STH502126,TF106225,Gold,8,5495.032349134143,0.02,12.0,65940.0
STH504508,TF113278,Gold,6,5494.952833836619,0.02,12.0,65939.0
STH503701,TF110824,Silver,3,5494.8896939637725,0.02,12.0,65939.0
STH504901,TF114499,Bronze,7,5494.687068986372,0.02,12.0,65936.0
STH502687,TF107813,Bronze,9,5494.626803664266,0.02,12.0,65936.0
STH507527,TF122207,Bronze,9,5494.626803664266,0.02,12.0,65936.0
STH502842,TF108266,Gold,3,5494.596071388786,0.02,12.0,65935.0
STH502308,TF106736,Silver,5,5494.4659901563155,0.02,12.0,65934.0
STH505184,TF115402,Silver,6,5494.443266906845,0.02,12.0,65933.0
STH503607,TF110539,Gold,9,5494.303402118051,0.02,12.0,65932.0
STH507506,TF122147,Silver,4,5494.16074694768,0.02,12.0,65930.0
STH502374,TF106915,Silver,4,5494.16074694768,0.02,12.0,65930.0
STH502479,TF107239,Bronze,5,5494.120909867225,0.02,12.0,65929.0
STH505023,TF114918,Silver,7,5493.921228930188,0.02,12.0,65927.0
STH500949,TF102762,Bronze,6,5493.81681873358,0.02,12.0,65926.0
STH504987,TF114791,Silver,4,5493.797308462329,0.02,12.0,65926.0
STH507788,TF122904,Bronze,9,5493.769529860193,0.02,12.0,65925.0
STH506631,TF119683,Silver,7,5493.714319890752,0.02,12.0,65925.0
STH506079,TF118093,Silver,6,5493.737043140224,0.02,12.0,65925.0
STH504770,TF114098,Silver,5,5493.611146068812,0.02,12.0,65923.0
STH508339,TF124501,Silver,2,5493.534576515089,0.02,12.0,65922.0
STH504386,TF112900,Silver,5,5493.438288055951,0.02,12.0,65921.0
STH500645,TF101812,Gold,4,5493.427373353285,0.02,12.0,65921.0
STH502069,TF106056,Gold,8,5493.224762351432,0.02,12.0,65919.0
STH507861,TF123108,Silver,5,5493.068361446238,0.02,12.0,65917.0
STH505237,TF115561,Silver,3,5492.805629498997,0.02,12.0,65914.0
STH501346,TF103940,Gold,9,5492.836671927925,0.02,12.0,65914.0
STH500817,TF102357,Bronze,6,5492.872412506355,0.02,12.0,65914.0
STH508049,TF123676,Silver,3,5492.805629498997,0.02,12.0,65914.0
STH505965,TF117768,Gold,6,5492.666962635836,0.02,12.0,65912.0
STH501878,TF105533,Silver,6,5492.339414430146,0.02,12.0,65908.0
STH508119,TF123866,Gold,5,5491.992202570572,0.02,12.0,65904.0
STH504873,TF114438,Silver,4,5491.773255310999,0.02,12.0,65901.0
STH506358,TF118898,Silver,9,5491.5502020919475,0.02,12.0,65899.0
STH505456,TF116253,Silver,7,5491.610467414053,0.02,12.0,65899.0
STH501192,TF103512,Silver,5,5491.559014732191,0.02,12.0,65899.0
STH506372,TF118943,Bronze,6,5491.43440913761,0.02,12.0,65897.0
STH502705,TF107862,Gold,3,5491.443143306861,0.02,12.0,65897.0
STH505158,TF115307,Bronze,8,5491.414518474171,0.02,12.0,65897.0
STH504526,TF113316,Bronze,6,5491.43440913761,0.02,12.0,65897.0
STH504360,TF112791,Gold,4,5491.3235208765855,0.02,12.0,65896.0
STH504780,TF114122,Silver,3,5491.203753830089,0.02,12.0,65894.0
STH503101,TF109024,Gold,5,5491.134928766499,0.02,12.0,65894.0
STH502659,TF107727,Silver,8,5490.881520397961,0.02,12.0,65891.0
STH505825,TF117319,Silver,3,5490.858905431029,0.02,12.0,65890.0
STH506544,TF119429,Gold,5,5490.594573860494,0.02,12.0,65887.0
STH501438,TF104203,Silver,9,5490.522499991583,0.02,12.0,65886.0
STH505135,TF115239,Gold,7,5490.534308538388,0.02,12.0,65886.0
STH501055,TF103089,Silver,6,5490.315361278815,0.02,12.0,65884.0
STH500567,TF101597,Bronze,6,5490.328809010248,0.02,12.0,65884.0
STH505052,TF114981,Bronze,7,5490.269036073998,0.02,12.0,65883.0
STH502626,TF107625,Bronze,7,5490.269036073998,0.02,12.0,65883.0
STH500827,TF102396,Silver,4,5490.1299584149365,0.02,12.0,65882.0
STH506192,TF118356,Silver,4,5490.060988735125,0.02,12.0,65881.0
STH500611,TF101727,Gold,3,5490.028414741347,0.02,12.0,65880.0
STH507478,TF122067,Silver,7,5489.8898414346295,0.02,12.0,65879.0
STH502121,TF106215,Bronze,9,5489.906673305856,0.02,12.0,65879.0
STH507543,TF122253,Gold,2,5489.458913260438,0.02,12.0,65874.0
STH502505,TF107308,Silver,4,5489.3809863241595,0.02,12.0,65873.0
STH507531,TF122222,Silver,4,5489.379275549956,0.02,12.0,65873.0
STH503568,TF110439,Bronze,9,5488.8111420418145,0.02,12.0,65866.0
STH503332,TF109701,Bronze,8,5488.870914978063,0.02,12.0,65866.0
STH508332,TF124484,Gold,8,5488.407732812218,0.02,12.0,65861.0
STH505096,TF115119,Silver,6,5488.357807565291,0.02,12.0,65860.0
STH505118,TF115188,Silver,7,5487.6288605492,0.02,12.0,65852.0
STH503810,TF111141,Gold,7,5487.5042125778045,0.02,12.0,65850.0
STH508398,TF124675,Gold,8,5486.898386098172,0.02,12.0,65843.0
STH504446,TF113069,Gold,4,5486.907198738416,0.02,12.0,65843.0
STH504024,TF111807,Silver,8,5486.409339257808,0.02,12.0,65837.0
STH505017,TF114889,Silver,7,5485.72730636225,0.02,12.0,65829.0
STH502364,TF106894,Bronze,8,5483.790997135557,0.022000000000000002,12.0,65805.0
STH500789,TF102286,Gold,3,5483.548899256964,0.02,12.0,65803.0
STH501190,TF103507,Platinum,4,5443.62464765472,0.02,12.0,65323.0
STH506783,TF120102,Bronze,3,5429.751186655925,0.02,12.0,65157.0
STH506043,TF117987,Silver,2,5427.403532099699,0.021,12.0,65129.0
STH500322,TF100898,Bronze,9,5425.377504559373,0.027999999999999997,12.0,65105.0
STH504643,TF113650,Silver,5,5425.2166910514225,0.059000000000000004,12.0,65103.0
STH504699,TF113828,Platinum,3,5424.777808287477,0.02,12.0,65097.0
STH503004,TF108725,Platinum,5,5423.906877491692,0.02,12.0,65087.0
STH504759,TF114042,Bronze,5,5423.878678630907,0.034,12.0,65087.0
STH503882,TF111349,Silver,8,5423.029850003147,0.02,12.0,65076.0
STH502995,TF108702,Silver,8,5423.029850003147,0.02,12.0,65076.0
STH500003,TF100005,Bronze,3,5422.278547201516,0.02,12.0,65067.0
STH500603,TF101703,Platinum,9,5421.331375761842,0.02,12.0,65056.0
STH503804,TF111121,Platinum,9,5420.991089427324,0.02,12.0,65052.0
STH503967,TF111607,Platinum,7,5420.939636745462,0.02,12.0,65051.0
STH506600,TF119583,Silver,3,5419.621154373419,0.02,12.0,65035.0
STH503122,TF109062,Silver,4,5418.892207357327,0.02,12.0,65027.0
STH507251,TF121424,Platinum,9,5418.841826545863,0.02,12.0,65026.0
STH500262,TF100723,Bronze,2,5418.563242578446,0.02,12.0,65023.0
STH502645,TF107685,Bronze,5,5418.109272995266,0.02,12.0,65017.0
STH508150,TF123978,Platinum,5,5417.058736418718,0.02,12.0,65005.0
STH504014,TF111764,Bronze,2,5416.764906467323,0.02,12.0,65001.0
STH500222,TF100614,Platinum,7,5416.6350326112615,0.02,12.0,65000.0
STH505541,TF116495,Bronze,7,5416.511642715008,0.02,12.0,64998.0
STH502370,TF106907,Silver,5,5416.122986878999,0.02,12.0,64993.0
STH504425,TF113008,Silver,8,5415.976419292959,0.02,12.0,64992.0
STH501223,TF103604,Platinum,4,5415.914898235413,0.02,12.0,64991.0
STH502376,TF106921,Silver,4,5415.67774119295,0.02,12.0,64988.0
STH507945,TF123351,Bronze,4,5415.707631093071,0.02,12.0,64988.0
STH501627,TF104771,Bronze,9,5415.053748682824,0.02,12.0,64981.0
STH504355,TF112783,Platinum,4,5414.88064145335,0.02,12.0,64979.0
STH505126,TF115214,Gold,2,5414.74572488548,0.02,12.0,64977.0
STH504567,TF113452,Bronze,2,5414.454144951189,0.02,12.0,64973.0
STH502398,TF106980,Bronze,2,5414.398285949204,0.02,12.0,64973.0
STH503170,TF109232,Silver,6,5414.3037244068555,0.02,12.0,64972.0
STH506767,TF120053,Platinum,9,5414.149436478712,0.02,12.0,64970.0
STH507362,TF121751,Bronze,2,5414.034936206967,0.02,12.0,64968.0
STH501042,TF103056,Bronze,7,5413.520790044795,0.02,12.0,64962.0
STH505992,TF117841,Silver,3,5413.359976536844,0.02,12.0,64960.0
STH503630,TF110609,Bronze,7,5413.120171386863,0.02,12.0,64957.0
STH503576,TF110451,Bronze,4,5412.940391917021,0.02,12.0,64955.0
STH501090,TF103194,Silver,2,5412.9556540790745,0.02,12.0,64955.0
STH500867,TF102531,Bronze,4,5412.940391917021,0.02,12.0,64955.0
STH507721,TF122721,Bronze,8,5412.862609596965,0.02,12.0,64954.0
STH505856,TF117403,Bronze,6,5412.768408590946,0.049,12.0,64953.0
STH503660,TF110713,Bronze,4,5412.577042174784,0.02,12.0,64951.0
STH505523,TF116441,Silver,4,5412.230410862821,0.02,12.0,64947.0
STH507858,TF123094,Bronze,5,5412.038735572365,0.02,12.0,64944.0
STH506433,TF119101,Bronze,9,5411.895119334654,0.02,12.0,64943.0
STH505213,TF115481,Bronze,4,5411.915541106996,0.02,12.0,64943.0
STH503946,TF111553,Silver,9,5411.552811869861,0.02,12.0,64939.0
STH503791,TF111090,Bronze,6,5411.482497884837,0.02,12.0,64938.0
STH507257,TF121441,Silver,6,5411.312871736643,0.02,12.0,64936.0
STH501674,TF104912,Bronze,6,5411.119148142599,0.02,12.0,64933.0
STH503730,TF110894,Platinum,9,5411.012359436062,0.02,12.0,64932.0
STH508249,TF124236,Bronze,4,5410.874574715778,0.02,12.0,64930.0
STH507683,TF122632,Bronze,3,5410.762363508989,0.02,12.0,64929.0
STH501930,TF105666,Gold,4,5410.641826582143,0.02,12.0,64928.0
STH500550,TF101553,Bronze,6,5410.457647074812,0.02,12.0,64925.0
STH500052,TF100167,Gold,8,5410.372042788928,0.02,12.0,64924.0
STH501723,TF105041,Gold,8,5409.807971300209,0.02,12.0,64918.0
STH505760,TF117146,Silver,4,5409.8637903447025,0.02,12.0,64918.0
STH504182,TF112242,Silver,4,5409.8637903447025,0.02,12.0,64918.0
STH504942,TF114647,Bronze,5,5409.644755811322,0.02,12.0,64916.0
STH501865,TF105490,Silver,5,5409.13484332861,0.02,12.0,64910.0
STH503047,TF108869,Silver,5,5409.13484332861,0.02,12.0,64910.0
STH506269,TF118625,Bronze,8,5408.999753042628,0.02,12.0,64908.0
STH502125,TF106224,Bronze,8,5408.999753042628,0.02,12.0,64908.0
STH506448,TF119143,Silver,2,5408.733335996168,0.02,12.0,64905.0
STH507746,TF122783,Bronze,3,5408.637990942881,0.02,12.0,64904.0
STH506426,TF119072,Bronze,7,5408.6877336675025,0.02,12.0,64904.0
STH506025,TF117949,Bronze,6,5408.575522460714,0.02,12.0,64903.0
STH502100,TF106159,Bronze,2,5408.584335100957,0.02,12.0,64903.0
STH506692,TF119834,Bronze,2,5408.584335100957,0.02,12.0,64903.0
STH503506,TF110268,Bronze,4,5408.524069778851,0.02,12.0,64902.0
STH507495,TF122115,Silver,6,5408.405896312519,0.02,12.0,64901.0
STH504789,TF114143,Silver,5,5408.109992518585,0.02,12.0,64897.0
STH501900,TF105581,Silver,3,5408.004388980075,0.02,12.0,64896.0
STH504649,TF113664,Gold,7,5408.041167454995,0.02,12.0,64896.0
STH503032,TF108804,Bronze,3,5407.855388084866,0.02,12.0,64894.0
STH507584,TF122350,Silver,2,5407.827745716362,0.02,12.0,64894.0
STH507961,TF123403,Silver,3,5407.685761936671,0.02,12.0,64892.0
STH508214,TF124140,Bronze,5,5407.250776050279,0.02,12.0,64887.0
STH500736,TF102133,Bronze,7,5407.259612208221,0.02,12.0,64887.0
STH504982,TF114777,Bronze,8,5407.117628428529,0.02,12.0,64885.0
STH507167,TF121187,Bronze,8,5407.117628428529,0.02,12.0,64885.0
STH504384,TF112895,Bronze,2,5406.823334462864,0.02,12.0,64882.0
STH503961,TF111595,Silver,7,5406.652098486401,0.02,12.0,64880.0
STH506615,TF119625,Silver,4,5406.369851684179,0.02,12.0,64876.0
STH507808,TF122957,Bronze,3,5406.352119742099,0.02,12.0,64876.0
STH507698,TF122671,Bronze,3,5406.094387446772,0.02,12.0,64873.0
STH501095,TF103211,Silver,6,5405.918151818394,0.02,12.0,64871.0
STH503641,TF110647,Silver,6,5405.8175479318,0.02,12.0,64870.0
STH501510,TF104405,Silver,5,5405.6409046680865,0.02,12.0,64868.0
STH503011,TF108744,Bronze,6,5405.66854703659,0.02,12.0,64868.0
STH505429,TF116166,Gold,5,5405.636204932842,0.02,12.0,64868.0
STH502941,TF108521,Bronze,8,5405.608281714483,0.02,12.0,64867.0
STH505480,TF116313,Silver,2,5405.507733528639,0.02,12.0,64866.0
STH505619,TF116768,Bronze,4,5405.36544043068,0.02,12.0,64864.0
STH503942,TF111546,Gold,7,5405.3279903924795,0.02,12.0,64864.0
STH501403,TF104096,Silver,9,5405.1942044542175,0.02,12.0,64862.0
STH503822,TF111166,Silver,7,5405.1102602068195,0.02,12.0,64861.0
STH505360,TF115938,Silver,3,5404.80063764226,0.02,12.0,64858.0
STH506054,TF118026,Bronze,6,5404.857970306025,0.02,12.0,64858.0
STH503337,TF109716,Bronze,5,5404.856796289236,0.02,12.0,64858.0
STH502347,TF106854,Silver,7,5404.769973872303,0.02,12.0,64857.0
STH502812,TF108176,Bronze,5,5404.636493414589,0.02,12.0,64856.0
STH501698,TF104968,Bronze,5,5404.636493414589,0.02,12.0,64856.0
STH504464,TF113121,Silver,4,5404.562264901468,0.02,12.0,64855.0
STH503897,TF111405,Silver,4,5404.562264901468,0.02,12.0,64855.0
STH500481,TF101392,Silver,4,5404.562264901468,0.02,12.0,64855.0
STH506681,TF119811,Gold,8,5404.599043376387,0.02,12.0,64855.0
STH504422,TF113001,Silver,7,5404.183010635903,0.02,12.0,64850.0
STH507731,TF122744,Bronze,6,5404.1278492731435,0.02,12.0,64850.0
STH503877,TF111335,Silver,5,5404.17417447796,0.02,12.0,64850.0
STH504085,TF111964,Silver,7,5404.183010635903,0.02,12.0,64850.0
STH506371,TF118940,Silver,5,5404.103495338379,0.02,12.0,64849.0
STH504651,TF113670,Silver,5,5404.103495338379,0.02,12.0,64849.0
STH503447,TF110075,Silver,8,5404.041026856211,0.02,12.0,64848.0
STH504698,TF113827,Bronze,6,5403.907546398496,0.02,12.0,64847.0
STH507662,TF122571,Silver,5,5403.833317885375,0.02,12.0,64846.0
STH501707,TF105001,Silver,5,5403.833317885375,0.02,12.0,64846.0
STH504803,TF114183,Silver,2,5403.746732890546,0.02,12.0,64845.0
STH500717,TF102088,Silver,9,5403.652366174636,0.02,12.0,64844.0
STH504467,TF113125,Gold,3,5403.702627636881,0.02,12.0,64844.0
STH504248,TF112474,Bronze,3,5403.550783950664,0.02,12.0,64843.0
STH500699,TF102004,Bronze,9,5403.530052731889,0.02,12.0,64842.0
STH506568,TF119498,Silver,6,5403.445227461868,0.02,12.0,64841.0
STH504252,TF112482,Gold,9,5403.381917936262,0.02,12.0,64841.0
STH501505,TF104396,Bronze,8,5403.4000762738415,0.02,12.0,64841.0
STH500594,TF101679,Silver,2,5403.3069818711365,0.02,12.0,64840.0
STH504709,TF113863,Silver,7,5403.260627158256,0.02,12.0,64839.0
STH500781,TF102273,Silver,6,5403.104370869284,0.02,12.0,64837.0
STH502989,TF108677,Gold,3,5403.087601784819,0.02,12.0,64837.0
STH500685,TF101962,Silver,9,5402.725116603719,0.02,12.0,64833.0
STH503087,TF108982,Silver,9,5402.725116603719,0.02,12.0,64833.0
STH501818,TF105321,Bronze,2,5402.770384252709,0.02,12.0,64833.0
STH501683,TF104927,Silver,7,5402.620710990842,0.02,12.0,64831.0
STH506902,TF120428,Gold,4,5402.088477315724,0.02,12.0,64825.0
STH500928,TF102696,Bronze,5,5402.09288991848,0.02,12.0,64825.0
STH501079,TF103161,Silver,8,5401.916654290102,0.02,12.0,64823.0
STH505566,TF116584,Silver,7,5401.8629984481795,0.02,12.0,64822.0
STH502881,TF108362,Bronze,6,5401.727381387738,0.034,12.0,64821.0
STH503036,TF108824,Bronze,2,5401.736127470647,0.02,12.0,64821.0
STH502781,TF108071,Silver,2,5401.745914017012,0.02,12.0,64821.0
STH503829,TF111196,Bronze,9,5401.720705350221,0.02,12.0,64821.0
STH503906,TF111425,Silver,5,5401.55989184227,0.02,12.0,64819.0
STH502806,TF108159,Gold,3,5401.49442219624,0.02,12.0,64818.0
STH506836,TF120258,Gold,5,5401.359530299632,0.02,12.0,64816.0
STH500332,TF100926,Bronze,4,5401.312490220525,0.02,12.0,64816.0
STH502849,TF108284,Gold,9,5401.257523184375,0.02,12.0,64815.0
STH504806,TF114196,Silver,4,5401.142864072332,0.02,12.0,64814.0
STH505300,TF115739,Gold,6,5400.971439876124,0.02,12.0,64812.0
STH502658,TF107725,Silver,3,5401.014537284351,0.02,12.0,64812.0
STH500744,TF102158,Silver,9,5400.917529821008,0.02,12.0,64811.0
STH507171,TF121208,Gold,9,5400.838292254375,0.02,12.0,64810.0
STH506431,TF119098,Bronze,2,5400.538551806411,0.02,12.0,64806.0
STH505366,TF115954,Silver,9,5400.405104415995,0.02,12.0,64805.0
STH506048,TF117998,Bronze,8,5400.446403776209,0.02,12.0,64805.0
STH504970,TF114744,Silver,6,5400.391193806769,0.02,12.0,64805.0
STH500225,TF100621,Silver,9,5400.405104415995,0.02,12.0,64805.0
STH506229,TF118490,Silver,7,5400.322300684733,0.02,12.0,64804.0
STH502937,TF108504,Gold,8,5400.057892556421,0.02,12.0,64801.0
STH500658,TF101850,Gold,8,5400.057892556421,0.02,12.0,64801.0
STH508152,TF123980,Gold,4,5400.035354147266,0.02,12.0,64800.0
STH503818,TF111161,Silver,4,5399.745235362253,0.02,12.0,64797.0
STH505963,TF117759,Bronze,6,5399.7647456335035,0.02,12.0,64797.0
STH507150,TF121140,Silver,7,5399.662246790676,0.02,12.0,64796.0
STH506507,TF119339,Bronze,9,5399.579517400493,0.045,12.0,64795.0
STH504516,TF113293,Silver,2,5399.482503415013,0.02,12.0,64794.0
STH504550,TF113389,Gold,4,5399.3753002532085,0.02,12.0,64793.0
STH503380,TF109845,Bronze,8,5399.296724284387,0.02,12.0,64792.0
STH508209,TF124129,Bronze,9,5399.177101854112,0.02,12.0,64790.0
STH501972,TF105782,Gold,5,5399.086104256527,0.02,12.0,64789.0
STH503595,TF110516,Silver,8,5398.933299774584,0.02,12.0,64787.0
STH508497,TF124990,Gold,9,5398.443742235265,0.02,12.0,64781.0
STH505881,TF117487,Bronze,5,5398.351710758135,0.02,12.0,64780.0
STH500701,TF102011,Gold,3,5398.370321402314,0.02,12.0,64780.0
STH507091,TF120969,Silver,4,5398.235888648207,0.02,12.0,64779.0
STH503926,TF111484,Silver,6,5398.2873413300695,0.02,12.0,64779.0
STH503258,TF109479,Gold,3,5398.000394792602,0.02,12.0,64776.0
STH505438,TF116193,Silver,4,5398.024609382829,0.02,12.0,64776.0
STH503282,TF109561,Silver,7,5397.92832092369,0.02,12.0,64775.0
STH501364,TF103988,Silver,5,5397.935578534152,0.02,12.0,64775.0
STH504439,TF113046,Gold,5,5397.940129470496,0.02,12.0,64775.0
STH502199,TF106407,Gold,4,5397.634886261861,0.02,12.0,64772.0
STH508446,TF124831,Gold,2,5397.130144539809,0.02,12.0,64766.0
STH506638,TF119702,Gold,5,5396.912427370131,0.02,12.0,64763.0
STH508140,TF123939,Bronze,9,5396.633498358004,0.02,12.0,64760.0
STH500778,TF102266,Silver,5,5396.472684850053,0.02,12.0,64758.0
STH500990,TF102892,Gold,3,5396.491048078556,0.02,12.0,64758.0
STH508111,TF123850,Silver,4,5396.422733713921,0.02,12.0,64757.0
STH507279,TF121498,Gold,9,5396.311479210084,0.02,12.0,64756.0
STH503335,TF109712,Silver,8,5396.220122712069,0.02,12.0,64755.0
STH504812,TF114216,Gold,2,5396.185738312585,0.02,12.0,64754.0
STH503638,TF110637,Gold,4,5395.5508217970855,0.02,12.0,64747.0
STH505931,TF117663,Bronze,9,5395.195494989258,0.02,12.0,64742.0
STH504103,TF112025,Gold,9,5395.024341406128,0.02,12.0,64740.0
STH505049,TF114974,Bronze,8,5394.818841877987,0.02,12.0,64738.0
STH501620,TF104756,Silver,7,5394.791243881041,0.02,12.0,64737.0
STH508300,TF124394,Bronze,9,5394.759068941738,0.02,12.0,64737.0
STH508100,TF123823,Gold,2,5394.313019670523,0.02,12.0,64732.0
STH507237,TF121389,Gold,3,5394.018787927748,0.02,12.0,64728.0
STH501652,TF104833,Gold,8,5393.746335126325,0.02,12.0,64725.0
STH503866,TF111292,Silver,7,5393.576787449124,0.02,12.0,64723.0
STH505674,TF116934,Silver,4,5392.933222688837,0.02,12.0,64715.0
STH505116,TF115184,Gold,4,5392.85512563834,0.02,12.0,64714.0
STH507588,TF122355,Gold,5,5392.560893895564,0.02,12.0,64711.0
STH506736,TF119966,Gold,3,5392.117233740798,0.02,12.0,64705.0
STH502519,TF107338,Gold,8,5391.588509279205,0.02,12.0,64699.0
STH501835,TF105377,Platinum,4,5339.388554926169,0.02,12.0,64073.0
STH503069,TF108927,Platinum,9,5338.874408763995,0.02,12.0,64066.0
STH500653,TF101837,Platinum,3,5338.759116522553,0.02,12.0,64065.0
STH506786,TF120116,Platinum,4,5336.257966007881,0.02,12.0,64035.0
STH504679,TF113755,Platinum,2,5335.073449545812,0.02,12.0,64021.0
STH504328,TF112690,Bronze,5,5334.241219523664,0.054000000000000006,12.0,64011.0
STH500955,TF102800,Silver,3,5332.62251198353,0.02,12.0,63991.0
STH500883,TF102579,Silver,3,5332.62251198353,0.038,12.0,63991.0
STH502742,TF107960,Platinum,2,5332.460876369891,0.02,12.0,63990.0
STH504676,TF113748,Platinum,4,5332.220588884156,0.02,12.0,63987.0
STH500155,TF100428,Bronze,8,5332.054378475388,0.021,12.0,63985.0
STH501135,TF103309,Silver,5,5331.1646179513455,0.051,12.0,63974.0
STH507627,TF122465,Silver,2,5329.810645779362,0.02,12.0,63958.0
STH502449,TF107155,Gold,4,5329.419777381694,0.02,12.0,63953.0
STH507124,TF121057,Platinum,2,5329.1830167593425,0.02,12.0,63950.0
STH508056,TF123691,Platinum,7,5328.715537402836,0.02,12.0,63945.0
STH504999,TF114836,Bronze,3,5328.766829007443,0.02,12.0,63945.0
STH502017,TF105916,Platinum,6,5328.538894139123,0.02,12.0,63942.0
STH505817,TF117302,Platinum,4,5328.459378841599,0.02,12.0,63942.0
STH504433,TF113033,Platinum,2,5327.631401673,0.02,12.0,63932.0
STH503183,TF109266,Platinum,6,5327.001484809415,0.02,12.0,63924.0
STH502612,TF107593,Platinum,9,5326.352053090847,0.02,12.0,63916.0
STH507366,TF121757,Platinum,6,5326.2188819514,0.02,12.0,63915.0
STH505629,TF116801,Bronze,5,5324.532489499178,0.048,12.0,63894.0
STH508017,TF123586,Bronze,4,5324.222075422562,0.02,12.0,63891.0
STH504843,TF114302,Platinum,3,5324.101118865474,0.02,12.0,63889.0
STH500937,TF102730,Platinum,7,5323.728934297214,0.02,12.0,63885.0
STH501303,TF103836,Platinum,7,5323.289183277805,0.02,12.0,63879.0
STH501188,TF103502,Platinum,5,5323.013151443003,0.02,12.0,63876.0
STH505852,TF117393,Silver,2,5322.603367882428,0.02,12.0,63871.0
STH501673,TF104908,Platinum,9,5322.491343139678,0.02,12.0,63870.0
STH507605,TF122395,Bronze,3,5322.384505009086,0.02,12.0,63869.0
STH504533,TF113330,Bronze,7,5322.035234374286,0.02,12.0,63864.0
STH504136,TF112110,Bronze,7,5322.035234374286,0.02,12.0,63864.0
STH500737,TF102135,Bronze,3,5321.983886351154,0.02,12.0,63864.0
STH503066,TF108920,Bronze,2,5321.980182551316,0.02,12.0,63864.0
STH505056,TF115000,Bronze,8,5321.870358846913,0.02,12.0,63862.0
STH507228,TF121368,Bronze,4,5321.726324561256,0.02,12.0,63861.0
STH505494,TF116370,Platinum,7,5321.185330801106,0.02,12.0,63854.0
STH501533,TF104493,Platinum,5,5320.922598853866,0.02,12.0,63851.0
STH505091,TF115097,Bronze,2,5320.815889929984,0.02,12.0,63850.0
STH503592,TF110499,Silver,3,5320.7056208899585,0.02,12.0,63848.0
STH504875,TF114440,Silver,5,5320.416526834152,0.02,12.0,63845.0
STH504142,TF112138,Silver,5,5320.225836222735,0.02,12.0,63843.0
STH507308,TF121581,Silver,2,5320.176586700933,0.02,12.0,63842.0
STH505888,TF117506,Gold,2,5320.129580296684,0.02,12.0,63842.0
STH506162,TF118270,Gold,3,5319.9647047693115,0.02,12.0,63840.0
STH506720,TF119919,Gold,3,5319.880827523221,0.02,12.0,63839.0
STH501543,TF104519,Bronze,6,5319.797045302878,0.02,12.0,63838.0
STH502848,TF108279,Bronze,7,5319.30094026676,0.02,12.0,63832.0
STH507148,TF121133,Bronze,8,5319.22435457576,0.02,12.0,63831.0
STH502858,TF108313,Silver,3,5318.907284778836,0.02,12.0,63827.0
STH501971,TF105775,Gold,8,5318.686501463857,0.02,12.0,63824.0
STH500655,TF101841,Bronze,3,5318.59241502301,0.02,12.0,63823.0
STH500771,TF102245,Bronze,4,5318.524969074707,0.02,12.0,63822.0
STH502401,TF106988,Bronze,5,5318.215230802836,0.02,12.0,63819.0
STH504697,TF113826,Bronze,2,5318.280395647886,0.02,12.0,63819.0
STH507014,TF120731,Silver,4,5318.178337762744,0.02,12.0,63818.0
STH505076,TF115061,Silver,5,5317.920775972845,0.02,12.0,63815.0
STH502997,TF108711,Bronze,2,5317.858468355003,0.02,12.0,63814.0
STH500023,TF100055,Platinum,7,5317.862829152774,0.02,12.0,63814.0
STH506523,TF119376,Bronze,2,5317.779523759521,0.02,12.0,63813.0
STH500615,TF101735,Platinum,9,5317.7033836175915,0.02,12.0,63812.0
STH505947,TF117703,Gold,2,5317.702799115189,0.02,12.0,63812.0
STH507261,TF121449,Platinum,9,5317.7033836175915,0.02,12.0,63812.0
STH507815,TF122968,Bronze,6,5317.555253466557,0.02,12.0,63811.0
STH504168,TF112208,Bronze,6,5317.43042478476,0.02,12.0,63809.0
STH507600,TF122380,Silver,6,5317.191828956754,0.02,12.0,63806.0
STH507656,TF122543,Gold,7,5316.909180456869,0.02,12.0,63803.0
STH504298,TF112599,Bronze,2,5316.746124336211,0.025,12.0,63801.0
STH507773,TF122853,Bronze,3,5316.710290408912,0.02,12.0,63801.0
STH503729,TF110890,Silver,7,5316.531851620473,0.02,12.0,63798.0
STH507880,TF123171,Silver,3,5316.540664260718,0.02,12.0,63798.0
STH508309,TF124415,Gold,3,5316.433497193092,0.02,12.0,63797.0
STH502421,TF107054,Bronze,7,5316.338128026431,0.02,12.0,63796.0
STH500452,TF101291,Bronze,7,5316.338128026431,0.023,12.0,63796.0
STH501339,TF103930,Silver,4,5315.936545926422,0.02,12.0,63791.0
STH505843,TF117375,Gold,9,5315.507145426669,0.02,12.0,63786.0
STH503517,TF110303,Bronze,4,5315.39438015642,0.02,12.0,63785.0
STH504450,TF113080,Bronze,4,5315.39438015642,0.02,12.0,63785.0
STH507157,TF121154,Bronze,4,5315.39438015642,0.02,12.0,63785.0
STH501771,TF105189,Bronze,2,5315.314864858896,0.02,12.0,63784.0
STH500123,TF100336,Bronze,2,5315.314864858896,0.02,12.0,63784.0
STH504368,TF112831,Silver,5,5315.20759891033,0.02,12.0,63782.0
STH506110,TF118151,Silver,5,5315.082770228533,0.02,12.0,63781.0
STH502859,TF108314,Silver,5,5315.082770228533,0.02,12.0,63781.0
STH500606,TF101708,Gold,8,5314.961584269144,0.02,12.0,63780.0
STH500963,TF102829,Gold,9,5315.026951184041,0.02,12.0,63780.0
STH500732,TF102118,Bronze,6,5314.863735695153,0.02,12.0,63778.0
STH501408,TF104132,Silver,2,5314.681262896091,0.02,12.0,63776.0
STH507158,TF121156,Silver,2,5314.681262896091,0.02,12.0,63776.0
STH507233,TF121376,Bronze,2,5314.53226200088,0.02,12.0,63774.0
STH507521,TF122190,Silver,6,5314.478651894238,0.02,12.0,63774.0
STH507169,TF121198,Bronze,3,5314.315740389801,0.02,12.0,63772.0
STH507979,TF123438,Silver,6,5313.990473470204,0.02,12.0,63768.0
STH505748,TF117129,Silver,3,5313.952315879998,0.02,12.0,63767.0
STH507133,TF121085,Bronze,4,5313.927649966294,0.02,12.0,63767.0
STH500032,TF100086,Bronze,7,5313.7945023445445,0.02,12.0,63766.0
STH506443,TF119126,Bronze,4,5313.832080511359,0.02,12.0,63766.0
STH503449,TF110081,Silver,3,5313.633688836594,0.022000000000000002,12.0,63764.0
STH508459,TF124877,Silver,3,5313.633688836594,0.02,12.0,63764.0
STH501341,TF103933,Gold,6,5313.606739977401,0.02,12.0,63763.0
STH502620,TF107613,Silver,7,5313.62487619635,0.02,12.0,63763.0
STH503604,TF110536,Silver,7,5313.62487619635,0.02,12.0,63763.0
STH506704,TF119872,Bronze,8,5313.40584166297,0.02,12.0,63761.0
STH500079,TF100241,Bronze,5,5313.12802381062,0.02,12.0,63758.0
STH502638,TF107665,Bronze,6,5313.01410264659,0.02,12.0,63756.0
STH506428,TF119078,Bronze,3,5312.992738254225,0.02,12.0,63756.0
STH506128,TF118183,Silver,8,5312.951788182241,0.02,12.0,63755.0
STH507277,TF121496,Bronze,9,5312.75583924236,0.02,12.0,63753.0
STH507004,TF120707,Silver,7,5312.600025386324,0.02,12.0,63751.0
STH505418,TF116134,Bronze,6,5312.469755934109,0.02,12.0,63750.0
STH506853,TF120297,Silver,9,5312.291810845963,0.02,12.0,63748.0
STH503880,TF111345,Bronze,5,5312.345420952604,0.02,12.0,63748.0
STH500521,TF101481,Gold,2,5312.308079196941,0.02,12.0,63748.0
STH508132,TF123902,Bronze,5,5312.345420952604,0.02,12.0,63748.0
STH506253,TF118570,Gold,4,5312.313078848857,0.02,12.0,63748.0
STH507786,TF122891,Silver,4,5312.317778584102,0.02,12.0,63748.0
STH500114,TF100317,Bronze,9,5312.33660831236,0.02,12.0,63748.0
STH507252,TF121429,Silver,5,5312.17579480441,0.02,12.0,63746.0
STH503146,TF109135,Silver,3,5312.124342122547,0.02,12.0,63745.0
STH507180,TF121232,Silver,2,5311.968085833575,0.02,12.0,63744.0
STH506084,TF118102,Silver,6,5311.787134122835,0.02,12.0,63741.0
STH507242,TF121398,Bronze,7,5311.645239463083,0.02,12.0,63740.0
STH507916,TF123280,Bronze,6,5311.616473936513,0.02,12.0,63739.0
STH504370,TF112845,Bronze,6,5311.616473936513,0.02,12.0,63739.0
STH507548,TF122267,Silver,6,5311.446847788318,0.02,12.0,63737.0
STH507800,TF122931,Gold,7,5311.151088610606,0.02,12.0,63734.0
STH504644,TF113655,Silver,7,5311.0365278156305,0.02,12.0,63732.0
STH504371,TF112848,Bronze,3,5310.896339560665,0.02,12.0,63731.0
STH507065,TF120884,Bronze,7,5310.935873663995,0.02,12.0,63731.0
STH501651,TF104828,Silver,4,5310.851048393975,0.02,12.0,63730.0
STH502627,TF107626,Bronze,5,5310.804723189159,0.032,12.0,63730.0
STH502980,TF108647,Bronze,5,5310.804723189159,0.02,12.0,63730.0
STH505455,TF116250,Silver,6,5310.753734699525,0.02,12.0,63729.0
STH503824,TF111180,Bronze,2,5310.770442489254,0.02,12.0,63729.0
STH502888,TF108375,Silver,5,5310.666448090364,0.02,12.0,63728.0
STH502572,TF107475,Bronze,5,5310.584420314512,0.02,12.0,63727.0
STH501199,TF103539,Gold,3,5310.57293801445,0.02,12.0,63727.0
STH503072,TF108934,Silver,4,5310.510191801391,0.02,12.0,63726.0
STH505431,TF116170,Bronze,9,5310.282914885834,0.02,12.0,63723.0
STH507847,TF123065,Bronze,4,5310.167392544573,0.02,12.0,63722.0
STH506764,TF120049,Bronze,8,5310.158579904329,0.02,12.0,63722.0
STH507593,TF122364,Bronze,5,5310.144669295101,0.02,12.0,63722.0
STH501428,TF104178,Silver,9,5310.101164962924,0.02,12.0,63721.0
STH503144,TF109132,Silver,8,5309.988953756134,0.02,12.0,63720.0
STH500382,TF101072,Bronze,3,5309.868637460299,0.02,12.0,63718.0
STH504768,TF114087,Bronze,6,5309.855473298419,0.026000000000000002,12.0,63718.0
STH500536,TF101512,Bronze,3,5309.862149335938,0.02,12.0,63718.0
STH505194,TF115429,Gold,2,5309.835154840415,0.02,12.0,63718.0
STH508172,TF124041,Silver,5,5309.781244785298,0.02,12.0,63717.0
STH502474,TF107231,Silver,5,5309.781244785298,0.02,12.0,63717.0
STH502148,TF106301,Silver,9,5309.578633783447,0.02,12.0,63715.0
STH506996,TF120680,Bronze,5,5309.438445528481,0.02,12.0,63713.0
STH501686,TF104932,Silver,6,5309.393154361791,0.02,12.0,63713.0
STH507338,TF121671,Gold,8,5309.397290784489,0.02,12.0,63713.0
STH505811,TF117289,Bronze,8,5309.3480031737645,0.027999999999999997,12.0,63712.0
STH502649,TF107701,Bronze,7,5309.346829156974,0.02,12.0,63712.0
STH507402,TF121858,Silver,9,5309.260006740042,0.02,12.0,63711.0
STH501489,TF104347,Gold,5,5309.115043982266,0.02,12.0,63709.0
STH505046,TF114968,Gold,3,5308.765351231739,0.02,12.0,63705.0
STH503762,TF110992,Silver,2,5308.548685004438,0.02,12.0,63703.0
STH504540,TF113356,Gold,4,5308.377260808232,0.02,12.0,63701.0
STH504313,TF112649,Bronze,5,5308.404255303753,0.02,12.0,63701.0
STH505751,TF117134,Silver,7,5308.323350753115,0.02,12.0,63700.0
STH507913,TF123266,Gold,3,5308.252925826727,0.02,12.0,63699.0
STH503493,TF110229,Gold,8,5307.934397100389,0.02,12.0,63695.0
STH507951,TF123373,Silver,4,5307.797014738875,0.02,12.0,63694.0
STH507250,TF121420,Silver,3,5307.819737988347,0.02,12.0,63694.0
STH507917,TF123284,Bronze,9,5307.668632250144,0.02,12.0,63692.0
STH500968,TF102848,Bronze,6,5307.311869802311,0.02,12.0,63688.0
STH505585,TF116646,Silver,5,5307.068067722783,0.02,12.0,63685.0
STH502748,TF107980,Bronze,7,5307.123277692224,0.02,12.0,63685.0
STH506278,TF118654,Bronze,4,5307.0491378550705,0.02,12.0,63685.0
STH503038,TF108831,Silver,8,5307.08197833201,0.02,12.0,63685.0
STH501027,TF103016,Gold,8,5306.92820293399,0.02,12.0,63683.0
STH507197,TF121295,Bronze,6,5306.702545216494,0.02,12.0,63680.0
STH503535,TF110348,Silver,9,5306.401378059493,0.04,12.0,63677.0
STH507903,TF123246,Silver,6,5306.339120706692,0.02,12.0,63676.0
STH502418,TF107040,Bronze,8,5306.22390237984,0.02,12.0,63675.0
STH505296,TF115727,Bronze,8,5306.217414255478,0.02,12.0,63675.0
STH506124,TF118179,Silver,4,5306.233517168182,0.02,12.0,63675.0
STH505339,TF115890,Gold,7,5306.190419759955,0.02,12.0,63674.0
STH505536,TF116479,Silver,4,5306.06308887189,0.02,12.0,63673.0
STH501992,TF105855,Bronze,8,5305.853975770126,0.02,12.0,63670.0
STH506058,TF118036,Bronze,8,5305.853975770126,0.02,12.0,63670.0
STH503325,TF109682,Bronze,8,5305.853975770126,0.02,12.0,63670.0
STH501961,TF105756,Silver,5,5305.504570152089,0.02,12.0,63666.0
STH507509,TF122153,Gold,8,5305.461472743864,0.02,12.0,63666.0
STH507224,TF121362,Bronze,4,5305.447262186162,0.02,12.0,63665.0
STH506131,TF118189,Gold,5,5305.291763451775,0.02,12.0,63664.0
STH506610,TF119610,Gold,9,5305.276872440252,0.02,12.0,63663.0
STH506918,TF120466,Gold,5,5305.254334031097,0.02,12.0,63663.0
STH506553,TF119456,Gold,8,5305.120616151279,0.02,12.0,63661.0
STH504677,TF113751,Gold,2,5305.04719531833,0.02,12.0,63661.0
STH502554,TF107422,Gold,2,5305.040707193967,0.02,12.0,63660.0
STH502887,TF108374,Gold,5,5305.03403115645,0.02,12.0,63660.0
STH507571,TF122328,Silver,3,5304.789642027763,0.02,12.0,63657.0
STH507298,TF121534,Silver,6,5304.605194839705,0.02,12.0,63655.0
STH501189,TF103503,Bronze,9,5304.515704168219,0.02,12.0,63654.0
STH507827,TF123006,Bronze,4,5304.3517309221215,0.02,12.0,63652.0
STH508383,TF124629,Silver,8,5304.175002907887,0.02,12.0,63650.0
STH504591,TF113522,Gold,4,5303.759729582438,0.02,12.0,63645.0
STH504617,TF113596,Silver,7,5303.5063212139,0.02,12.0,63642.0
STH504758,TF114037,Silver,5,5303.365017977199,0.02,12.0,63640.0
STH502498,TF107294,Gold,5,5303.143591634687,0.063,12.0,63638.0
STH507636,TF122491,Silver,2,5303.169449429506,0.02,12.0,63638.0
STH502559,TF107434,Gold,5,5302.860354270054,0.02,12.0,63634.0
STH500140,TF100377,Gold,7,5302.430162338235,0.02,12.0,63629.0
STH501780,TF105216,Gold,6,5302.301835550254,0.02,12.0,63628.0
STH504522,TF113310,Bronze,8,5302.112796609782,0.023,12.0,63625.0
STH507361,TF121748,Gold,6,5301.761480644249,0.02,12.0,63621.0
STH500846,TF102462,Silver,9,5301.4391025959,0.02,12.0,63617.0
STH500077,TF100239,Gold,3,5301.404718196416,0.02,12.0,63617.0
STH505287,TF115711,Gold,5,5301.409717848332,0.02,12.0,63617.0
STH506830,TF120246,Silver,9,5301.4391025959,0.02,12.0,63617.0
STH508091,TF123807,Silver,6,5300.253661365138,0.02,12.0,63603.0
STH508199,TF124113,Gold,6,5300.252133930203,0.02,12.0,63603.0
STH505601,TF116698,Gold,6,5299.737427492918,0.02,12.0,63597.0
STH506941,TF120527,Bronze,7,5299.770910112802,0.024,12.0,63597.0
STH500421,TF101179,Gold,8,5299.694262026248,0.02,12.0,63596.0
STH508359,TF124551,Gold,3,5298.8611147003085,0.02,12.0,63586.0
STH501532,TF104491,Silver,7,5298.419114221684,0.02,12.0,63581.0
STH506946,TF120538,Gold,8,5298.2795334607345,0.02,12.0,63579.0
STH500018,TF100043,Gold,2,5297.8652560352,0.02,12.0,63574.0
STH508186,TF124070,Gold,8,5295.885553699692,0.02,12.0,63551.0
STH501425,TF104165,Platinum,2,5243.803523188063,0.02,12.0,62926.0
STH500947,TF102760,Bronze,3,5241.647040455773,0.02,12.0,62900.0
STH506123,TF118176,Bronze,3,5241.647040455773,0.02,12.0,62900.0
STH507008,TF120719,Platinum,6,5240.34738021769,0.02,12.0,62884.0
STH507854,TF123082,Platinum,4,5239.075303989519,0.02,12.0,62869.0
STH505150,TF115280,Bronze,7,5238.731252391405,0.02,12.0,62865.0
STH505121,TF115192,Bronze,7,5238.731252391405,0.02,12.0,62865.0
STH503731,TF110900,Silver,3,5238.570438883455,0.02,12.0,62863.0
STH500893,TF102608,Bronze,3,5237.860940097863,0.02,12.0,62854.0
STH508319,TF124442,Bronze,5,5236.6483332033295,0.02,12.0,62840.0
STH504747,TF114000,Bronze,3,5235.544100210449,0.02,12.0,62827.0
STH505363,TF115945,Silver,8,5234.925703802995,0.059000000000000004,12.0,62819.0
STH503408,TF109949,Silver,9,5234.196756786902,0.02,12.0,62810.0
STH500435,TF101227,Platinum,5,5233.408181272429,0.02,12.0,62801.0
STH503433,TF110036,Platinum,9,5233.306174157172,0.02,12.0,62800.0
STH505840,TF117368,Platinum,2,5232.88184525819,0.02,12.0,62795.0
STH500796,TF102300,Platinum,9,5232.6440939658005,0.02,12.0,62792.0
STH507188,TF121256,Bronze,5,5232.3716585701195,0.02,12.0,62788.0
STH505182,TF115394,Bronze,2,5232.052231595316,0.02,12.0,62785.0
STH506215,TF118444,Gold,4,5231.964830420983,0.02,12.0,62784.0
STH508158,TF124005,Platinum,6,5230.626111087879,0.02,12.0,62768.0
STH508254,TF124248,Platinum,9,5230.492393208062,0.02,12.0,62766.0
STH500749,TF102169,Gold,2,5229.8933137653985,0.02,12.0,62759.0
STH503645,TF110665,Bronze,6,5229.192302532932,0.02,12.0,62750.0
STH503187,TF109277,Bronze,3,5228.403198477273,0.02,12.0,62741.0
STH504696,TF113824,Bronze,2,5227.928109451241,0.02,12.0,62735.0
STH507907,TF123251,Gold,2,5227.752980545556,0.02,12.0,62733.0
STH507042,TF120828,Platinum,9,5227.779216145546,0.02,12.0,62733.0
STH505011,TF114875,Platinum,7,5227.503184310744,0.02,12.0,62730.0
STH507664,TF122576,Bronze,3,5226.851103439069,0.02,12.0,62722.0
STH506355,TF118893,Platinum,5,5226.87052575379,0.02,12.0,62722.0
STH505372,TF115984,Platinum,2,5226.359959869117,0.02,12.0,62716.0
STH502478,TF107238,Gold,7,5226.248578684938,0.02,12.0,62715.0
STH503637,TF110632,Silver,5,5225.570139803088,0.02,12.0,62707.0
STH505729,TF117073,Gold,4,5225.099807407054,0.02,12.0,62701.0
STH502707,TF107867,Gold,9,5224.790684652755,0.02,12.0,62697.0
STH503937,TF111513,Bronze,4,5224.472895974632,0.02,12.0,62694.0
STH508352,TF124534,Bronze,4,5224.472895974632,0.02,12.0,62694.0
STH500104,TF100303,Silver,4,5224.5268833206,0.02,12.0,62694.0
STH505289,TF115715,Gold,5,5224.454737637052,0.02,12.0,62693.0
STH506092,TF118117,Platinum,5,5224.173118820841,0.02,12.0,62690.0
STH507153,TF121144,Platinum,8,5223.86070718883,0.02,12.0,62686.0
STH501271,TF103761,Gold,5,5223.699975536916,0.02,12.0,62684.0
STH503859,TF111272,Bronze,9,5223.5581311545275,0.02,12.0,62683.0
STH502086,TF106112,Silver,6,5223.20872553649,0.02,12.0,62679.0
STH502843,TF108269,Silver,6,5223.068989288416,0.02,12.0,62677.0
STH503614,TF110565,Bronze,7,5223.119081749449,0.02,12.0,62677.0
STH506228,TF118488,Bronze,6,5223.015001942447,0.02,12.0,62676.0
STH507529,TF122211,Bronze,3,5222.976844352242,0.02,12.0,62676.0
STH504579,TF113494,Silver,8,5223.008812709424,0.02,12.0,62676.0
STH508089,TF123802,Silver,7,5222.824626919459,0.02,12.0,62674.0
STH507038,TF120822,Silver,5,5222.664666830647,0.02,12.0,62672.0
STH506750,TF120020,Silver,3,5222.544450162626,0.02,12.0,62671.0
STH501313,TF103855,Silver,3,5222.613419842439,0.02,12.0,62671.0
STH505153,TF115289,Bronze,8,5222.390134733357,0.02,12.0,62669.0
STH501138,TF103333,Bronze,4,5222.348501222744,0.02,12.0,62668.0
STH501546,TF104523,Gold,8,5222.128160340702,0.02,12.0,62666.0
STH504832,TF114269,Silver,2,5221.947400229059,0.02,12.0,62663.0
STH503134,TF109104,Silver,3,5221.954314625917,0.02,12.0,62663.0
STH504662,TF113702,Silver,4,5221.815503146534,0.02,12.0,62662.0
STH507104,TF121009,Silver,8,5221.750831504306,0.02,12.0,62661.0
STH505503,TF116391,Bronze,8,5221.747748323937,0.02,12.0,62661.0
STH503217,TF109360,Gold,4,5221.652477076926,0.02,12.0,62660.0
STH500598,TF101684,Bronze,5,5221.6195542066525,0.02,12.0,62659.0
STH505879,TF117483,Silver,4,5221.396294402313,0.02,12.0,62657.0
STH503142,TF109126,Bronze,6,5221.3125344834425,0.025,12.0,62656.0
STH507459,TF122000,Gold,5,5221.324148718764,0.02,12.0,62656.0
STH500437,TF101234,Silver,5,5221.155525810254,0.02,12.0,62654.0
STH500078,TF100240,Bronze,8,5220.895606842476,0.02,12.0,62651.0
STH501528,TF104466,Gold,2,5220.868579272787,0.02,12.0,62650.0
STH508320,TF124444,Gold,2,5220.74375059099,0.02,12.0,62649.0
STH503704,TF110829,Bronze,6,5220.790003303966,0.02,12.0,62649.0
STH501080,TF103164,Bronze,8,5220.650319704826,0.02,12.0,62648.0
STH501257,TF103707,Platinum,9,5220.588156676631,0.02,12.0,62647.0
STH501664,TF104873,Bronze,6,5220.583094264529,0.02,12.0,62647.0
STH506969,TF120607,Silver,6,5220.301750112367,0.02,12.0,62644.0
STH500455,TF101298,Silver,2,5220.31056275261,0.02,12.0,62644.0
STH505187,TF115406,Silver,2,5220.31056275261,0.02,12.0,62644.0
STH504283,TF112561,Gold,2,5220.209474056264,0.02,12.0,62643.0
STH505776,TF117192,Gold,6,5220.194583044741,0.02,12.0,62642.0
STH503001,TF108721,Bronze,9,5220.166659826384,0.02,12.0,62642.0
STH500907,TF102649,Gold,3,5220.014803574899,0.02,12.0,62640.0
STH500629,TF101781,Bronze,4,5219.875576866219,0.02,12.0,62639.0
STH500001,TF100001,Silver,2,5219.72359951621,0.02,12.0,62637.0
STH505302,TF115748,Bronze,4,5219.780007411284,0.02,12.0,62637.0
STH501470,TF104283,Gold,4,5219.755533639663,0.02,12.0,62637.0
STH506386,TF118980,Bronze,3,5219.751241884714,0.02,12.0,62637.0
STH500179,TF100486,Gold,7,5219.698478008623,0.02,12.0,62636.0
STH502306,TF106730,Silver,6,5219.293907318331,0.025,12.0,62632.0
STH504053,TF111894,Silver,7,5219.209453354038,0.02,12.0,62631.0
STH507687,TF122641,Silver,7,5219.209453354038,0.042,12.0,62631.0
STH505652,TF116871,Bronze,7,5219.155466008069,0.02,12.0,62630.0
STH508273,TF124297,Silver,5,5218.964879927216,0.02,12.0,62628.0
STH501496,TF104372,Bronze,4,5219.022294868621,0.023,12.0,62628.0
STH504400,TF112936,Silver,8,5218.899715082166,0.02,12.0,62627.0
STH506085,TF118104,Silver,8,5218.843856080182,0.02,12.0,62626.0
STH501558,TF104556,Silver,8,5218.843856080182,0.02,12.0,62626.0
STH505845,TF117378,Bronze,9,5218.60316225569,0.02,12.0,62623.0
STH506551,TF119451,Silver,5,5218.542952634334,0.02,12.0,62623.0
STH503883,TF111350,Gold,9,5218.24058397644,0.02,12.0,62619.0
STH507735,TF122754,Gold,4,5218.261005748782,0.02,12.0,62619.0
STH507679,TF122625,Gold,9,5218.24058397644,0.02,12.0,62619.0
STH505285,TF115708,Bronze,3,5218.2479735419465,0.02,12.0,62619.0
STH507752,TF122795,Bronze,7,5218.2330825304225,0.02,12.0,62619.0
STH501776,TF105205,Silver,4,5217.958347858444,0.02,12.0,62616.0
STH505587,TF116651,Silver,2,5217.571164334439,0.02,12.0,62611.0
STH507689,TF122648,Silver,3,5217.45724317041,0.02,12.0,62609.0
STH500666,TF101881,Bronze,4,5217.261294230528,0.02,12.0,62607.0
STH507978,TF123437,Bronze,4,5217.261294230528,0.02,12.0,62607.0
STH502744,TF107969,Silver,3,5217.187065717408,0.02,12.0,62606.0
STH506666,TF119783,Silver,9,5217.090058254065,0.02,12.0,62605.0
STH500931,TF102717,Bronze,4,5216.821543211118,0.02,12.0,62602.0
STH506177,TF118314,Silver,6,5216.807811451842,0.02,12.0,62602.0
STH506533,TF119400,Silver,9,5216.844771116415,0.02,12.0,62602.0
STH501856,TF105457,Silver,3,5216.674640312395,0.02,12.0,62600.0
STH503209,TF109342,Gold,7,5216.564738975805,0.02,12.0,62599.0
STH502035,TF105964,Bronze,2,5216.539023251954,0.02,12.0,62598.0
STH504125,TF112081,Gold,4,5216.378881134683,0.02,12.0,62597.0
STH507021,TF120761,Gold,4,5216.378881134683,0.02,12.0,62597.0
STH508151,TF123979,Bronze,8,5216.154853547828,0.02,12.0,62594.0
STH500524,TF101487,Bronze,4,5216.115319444498,0.02,12.0,62593.0
STH501359,TF103975,Silver,7,5216.078864435751,0.02,12.0,62593.0
STH508297,TF124382,Bronze,3,5215.986992656517,0.02,12.0,62592.0
STH502575,TF107480,Gold,5,5215.968561161995,0.02,12.0,62592.0
STH506068,TF118059,Gold,5,5215.968561161995,0.02,12.0,62592.0
STH506743,TF119990,Bronze,3,5215.816564360224,0.02,12.0,62590.0
STH507810,TF122960,Gold,2,5215.712402600759,0.02,12.0,62589.0
STH507067,TF120896,Gold,2,5215.687512285405,0.02,12.0,62588.0
STH500108,TF100309,Bronze,6,5215.363649178935,0.026000000000000002,12.0,62584.0
STH500500,TF101434,Gold,5,5215.062970882191,0.02,12.0,62581.0
STH508454,TF124854,Bronze,7,5214.841611202278,0.027000000000000003,12.0,62578.0
STH503322,TF109672,Bronze,3,5214.837313164695,0.02,12.0,62578.0
STH504988,TF114794,Bronze,7,5214.634702162843,0.02,12.0,62576.0
STH505540,TF116492,Gold,9,5214.616270668322,0.02,12.0,62575.0
STH500974,TF102860,Bronze,9,5214.566983057597,0.028999999999999998,12.0,62575.0
STH507939,TF123336,Bronze,8,5214.34550616616,0.02,12.0,62572.0
STH505474,TF116304,Gold,6,5214.3340238660985,0.02,12.0,62572.0
STH505303,TF115750,Gold,3,5214.200852726652,0.02,12.0,62570.0
STH500272,TF100740,Bronze,4,5214.108366148603,0.02,12.0,62569.0
STH508468,TF124908,Bronze,7,5213.928478396222,0.02,12.0,62567.0
STH500709,TF102053,Bronze,8,5213.90575514675,0.02,12.0,62567.0
STH507775,TF122857,Silver,7,5213.758852248027,0.02,12.0,62565.0
STH503002,TF108723,Silver,4,5213.7449416388,0.02,12.0,62565.0
STH503017,TF108763,Gold,3,5213.390275996087,0.02,12.0,62561.0
STH503939,TF111527,Gold,9,5213.153376984223,0.02,12.0,62558.0
STH502310,TF106739,Silver,9,5213.083561073859,0.02,12.0,62557.0
STH504322,TF112674,Silver,8,5213.029905231935,0.02,12.0,62556.0
STH500089,TF100266,Bronze,3,5212.903034254403,0.02,12.0,62555.0
STH506034,TF117972,Gold,5,5212.742958694467,0.02,12.0,62553.0
STH507193,TF121281,Gold,2,5212.729048085241,0.02,12.0,62553.0
STH505054,TF114988,Silver,6,5212.287047606616,0.02,12.0,62547.0
STH502176,TF106351,Silver,7,5212.25558390526,0.02,12.0,62547.0
STH504333,TF112711,Silver,7,5212.13901462786,0.035,12.0,62546.0
STH505137,TF115245,Bronze,3,5212.124136102179,0.02,12.0,62545.0
STH502425,TF107064,Silver,4,5212.004527647452,0.02,12.0,62544.0
STH503710,TF110845,Gold,2,5212.022824318619,0.02,12.0,62544.0
STH504799,TF114179,Silver,7,5211.997851609934,0.02,12.0,62544.0
STH503238,TF109419,Silver,4,5212.004527647452,0.02,12.0,62544.0
STH500059,TF100191,Bronze,4,5211.950540301483,0.068,12.0,62543.0
STH508429,TF124777,Bronze,9,5211.726119628306,0.069,12.0,62541.0
STH506485,TF119273,Silver,3,5211.7607115923765,0.02,12.0,62541.0
STH506511,TF119345,Silver,5,5211.565306120356,0.02,12.0,62539.0
STH505739,TF117104,Bronze,9,5211.442882263673,0.02,12.0,62537.0
STH501782,TF105219,Silver,2,5211.074930042954,0.02,12.0,62533.0
STH504939,TF114643,Silver,4,5211.031764576284,0.02,12.0,62532.0
STH503239,TF109420,Gold,5,5210.981958056374,0.02,12.0,62532.0
STH501172,TF103443,Bronze,8,5210.721192858043,0.02,12.0,62529.0
STH502643,TF107679,Gold,2,5210.625195608542,0.02,12.0,62528.0
STH502699,TF107846,Silver,6,5210.55312173963,0.02,12.0,62527.0
STH508379,TF124611,Bronze,9,5210.4636310681435,0.02,12.0,62526.0
STH503656,TF110700,Silver,9,5210.53995757775,0.02,12.0,62526.0
STH500644,TF101811,Gold,3,5209.896248592449,0.02,12.0,62519.0
STH504132,TF112101,Gold,7,5209.665227042116,0.02,12.0,62516.0
STH508271,TF124290,Bronze,9,5209.473758385075,0.02,12.0,62514.0
STH504501,TF113254,Gold,4,5209.537228186071,0.02,12.0,62514.0
STH501031,TF103028,Bronze,3,5209.410959039664,0.059000000000000004,12.0,62513.0
STH504867,TF114417,Silver,7,5209.454248113825,0.021,12.0,62513.0
STH503646,TF110666,Silver,5,5209.312944877124,0.02,12.0,62512.0
STH507909,TF123257,Silver,8,5209.2656560037385,0.02,12.0,62511.0
STH501014,TF102984,Gold,8,5209.052849303424,0.02,12.0,62509.0
STH500004,TF100007,Bronze,9,5209.048902502629,0.02,12.0,62509.0
STH500093,TF100274,Silver,8,5209.088739583084,0.02,12.0,62509.0
STH507011,TF120727,Gold,9,5209.016593899535,0.02,12.0,62508.0
STH505682,TF116969,Gold,2,5208.904569629117,0.02,12.0,62507.0
STH506737,TF119967,Bronze,3,5208.634625077095,0.02,12.0,62504.0
STH507490,TF122103,Gold,8,5208.5622750281245,0.02,12.0,62503.0
STH502733,TF107940,Silver,6,5208.583997861033,0.02,12.0,62503.0
STH505991,TF117837,Silver,9,5208.536708987646,0.02,12.0,62502.0
STH500234,TF100639,Bronze,9,5208.305805221023,0.021,12.0,62500.0
STH501287,TF103798,Gold,9,5208.286472866654,0.02,12.0,62499.0
STH503053,TF108888,Silver,4,5207.659482297247,0.02,12.0,62492.0
STH502886,TF108372,Silver,4,5207.659482297247,0.02,12.0,62492.0
STH506276,TF118646,Gold,7,5207.520815434087,0.02,12.0,62490.0
STH503231,TF109398,Silver,8,5207.215954383687,0.02,12.0,62487.0
STH508070,TF123739,Silver,2,5207.215822142482,0.03,12.0,62487.0
STH502526,TF107358,Silver,8,5207.004675118309,0.02,12.0,62484.0
STH505853,TF117395,Silver,8,5206.701247946403,0.02,12.0,62480.0
STH501171,TF103442,Silver,8,5206.701247946403,0.02,12.0,62480.0
STH506378,TF118956,Gold,6,5206.200060830128,0.02,12.0,62474.0
STH507088,TF120961,Gold,9,5206.065351118472,0.02,12.0,62473.0
STH502624,TF107618,Gold,7,5203.933837598997,0.02,12.0,62447.0
STH503953,TF111575,Silver,8,5201.913288424317,0.02,12.0,62423.0
STH507168,TF121195,Platinum,2,5149.211095181981,0.02,12.0,61791.0
STH503236,TF109413,Bronze,9,5143.221285259144,0.061,12.0,61719.0
STH507121,TF121052,Platinum,8,5142.470792567311,0.02,12.0,61710.0
STH503869,TF111303,Platinum,8,5141.200654619636,0.02,12.0,61694.0
STH500751,TF102180,Platinum,4,5140.3552326414465,0.02,12.0,61684.0
STH507001,TF120696,Platinum,4,5138.031932019986,0.02,12.0,61656.0
STH503488,TF110210,Bronze,3,5134.351125377196,0.02,12.0,61612.0
STH503565,TF110427,Silver,6,5134.023462606332,0.02,12.0,61608.0
STH505944,TF117693,Bronze,7,5133.931088174134,0.02,12.0,61607.0
STH502534,TF107374,Bronze,8,5133.682335400671,0.02,12.0,61604.0
STH506539,TF119418,Bronze,4,5133.5514117928415,0.02,12.0,61603.0
STH503586,TF110480,Silver,5,5133.351741726708,0.02,12.0,61600.0
STH508064,TF123723,Bronze,5,5133.307049423884,0.02,12.0,61600.0
STH500440,TF101245,Bronze,8,5133.202141158042,0.02,12.0,61598.0
STH507221,TF121347,Bronze,8,5133.202141158042,0.033,12.0,61598.0
STH506909,TF120444,Bronze,6,5132.093517760657,0.049,12.0,61585.0
STH503221,TF109372,Gold,4,5130.567540064348,0.02,12.0,61567.0
STH500764,TF102230,Gold,4,5130.567540064348,0.02,12.0,61567.0
STH506064,TF118048,Silver,4,5130.474810220523,0.02,12.0,61566.0
STH508011,TF123570,Bronze,5,5130.0552256006995,0.033,12.0,61561.0
STH502049,TF106012,Silver,8,5129.934848974306,0.02,12.0,61559.0
STH507515,TF122176,Bronze,5,5129.6918758584625,0.053,12.0,61556.0
STH503876,TF111332,Bronze,6,5129.4511072664045,0.02,12.0,61553.0
STH505106,TF115143,Silver,2,5129.290293758454,0.02,12.0,61551.0
STH500843,TF102453,Bronze,7,5128.722160250312,0.02,12.0,61545.0
STH507213,TF121327,Bronze,4,5128.296428122667,0.02,12.0,61540.0
STH501986,TF105841,Silver,3,5128.0731683183285,0.02,12.0,61537.0
STH504578,TF113488,Silver,6,5127.883646714477,0.02,12.0,61535.0
STH506780,TF120092,Bronze,7,5127.57248075849,0.027000000000000003,12.0,61531.0
STH502949,TF108541,Bronze,5,5127.46687721998,0.02,12.0,61530.0
STH503352,TF109763,Bronze,5,5127.46687721998,0.02,12.0,61530.0
STH503753,TF110968,Silver,8,5127.391245478198,0.02,12.0,61529.0
STH500188,TF100501,Silver,4,5127.344221302236,0.02,12.0,61528.0
STH507941,TF123342,Silver,2,5127.099647875415,0.02,12.0,61525.0
STH506570,TF119502,Bronze,8,5126.843533742399,0.02,12.0,61522.0
STH508018,TF123587,Bronze,6,5126.737930203889,0.042,12.0,61521.0
STH502144,TF106282,Silver,2,5126.5771166959385,0.02,12.0,61519.0
STH506232,TF118498,Silver,2,5126.59877598705,0.02,12.0,61519.0
STH503080,TF108957,Silver,6,5126.3055360142735,0.02,12.0,61516.0
STH505487,TF116341,Gold,3,5126.087559156618,0.02,12.0,61513.0
STH503960,TF111594,Gold,7,5125.814181586504,0.02,12.0,61510.0
STH502067,TF106050,Silver,3,5125.848169679846,0.03,12.0,61510.0
STH506100,TF118134,Silver,3,5125.848169679846,0.02,12.0,61510.0
STH505033,TF114943,Bronze,4,5125.752824626559,0.02,12.0,61509.0
STH502214,TF106442,Silver,2,5125.671526416133,0.02,12.0,61508.0
STH502834,TF108248,Bronze,2,5125.617539070164,0.02,12.0,61507.0
STH501989,TF105851,Gold,6,5125.409859128734,0.02,12.0,61505.0
STH500723,TF102107,Silver,4,5125.119222663754,0.02,12.0,61501.0
STH505972,TF117779,Bronze,5,5125.023877610468,0.02,12.0,61500.0
STH507686,TF122638,Bronze,5,5125.023877610468,0.023,12.0,61500.0
STH502652,TF107707,Bronze,4,5124.970221768544,0.02,12.0,61500.0
STH501130,TF103296,Bronze,8,5124.9614091283,0.037000000000000005,12.0,61500.0
STH504226,TF112372,Silver,8,5124.791782980105,0.02,12.0,61498.0
STH502929,TF108490,Gold,9,5124.840872201454,0.02,12.0,61498.0
STH504738,TF113975,Silver,2,5124.749142938487,0.02,12.0,61497.0
STH500177,TF100481,Silver,2,5124.749142938487,0.02,12.0,61497.0
STH501075,TF103142,Gold,9,5124.496023802393,0.033,12.0,61494.0
STH503474,TF110167,Silver,8,5124.428433237868,0.02,12.0,61493.0
STH502621,TF107614,Bronze,8,5124.3744458919,0.022000000000000002,12.0,61492.0
STH501032,TF103029,Bronze,6,5124.294930594376,0.02,12.0,61492.0
STH505424,TF116148,Gold,6,5124.245566507402,0.02,12.0,61491.0
STH502685,TF107810,Gold,2,5124.103329110195,0.02,12.0,61489.0
STH507032,TF120802,Silver,2,5124.109226771072,0.02,12.0,61489.0
STH502470,TF107217,Bronze,3,5123.938168146543,0.02,12.0,61487.0
STH506740,TF119976,Silver,8,5123.7669321700805,0.02,12.0,61485.0
STH503718,TF110859,Silver,6,5123.6613286315705,0.043,12.0,61484.0
STH505573,TF116602,Platinum,6,5123.635717632613,0.057,12.0,61484.0
STH501446,TF104232,Silver,3,5123.405170070333,0.02,12.0,61481.0
STH500614,TF101734,Silver,6,5123.342701588166,0.02,12.0,61480.0
STH500327,TF100911,Silver,2,5123.3515142284095,0.02,12.0,61480.0
STH506306,TF118727,Gold,3,5123.055755050698,0.02,12.0,61477.0
STH502601,TF107568,Silver,9,5123.037985153988,0.02,12.0,61476.0
STH500684,TF101959,Silver,6,5122.755738351765,0.02,12.0,61473.0
STH506739,TF119973,Silver,3,5122.622567212318,0.02,12.0,61471.0
STH506881,TF120377,Gold,3,5122.468791814298,0.02,12.0,61470.0
STH505006,TF114857,Gold,7,5122.512665875728,0.02,12.0,61470.0
STH500635,TF101792,Bronze,5,5122.480274114359,0.027000000000000003,12.0,61470.0
STH508234,TF124198,Bronze,2,5122.486950151877,0.02,12.0,61470.0
STH504757,TF114033,Gold,4,5122.326808034606,0.02,12.0,61468.0
STH504049,TF111879,Gold,2,5122.275355352744,0.02,12.0,61467.0
STH505801,TF117264,Silver,7,5122.026791335674,0.02,12.0,61464.0
STH500823,TF102377,Silver,8,5121.99652555995,0.02,12.0,61464.0
STH501474,TF104292,Bronze,3,5121.764491260147,0.026000000000000002,12.0,61461.0
STH504398,TF112928,Bronze,3,5121.758003135786,0.026000000000000002,12.0,61461.0
STH502752,TF107989,Gold,2,5121.731008640263,0.02,12.0,61461.0
STH507727,TF122737,Silver,5,5121.677098585146,0.02,12.0,61460.0
STH501151,TF103385,Silver,5,5121.677098585146,0.037000000000000005,12.0,61460.0
STH501790,TF105233,Silver,2,5121.590513590317,0.021,12.0,61459.0
STH504219,TF112356,Bronze,7,5121.022380082175,0.02,12.0,61452.0
STH501412,TF104141,Gold,2,5120.877726642666,0.02,12.0,61451.0
STH508484,TF124951,Gold,2,5120.877726642666,0.02,12.0,61451.0
STH504914,TF114549,Bronze,7,5120.789538102201,0.02,12.0,61449.0
STH505443,TF116209,Gold,3,5120.661205031587,0.02,12.0,61448.0
STH502185,TF106375,Gold,7,5120.559197916329,0.02,12.0,61447.0
STH504237,TF112418,Gold,9,5120.564197568245,0.02,12.0,61447.0
STH502335,TF106820,Silver,7,5120.464491690613,0.02,12.0,61446.0
STH504260,TF112506,Silver,2,5120.444538804286,0.031,12.0,61445.0
STH501393,TF104077,Silver,3,5120.421815554815,0.02,12.0,61445.0
STH501743,TF105100,Silver,7,5120.219204552963,0.02,12.0,61443.0
STH508185,TF124068,Gold,3,5120.148779626575,0.02,12.0,61442.0
STH503108,TF109036,Silver,4,5120.132619558132,0.02,12.0,61442.0
STH505224,TF115514,Gold,5,5120.088514304468,0.02,12.0,61441.0
STH503830,TF111197,Gold,8,5119.830250900237,0.02,12.0,61438.0
STH500276,TF100754,Bronze,9,5119.784788924639,0.02,12.0,61437.0
STH504281,TF112559,Silver,3,5119.715591788195,0.02,12.0,61437.0
STH501177,TF103453,Silver,4,5119.692868538723,0.02,12.0,61436.0
STH505241,TF115576,Silver,7,5119.70677914795,0.02,12.0,61436.0
STH508394,TF124671,Bronze,2,5119.579908170418,0.02,12.0,61435.0
STH507496,TF122118,Bronze,9,5119.5644860499915,0.02,12.0,61435.0
STH507911,TF123259,Bronze,5,5119.3273460324335,0.028999999999999998,12.0,61432.0
STH507778,TF122866,Bronze,6,5119.207723602159,0.044000000000000004,12.0,61430.0
STH505005,TF114854,Gold,9,5119.000699997551,0.02,12.0,61428.0
STH505007,TF114859,Gold,6,5118.744541436314,0.02,12.0,61425.0
STH503507,TF110276,Gold,9,5118.682072954146,0.02,12.0,61424.0
STH500071,TF100229,Gold,3,5118.6455112838075,0.02,12.0,61424.0
STH501386,TF104056,Silver,3,5118.681401563467,0.02,12.0,61424.0
STH507003,TF120704,Gold,2,5118.676974985164,0.02,12.0,61424.0
STH503849,TF111245,Bronze,7,5118.4787765860665,0.02,12.0,61422.0
STH508464,TF124901,Gold,6,5118.474363983311,0.02,12.0,61422.0
STH502741,TF107956,Bronze,9,5118.418511263961,0.02,12.0,61421.0
STH502293,TF106686,Silver,2,5118.437585508392,0.02,12.0,61421.0
STH505849,TF117385,Silver,3,5118.317963078116,0.02,12.0,61420.0
STH503536,TF110351,Silver,6,5118.234974506539,0.027999999999999997,12.0,61419.0
STH501024,TF103004,Silver,5,5118.25769775601,0.03,12.0,61419.0
STH506552,TF119453,Silver,9,5118.248885115766,0.02,12.0,61419.0
STH505857,TF117405,Bronze,8,5118.29018447598,0.02,12.0,61419.0
STH503349,TF109753,Silver,8,5118.167255401294,0.02,12.0,61418.0
STH506360,TF118900,Bronze,4,5118.122014138234,0.02,12.0,61417.0
STH507741,TF122774,Gold,7,5118.0155944202215,0.02,12.0,61416.0
STH507307,TF121580,Silver,7,5117.945778509857,0.02,12.0,61415.0
STH501060,TF103104,Bronze,3,5117.412957785581,0.022000000000000002,12.0,61409.0
STH501133,TF103304,Silver,2,5117.414442843703,0.02,12.0,61409.0
STH502005,TF105881,Bronze,9,5117.384321039233,0.04,12.0,61409.0
STH508275,TF124305,Bronze,9,5117.390809163596,0.02,12.0,61409.0
STH503007,TF108729,Silver,2,5117.326284114783,0.02,12.0,61408.0
STH507331,TF121646,Bronze,8,5117.140504984158,0.036000000000000004,12.0,61406.0
STH502960,TF108585,Silver,2,5116.968187908792,0.02,12.0,61404.0
STH501244,TF103673,Silver,5,5116.8600690459325,0.02,12.0,61402.0
STH504135,TF112108,Silver,3,5116.80861636407,0.02,12.0,61402.0
STH500707,TF102035,Silver,8,5116.777080474355,0.02,12.0,61401.0
STH503854,TF111260,Bronze,6,5116.66412010605,0.03,12.0,61400.0
STH505713,TF117033,Silver,3,5116.597337098692,0.02,12.0,61399.0
STH503192,TF109284,Gold,8,5116.552391289689,0.02,12.0,61399.0
STH503464,TF110136,Silver,2,5116.5033065981,0.02,12.0,61398.0
STH504134,TF112107,Silver,9,5116.487884477673,0.02,12.0,61398.0
STH504796,TF114166,Gold,7,5116.4224148316425,0.02,12.0,61397.0
STH507642,TF122506,Bronze,3,5116.307357658218,0.025,12.0,61396.0
STH504413,TF112981,Bronze,7,5115.935173089958,0.02,12.0,61391.0
STH500698,TF102000,Silver,3,5115.7743595820075,0.02,12.0,61389.0
STH500523,TF101484,Gold,4,5115.768392450626,0.02,12.0,61389.0
STH507095,TF120984,Bronze,5,5115.518637705877,0.02,12.0,61386.0
STH501917,TF105636,Gold,7,5115.471990924113,0.02,12.0,61386.0
STH502767,TF108037,Silver,5,5115.350722331886,0.032,12.0,61384.0
STH505462,TF116266,Silver,5,5115.260871777047,0.02,12.0,61383.0
STH502198,TF106404,Silver,5,5115.139443066508,0.023,12.0,61382.0
STH500347,TF100957,Silver,4,5115.045412565915,0.02,12.0,61381.0
STH504502,TF113256,Gold,7,5115.032239904704,0.02,12.0,61380.0
STH505074,TF115053,Gold,8,5115.000776203347,0.02,12.0,61380.0
STH504530,TF113325,Gold,8,5114.963346782669,0.02,12.0,61380.0
STH501921,TF105645,Silver,9,5114.484635887569,0.02,12.0,61374.0
STH507799,TF122929,Silver,5,5114.316465549824,0.02,12.0,61372.0
STH501643,TF104811,Gold,3,5114.211708241867,0.02,12.0,61371.0
STH503460,TF110127,Gold,9,5114.234399766577,0.02,12.0,61371.0
STH508213,TF124138,Gold,3,5114.123549512949,0.02,12.0,61369.0
STH504117,TF112063,Silver,8,5114.063903411839,0.02,12.0,61369.0
STH504724,TF113929,Gold,9,5114.0140968919295,0.02,12.0,61368.0
STH504885,TF114459,Gold,6,5114.0272610538095,0.02,12.0,61368.0
STH500539,TF101528,Gold,5,5113.7769568743715,0.02,12.0,61365.0
STH500838,TF102442,Gold,3,5113.300571996264,0.02,12.0,61360.0
STH502224,TF106480,Silver,9,5112.22365500214,0.02,12.0,61347.0
STH500252,TF100681,Gold,9,5111.470493395821,0.02,12.0,61338.0
STH504609,TF113577,Gold,4,5110.643047336127,0.026000000000000002,12.0,61328.0
STH502945,TF108530,Gold,7,5110.384783931896,0.02,12.0,61325.0
STH502688,TF107815,Gold,9,5107.488886530967,0.02,12.0,61290.0
STH508170,TF124037,Silver,9,5107.132268308148,0.02,12.0,61286.0
STH502337,TF106824,Gold,6,5106.84532177068,0.02,12.0,61282.0
STH502356,TF106882,Platinum,9,5056.723315960192,0.02,12.0,60681.0
STH508307,TF124410,Platinum,2,5055.630407308099,0.02,12.0,60668.0
STH500232,TF100634,Platinum,4,5054.172513275915,0.02,12.0,60650.0
STH508073,TF123747,Platinum,6,5051.510583201607,0.02,12.0,60618.0
STH505764,TF117159,Bronze,7,5050.627106191252,0.024,12.0,60608.0
STH501898,TF105579,Platinum,3,5049.475106166976,0.02,12.0,60594.0
STH504741,TF113984,Silver,7,5047.550504618934,0.02,12.0,60571.0
STH502460,TF107191,Platinum,6,5047.309924409812,0.02,12.0,60568.0
STH504927,TF114591,Platinum,7,5046.2406910592035,0.02,12.0,60555.0
STH503116,TF109054,Platinum,3,5046.249503699448,0.02,12.0,60555.0
STH502294,TF106689,Silver,9,5046.092610586749,0.02,12.0,60553.0
STH506014,TF117912,Bronze,4,5045.881662691124,0.02,12.0,60551.0
STH504534,TF113332,Platinum,8,5045.511744043111,0.02,12.0,60546.0
STH503295,TF109591,Gold,7,5045.07671703319,0.026000000000000002,12.0,60541.0
STH503180,TF109259,Platinum,5,5044.791609667263,0.02,12.0,60537.0
STH505378,TF115991,Platinum,5,5043.250911903818,0.02,12.0,60519.0
STH502026,TF105942,Gold,9,5042.826570127392,0.02,12.0,60514.0
STH503519,TF110310,Silver,2,5042.641890432975,0.02,12.0,60512.0
STH506534,TF119401,Platinum,9,5042.633534145558,0.02,12.0,60512.0
STH503277,TF109532,Platinum,2,5040.953220601913,0.02,12.0,60491.0
STH505844,TF117377,Gold,4,5040.210127371278,0.02,12.0,60483.0
STH504211,TF112330,Silver,8,5039.7681268926535,0.02,12.0,60477.0
STH500290,TF100793,Platinum,7,5039.3990381105905,0.02,12.0,60473.0
STH500039,TF100112,Bronze,7,5039.08470114307,0.02,12.0,60469.0
STH503031,TF108801,Platinum,2,5039.006496533945,0.027000000000000003,12.0,60468.0
STH502317,TF106756,Silver,9,5038.61997113234,0.02,12.0,60463.0
STH502697,TF107837,Silver,6,5038.011554760461,0.02,12.0,60456.0
STH500728,TF102114,Gold,7,5038.028412819426,0.02,12.0,60456.0
STH506432,TF119099,Bronze,5,5037.729856851327,0.02,12.0,60453.0
STH505256,TF115631,Platinum,8,5037.690839898969,0.02,12.0,60452.0
STH502799,TF108139,Bronze,3,5037.5169055347915,0.02,12.0,60450.0
STH502225,TF106481,Bronze,7,5037.4522338925635,0.02,12.0,60449.0
STH506820,TF120211,Bronze,8,5036.723286876471,0.02,12.0,60441.0
STH501854,TF105451,Silver,4,5036.422737120447,0.02,12.0,60437.0
STH501321,TF103880,Bronze,3,5036.436195722782,0.02,12.0,60437.0
STH504960,TF114701,Bronze,2,5036.124176347657,0.043,12.0,60433.0
STH506747,TF120010,Platinum,5,5036.068972620688,0.02,12.0,60433.0
STH507409,TF121877,Bronze,9,5035.854603612305,0.02,12.0,60430.0
STH501983,TF105827,Silver,4,5035.289467646585,0.02,12.0,60423.0
STH501114,TF103257,Silver,8,5035.279152554659,0.02,12.0,60423.0
STH504545,TF113368,Gold,2,5035.23906688893,0.02,12.0,60423.0
STH505376,TF115989,Platinum,4,5035.180273838306,0.02,12.0,60422.0
STH500088,TF100263,Gold,3,5034.817632798869,0.02,12.0,60418.0
STH507713,TF122705,Silver,2,5034.088541166556,0.02,12.0,60409.0
STH502720,TF107893,Silver,3,5034.021095218252,0.02,12.0,60408.0
STH504127,TF112083,Silver,3,5034.021095218252,0.02,12.0,60408.0
STH504231,TF112389,Bronze,3,5033.967107872284,0.02,12.0,60408.0
STH504420,TF112995,Silver,7,5033.8352774142395,0.024,12.0,60406.0
STH501191,TF103510,Gold,4,5033.402980791133,0.02,12.0,60401.0
STH504430,TF113024,Gold,5,5033.290769086873,0.02,12.0,60399.0
STH506787,TF120117,Bronze,4,5033.238160856192,0.031,12.0,60399.0
STH507821,TF122992,Bronze,5,5033.0961770765,0.02,12.0,60397.0
STH503398,TF109919,Bronze,5,5032.853327815128,0.023,12.0,60394.0
STH506410,TF119036,Gold,4,5032.815680060841,0.02,12.0,60394.0
STH503019,TF108768,Bronze,9,5032.7240146940185,0.02,12.0,60393.0
STH502288,TF106662,Silver,2,5032.625647482457,0.02,12.0,60392.0
STH507050,TF120845,Bronze,6,5032.707516394925,0.02,12.0,60392.0
STH505215,TF115483,Silver,5,5032.563201186068,0.05,12.0,60391.0
STH504883,TF114457,Silver,2,5032.525043595862,0.02,12.0,60390.0
STH508210,TF124132,Silver,2,5032.525043595862,0.024,12.0,60390.0
STH508012,TF123571,Bronze,2,5032.376042700652,0.02,12.0,60389.0
STH502217,TF106465,Silver,6,5031.834254169976,0.02,12.0,60382.0
STH501285,TF103793,Silver,3,5031.79609657977,0.02,12.0,60382.0
STH502180,TF106361,Bronze,3,5031.647095684561,0.02,12.0,60380.0
STH505311,TF115785,Bronze,2,5031.565465970088,0.02,12.0,60379.0
STH500763,TF102229,Bronze,2,5031.565465970088,0.02,12.0,60379.0
STH500476,TF101369,Gold,2,5031.614753580812,0.02,12.0,60379.0
STH507128,TF121070,Bronze,8,5031.328566958223,0.02,12.0,60376.0
STH502390,TF106955,Silver,4,5031.167753450272,0.02,12.0,60374.0
STH505726,TF117067,Silver,4,5031.167753450272,0.02,12.0,60374.0
STH506871,TF120351,Bronze,3,5030.836518953996,0.033,12.0,60370.0
STH500377,TF101053,Silver,2,5030.697069838411,0.02,12.0,60368.0
STH508486,TF124960,Bronze,2,5030.615042062559,0.02,12.0,60367.0
STH500388,TF101086,Silver,9,5030.480439944793,0.02,12.0,60366.0
STH501841,TF105395,Silver,8,5030.376360137792,0.07200000000000001,12.0,60365.0
STH507599,TF122379,Bronze,5,5030.189201652376,0.02,12.0,60362.0
STH505824,TF117317,Bronze,5,5030.189201652376,0.035,12.0,60362.0
STH501488,TF104346,Bronze,5,5030.189201652376,0.02,12.0,60362.0
STH502158,TF106319,Bronze,3,5030.143827341793,0.042,12.0,60362.0
STH500808,TF102331,Silver,5,5030.019575504181,0.023,12.0,60360.0
STH504626,TF113620,Silver,5,5030.019575504181,0.02,12.0,60360.0
STH501553,TF104537,Bronze,6,5029.972680041297,0.03,12.0,60360.0
STH501807,TF105286,Gold,6,5029.848645008266,0.02,12.0,60358.0
STH501448,TF104235,Silver,9,5029.6474131217,0.02,12.0,60356.0
STH501789,TF105232,Silver,6,5029.6092555314945,0.02,12.0,60355.0
STH506896,TF120417,Silver,5,5029.432612267781,0.02,12.0,60353.0
STH507818,TF122982,Bronze,3,5029.446344027057,0.02,12.0,60353.0
STH502588,TF107528,Bronze,4,5029.414880325701,0.02,12.0,60353.0
STH503410,TF109957,Gold,3,5029.422912880621,0.02,12.0,60353.0
STH506899,TF120423,Gold,6,5029.360466584232,0.02,12.0,60352.0
STH503237,TF109416,Bronze,4,5028.924306050401,0.026000000000000002,12.0,60347.0
STH507748,TF122786,Bronze,7,5028.731307620193,0.027999999999999997,12.0,60345.0
STH504848,TF114330,Bronze,4,5028.717397010965,0.02,12.0,60345.0
STH506698,TF119859,Bronze,8,5028.784963462115,0.02,12.0,60345.0
STH502361,TF106890,Bronze,4,5028.717397010965,0.025,12.0,60345.0
STH505911,TF117598,Bronze,8,5028.760073146763,0.02,12.0,60345.0
STH500434,TF101219,Bronze,6,5028.64967790572,0.053,12.0,60344.0
STH503654,TF110682,Bronze,6,5028.64967790572,0.02,12.0,60344.0
STH500844,TF102457,Bronze,2,5028.441365176163,0.02,12.0,60341.0
STH502433,TF107104,Gold,5,5028.38694614132,0.02,12.0,60341.0
STH506990,TF120663,Bronze,2,5028.434877051801,0.021,12.0,60341.0
STH500650,TF101826,Silver,7,5027.974718235598,0.02,12.0,60336.0
STH502818,TF108200,Silver,9,5027.944945662695,0.022000000000000002,12.0,60335.0
STH500848,TF102464,Silver,8,5027.832734455906,0.02,12.0,60334.0
STH506041,TF117982,Silver,2,5027.796172785566,0.02,12.0,60334.0
STH500213,TF100584,Silver,6,5027.781281774043,0.02,12.0,60333.0
STH500818,TF102360,Silver,2,5027.758743364888,0.02,12.0,60333.0
STH507198,TF121297,Silver,5,5027.62502548507,0.02,12.0,60332.0
STH504899,TF114493,Gold,5,5027.545787918438,0.02,12.0,60331.0
STH503374,TF109831,Gold,2,5027.608256400606,0.02,12.0,60331.0
STH501668,TF104893,Silver,2,5027.538440490241,0.02,12.0,60330.0
STH505331,TF115841,Gold,2,5027.338078947603,0.02,12.0,60328.0
STH501907,TF105606,Bronze,9,5027.273413588008,0.02,12.0,60327.0
STH506482,TF119261,Silver,9,5027.1037874398135,0.033,12.0,60325.0
STH500337,TF100935,Silver,4,5027.030970365586,0.028999999999999998,12.0,60324.0
STH501847,TF105421,Gold,3,5026.854419069161,0.02,12.0,60322.0
STH501331,TF103905,Gold,3,5026.854419069161,0.02,12.0,60322.0
STH506590,TF119556,Gold,3,5026.609131931511,0.02,12.0,60319.0
STH508128,TF123890,Silver,7,5026.437308905889,0.02,12.0,60317.0
STH506347,TF118872,Silver,2,5026.39246570421,0.02,12.0,60317.0
STH504642,TF113649,Bronze,5,5026.254524127888,0.02,12.0,60315.0
STH505936,TF117676,Bronze,5,5026.248036003525,0.069,12.0,60315.0
STH505761,TF117154,Bronze,5,5026.254524127888,0.02,12.0,60315.0
STH507472,TF122047,Bronze,5,5025.884597518175,0.025,12.0,60311.0
STH506775,TF120075,Bronze,5,5025.884597518175,0.02,12.0,60311.0
STH502389,TF106954,Silver,3,5025.6635186881185,0.021,12.0,60308.0
STH506007,TF117887,Silver,7,5025.7030527914485,0.027999999999999997,12.0,60308.0
STH502984,TF108659,Silver,8,5025.683471574444,0.02,12.0,60308.0
STH500619,TF101754,Gold,8,5025.677573913566,0.02,12.0,60308.0
STH504893,TF114479,Gold,5,5025.492094491911,0.02,12.0,60306.0
STH508447,TF124834,Silver,2,5025.535191900137,0.02,12.0,60306.0
STH507511,TF122159,Silver,8,5025.4381844367945,0.031,12.0,60305.0
STH504946,TF114657,Gold,6,5025.3074941883,0.02,12.0,60304.0
STH505908,TF117583,Silver,8,5024.925759031782,0.02,12.0,60299.0
STH508231,TF124186,Silver,6,5024.622652425873,0.02,12.0,60295.0
STH505949,TF117706,Gold,7,5024.578547172207,0.02,12.0,60295.0
STH502740,TF107950,Silver,6,5024.622652425873,0.02,12.0,60295.0
STH501033,TF103030,Bronze,7,5024.42670348599,0.02,12.0,60293.0
STH500000,TF100000,Silver,9,5024.19681201569,0.02,12.0,60290.0
STH506073,TF118084,Bronze,8,5024.067683079612,0.02,12.0,60289.0
STH505073,TF115047,Gold,4,5023.827061746961,0.02,12.0,60286.0
STH504940,TF114645,Silver,7,5023.660863429806,0.026000000000000002,12.0,60284.0
STH507629,TF122470,Bronze,8,5023.697756469898,0.021,12.0,60284.0
STH500822,TF102374,Bronze,8,5023.697756469898,0.02,12.0,60284.0
STH505539,TF116484,Bronze,6,5023.646303788037,0.079,12.0,60284.0
STH507789,TF122907,Gold,4,5023.606758872313,0.02,12.0,60283.0
STH500514,TF101465,Bronze,9,5023.332247939157,0.02,12.0,60280.0
STH503816,TF111158,Gold,7,5023.180918462131,0.02,12.0,60278.0
STH505072,TF115043,Silver,5,5023.171434431207,0.07,12.0,60278.0
STH500016,TF100038,Bronze,9,5022.968809453807,0.025,12.0,60276.0
STH500617,TF101741,Silver,7,5022.747730623751,0.02,12.0,60273.0
STH507182,TF121236,Silver,7,5022.747730623751,0.024,12.0,60273.0
STH501530,TF104477,Silver,3,5022.756543263994,0.023,12.0,60273.0
STH506341,TF118855,Bronze,4,5022.631937669413,0.022000000000000002,12.0,60272.0
STH501721,TF105035,Silver,9,5022.5769743955225,0.02,12.0,60271.0
STH505348,TF115907,Gold,2,5022.5210494083885,0.02,12.0,60270.0
STH504597,TF113539,Bronze,9,5022.35948486799,0.028999999999999998,12.0,60268.0
STH502201,TF106418,Bronze,5,5022.217247470782,0.022000000000000002,12.0,60267.0
STH500693,TF101991,Bronze,4,5022.195511621893,0.02,12.0,60266.0
STH501809,TF105288,Bronze,2,5022.188277514647,0.02,12.0,60266.0
STH505709,TF117026,Gold,6,5022.148864840129,0.02,12.0,60266.0
STH508418,TF124753,Silver,4,5021.512889810618,0.02,12.0,60258.0
STH507085,TF120953,Bronze,7,5021.104201837658,0.04,12.0,60253.0
STH502451,TF107162,Silver,5,5021.087369966432,0.022000000000000002,12.0,60253.0
STH500102,TF100289,Gold,6,5021.002890054099,0.02,12.0,60252.0
STH502195,TF106400,Gold,6,5021.002890054099,0.031,12.0,60252.0
STH502619,TF107612,Gold,6,5021.002890054099,0.028999999999999998,12.0,60252.0
STH506118,TF118166,Gold,9,5020.912447699382,0.02,12.0,60251.0
STH503350,TF109758,Silver,5,5020.7839427945255,0.02,12.0,60249.0
STH502700,TF107849,Gold,5,5020.334208360113,0.02,12.0,60244.0
STH506983,TF120642,Silver,6,5020.358422950339,0.023,12.0,60244.0
STH507234,TF121377,Silver,4,5020.214441313616,0.02,12.0,60243.0
STH500659,TF101856,Gold,6,5020.145616250025,0.02,12.0,60242.0
STH503749,TF110959,Silver,2,5019.907630001916,0.02,12.0,60239.0
STH505409,TF116111,Gold,8,5019.544996021915,0.02,12.0,60235.0
STH501866,TF105494,Bronze,9,5019.301459406414,0.021,12.0,60232.0
STH502992,TF108687,Silver,3,5019.178682985824,0.02,12.0,60230.0
STH501289,TF103802,Gold,6,5018.095914629975,0.022000000000000002,12.0,60217.0
STH506513,TF119348,Gold,9,5017.95877520175,0.02,12.0,60216.0
STH502194,TF106399,Gold,3,5017.810495527443,0.02,12.0,60214.0
STH504306,TF112622,Gold,9,5017.788346905458,0.02,12.0,60213.0
STH507811,TF122963,Gold,5,5017.5670579271755,0.026000000000000002,12.0,60211.0
STH508258,TF124264,Gold,6,5017.58120819269,0.02,12.0,60211.0
STH504861,TF114399,Silver,8,5016.203121985207,0.033,12.0,60194.0
STH506161,TF118269,Gold,8,5016.123314160506,0.02,12.0,60193.0
STH505411,TF116113,Bronze,8,5015.960640828733,0.022000000000000002,12.0,60192.0
STH501880,TF105536,Gold,8,5015.603763815728,0.02,12.0,60187.0
STH506564,TF119485,Gold,9,5014.651269862808,0.043,12.0,60176.0
STH506667,TF119785,Gold,3,5014.161291903972,0.05,12.0,60170.0
STH506066,TF118051,Gold,8,5012.445134467557,0.02,12.0,60149.0
STH504033,TF111831,Gold,9,5011.53525924394,0.057999999999999996,12.0,60138.0
STH504393,TF112915,Platinum,2,4974.8221761865225,0.062,12.0,59698.0
STH505778,TF117196,Gold,9,5014.651269862808,0.084,11.904761904761903,59698.0
STH504221,TF112358,Platinum,2,4967.773871972759,0.02,12.0,59613.0
STH502062,TF106041,Platinum,8,4960.124738213422,0.02,12.0,59521.0
STH506442,TF119124,Platinum,6,4958.19116091746,0.02,12.0,59498.0
STH503767,TF111002,Gold,3,4953.940431997481,0.028999999999999998,12.0,59447.0
STH506026,TF117951,Gold,4,4953.211484981389,0.046,12.0,59439.0
STH505953,TF117725,Gold,6,4951.753590949205,0.061,12.0,59421.0
STH504042,TF111858,Gold,6,4951.753590949205,0.077,12.0,59421.0
STH504292,TF112582,Bronze,4,4951.708443429263,0.02,12.0,59421.0
STH503278,TF109538,Platinum,5,4951.251961972199,0.02,12.0,59415.0
STH501457,TF104249,Platinum,6,4950.5230149561075,0.066,12.0,59406.0
STH504459,TF113101,Silver,6,4950.441278177038,0.02,12.0,59405.0
STH500325,TF100903,Gold,8,4950.295696917021,0.034,12.0,59404.0
STH502261,TF106572,Bronze,9,4950.012828268038,0.02,12.0,59400.0
STH508416,TF124740,Platinum,2,4950.0194021913385,0.02,12.0,59400.0
STH500876,TF102558,Platinum,8,4949.950324228988,0.02,12.0,59399.0
STH504272,TF112529,Bronze,9,4948.184854510587,0.02,12.0,59378.0
STH506940,TF120525,Silver,4,4947.377210438363,0.02,12.0,59369.0
STH507545,TF122264,Bronze,6,4946.980224230718,0.02,12.0,59364.0
STH505101,TF115130,Bronze,2,4946.905159624872,0.02,12.0,59363.0
STH501990,TF105852,Bronze,2,4946.905159624872,0.022000000000000002,12.0,59363.0
STH504585,TF113505,Bronze,2,4946.905159624872,0.02,12.0,59363.0
STH504745,TF113997,Bronze,3,4946.176212608781,0.02,12.0,59354.0
STH507079,TF120930,Platinum,9,4946.062747864726,0.02,12.0,59353.0
STH502027,TF105944,Bronze,2,4944.883476248927,0.071,12.0,59339.0
STH507380,TF121795,Bronze,2,4944.262749130619,0.02,12.0,59331.0
STH504116,TF112061,Silver,2,4943.8993246208165,0.02,12.0,59327.0
STH503698,TF110816,Bronze,3,4943.533802114527,0.02,12.0,59322.0
STH507984,TF123454,Platinum,4,4943.422700288732,0.02,12.0,59321.0
STH507644,TF122509,Bronze,3,4943.408973432731,0.02,12.0,59321.0
STH501006,TF102961,Silver,3,4943.239347284536,0.02,12.0,59319.0
STH506596,TF119573,Bronze,2,4943.113069638797,0.022000000000000002,12.0,59317.0
STH506986,TF120648,Gold,5,4942.298518336822,0.02,12.0,59308.0
STH503150,TF109159,Bronze,9,4941.942266760302,0.02,12.0,59303.0
STH502557,TF107427,Bronze,2,4941.650175954698,0.02,12.0,59300.0
STH508125,TF123884,Gold,6,4941.56957132073,0.02,12.0,59299.0
STH501355,TF103961,Bronze,6,4941.346961066251,0.02,12.0,59296.0
STH503194,TF109288,Bronze,6,4941.222132384455,0.048,12.0,59295.0
STH506700,TF119863,Silver,6,4941.05250623626,0.024,12.0,59293.0
STH505543,TF116501,Silver,2,4940.88860954794,0.02,12.0,59291.0
STH500757,TF102198,Bronze,6,4940.858782642217,0.042,12.0,59290.0
STH504941,TF114646,Gold,3,4940.7655596987925,0.02,12.0,59289.0
STH504198,TF112299,Silver,3,4940.457200542209,0.02,12.0,59285.0
STH503980,TF111664,Platinum,3,4940.155710824003,0.02,12.0,59282.0
STH500558,TF101576,Bronze,4,4940.091678035919,0.02,12.0,59281.0
STH502461,TF107192,Silver,2,4940.036468066479,0.02,12.0,59280.0
STH504710,TF113866,Silver,6,4939.779500514324,0.054000000000000006,12.0,59277.0
STH503954,TF111580,Silver,4,4939.60342484432,0.02,12.0,59275.0
STH503174,TF109238,Bronze,9,4939.504968417034,0.024,12.0,59274.0
STH504819,TF114233,Bronze,8,4939.400888610034,0.07,12.0,59273.0
STH501215,TF103591,Silver,8,4939.454875956002,0.02,12.0,59273.0
STH500813,TF102348,Silver,5,4939.344154909084,0.051,12.0,59272.0
STH503453,TF110097,Bronze,2,4939.177251598172,0.02,12.0,59270.0
STH500601,TF101697,Bronze,9,4939.091150338163,0.02,12.0,59269.0
STH504343,TF112744,Bronze,7,4938.42736816712,0.07200000000000001,12.0,59261.0
STH506510,TF119344,Bronze,9,4938.010440526154,0.02,12.0,59256.0
STH506522,TF119375,Bronze,9,4938.010440526154,0.068,12.0,59256.0
STH501855,TF105455,Bronze,7,4936.893096855446,0.036000000000000004,12.0,59243.0
STH508194,TF124093,Bronze,5,4936.8948410949615,0.02,12.0,59243.0
STH503982,TF111669,Gold,5,4936.87036732334,0.02,12.0,59242.0
STH500919,TF102676,Silver,8,4936.743495781936,0.02,12.0,59241.0
STH500321,TF100896,Bronze,2,4936.783271837129,0.02,12.0,59241.0
STH502647,TF107687,Bronze,2,4936.562968962482,0.02,12.0,59239.0
STH500453,TF101293,Gold,5,4936.456549244469,0.025,12.0,59237.0
STH502404,TF106997,Bronze,9,4936.44694295546,0.02,12.0,59237.0
STH504723,TF113926,Silver,8,4936.324287037715,0.023,12.0,59236.0
STH501361,TF103981,Silver,5,4936.286129447509,0.021,12.0,59235.0
STH507669,TF122596,Bronze,7,4936.076863230192,0.036000000000000004,12.0,59233.0
STH501397,TF104086,Gold,4,4936.104786448552,0.02,12.0,59233.0
STH505524,TF116445,Bronze,7,4936.076863230192,0.032,12.0,59233.0
STH506206,TF118412,Silver,9,4935.95868976386,0.02,12.0,59232.0
STH507756,TF122805,Gold,5,4936.037340500247,0.028999999999999998,12.0,59232.0
STH504499,TF113249,Bronze,6,4935.9303258075,0.022000000000000002,12.0,59231.0
STH506719,TF119916,Silver,3,4935.916049722242,0.02,12.0,59231.0
STH504458,TF113099,Bronze,9,4935.541352675655,0.025,12.0,59226.0
STH502837,TF108253,Gold,6,4935.308393484155,0.02,12.0,59224.0
STH507667,TF122589,Gold,6,4935.308393484155,0.028999999999999998,12.0,59224.0
STH502671,TF107760,Silver,2,4935.2473680282565,0.02,12.0,59223.0
STH506106,TF118144,Silver,7,4934.849894706437,0.042,12.0,59218.0
STH503147,TF109141,Silver,7,4934.828235415325,0.039,12.0,59218.0
STH501059,TF103102,Bronze,8,4934.732890362038,0.02,12.0,59217.0
STH501797,TF105262,Gold,4,4934.56294816897,0.02,12.0,59215.0
STH506383,TF118969,Silver,3,4934.518421012165,0.02,12.0,59214.0
STH503193,TF109287,Bronze,8,4934.462712909036,0.033,12.0,59214.0
STH504503,TF113259,Bronze,8,4934.462712909036,0.062,12.0,59214.0
STH503348,TF109750,Bronze,5,4934.376127914206,0.02,12.0,59213.0
STH502209,TF106432,Bronze,2,4934.389292076086,0.02,12.0,59213.0
STH506305,TF118726,Bronze,2,4934.389292076086,0.02,12.0,59213.0
STH504792,TF114158,Gold,2,4934.171209152591,0.024,12.0,59210.0
STH504209,TF112324,Gold,7,4933.917945400275,0.02,12.0,59207.0
STH500779,TF102269,Bronze,5,4933.936376894796,0.03,12.0,59207.0
STH504012,TF111762,Bronze,5,4933.936376894796,0.031,12.0,59207.0
STH506031,TF117965,Silver,5,4933.818239522643,0.02,12.0,59206.0
STH500269,TF100734,Silver,2,4933.744099685489,0.02,12.0,59205.0
STH506454,TF119161,Bronze,3,4933.660345059994,0.02,12.0,59204.0
STH500620,TF101761,Silver,3,4933.707844281601,0.038,12.0,59204.0
STH507403,TF121859,Gold,4,4933.52954874566,0.02,12.0,59202.0
STH502571,TF107474,Bronze,9,4933.221340487931,0.02,12.0,59199.0
STH504199,TF112300,Bronze,7,4933.1759661773485,0.02,12.0,59198.0
STH507772,TF122852,Bronze,8,4933.139710773459,0.045,12.0,59198.0
STH503828,TF111192,Gold,8,4933.188998384184,0.02,12.0,59198.0
STH505258,TF115634,Silver,8,4933.1936981194285,0.032,12.0,59198.0
STH503771,TF111019,Silver,2,4933.046616370754,0.02,12.0,59197.0
STH503208,TF109340,Bronze,4,4933.104256056764,0.04,12.0,59197.0
STH507371,TF121766,Silver,6,4933.114182821904,0.023,12.0,59197.0
STH503383,TF109854,Silver,5,4933.060526979981,0.026000000000000002,12.0,59197.0
STH502745,TF107970,Bronze,4,4933.101826340195,0.02,12.0,59197.0
STH502164,TF106328,Bronze,7,4932.918233882022,0.024,12.0,59195.0
STH507312,TF121595,Gold,6,4932.7647678022695,0.022000000000000002,12.0,59193.0
STH506873,TF120355,Bronze,3,4932.681093864465,0.024,12.0,59192.0
STH501202,TF103545,Gold,3,4932.557058831434,0.02,12.0,59191.0
STH504274,TF112536,Silver,9,4932.464751103336,0.025,12.0,59190.0
STH503472,TF110163,Silver,8,4932.271314641783,0.032,12.0,59187.0
STH506915,TF120457,Gold,4,4932.1689684079265,0.02,12.0,59186.0
STH502553,TF107419,Gold,8,4932.148031992966,0.02,12.0,59186.0
STH503634,TF110617,Gold,5,4931.984368104315,0.02,12.0,59184.0
STH504123,TF112075,Bronze,8,4931.956444885956,0.073,12.0,59183.0
STH502838,TF108256,Bronze,8,4931.74953584652,0.02,12.0,59181.0
STH500662,TF101866,Silver,7,4931.6509796913715,0.03,12.0,59180.0
STH501697,TF104967,Bronze,6,4931.467015887356,0.036000000000000004,12.0,59178.0
STH500008,TF100015,Bronze,2,4931.475761970265,0.02,12.0,59178.0
STH502024,TF105940,Silver,2,4931.3062023794055,0.02,12.0,59176.0
STH502636,TF107653,Bronze,8,4931.0433120799,0.06,12.0,59173.0
STH500331,TF100924,Silver,9,4930.99802091321,0.02,12.0,59172.0
STH504148,TF112151,Gold,2,4931.01257980442,0.02,12.0,59172.0
STH507976,TF123433,Silver,8,4930.873685931705,0.031,12.0,59170.0
STH502319,TF106759,Gold,8,4930.613760681292,0.02,12.0,59167.0
STH501800,TF105266,Gold,2,4930.572828785011,0.02,12.0,59167.0
STH508176,TF124049,Gold,3,4930.503935662975,0.02,12.0,59166.0
STH506945,TF120536,Bronze,9,4930.314365063808,0.02,12.0,59164.0
STH503220,TF109370,Silver,3,4930.213816877963,0.02,12.0,59163.0
STH508261,TF124268,Bronze,8,4930.186038275827,0.022000000000000002,12.0,59162.0
STH501994,TF105861,Silver,7,4929.8416323097035,0.022000000000000002,12.0,59158.0
STH500258,TF100702,Gold,2,4929.866605018389,0.022000000000000002,12.0,59158.0
STH505442,TF116204,Gold,4,4929.695848790162,0.027999999999999997,12.0,59156.0
STH504397,TF112923,Bronze,8,4929.645683369821,0.023,12.0,59156.0
STH503677,TF110754,Bronze,2,4929.603043328203,0.055,12.0,59155.0
STH507184,TF121239,Silver,7,4929.401881290294,0.02,12.0,59153.0
STH501635,TF104788,Bronze,5,4929.288920921989,0.040999999999999995,12.0,59151.0
STH503487,TF110202,Silver,5,4929.125849455492,0.02,12.0,59150.0
STH502934,TF108500,Gold,6,4929.047215647581,0.031,12.0,59149.0
STH506357,TF118897,Gold,4,4929.114934752826,0.02,12.0,59149.0
STH507367,TF121758,Silver,5,4929.11936133113,0.02,12.0,59149.0
STH506132,TF118190,Silver,2,4928.918710742724,0.02,12.0,59147.0
STH502197,TF106403,Silver,2,4928.918710742724,0.02,12.0,59147.0
STH500674,TF101905,Gold,5,4928.825738756144,0.02,12.0,59146.0
STH501981,TF105815,Gold,9,4928.524233327466,0.02,12.0,59142.0
STH505535,TF116478,Gold,2,4928.4689763083115,0.02,12.0,59142.0
STH501200,TF103541,Gold,5,4928.385987736734,0.02,12.0,59141.0
STH503078,TF108953,Gold,8,4928.399898345961,0.02,12.0,59141.0
STH504185,TF112250,Silver,9,4928.150896297546,0.027999999999999997,12.0,59138.0
STH501486,TF104341,Silver,2,4928.175613461118,0.07,12.0,59138.0
STH504227,TF112376,Gold,6,4927.657040720643,0.021,12.0,59132.0
STH504453,TF113085,Silver,7,4927.661467298946,0.033,12.0,59132.0
STH502689,TF107817,Gold,6,4927.657040720643,0.02,12.0,59132.0
STH500939,TF102741,Gold,4,4927.381008885841,0.02,12.0,59129.0
STH502736,TF107945,Gold,4,4927.381008885841,0.02,12.0,59129.0
STH501585,TF104635,Bronze,7,4927.052128737581,0.02,12.0,59125.0
STH500375,TF101051,Silver,5,4926.7318696944485,0.02,12.0,59121.0
STH506462,TF119200,Silver,2,4926.524730981681,0.023,12.0,59118.0
STH502481,TF107246,Gold,2,4926.444923156981,0.02,12.0,59117.0
STH501281,TF103785,Silver,6,4926.306349850262,0.039,12.0,59116.0
STH504839,TF114285,Silver,5,4926.212319349671,0.02,12.0,59115.0
STH501959,TF105754,Gold,7,4926.22186993793,0.02,12.0,59115.0
STH506071,TF118080,Gold,6,4925.916626729294,0.02,12.0,59111.0
STH500090,TF100268,Silver,9,4925.8401347814115,0.02,12.0,59110.0
STH505414,TF116123,Gold,5,4925.672810674218,0.02,12.0,59108.0
STH500294,TF100801,Gold,9,4925.470199672367,0.02,12.0,59106.0
STH502983,TF108658,Silver,6,4925.483372333579,0.02,12.0,59106.0
STH501777,TF105211,Bronze,7,4925.287423393697,0.026000000000000002,12.0,59103.0
STH501825,TF105352,Silver,9,4925.230810195595,0.035,12.0,59103.0
STH506991,TF120670,Bronze,9,4925.1755571933845,0.023,12.0,59102.0
STH503141,TF109123,Gold,3,4924.972878859283,0.068,12.0,59100.0
STH504055,TF111897,Gold,6,4924.943863658127,0.032,12.0,59099.0
STH506198,TF118384,Gold,6,4924.943863658127,0.023,12.0,59099.0
STH503466,TF110138,Gold,5,4924.258082108705,0.02,12.0,59091.0
STH507871,TF123136,Silver,8,4924.025478301394,0.02,12.0,59088.0
STH507114,TF121029,Gold,9,4923.729785681018,0.02,12.0,59085.0
STH507712,TF122704,Gold,6,4923.529135092613,0.024,12.0,59082.0
STH505899,TF117543,Gold,9,4923.366347195668,0.02,12.0,59080.0
STH501708,TF105002,Silver,7,4922.881706675425,0.025,12.0,59075.0
STH507787,TF122902,Gold,7,4922.8001880765205,0.02,12.0,59074.0
STH508388,TF124649,Gold,5,4922.54095609969,0.02,12.0,59070.0
STH503107,TF109035,Gold,6,4922.230686595612,0.02,12.0,59067.0
STH500443,TF101257,Gold,9,4921.342294044337,0.02,12.0,59056.0
STH507473,TF122048,Gold,9,4920.822743699559,0.02,12.0,59050.0
STH505589,TF116655,Silver,8,4920.326494047219,0.02,12.0,59044.0
STH508305,TF124407,Silver,8,4918.06551316179,0.02,12.0,59017.0
STH506831,TF120248,Gold,9,4917.483186143863,0.02,12.0,59010.0
STH504022,TF111805,Platinum,2,4869.227698038264,0.02,12.0,58431.0
STH505592,TF116663,Platinum,8,4863.081812443132,0.02,12.0,58357.0
STH504583,TF113501,Bronze,6,4863.102565115075,0.02,12.0,58357.0
STH505261,TF115644,Platinum,5,4862.557273317342,0.02,12.0,58351.0
STH501329,TF103899,Bronze,8,4861.794012975007,0.08199999999999999,12.0,58342.0
STH503234,TF109403,Bronze,9,4860.915724066799,0.02,12.0,58331.0
STH506405,TF119030,Bronze,6,4859.711093786931,0.044000000000000004,12.0,58317.0
STH503129,TF109084,Platinum,9,4859.710454932787,0.02,12.0,58317.0
STH501539,TF104512,Platinum,4,4858.2696924808,0.02,12.0,58299.0
STH507246,TF121409,Platinum,7,4855.741994839939,0.028999999999999998,12.0,58269.0
STH507708,TF122692,Bronze,7,4855.469529280911,0.027000000000000003,12.0,58266.0
STH502475,TF107235,Bronze,7,4855.469529280911,0.02,12.0,58266.0
STH505999,TF117855,Platinum,7,4855.229569434927,0.02,12.0,58263.0
STH500376,TF101052,Bronze,4,4855.001071014889,0.02,12.0,58260.0
STH502628,TF107632,Platinum,3,4854.210679974805,0.02,12.0,58251.0
STH506599,TF119580,Bronze,4,4853.9617099221805,0.02,12.0,58248.0
STH508481,TF124945,Bronze,5,4853.232762906089,0.02,12.0,58239.0
STH507456,TF121993,Platinum,7,4853.028817777424,0.02,12.0,58236.0
STH506005,TF117874,Bronze,3,4852.263875756778,0.02,12.0,58227.0
STH507702,TF122679,Bronze,3,4851.723520850773,0.02,12.0,58221.0
STH501445,TF104229,Platinum,5,4851.773534747092,0.02,12.0,58221.0
STH500285,TF100780,Bronze,8,4851.470257098458,0.028999999999999998,12.0,58218.0
STH502466,TF107205,Platinum,9,4849.836997878254,0.02,12.0,58198.0
STH506761,TF120044,Gold,3,4849.62046202284,0.02,12.0,58195.0
STH508449,TF124841,Platinum,7,4849.32576803184,0.02,12.0,58192.0
STH504284,TF112563,Bronze,7,4849.279118012599,0.02,12.0,58191.0
STH502797,TF108125,Platinum,9,4848.857746682725,0.02,12.0,58186.0
STH507022,TF120767,Bronze,8,4848.619140676318,0.02,12.0,58183.0
STH502726,TF107908,Silver,4,4848.318590920294,0.02,12.0,58180.0
STH504195,TF112292,Silver,4,4848.150814242336,0.02,12.0,58178.0
STH506325,TF118777,Silver,8,4847.969320285494,0.037000000000000005,12.0,58176.0
STH501046,TF103064,Silver,7,4847.903953370598,0.027999999999999997,12.0,58175.0
STH503650,TF110672,Silver,2,4847.4789228572845,0.02,12.0,58170.0
STH503556,TF110402,Silver,4,4847.185321446432,0.025,12.0,58166.0
STH507163,TF121173,Bronze,2,4847.178871924622,0.02,12.0,58166.0
STH503033,TF108807,Bronze,7,4846.910789349143,0.027000000000000003,12.0,58163.0
STH507502,TF122130,Gold,5,4846.888059817038,0.02,12.0,58163.0
STH503827,TF111190,Gold,2,4846.902078708803,0.02,12.0,58163.0
STH502140,TF106269,Bronze,7,4846.910789349143,0.04,12.0,58163.0
STH504949,TF114668,Bronze,3,4846.86915583853,0.02,12.0,58162.0
STH505063,TF115020,Gold,7,4846.6488149564875,0.02,12.0,58160.0
STH505926,TF117642,Bronze,3,4846.449924908531,0.04,12.0,58157.0
STH502901,TF108409,Gold,7,4846.441905917052,0.02,12.0,58157.0
STH503355,TF109777,Silver,3,4846.280298760336,0.02,12.0,58155.0
STH501680,TF104921,Bronze,5,4845.833189099229,0.077,12.0,58150.0
STH507469,TF122041,Bronze,8,4845.712165252195,0.02,12.0,58149.0
STH504992,TF114824,Bronze,5,4845.310657919751,0.036000000000000004,12.0,58144.0
STH502242,TF106528,Silver,7,4845.091215046672,0.02,12.0,58141.0
STH507544,TF122262,Bronze,9,4844.983218236102,0.040999999999999995,12.0,58140.0
STH505291,TF115720,Silver,9,4844.744622408097,0.02,12.0,58137.0
STH505399,TF116064,Gold,8,4844.701218768762,0.02,12.0,58136.0
STH507070,TF120906,Bronze,6,4844.682314790254,0.046,12.0,58136.0
STH503425,TF110012,Gold,2,4844.591317192669,0.02,12.0,58135.0
STH500722,TF102105,Silver,2,4844.420897395709,0.02,12.0,58133.0
STH506688,TF119829,Bronze,2,4844.320243244074,0.062,12.0,58132.0
STH508442,TF124816,Bronze,7,4843.953367774162,0.024,12.0,58127.0
STH501077,TF103150,Bronze,3,4843.5429494844075,0.07,12.0,58123.0
STH500795,TF102299,Bronze,6,4843.55856823897,0.021,12.0,58123.0
STH507217,TF121336,Bronze,7,4843.534136844163,0.023,12.0,58122.0
STH500747,TF102165,Bronze,7,4843.534136844163,0.052000000000000005,12.0,58122.0
STH504291,TF112577,Bronze,7,4842.947173607763,0.055999999999999994,12.0,58115.0
STH501876,TF105523,Bronze,7,4842.947173607763,0.025,12.0,58115.0
STH508347,TF124525,Silver,8,4842.7603923616725,0.023,12.0,58113.0
STH506603,TF119590,Silver,4,4842.6443763201205,0.028999999999999998,12.0,58112.0
STH501950,TF105732,Bronze,9,4842.394869855384,0.025,12.0,58109.0
STH502339,TF106835,Silver,7,4842.339659885943,0.066,12.0,58108.0
STH502255,TF106555,Silver,8,4842.272213937639,0.02,12.0,58107.0
STH500172,TF100472,Bronze,6,4842.138711294147,0.02,12.0,58106.0
STH502586,TF107524,Silver,9,4842.031445345581,0.02,12.0,58104.0
STH508285,TF124333,Silver,3,4841.863976622167,0.021,12.0,58102.0
STH501806,TF105285,Gold,2,4841.62848276656,0.02,12.0,58100.0
STH506226,TF118484,Silver,8,4841.610712869851,0.042,12.0,58099.0
STH503304,TF109618,Bronze,9,4841.489279575579,0.065,12.0,58098.0
STH503388,TF109871,Silver,5,4841.328466067628,0.046,12.0,58096.0
STH504665,TF113718,Bronze,8,4841.295843114025,0.039,12.0,58096.0
STH507375,TF121773,Bronze,3,4841.342197826904,0.052000000000000005,12.0,58096.0
STH502427,TF107078,Bronze,2,4841.364921076375,0.047,12.0,58096.0
STH506254,TF118571,Silver,3,4841.248950770104,0.025,12.0,58095.0
STH503124,TF109066,Bronze,4,4841.27330470487,0.02,12.0,58095.0
STH501766,TF105175,Silver,2,4841.2436416717555,0.026000000000000002,12.0,58095.0
STH507433,TF121936,Silver,4,4841.135029606075,0.02,12.0,58094.0
STH505437,TF116188,Gold,5,4841.0784791947335,0.033,12.0,58093.0
STH503430,TF110026,Silver,3,4840.988492183381,0.02,12.0,58092.0
STH502810,TF108170,Silver,9,4840.881765853759,0.05,12.0,58091.0
STH502251,TF106550,Silver,9,4840.881765853759,0.054000000000000006,12.0,58091.0
STH504325,TF112681,Silver,7,4840.876766201844,0.02,12.0,58091.0
STH507420,TF121905,Silver,7,4840.876766201844,0.03,12.0,58091.0
STH501751,TF105128,Silver,7,4840.876766201844,0.02,12.0,58091.0
STH501742,TF105098,Silver,7,4840.776162315249,0.02,12.0,58089.0
STH507141,TF121110,Silver,6,4840.599519051536,0.044000000000000004,12.0,58087.0
STH503909,TF111429,Silver,4,4840.520003754012,0.02,12.0,58086.0
STH501101,TF103224,Bronze,2,4840.507647272302,0.024,12.0,58086.0
STH505836,TF117363,Silver,4,4840.520003754012,0.02,12.0,58086.0
STH506492,TF119296,Gold,8,4840.286604775929,0.02,12.0,58083.0
STH508488,TF124968,Gold,2,4839.5041102004525,0.02,12.0,58074.0
STH500554,TF101559,Silver,2,4839.434294290088,0.02,12.0,58073.0
STH501322,TF103881,Gold,5,4839.441641718285,0.02,12.0,58073.0
STH503952,TF111574,Bronze,2,4839.357967780481,0.023,12.0,58072.0
STH507710,TF122702,Bronze,9,4839.21761413143,0.040999999999999995,12.0,58071.0
STH505354,TF115924,Gold,2,4839.23393274745,0.02,12.0,58071.0
STH503095,TF109004,Gold,6,4839.131925632192,0.02,12.0,58070.0
STH503673,TF110746,Bronze,6,4839.155356778629,0.073,12.0,58070.0
STH502257,TF106560,Silver,9,4839.111359243629,0.02,12.0,58069.0
STH504374,TF112864,Gold,3,4838.77516318436,0.02,12.0,58065.0
STH505457,TF116254,Bronze,7,4838.426409762536,0.044000000000000004,12.0,58061.0
STH503843,TF111232,Gold,7,4838.302374729506,0.02,12.0,58060.0
STH502823,TF108223,Bronze,9,4838.358690657291,0.059000000000000004,12.0,58060.0
STH506403,TF119024,Silver,7,4838.333162705736,0.035,12.0,58060.0
STH501838,TF105384,Bronze,5,4838.143889803372,0.032,12.0,58058.0
STH507187,TF121254,Bronze,5,4838.150377927735,0.02,12.0,58058.0
STH503962,TF111597,Silver,4,4838.196703132551,0.02,12.0,58058.0
STH503756,TF110972,Gold,4,4838.021325852916,0.024,12.0,58056.0
STH504636,TF113642,Silver,4,4837.74355827793,0.040999999999999995,12.0,58053.0
STH503683,TF110764,Bronze,9,4837.6285696244095,0.048,12.0,58052.0
STH503657,TF110706,Silver,5,4837.467756116459,0.02,12.0,58050.0
STH504756,TF114027,Silver,4,4837.536649238494,0.02,12.0,58050.0
STH507665,TF122582,Silver,9,4836.60509122055,0.047,12.0,58039.0
STH501949,TF105726,Gold,9,4836.525853653917,0.02,12.0,58038.0
STH507145,TF121121,Bronze,8,4835.957048755096,0.053,12.0,58031.0
STH505869,TF117451,Gold,2,4835.814531918313,0.037000000000000005,12.0,58030.0
STH505368,TF115957,Bronze,7,4835.713232700021,0.028999999999999998,12.0,58029.0
STH505979,TF117800,Silver,7,4835.694656589278,0.081,12.0,58028.0
STH505014,TF114881,Silver,9,4835.2820890849725,0.05,12.0,58023.0
STH507013,TF120729,Bronze,5,4835.236847821913,0.055,12.0,58023.0
STH507845,TF123058,Gold,9,4835.016506939871,0.02,12.0,58020.0
STH502315,TF106748,Gold,5,4835.031397951394,0.02,12.0,58020.0
STH506120,TF118169,Bronze,7,4834.723360016953,0.07200000000000001,12.0,58017.0
STH505066,TF115025,Silver,9,4834.551968052091,0.061,12.0,58015.0
STH502043,TF105993,Gold,5,4834.333914636658,0.027999999999999997,12.0,58012.0
STH505309,TF115782,Gold,4,4834.35663788613,0.026000000000000002,12.0,58012.0
STH507398,TF121841,Gold,5,4834.333914636658,0.027000000000000003,12.0,58012.0
STH505866,TF117443,Silver,8,4833.914637407505,0.043,12.0,58007.0
STH506483,TF119265,Gold,5,4833.627690870037,0.079,12.0,58004.0
STH500498,TF101427,Bronze,9,4833.355316539607,0.03,12.0,58000.0
STH500463,TF101324,Bronze,8,4833.050006773637,0.036000000000000004,12.0,57997.0
STH500458,TF101303,Gold,6,4832.898743853946,0.032,12.0,57995.0
STH503863,TF111280,Gold,5,4832.7704170659645,0.028999999999999998,12.0,57993.0
STH507295,TF121530,Silver,5,4832.679796594372,0.021,12.0,57992.0
STH506664,TF119776,Silver,6,4832.465556015565,0.076,12.0,57990.0
STH506129,TF118185,Silver,3,4832.420564617542,0.02,12.0,57989.0
STH502817,TF108194,Gold,8,4832.147073588382,0.02,12.0,57986.0
STH507245,TF121407,Silver,9,4832.157988291048,0.02,12.0,57986.0
STH501551,TF104531,Silver,2,4831.803483801763,0.023,12.0,57982.0
STH506460,TF119193,Gold,3,4831.663903040812,0.02,12.0,57980.0
STH502878,TF108357,Silver,8,4830.917811428542,0.051,12.0,57971.0
STH506841,TF120268,Gold,8,4830.043221111683,0.02,12.0,57961.0
STH504030,TF111821,Bronze,9,4829.777456261438,0.034,12.0,57957.0
STH502895,TF108393,Gold,6,4829.477061992537,0.02,12.0,57954.0
STH508120,TF123868,Silver,8,4828.535401832573,0.031,12.0,57942.0
STH506272,TF118633,Gold,8,4828.322595132259,0.02,12.0,57940.0
STH503061,TF108908,Silver,6,4827.9392240187635,0.057,12.0,57935.0
STH508016,TF123581,Gold,2,4827.604890534819,0.02,12.0,57931.0
STH501159,TF103414,Silver,7,4827.003367963235,0.063,12.0,57924.0
STH508157,TF124003,Gold,8,4824.956014119467,0.022000000000000002,12.0,57899.0
STH506850,TF120293,Platinum,2,4776.450133111804,0.02,12.0,57317.0
STH504822,TF114240,Platinum,5,4773.7830978208995,0.02,12.0,57285.0
STH503465,TF110137,Platinum,7,4769.758686359147,0.02,12.0,57237.0
STH501217,TF103594,Platinum,7,4767.116275864893,0.02,12.0,57205.0
STH503366,TF109803,Silver,7,4765.394285318704,0.068,12.0,57185.0
STH501025,TF103007,Silver,7,4765.394285318704,0.049,12.0,57185.0
STH503761,TF110984,Silver,3,4763.856127356755,0.02,12.0,57166.0
STH501240,TF103648,Platinum,6,4762.6641558936035,0.02,12.0,57152.0
STH506257,TF118581,Platinum,4,4761.82363961968,0.02,12.0,57142.0
STH504706,TF113847,Platinum,7,4761.17749633485,0.02,12.0,57134.0
STH508270,TF124289,Platinum,5,4760.8743897289405,0.02,12.0,57130.0
STH500242,TF100653,Silver,4,4760.527695656791,0.02,12.0,57126.0
STH500839,TF102443,Platinum,6,4760.286605730775,0.02,12.0,57123.0
STH506689,TF119831,Silver,2,4758.855000770688,0.02,12.0,57106.0
STH506560,TF119479,Platinum,8,4757.541573894634,0.02,12.0,57090.0
STH504568,TF113461,Silver,9,4756.882960576331,0.02,12.0,57083.0
STH504048,TF111878,Platinum,9,4756.812626878542,0.02,12.0,57082.0
STH502386,TF106942,Bronze,8,4756.199534826747,0.051,12.0,57074.0
STH505179,TF115385,Silver,5,4756.104088233694,0.02,12.0,57073.0
STH505916,TF117617,Silver,4,4756.038721318797,0.028999999999999998,12.0,57072.0
STH505915,TF117614,Bronze,6,4756.024961608426,0.079,12.0,57072.0
STH507760,TF122812,Silver,6,4755.799476458246,0.02,12.0,57070.0
STH503071,TF108932,Silver,5,4754.935288257317,0.02,12.0,57059.0
STH501745,TF105109,Silver,2,4754.591142378539,0.02,12.0,57055.0
STH504837,TF114282,Gold,7,4754.525319500456,0.02,12.0,57054.0
STH504366,TF112818,Platinum,7,4754.329288704539,0.02,12.0,57052.0
STH504468,TF113129,Bronze,9,4753.838120560149,0.02,12.0,57046.0
STH500591,TF101670,Silver,4,4753.720549076646,0.02,12.0,57045.0
STH505670,TF116925,Bronze,2,4753.546029754545,0.02,12.0,57043.0
STH507701,TF122678,Bronze,2,4753.445425867951,0.02,12.0,57041.0
STH503492,TF110226,Platinum,9,4753.390945017133,0.02,12.0,57041.0
STH505201,TF115450,Bronze,6,4753.117986184302,0.026000000000000002,12.0,57037.0
STH507357,TF121727,Bronze,3,4752.817082738453,0.02,12.0,57034.0
STH501300,TF103833,Bronze,6,4752.754636442064,0.06,12.0,57033.0
STH500488,TF101411,Bronze,6,4752.754636442064,0.044000000000000004,12.0,57033.0
STH507706,TF122690,Bronze,7,4752.38903916821,0.02,12.0,57029.0
STH502539,TF107382,Bronze,6,4752.093135374276,0.024,12.0,57025.0
STH505809,TF117287,Silver,2,4751.932321866326,0.044000000000000004,12.0,57023.0
STH508002,TF123526,Bronze,3,4751.810888572054,0.02,12.0,57022.0
STH504031,TF111824,Silver,2,4751.687034728676,0.03,12.0,57020.0
STH507084,TF120949,Platinum,4,4751.431330708363,0.02,12.0,57017.0
STH500819,TF102362,Bronze,5,4751.258584819674,0.038,12.0,57015.0
STH501173,TF103444,Bronze,2,4751.073105398019,0.039,12.0,57013.0
STH501945,TF105707,Silver,2,4750.891355475109,0.055999999999999994,12.0,57011.0
STH506686,TF119826,Gold,2,4750.608213772404,0.02,12.0,57007.0
STH508469,TF124909,Silver,9,4750.621782739757,0.027000000000000003,12.0,57007.0
STH504206,TF112317,Bronze,5,4750.3529945398695,0.057999999999999996,12.0,57004.0
STH505614,TF116740,Bronze,3,4750.273479242345,0.02,12.0,57003.0
STH507485,TF122095,Bronze,3,4750.003301789343,0.02,12.0,57000.0
STH504032,TF111827,Bronze,7,4749.800690787491,0.033,12.0,56998.0
STH502550,TF107414,Silver,5,4749.762488834039,0.02,12.0,56997.0
STH504356,TF112784,Silver,3,4749.63987727954,0.02,12.0,56996.0
STH502042,TF105991,Bronze,4,4749.615211365835,0.02,12.0,56995.0
STH507663,TF122574,Bronze,3,4749.4908763843305,0.02,12.0,56994.0
STH506193,TF118362,Gold,3,4749.391088332279,0.065,12.0,56993.0
STH501066,TF103115,Bronze,4,4749.274354773251,0.02,12.0,56991.0
STH502846,TF108277,Gold,4,4749.15031974022,0.02,12.0,56990.0
STH505957,TF117730,Silver,4,4749.011534150042,0.033,12.0,56988.0
STH500428,TF101194,Bronze,6,4748.701664046132,0.055,12.0,56984.0
STH506637,TF119701,Bronze,5,4748.5454077571585,0.043,12.0,56983.0
STH503270,TF109511,Silver,2,4748.540850538181,0.057999999999999996,12.0,56982.0
STH503212,TF109351,Bronze,2,4748.458822762329,0.054000000000000006,12.0,56982.0
STH500311,TF100861,Silver,8,4748.220140837562,0.027000000000000003,12.0,56979.0
STH501822,TF105329,Gold,9,4748.287731402087,0.02,12.0,56979.0
STH503770,TF111015,Bronze,8,4748.166153491594,0.045,12.0,56978.0
STH501353,TF103953,Bronze,9,4748.024169711902,0.031,12.0,56976.0
STH507330,TF121643,Gold,2,4747.895036709889,0.02,12.0,56975.0
STH503407,TF109948,Silver,4,4747.89919013125,0.026000000000000002,12.0,56975.0
STH501089,TF103193,Bronze,3,4747.950178620884,0.055999999999999994,12.0,56975.0
STH504469,TF113139,Silver,9,4747.854543563707,0.02,12.0,56974.0
STH503257,TF109474,Gold,8,4747.743672696243,0.02,12.0,56973.0
STH500621,TF101762,Silver,8,4747.558639769774,0.051,12.0,56971.0
STH503099,TF109020,Gold,2,4747.576409666483,0.02,12.0,56971.0
STH504063,TF111911,Gold,2,4747.576409666483,0.02,12.0,56971.0
STH506661,TF119767,Bronze,7,4747.332800862625,0.02,12.0,56968.0
STH503062,TF108909,Silver,6,4747.246127191827,0.075,12.0,56967.0
STH503667,TF110733,Gold,2,4746.989446430083,0.02,12.0,56964.0
STH505393,TF116044,Gold,7,4746.838650010148,0.02,12.0,56962.0
STH502853,TF108293,Silver,7,4746.724089215172,0.02,12.0,56961.0
STH501460,TF104256,Bronze,8,4746.628744161885,0.039,12.0,56960.0
STH506115,TF118159,Gold,5,4841.3237663323835,0.085,11.76470588235294,56957.0
STH502867,TF108334,Gold,3,4746.154349561599,0.026000000000000002,12.0,56954.0
STH505030,TF114939,Bronze,3,4745.726627156134,0.02,12.0,56949.0
STH503404,TF109931,Silver,9,4745.266195182989,0.08,12.0,56943.0
STH506451,TF119155,Gold,2,4745.181859647373,0.02,12.0,56942.0
STH502827,TF108234,Bronze,9,4745.117194287778,0.045,12.0,56941.0
STH501103,TF103226,Bronze,7,4745.071819977195,0.024,12.0,56941.0
STH501325,TF103889,Bronze,6,4745.103283678552,0.044000000000000004,12.0,56941.0
STH505138,TF115246,Bronze,4,4744.82725184375,0.023,12.0,56938.0
STH506773,TF120070,Gold,5,4744.696455529414,0.02,12.0,56936.0
STH503693,TF110801,Bronze,6,4744.397059911931,0.055,12.0,56933.0
STH502790,TF108098,Bronze,9,4744.306617557214,0.076,12.0,56932.0
STH504288,TF112574,Bronze,7,4744.374336662459,0.040999999999999995,12.0,56932.0
STH500531,TF101503,Silver,3,4744.213523154509,0.036000000000000004,12.0,56931.0
STH505181,TF115393,Gold,6,4744.073658365715,0.021,12.0,56929.0
STH504337,TF112727,Silver,7,4744.010912152657,0.025,12.0,56928.0
STH501122,TF103279,Bronze,8,4743.645389646367,0.039,12.0,56924.0
STH502753,TF107990,Bronze,3,4743.676925536082,0.038,12.0,56924.0
STH502186,TF106379,Bronze,6,4743.539786107857,0.063,12.0,56922.0
STH503555,TF110401,Bronze,9,4743.2498884968445,0.02,12.0,56919.0
STH501272,TF103764,Gold,8,4742.615764333532,0.02,12.0,56911.0
STH506602,TF119588,Silver,6,4742.466433125643,0.081,12.0,56910.0
STH504878,TF114444,Gold,2,4742.468682584858,0.031,12.0,56910.0
STH502706,TF107865,Gold,9,4742.47378055384,0.02,12.0,56910.0
STH502735,TF107942,Bronze,9,4742.2102188636545,0.048,12.0,56907.0
STH507164,TF121180,Bronze,9,4742.2102188636545,0.051,12.0,56907.0
STH502743,TF107963,Bronze,2,4742.178899539016,0.06,12.0,56906.0
STH501443,TF104218,Silver,6,4742.026682106233,0.038,12.0,56904.0
STH504270,TF112522,Gold,3,4741.946644608201,0.023,12.0,56903.0
STH506727,TF119934,Bronze,9,4741.3529450595815,0.024,12.0,56896.0
STH506699,TF119860,Gold,8,4740.808177550821,0.02,12.0,56890.0
STH502712,TF107878,Silver,9,4740.537324372693,0.025,12.0,56886.0
STH500073,TF100233,Gold,8,4740.295752145808,0.02,12.0,56884.0
STH504808,TF114206,Gold,6,4739.992645539899,0.02,12.0,56880.0
STH505440,TF116200,Bronze,4,4740.039292321663,0.026000000000000002,12.0,56880.0
STH504740,TF113983,Bronze,8,4739.517484018338,0.039,12.0,56874.0
STH502313,TF106743,Silver,4,4739.356670510388,0.02,12.0,56872.0
STH502822,TF108206,Silver,6,4739.313505043718,0.024,12.0,56872.0
STH506246,TF118552,Silver,8,4739.005290503355,0.035,12.0,56868.0
STH502795,TF108123,Silver,8,4738.828374082701,0.069,12.0,56866.0
STH500762,TF102227,Silver,7,4738.5845580276255,0.03,12.0,56863.0
STH501536,TF104504,Bronze,7,4738.288877320907,0.051,12.0,56859.0
STH508350,TF124530,Gold,9,4738.0261073662705,0.023,12.0,56856.0
STH500824,TF102378,Silver,9,4737.126663995442,0.043,12.0,56846.0
STH505727,TF117068,Bronze,9,4737.145240106184,0.053,12.0,56846.0
STH501515,TF104419,Silver,8,4736.8324683468445,0.077,12.0,56842.0
STH502673,TF107762,Silver,7,4736.650279117333,0.034,12.0,56840.0
STH503267,TF109506,Silver,8,4735.921332101241,0.047,12.0,56831.0
STH501980,TF105812,Gold,9,4735.804985618089,0.02,12.0,56830.0
STH502420,TF107052,Bronze,8,4735.298949419384,0.024,12.0,56824.0
STH507122,TF121054,Silver,9,4735.19238508515,0.02,12.0,56822.0
STH507868,TF123126,Silver,7,4734.775849701068,0.037000000000000005,12.0,56817.0
STH506467,TF119212,Gold,8,4733.447544515498,0.024,12.0,56801.0
STH500295,TF100802,Gold,7,4733.397593379366,0.02,12.0,56801.0
STH500348,TF100959,Gold,9,4733.238147844184,0.02,12.0,56799.0
STH508006,TF123546,Gold,9,4733.238147844184,0.02,12.0,56799.0
STH502369,TF106904,Gold,7,4732.978915867354,0.064,12.0,56796.0
STH507154,TF121146,Gold,4,4732.094923402558,0.04,12.0,56785.0
STH507743,TF122777,Gold,8,4730.1079869598025,0.051,12.0,56761.0
STH501988,TF105847,Bronze,2,4741.933612401366,0.084,11.904761904761903,56452.0
STH505835,TF117356,Bronze,5,5410.145627699687,0.096,10.416666666666666,56356.0
STH507393,TF121829,Platinum,8,4672.680104147785,0.02,12.0,56072.0
STH504553,TF113395,Platinum,8,4672.210427066929,0.02,12.0,56067.0
STH502064,TF106046,Platinum,3,4671.438840009218,0.02,12.0,56057.0
STH500444,TF101260,Silver,7,4667.993694908294,0.02,12.0,56016.0
STH502563,TF107449,Silver,2,4667.938643085324,0.027999999999999997,12.0,56015.0
STH503127,TF109078,Platinum,6,4666.093369612772,0.031,12.0,55993.0
STH500769,TF102239,Platinum,4,4665.377586758561,0.02,12.0,55985.0
STH500220,TF100608,Silver,6,4665.138874686315,0.04,12.0,55982.0
STH508154,TF123992,Gold,3,4664.4232912468115,0.02,12.0,55973.0
STH502783,TF108076,Bronze,5,4664.334302774947,0.043,12.0,55972.0
STH504377,TF112880,Platinum,3,4664.015981185516,0.021,12.0,55968.0
STH504820,TF114237,Bronze,3,4664.019993308551,0.02,12.0,55968.0
STH504840,TF114289,Bronze,4,4663.361812860721,0.022000000000000002,12.0,55960.0
STH504845,TF114314,Bronze,2,4661.981701148593,0.02,12.0,55944.0
STH503929,TF111488,Bronze,6,4661.833152260275,0.027999999999999997,12.0,55942.0
STH503694,TF110803,Bronze,2,4661.618351406356,0.052000000000000005,12.0,55939.0
STH506392,TF118991,Bronze,2,4661.447424613867,0.02,12.0,55937.0
STH501810,TF105292,Bronze,3,4661.080044803937,0.02,12.0,55933.0
STH508314,TF124424,Bronze,3,4660.718477597776,0.02,12.0,55929.0
STH504257,TF112495,Silver,3,4660.775615058275,0.02,12.0,55929.0
STH505579,TF116619,Bronze,8,4660.514994476165,0.02,12.0,55926.0
STH505447,TF116224,Silver,4,4660.046668042183,0.02,12.0,55921.0
STH507401,TF121855,Silver,4,4659.81382606221,0.02,12.0,55918.0
STH506216,TF118445,Bronze,5,4659.43151035808,0.062,12.0,55913.0
STH501629,TF104773,Silver,6,4658.827317256219,0.04,12.0,55906.0
STH505986,TF117820,Silver,2,4658.732390247711,0.02,12.0,55905.0
STH503162,TF109191,Silver,7,4658.098370240127,0.02,12.0,55897.0
STH501497,TF104377,Bronze,9,4657.003900717747,0.02,12.0,55884.0
STH501524,TF104445,Bronze,2,4656.950353158361,0.025,12.0,55883.0
STH500096,TF100279,Bronze,2,4656.680175705359,0.023,12.0,55880.0
STH506872,TF120354,Gold,6,4656.422499350288,0.055,12.0,55877.0
STH505100,TF115129,Silver,2,4656.316751195556,0.038,12.0,55876.0
STH508437,TF124801,Gold,3,4655.827193656236,0.02,12.0,55870.0
STH508251,TF124241,Bronze,3,4655.487150027829,0.036000000000000004,12.0,55866.0
STH506984,TF120643,Bronze,4,4655.222281673175,0.059000000000000004,12.0,55863.0
STH501063,TF103108,Bronze,4,4655.222281673175,0.068,12.0,55863.0
STH504715,TF113889,Silver,4,4654.959461049966,0.02,12.0,55860.0
STH505880,TF117485,Silver,2,4654.488777438105,0.022000000000000002,12.0,55854.0
STH505283,TF115703,Gold,5,4654.30032994424,0.02,12.0,55852.0
STH500994,TF102896,Gold,2,4654.365494789289,0.02,12.0,55852.0
STH504303,TF112617,Gold,5,4653.881121200018,0.02,12.0,55847.0
STH501143,TF103356,Bronze,6,4653.251962235979,0.057,12.0,55839.0
STH504489,TF113203,Silver,2,4653.1394954716025,0.07,12.0,55838.0
STH502965,TF108600,Silver,7,4653.194547294573,0.043,12.0,55838.0
STH504856,TF114369,Gold,4,4652.907600757105,0.02,12.0,55835.0
STH507714,TF122706,Bronze,8,4652.576671061809,0.02,12.0,55831.0
STH505093,TF115109,Silver,8,4652.46560027848,0.025,12.0,55830.0
STH503442,TF110065,Silver,3,4652.41054845551,0.046,12.0,55829.0
STH505218,TF115494,Gold,4,4652.066442534224,0.02,12.0,55825.0
STH501662,TF104867,Bronze,8,4651.794068203794,0.07,12.0,55822.0
STH505439,TF116198,Bronze,2,4651.863146166144,0.049,12.0,55822.0
STH502642,TF107678,Bronze,6,4651.711264472532,0.052000000000000005,12.0,55821.0
STH508323,TF124458,Bronze,2,4651.253821580328,0.03,12.0,55815.0
STH503900,TF111412,Gold,8,4651.032779083955,0.034,12.0,55812.0
STH504128,TF112085,Bronze,7,4651.019746877119,0.081,12.0,55812.0
STH505774,TF117185,Silver,9,4650.895495039507,0.045,12.0,55811.0
STH504586,TF113506,Silver,5,4650.904307679752,0.046,12.0,55811.0
STH501753,TF105137,Gold,3,4650.400839531205,0.032,12.0,55805.0
STH504954,TF114683,Bronze,4,4650.40525213396,0.027000000000000003,12.0,55805.0
STH507160,TF121163,Silver,7,4650.229016505583,0.049,12.0,55803.0
STH504094,TF111988,Gold,4,4649.942069968115,0.02,12.0,55799.0
STH508377,TF124605,Silver,3,4649.455226287812,0.034,12.0,55793.0
STH505839,TF117366,Bronze,9,4649.304120549609,0.078,12.0,55792.0
STH502558,TF107431,Gold,9,4649.262865676646,0.02,12.0,55791.0
STH503334,TF109711,Gold,3,4649.077837395628,0.025,12.0,55789.0
STH504934,TF114618,Bronze,7,4648.218411085684,0.049,12.0,55779.0
STH505894,TF117526,Silver,2,4648.1772200080095,0.045,12.0,55778.0
STH504965,TF114734,Silver,3,4648.057597577734,0.037000000000000005,12.0,55777.0
STH506171,TF118299,Gold,3,4648.032510867749,0.057,12.0,55776.0
STH500005,TF100009,Silver,6,4647.974609006157,0.077,12.0,55776.0
STH508233,TF124194,Silver,7,4647.9057158841215,0.025,12.0,55775.0
STH507724,TF122727,Gold,7,4647.020972805399,0.032,12.0,55764.0
STH503598,TF110522,Silver,5,4646.963142030901,0.076,12.0,55764.0
STH507390,TF121826,Bronze,6,4646.9233049504455,0.073,12.0,55763.0
STH500058,TF100190,Gold,6,4646.890996347352,0.057999999999999996,12.0,55763.0
STH506935,TF120506,Bronze,6,4646.9233049504455,0.047,12.0,55763.0
STH500474,TF101359,Bronze,5,4645.258272205495,0.054000000000000006,12.0,55743.0
STH503712,TF110850,Gold,4,4644.854862975898,0.034,12.0,55738.0
STH506612,TF119614,Gold,8,4644.740410702965,0.02,12.0,55737.0
STH507559,TF122293,Silver,7,4644.532484927549,0.028999999999999998,12.0,55734.0
STH506537,TF119414,Gold,9,4643.974034266194,0.027000000000000003,12.0,55728.0
STH501221,TF103601,Silver,6,4643.3271530333495,0.043,12.0,55720.0
STH505807,TF117281,Bronze,6,4643.27305475849,0.061,12.0,55719.0
STH504143,TF112140,Gold,8,4642.479429817536,0.02,12.0,55710.0
STH501162,TF103419,Gold,5,4642.101862808476,0.036000000000000004,12.0,55705.0
STH505387,TF116028,Silver,8,4641.869259001165,0.034,12.0,55702.0
STH503389,TF109880,Silver,9,4639.265882568809,0.027999999999999997,12.0,55671.0
STH506264,TF118605,Gold,4,4638.971701924094,0.026000000000000002,12.0,55668.0
STH505744,TF117117,Gold,5,4637.883328209522,0.034,12.0,55655.0
STH505171,TF115359,Silver,7,4637.116666570102,0.036000000000000004,12.0,55645.0
STH502139,TF106267,Bronze,5,4840.544357688777,0.087,11.49425287356322,55638.0
STH505123,TF115205,Bronze,6,4835.330878322505,0.087,11.49425287356322,55579.0
STH502994,TF108701,Gold,6,4834.265021514623,0.087,11.49425287356322,55566.0
STH508148,TF123972,Silver,2,4934.436791297692,0.08900000000000001,11.235955056179774,55443.0
STH505723,TF117059,Gold,9,4638.163504966355,0.084,11.904761904761903,55216.0
STH501952,TF105734,Platinum,7,4584.645392829207,0.024,12.0,55016.0
STH506611,TF119613,Silver,5,4840.406082589982,0.08800000000000001,11.363636363636363,55005.0
STH501013,TF102982,Platinum,2,4582.587895065388,0.02,12.0,54991.0
STH501821,TF105326,Platinum,8,4580.379624399331,0.02,12.0,54965.0
STH508312,TF124418,Platinum,3,4579.214740666593,0.02,12.0,54951.0
STH501134,TF103308,Bronze,2,4576.963171557565,0.02,12.0,54924.0
STH506440,TF119118,Silver,8,4576.561192102458,0.049,12.0,54919.0
STH502146,TF106293,Bronze,8,4575.851693316867,0.02,12.0,54910.0
STH507925,TF123307,Platinum,9,4573.935468290236,0.02,12.0,54887.0
STH506593,TF119565,Platinum,5,4573.720667436316,0.025,12.0,54885.0
STH501109,TF103245,Bronze,2,4573.743578896763,0.077,12.0,54885.0
STH506184,TF118332,Bronze,2,4573.68771989478,0.02,12.0,54884.0
STH504601,TF113547,Bronze,6,4573.623048252552,0.036000000000000004,12.0,54883.0
STH507889,TF123205,Platinum,9,4571.615456102512,0.02,12.0,54859.0
STH507830,TF123014,Bronze,5,4568.51002617629,0.04,12.0,54822.0
STH501549,TF104529,Platinum,2,4567.995448168581,0.025,12.0,54816.0
STH501233,TF103631,Bronze,2,4567.566278306279,0.057,12.0,54811.0
STH502933,TF108499,Bronze,3,4567.200681032425,0.026000000000000002,12.0,54806.0
STH504790,TF114148,Silver,3,4566.891318636156,0.052000000000000005,12.0,54803.0
STH506540,TF119422,Bronze,7,4566.651513486175,0.039,12.0,54800.0
STH508039,TF123663,Silver,8,4566.23743622591,0.036000000000000004,12.0,54795.0
STH502459,TF107189,Gold,5,4566.090225936516,0.045,12.0,54793.0
STH506261,TF118592,Silver,8,4565.813100985264,0.039,12.0,54790.0
STH502630,TF107638,Bronze,2,4565.441883554392,0.02,12.0,54785.0
STH504950,TF114669,Bronze,2,4565.36293895891,0.02,12.0,54784.0
STH505570,TF116595,Gold,2,4565.146478066504,0.02,12.0,54782.0
STH506137,TF118200,Silver,3,4564.593756540962,0.042,12.0,54775.0
STH507649,TF122518,Silver,2,4564.489676733961,0.064,12.0,54774.0
STH502178,TF106358,Bronze,8,4563.5559459519645,0.022000000000000002,12.0,54763.0
STH507474,TF122050,Silver,4,4563.450991445998,0.02,12.0,54761.0
STH508230,TF124178,Silver,4,4563.395132444014,0.02,12.0,54761.0
STH501142,TF103350,Bronze,5,4563.154438619521,0.063,12.0,54758.0
STH500176,TF100480,Bronze,2,4562.873389742931,0.055999999999999994,12.0,54754.0
STH500378,TF101061,Bronze,9,4562.654289607309,0.027999999999999997,12.0,54752.0
STH502448,TF107151,Silver,5,4562.666185427922,0.022000000000000002,12.0,54752.0
STH501628,TF104772,Silver,9,4562.517636539604,0.028999999999999998,12.0,54750.0
STH500970,TF102851,Silver,5,4562.302835685685,0.083,12.0,54748.0
STH505161,TF115318,Silver,2,4561.946051052074,0.033,12.0,54743.0
STH500572,TF101616,Gold,5,4561.826367544367,0.05,12.0,54742.0
STH500568,TF101599,Silver,3,4561.557390370499,0.02,12.0,54739.0
STH502230,TF106493,Silver,9,4561.4771017142575,0.02,12.0,54738.0
STH500770,TF102240,Bronze,4,4561.511065165682,0.08,12.0,54738.0
STH504120,TF112067,Bronze,6,4561.519901323624,0.064,12.0,54738.0
STH500777,TF102265,Bronze,8,4560.967597571245,0.05,12.0,54732.0
STH502574,TF107479,Silver,4,4560.907387949889,0.02,12.0,54731.0
STH502191,TF106391,Bronze,7,4560.68480445514,0.073,12.0,54728.0
STH501328,TF103895,Silver,8,4560.479344379646,0.025,12.0,54726.0
STH500688,TF101975,Gold,2,4559.89149439633,0.059000000000000004,12.0,54719.0
STH505333,TF115853,Bronze,6,4559.199889135902,0.067,12.0,54710.0
STH505117,TF115187,Silver,2,4559.03907562795,0.063,12.0,54708.0
STH506903,TF120429,Silver,2,4559.03907562795,0.036000000000000004,12.0,54708.0
STH500125,TF100342,Silver,3,4558.822554016871,0.047,12.0,54706.0
STH505329,TF115830,Bronze,5,4558.425567809226,0.047,12.0,54701.0
STH506027,TF117955,Bronze,2,4557.811073066067,0.081,12.0,54694.0
STH504177,TF112234,Silver,7,4557.714352735215,0.07400000000000001,12.0,54693.0
STH508346,TF124521,Bronze,6,4557.696620793134,0.079,12.0,54692.0
STH500300,TF100827,Silver,6,4557.52091627366,0.05,12.0,54690.0
STH503008,TF108735,Silver,2,4557.2780749898575,0.063,12.0,54687.0
STH502109,TF106186,Gold,6,4556.975706331962,0.022000000000000002,12.0,54684.0
STH501881,TF105537,Gold,3,4556.348766431128,0.044000000000000004,12.0,54676.0
STH506478,TF119245,Bronze,7,4556.270190462306,0.059000000000000004,12.0,54675.0
STH501035,TF103035,Bronze,2,4556.090447086643,0.040999999999999995,12.0,54673.0
STH507758,TF122807,Gold,4,4555.96067600762,0.02,12.0,54672.0
STH506187,TF118340,Bronze,8,4555.541243446214,0.066,12.0,54666.0
STH505349,TF115908,Gold,8,4555.098581369779,0.031,12.0,54661.0
STH503163,TF109192,Silver,2,4554.734471493749,0.042,12.0,54657.0
STH505317,TF115799,Bronze,4,4554.329125882553,0.035,12.0,54652.0
STH508363,TF124560,Silver,2,4554.1251469079325,0.038,12.0,54650.0
STH505004,TF114849,Bronze,9,4554.106072663501,0.051,12.0,54649.0
STH504145,TF112144,Gold,3,4553.8424984080475,0.02,12.0,54646.0
STH502617,TF107610,Silver,7,4553.8536427840445,0.033,12.0,54646.0
STH502961,TF108592,Silver,4,4553.646504071278,0.023,12.0,54644.0
STH502866,TF108328,Gold,2,4552.260683908005,0.076,12.0,54627.0
STH500671,TF101899,Gold,5,4552.177695336428,0.02,12.0,54626.0
STH508162,TF124020,Gold,7,4551.379855198301,0.040999999999999995,12.0,54617.0
STH505737,TF117099,Silver,7,4551.089736413289,0.039,12.0,54613.0
STH503046,TF108860,Gold,8,4550.65090818221,0.043,12.0,54608.0
STH502415,TF107032,Gold,7,4550.013577537624,0.02,12.0,54600.0
STH506772,TF120066,Silver,4,4548.858544549192,0.040999999999999995,12.0,54586.0
STH500002,TF100004,Gold,7,4548.615948827545,0.063,12.0,54583.0
STH500861,TF102517,Gold,7,4548.615948827545,0.048,12.0,54583.0
STH507099,TF120997,Gold,2,4548.279077043151,0.073,12.0,54579.0
STH504319,TF112661,Gold,9,4547.521493280712,0.031,12.0,54570.0
STH500631,TF101786,Silver,9,4547.088238884997,0.067,12.0,54565.0
STH500842,TF102452,Gold,9,4546.548730209545,0.078,12.0,54559.0
STH506379,TF118964,Gold,9,4546.548730209545,0.025,12.0,54559.0
STH505240,TF115574,Silver,8,4546.379182532343,0.063,12.0,54557.0
STH504403,TF112946,Gold,2,4545.448671234589,0.032,12.0,54545.0
STH500956,TF102810,Gold,6,4544.926862931264,0.05,12.0,54539.0
STH503307,TF109624,Gold,8,4544.145822651109,0.046,12.0,54530.0
STH501732,TF105071,Gold,8,4542.184768967174,0.053,12.0,54506.0
STH507823,TF122995,Silver,3,4560.6301407995825,0.084,11.904761904761903,54293.0
STH503702,TF110827,Silver,3,4650.858933369169,0.086,11.627906976744187,54080.0
STH502430,TF107090,Platinum,2,4494.0311457701555,0.02,12.0,53928.0
STH504506,TF113270,Platinum,6,4487.930795417078,0.064,12.0,53855.0
STH507300,TF121544,Platinum,5,4485.929772172814,0.027999999999999997,12.0,53831.0
STH508014,TF123579,Platinum,2,4485.5729875392035,0.02,12.0,53827.0
STH501241,TF103650,Bronze,9,4484.856773558608,0.061,12.0,53818.0
STH504493,TF113212,Gold,4,4482.951119481007,0.065,12.0,53795.0
STH507353,TF121716,Platinum,2,4482.66601211508,0.022000000000000002,12.0,53792.0
STH503481,TF110178,Platinum,7,4482.347483388743,0.02,12.0,53788.0
STH500314,TF100873,Platinum,3,4482.1046421049405,0.02,12.0,53785.0
STH501599,TF104679,Platinum,3,4480.176064460895,0.02,12.0,53762.0
STH505597,TF116680,Gold,2,4477.476728964786,0.02,12.0,53730.0
STH501659,TF104856,Silver,3,4475.969834454368,0.023,12.0,53712.0
STH506248,TF118558,Bronze,3,4475.915847108398,0.065,12.0,53711.0
STH505334,TF115868,Bronze,3,4475.515228450467,0.027999999999999997,12.0,53706.0
STH500165,TF100447,Platinum,7,4475.257027806424,0.062,12.0,53703.0
STH500178,TF100482,Gold,7,4473.710847722543,0.02,12.0,53685.0
STH504657,TF113693,Bronze,2,4473.514205206203,0.065,12.0,53682.0
STH506211,TF118430,Bronze,7,4472.599440386099,0.07200000000000001,12.0,53671.0
STH505112,TF115163,Gold,9,4472.3740998521425,0.02,12.0,53668.0
STH507553,TF122280,Silver,9,4471.596152357815,0.069,12.0,53659.0
STH506348,TF118873,Bronze,5,4471.518004571601,0.052000000000000005,12.0,53658.0
STH502525,TF107357,Silver,5,4470.980732845965,0.02,12.0,53652.0
STH502044,TF106002,Silver,2,4470.925782057919,0.02,12.0,53651.0
STH500291,TF100796,Gold,6,4470.745134331629,0.066,12.0,53649.0
STH505569,TF116594,Bronze,3,4470.560259551629,0.03,12.0,53647.0
STH501242,TF103660,Silver,3,4469.899297031466,0.022000000000000002,12.0,53639.0
STH502523,TF107350,Platinum,6,4469.562458864707,0.042,12.0,53635.0
STH502528,TF107361,Silver,6,4469.519135013942,0.055,12.0,53634.0
STH501799,TF105264,Silver,8,4469.265277023882,0.02,12.0,53631.0
STH503652,TF110679,Gold,9,4468.982628523998,0.02,12.0,53628.0
STH505780,TF117200,Bronze,5,4468.895456480009,0.027000000000000003,12.0,53627.0
STH504255,TF112487,Bronze,9,4468.774925835796,0.048,12.0,53625.0
STH500317,TF100883,Bronze,5,4468.7837384760405,0.07,12.0,53625.0
STH508295,TF124368,Silver,7,4468.79018799785,0.077,12.0,53625.0
STH505104,TF115140,Bronze,9,4468.602216507233,0.024,12.0,53623.0
STH504630,TF113625,Gold,2,4468.451994472175,0.02,12.0,53621.0
STH507793,TF122916,Silver,2,4468.3132088819975,0.036000000000000004,12.0,53620.0
STH507010,TF120724,Bronze,3,4557.62491067255,0.085,11.76470588235294,53619.0
STH505578,TF116618,Bronze,3,4468.117259942116,0.039,12.0,53617.0
STH507894,TF123223,Silver,2,4467.893977951998,0.062,12.0,53615.0
STH506718,TF119915,Gold,6,4467.777998244129,0.034,12.0,53613.0
STH506213,TF118439,Bronze,7,4467.666130778373,0.027999999999999997,12.0,53612.0
STH501406,TF104123,Silver,7,4467.281046977459,0.027000000000000003,12.0,53607.0
STH508153,TF123983,Silver,7,4467.281046977459,0.031,12.0,53607.0
STH502262,TF106573,Gold,5,4466.610001822958,0.023,12.0,53599.0
STH502167,TF106334,Bronze,9,4466.186577455078,0.062,12.0,53594.0
STH503216,TF109359,Silver,2,4465.76960538589,0.033,12.0,53589.0
STH505902,TF117556,Bronze,8,4464.543204001238,0.053,12.0,53575.0
STH504645,TF113658,Gold,4,4464.280923377475,0.023,12.0,53571.0
STH500845,TF102461,Gold,8,4464.00934269581,0.025,12.0,53568.0
STH500038,TF100110,Silver,8,4463.939526785445,0.055,12.0,53567.0
STH500964,TF102830,Gold,2,4463.270927484793,0.02,12.0,53559.0
STH502622,TF107615,Bronze,3,4463.030052949899,0.064,12.0,53556.0
STH506744,TF119998,Bronze,3,4463.030052949899,0.053,12.0,53556.0
STH502240,TF106526,Gold,6,4462.823029345292,0.034,12.0,53554.0
STH504405,TF112958,Silver,5,4462.8001614795985,0.047,12.0,53554.0
STH501007,TF102965,Gold,4,4462.452949620025,0.042,12.0,53549.0
STH504434,TF113034,Silver,7,4461.854692852427,0.078,12.0,53542.0
STH507693,TF122657,Silver,7,4461.854692852427,0.024,12.0,53542.0
STH508078,TF123772,Bronze,8,4461.696079385574,0.081,12.0,53540.0
STH503333,TF109706,Gold,8,4461.465739199702,0.02,12.0,53538.0
STH508135,TF123922,Silver,9,4460.737655412828,0.055999999999999994,12.0,53529.0
STH503856,TF111264,Silver,9,4460.666976273246,0.071,12.0,53528.0
STH501219,TF103599,Bronze,7,4460.114264885531,0.059000000000000004,12.0,53521.0
STH502489,TF107262,Silver,9,4459.884373415231,0.059000000000000004,12.0,53519.0
STH503944,TF111549,Bronze,5,4548.812219344375,0.085,11.76470588235294,53515.0
STH505680,TF116963,Bronze,9,4459.1991554759215,0.057,12.0,53510.0
STH507900,TF123240,Silver,8,4548.336736245867,0.085,11.76470588235294,53510.0
STH500387,TF101082,Gold,2,4458.6110263543105,0.031,12.0,53503.0
STH502778,TF108060,Bronze,7,4458.393638906107,0.063,12.0,53501.0
STH505722,TF117058,Gold,6,4458.094158534996,0.054000000000000006,12.0,53497.0
STH504196,TF112296,Gold,9,4457.9230112345,0.071,12.0,53495.0
STH500828,TF102398,Gold,2,4456.4879848285045,0.036000000000000004,12.0,53478.0
STH506526,TF119384,Gold,5,4456.391696369366,0.048,12.0,53477.0
STH501859,TF105469,Gold,3,4455.880466522953,0.044000000000000004,12.0,53471.0
STH505269,TF115664,Gold,9,4455.90731748672,0.028999999999999998,12.0,53471.0
STH507513,TF122167,Gold,7,4454.70352323243,0.068,12.0,53456.0
STH507578,TF122339,Gold,8,4454.377713333952,0.042,12.0,53453.0
STH504868,TF114419,Gold,4,4454.207113279636,0.037000000000000005,12.0,53450.0
STH507443,TF121964,Silver,3,4650.161450054433,0.087,11.49425287356322,53450.0
STH505676,TF116950,Gold,7,4453.054529013423,0.063,12.0,53437.0
STH501168,TF103438,Gold,6,4452.749219247453,0.036000000000000004,12.0,53433.0
STH506798,TF120154,Bronze,8,4452.573305196023,0.075,12.0,53431.0
STH502318,TF106757,Gold,9,4451.385355715861,0.026000000000000002,12.0,53417.0
STH505419,TF116135,Gold,6,4449.050234993277,0.07200000000000001,12.0,53389.0
STH507881,TF123175,Silver,9,4448.767756607613,0.062,12.0,53385.0
STH501687,TF104933,Platinum,4,4576.65781989305,0.086,11.627906976744187,53217.0
STH500223,TF100618,Gold,7,4464.807259391715,0.084,11.904761904761903,53152.0
STH504991,TF114807,Silver,2,4462.080027103751,0.084,11.904761904761903,53120.0
STH507283,TF121503,Silver,6,4553.92253590608,0.086,11.627906976744187,52953.0
STH505547,TF116508,Platinum,4,4409.051843553879,0.02,12.0,52909.0
STH506992,TF120673,Platinum,3,4395.920213279637,0.02,12.0,52751.0
STH507569,TF122326,Silver,3,5115.55081264518,0.09699999999999999,10.309278350515465,52738.0
STH502000,TF105874,Platinum,5,4392.068339486411,0.026000000000000002,12.0,52705.0
STH500014,TF100030,Bronze,9,4390.804700458531,0.071,12.0,52690.0
STH501184,TF103482,Platinum,6,4390.487250988857,0.038,12.0,52686.0
STH504938,TF114641,Platinum,9,4389.3252607506065,0.02,12.0,52672.0
STH503172,TF109235,Bronze,3,4384.994362926609,0.062,12.0,52620.0
STH502452,TF107168,Bronze,4,4384.181538664427,0.021,12.0,52610.0
STH501442,TF104217,Gold,5,4380.809177914397,0.02,12.0,52570.0
STH505733,TF117088,Bronze,8,4378.358775175935,0.047,12.0,52540.0
STH501502,TF104389,Bronze,8,4378.289805496123,0.067,12.0,52539.0
STH504314,TF112650,Bronze,8,4377.673070184291,0.022000000000000002,12.0,52532.0
STH502527,TF107360,Gold,5,4376.627694316655,0.078,12.0,52520.0
STH508384,TF124630,Gold,3,4376.3841514185215,0.048,12.0,52517.0
STH508229,TF124176,Platinum,2,4375.560479107438,0.054000000000000006,12.0,52507.0
STH500697,TF101998,Bronze,9,4374.722852735719,0.046,12.0,52497.0
STH505996,TF117850,Gold,5,4374.687714140118,0.02,12.0,52496.0
STH502755,TF107998,Gold,8,4374.440853268379,0.02,12.0,52493.0
STH506784,TF120109,Gold,9,4373.711906252287,0.026000000000000002,12.0,52485.0
STH500169,TF100469,Gold,3,4373.54614567421,0.025,12.0,52483.0
STH503782,TF111056,Gold,4,4372.873057660101,0.048,12.0,52474.0
STH501369,TF104011,Silver,8,4372.500026861289,0.045,12.0,52470.0
STH505115,TF115182,Silver,9,4371.771079845198,0.046,12.0,52461.0
STH501279,TF103780,Gold,3,4371.480328472967,0.039,12.0,52458.0
STH500527,TF101491,Gold,7,4370.755186291638,0.02,12.0,52449.0
STH506101,TF118137,Bronze,3,4369.347906459535,0.08199999999999999,12.0,52432.0
STH500368,TF101023,Gold,5,4367.056903651794,0.04,12.0,52405.0
STH502348,TF106865,Gold,2,4366.700141203961,0.078,12.0,52400.0
STH508161,TF124019,Silver,7,4655.260364495815,0.08900000000000001,11.235955056179774,52306.0
STH507273,TF121488,Gold,8,4358.273508897254,0.063,12.0,52299.0
STH507870,TF123135,Silver,2,4651.09730610996,0.08900000000000001,11.235955056179774,52260.0
STH505195,TF115435,Gold,8,4354.695648619084,0.055999999999999994,12.0,52256.0
STH501164,TF103426,Gold,7,4823.960155454359,0.09300000000000001,10.75268817204301,51871.0
STH501893,TF105571,Silver,3,4654.6822138996595,0.09,11.11111111111111,51719.0
STH500106,TF100306,Platinum,8,4308.5431691691765,0.02,12.0,51703.0
STH504037,TF111841,Platinum,4,4307.527130999394,0.02,12.0,51690.0
STH503390,TF109887,Platinum,3,4305.404961593346,0.02,12.0,51665.0
STH502455,TF107180,Platinum,8,4300.541577341253,0.027999999999999997,12.0,51606.0
STH507969,TF123418,Platinum,3,4297.058521366364,0.02,12.0,51565.0
STH507893,TF123222,Platinum,5,4294.6950370543755,0.028999999999999998,12.0,51536.0
STH504424,TF113005,Platinum,7,4292.314759544545,0.063,12.0,51508.0
STH508382,TF124623,Platinum,9,4290.2418396603,0.02,12.0,51483.0
STH503983,TF111670,Platinum,4,4288.799367748542,0.03,12.0,51466.0
STH507406,TF121874,Platinum,5,4288.610775638455,0.055999999999999994,12.0,51463.0
STH505398,TF116063,Platinum,7,4286.612526700266,0.046,12.0,51439.0
STH501493,TF104360,Silver,9,4731.852827529454,0.092,10.869565217391305,51433.0
STH506729,TF119946,Gold,3,4285.308023422382,0.02,12.0,51424.0
STH507018,TF120755,Bronze,3,4285.169290413993,0.027999999999999997,12.0,51422.0
STH503391,TF109889,Silver,3,4284.189130592356,0.02,12.0,51410.0
STH503455,TF110099,Gold,5,4283.794270388214,0.036000000000000004,12.0,51406.0
STH505556,TF116549,Platinum,9,4283.434006688658,0.047,12.0,51401.0
STH506620,TF119645,Gold,7,4282.476112604104,0.032,12.0,51390.0
STH507376,TF121774,Bronze,7,4282.253502349625,0.069,12.0,51387.0
STH503594,TF110504,Gold,8,4281.183094099292,0.02,12.0,51374.0
STH506531,TF119397,Bronze,8,4280.86545011701,0.054000000000000006,12.0,51370.0
STH502979,TF108646,Silver,5,4280.509966127694,0.07200000000000001,12.0,51366.0
STH500945,TF102756,Gold,5,4280.402799060069,0.025,12.0,51365.0
STH503688,TF110781,Bronze,9,4279.662936841608,0.043,12.0,51356.0
STH506890,TF120409,Gold,3,4279.494072574134,0.07200000000000001,12.0,51354.0
STH500166,TF100457,Gold,5,4277.672828799713,0.078,12.0,51332.0
STH500168,TF100465,Silver,9,4277.421468734762,0.036000000000000004,12.0,51329.0
STH506679,TF119808,Gold,6,4277.432060207655,0.048,12.0,51329.0
STH504312,TF112646,Bronze,5,4276.011616213672,0.066,12.0,51312.0
STH500871,TF102543,Gold,9,4275.590067558438,0.039,12.0,51307.0
STH500506,TF101449,Gold,5,4275.447830161231,0.063,12.0,51305.0
STH501305,TF103840,Gold,3,4274.1925471309,0.057,12.0,51290.0
STH507587,TF122354,Gold,8,4270.888668643024,0.057,12.0,51251.0
STH508013,TF123576,Silver,2,4457.359896745341,0.087,11.49425287356322,51234.0
STH502542,TF107390,Bronze,5,4863.9808540232825,0.095,10.526315789473685,51200.0
STH505759,TF117145,Gold,9,4265.0018354951335,0.057999999999999996,12.0,51180.0
STH506657,TF119757,Bronze,6,4935.408181536208,0.09699999999999999,10.309278350515465,50880.0
STH502496,TF107289,Gold,6,4559.463450826087,0.09,11.11111111111111,50661.0
STH501211,TF103578,Platinum,3,4211.492624741344,0.02,12.0,50538.0
STH505766,TF117166,Bronze,8,4208.954462725644,0.08,12.0,50507.0
STH502135,TF106253,Platinum,4,4208.117673454099,0.02,12.0,50497.0
STH505325,TF115822,Bronze,2,4845.0544993585145,0.096,10.416666666666666,50469.0
STH501928,TF105661,Bronze,9,5143.221285259144,0.102,9.803921568627452,50424.0
STH503495,TF110238,Platinum,2,4198.969095051405,0.069,12.0,50388.0
STH501597,TF104672,Platinum,9,4198.632766169736,0.024,12.0,50384.0
STH503082,TF108961,Platinum,9,4198.632766169736,0.021,12.0,50384.0
STH507129,TF121071,Platinum,3,4196.016596570563,0.032,12.0,50352.0
STH503287,TF109568,Bronze,7,4377.814716470091,0.087,11.49425287356322,50320.0
STH503516,TF110302,Gold,7,4190.299997003733,0.03,12.0,50284.0
STH504936,TF114627,Gold,7,4188.340162257937,0.028999999999999998,12.0,50260.0
STH502105,TF106167,Bronze,9,4186.743535217364,0.055,12.0,50241.0
STH506097,TF118123,Gold,5,4186.350725959992,0.046,12.0,50236.0
STH500834,TF102432,Gold,3,4185.441999474057,0.057,12.0,50225.0
STH501447,TF104233,Gold,7,4179.959522320082,0.063,12.0,50160.0
STH507210,TF121322,Gold,8,4178.890288969474,0.02,12.0,50147.0
STH502189,TF106388,Gold,3,4175.686882976959,0.037000000000000005,12.0,50108.0
STH507383,TF121804,Bronze,8,4184.859909057534,0.084,11.904761904761903,49820.0
STH504816,TF114223,Platinum,4,4110.641067202275,0.046,12.0,49328.0
STH500730,TF102116,Platinum,9,4101.867516007144,0.02,12.0,49222.0
STH506549,TF119442,Platinum,5,4099.35694994648,0.064,12.0,49192.0
STH503491,TF110221,Gold,2,4097.670056196901,0.021,12.0,49172.0
STH507576,TF122337,Platinum,9,4093.3093073075843,0.08199999999999999,12.0,49120.0
STH507315,TF121603,Gold,7,4091.0736008077056,0.036000000000000004,12.0,49093.0
STH503723,TF110874,Gold,2,4089.211897965949,0.06,12.0,49071.0
STH500277,TF100756,Bronze,7,4088.993179477443,0.071,12.0,49068.0
STH506947,TF120544,Bronze,8,4088.2393421459983,0.068,12.0,49059.0
STH505631,TF116811,Gold,2,4086.8173479468387,0.048,12.0,49042.0
STH503184,TF109267,Bronze,2,4556.211875797183,0.09300000000000001,10.75268817204301,48992.0
STH502709,TF107870,Bronze,8,4179.772702065318,0.086,11.627906976744187,48602.0
STH500774,TF102254,Silver,7,4645.141809513366,0.096,10.416666666666666,48387.0
STH507119,TF121049,Platinum,9,4015.884207526352,0.026000000000000002,12.0,48191.0
STH501283,TF103790,Platinum,2,4672.984020650564,0.09699999999999999,10.309278350515465,48175.0
STH504924,TF114580,Platinum,3,4010.1360018351606,0.057999999999999996,12.0,48122.0
STH500935,TF102726,Bronze,3,4008.4394252387933,0.064,12.0,48101.0
STH505833,TF117348,Platinum,3,4007.3720954644045,0.043,12.0,48088.0
STH506424,TF119069,Gold,5,4001.693910089969,0.028999999999999998,12.0,48020.0
STH508444,TF124824,Silver,3,3999.9364695414442,0.079,12.0,47999.0
STH500866,TF102530,Platinum,6,3997.554443927804,0.073,12.0,47971.0
STH502893,TF108389,Gold,8,3996.6000936175687,0.071,12.0,47959.0
STH505590,TF116658,Gold,3,3994.430877849781,0.068,12.0,47933.0
STH505993,TF117844,Gold,8,3990.7861427693215,0.027000000000000003,12.0,47889.0
STH500199,TF100525,Silver,4,4741.380723661718,0.1,10.0,47414.0
STH503870,TF111313,Bronze,9,4578.9088466586845,0.09699999999999999,10.309278350515465,47205.0
STH507323,TF121628,Platinum,2,3924.292353044665,0.042,12.0,47092.0
STH500359,TF100993,Platinum,8,3918.768991456292,0.083,12.0,47025.0
STH505140,TF115248,Gold,4,4090.7858080396854,0.087,11.49425287356322,47021.0
STH506343,TF118861,Silver,5,4462.8001614795985,0.095,10.526315789473685,46977.0
STH505708,TF117025,Bronze,7,5022.827506217106,0.107,9.345794392523365,46942.0
STH500056,TF100183,Platinum,9,3911.050192744475,0.073,12.0,46933.0
STH503636,TF110628,Gold,8,4738.301909527741,0.10099999999999999,9.900990099009901,46914.0
STH501974,TF105793,Silver,4,4094.7687366458204,0.08800000000000001,11.363636363636363,46531.0
STH501501,TF104387,Gold,3,3906.0530193498785,0.084,11.904761904761903,46501.0
STH504011,TF111760,Bronze,3,4369.518334755828,0.094,10.638297872340425,46484.0
STH500400,TF101113,Bronze,9,4553.078370563137,0.098,10.204081632653061,46460.0
STH506655,TF119750,Silver,7,4483.2380660184745,0.09699999999999999,10.309278350515465,46219.0
STH507980,TF123440,Bronze,2,4567.566278306279,0.099,10.1010101010101,46137.0
STH504301,TF112611,Platinum,8,3825.741769166241,0.054000000000000006,12.0,45909.0
STH508126,TF123885,Bronze,6,4656.477564703507,0.102,9.803921568627452,45652.0
STH508096,TF123816,Bronze,8,4560.062007291441,0.1,10.0,45601.0
STH503420,TF109997,Silver,2,4463.483734185107,0.098,10.204081632653061,45546.0
STH505453,TF116239,Gold,4,4182.146363368359,0.092,10.869565217391305,45458.0
STH500548,TF101549,Gold,7,4357.18930097906,0.096,10.416666666666666,45387.0
STH501665,TF104879,Silver,9,4167.5403889289955,0.092,10.869565217391305,45299.0
STH507498,TF122122,Bronze,8,4469.140523109651,0.099,10.1010101010101,45143.0
STH507482,TF122087,Gold,5,4460.838799298867,0.099,10.1010101010101,45059.0
STH503609,TF110542,Bronze,9,5300.708706615865,0.11800000000000001,8.47457627118644,44921.0
STH505425,TF116152,Platinum,7,3729.830294701537,0.07200000000000001,12.0,44758.0
STH502326,TF106791,Gold,8,3717.350849741463,0.032,12.0,44608.0
STH504327,TF112689,Silver,4,4367.71603475752,0.098,10.204081632653061,44569.0
STH501755,TF105146,Bronze,6,4092.2657299896428,0.092,10.869565217391305,44481.0
STH502322,TF106783,Gold,7,4175.171562797996,0.094,10.638297872340425,44417.0
STH504449,TF113076,Gold,7,4641.587312115613,0.105,9.523809523809524,44206.0
STH503064,TF108913,Silver,5,4463.312586884611,0.10099999999999999,9.900990099009901,44191.0
STH508097,TF123817,Bronze,5,4378.108317880943,0.1,10.0,43781.0
STH504017,TF111772,Platinum,6,5031.009202743607,0.115,8.695652173913043,43748.0
STH506880,TF120375,Platinum,2,3636.979957072407,0.077,12.0,43644.0
STH500850,TF102487,Gold,9,4267.312597011268,0.098,10.204081632653061,43544.0
STH500266,TF100729,Bronze,2,4866.167695071559,0.11199999999999999,8.928571428571429,43448.0
STH502639,TF107666,Bronze,7,4552.567140716723,0.105,9.523809523809524,43358.0
STH500170,TF100470,Silver,6,4552.188610039094,0.105,9.523809523809524,43354.0
STH505859,TF117412,Silver,4,4371.797047583337,0.10099999999999999,9.900990099009901,43285.0
STH505029,TF114934,Gold,9,4554.688261397092,0.106,9.433962264150944,42969.0
STH506346,TF118871,Gold,2,4174.543044793653,0.098,10.204081632653061,42597.0
STH507007,TF120718,Bronze,3,4844.940578194484,0.114,8.771929824561402,42499.0
STH505491,TF116348,Gold,5,3530.234843934861,0.02,12.0,42363.0
STH503179,TF109258,Bronze,5,4934.376127914206,0.11699999999999999,8.547008547008547,42174.0
STH501349,TF103944,Gold,4,4378.575290504381,0.10400000000000001,9.615384615384615,42102.0
STH501991,TF105853,Gold,3,4368.244620230975,0.10400000000000001,9.615384615384615,42002.0
STH500700,TF102007,Gold,5,4366.78672619879,0.10400000000000001,9.615384615384615,41988.0
STH503111,TF109040,Bronze,8,4278.492751227613,0.102,9.803921568627452,41946.0
STH501911,TF105611,Gold,6,4735.849844774906,0.113,8.849557522123893,41910.0
STH502703,TF107853,Bronze,3,4559.185978526674,0.109,9.174311926605505,41827.0
STH503788,TF111086,Silver,5,4300.316731045219,0.10300000000000001,9.70873786407767,41751.0
STH500680,TF101919,Gold,9,4269.306439629335,0.10300000000000001,9.70873786407767,41450.0
STH503925,TF111483,Silver,4,4391.372833966673,0.10800000000000001,9.259259259259258,40661.0
STH503494,TF110237,Silver,3,4096.770689383849,0.102,9.803921568627452,40164.0
STH506237,TF118514,Platinum,7,4481.928252458744,0.11199999999999999,8.928571428571429,40017.0
STH501731,TF105069,Bronze,7,4486.314667590793,0.113,8.849557522123893,39702.0
STH504167,TF112207,Bronze,9,4364.9742243629835,0.11,9.090909090909092,39682.0
STH508220,TF124149,Gold,3,4086.0884009307465,0.10300000000000001,9.70873786407767,39671.0
STH500566,TF101594,Bronze,6,4957.303980107267,0.125,8.0,39658.0
STH508074,TF123763,Bronze,9,4559.3330602753485,0.115,8.695652173913043,39646.0
STH503260,TF109486,Gold,2,5014.890238920064,0.127,7.874015748031496,39487.0
STH504752,TF114013,Gold,3,3987.759653197461,0.10099999999999999,9.900990099009901,39483.0
STH503839,TF111221,Gold,5,5046.534611065374,0.128,7.8125,39426.0
STH506547,TF119440,Gold,2,4372.209275489059,0.11199999999999999,8.928571428571429,39038.0
STH506958,TF120574,Gold,6,4274.400256101735,0.11,9.090909090909092,38858.0
STH504186,TF112253,Silver,3,3235.252447925257,0.02,12.0,38823.0
STH505401,TF116075,Gold,2,3995.4784519092773,0.10300000000000001,9.70873786407767,38791.0
STH500397,TF101107,Silver,5,4466.548295126604,0.11599999999999999,8.620689655172415,38505.0
STH501327,TF103893,Gold,5,4265.374020063393,0.11199999999999999,8.928571428571429,38084.0
STH502905,TF108417,Bronze,5,4675.876707823129,0.12300000000000001,8.130081300813007,38015.0
STH500336,TF100934,Silver,8,4471.761027885188,0.11900000000000001,8.403361344537814,37578.0
STH504675,TF113747,Bronze,5,4649.066980532051,0.124,8.064516129032258,37492.0
STH500563,TF101589,Silver,8,4186.49232241182,0.11199999999999999,8.928571428571429,37379.0
STH507957,TF123394,Gold,4,4092.2949490600768,0.11,9.090909090909092,37203.0
STH504435,TF113035,Gold,6,4556.556475401963,0.12300000000000001,8.130081300813007,37045.0
STH502676,TF107778,Gold,7,4069.8520146914507,0.11,9.090909090909092,36999.0
STH504438,TF113040,Gold,4,4461.055320909947,0.121,8.264462809917356,36868.0
STH502684,TF107809,Silver,2,4009.2615141481115,0.109,9.174311926605505,36782.0
STH501439,TF104207,Bronze,2,4188.227396987687,0.114,8.771929824561402,36739.0
STH505802,TF117265,Bronze,3,4771.38667495539,0.13,7.692307692307692,36703.0
STH505341,TF115894,Bronze,8,4652.306493608807,0.127,7.874015748031496,36632.0
STH507745,TF122781,Silver,2,4468.212604995403,0.122,8.19672131147541,36625.0
STH503597,TF110521,Gold,7,3991.5150897854137,0.109,9.174311926605505,36619.0
STH502896,TF108394,Silver,2,4381.891946270246,0.12,8.333333333333334,36516.0
STH506774,TF120073,Silver,4,4377.65760676198,0.12,8.333333333333334,36480.0
STH506285,TF118671,Gold,2,4363.547213122036,0.12,8.333333333333334,36363.0
STH504159,TF112184,Bronze,8,4457.875971155393,0.124,8.064516129032258,35951.0
STH502932,TF108497,Silver,3,4742.10967067781,0.132,7.575757575757575,35925.0
STH500161,TF100441,Platinum,8,3740.839259240572,0.105,9.523809523809524,35627.0
STH503735,TF110912,Bronze,6,5476.760638722097,0.154,6.4935064935064934,35563.0
STH506882,TF120380,Silver,3,4462.717357748336,0.126,7.936507936507937,35418.0
STH507026,TF120780,Silver,2,3922.2813731014,0.11199999999999999,8.928571428571429,35020.0
STH501778,TF105212,Silver,7,4552.487365123367,0.131,7.633587786259541,34752.0
STH504603,TF113552,Silver,8,3993.2599303550646,0.115,8.695652173913043,34724.0
STH504139,TF112121,Gold,9,4360.451537305286,0.126,7.936507936507937,34607.0
STH504300,TF112604,Platinum,5,4478.278419409301,0.13,7.692307692307692,34448.0
STH504830,TF114266,Silver,8,4649.570748629073,0.135,7.4074074074074066,34441.0
STH507696,TF122668,Gold,4,3711.8643385768637,0.10800000000000001,9.259259259259258,34369.0
STH501399,TF104091,Gold,2,4460.752214304038,0.13,7.692307692307692,34313.0
STH507947,TF123361,Silver,9,4547.911216401681,0.133,7.518796992481203,34195.0
STH503632,TF110613,Bronze,8,4184.780964462053,0.12300000000000001,8.130081300813007,34023.0
STH502759,TF108013,Gold,5,4184.453782522729,0.124,8.064516129032258,33746.0
STH505313,TF115790,Bronze,2,4291.671236842625,0.128,7.8125,33529.0
STH505204,TF115458,Bronze,5,4558.388138388547,0.136,7.352941176470588,33518.0
STH504814,TF114219,Silver,8,4278.447953761214,0.128,7.8125,33425.0
STH506134,TF118192,Silver,5,4832.983223766279,0.145,6.8965517241379315,33331.0
STH504001,TF111738,Gold,8,4735.991148011606,0.14300000000000002,6.9930069930069925,33119.0
STH501026,TF103010,Silver,5,4565.918009251106,0.138,7.246376811594202,33086.0
STH507179,TF121230,Silver,8,4460.613320431323,0.135,7.4074074074074066,33042.0
STH501310,TF103852,Silver,5,4652.301936389829,0.142,7.042253521126761,32763.0
STH508456,TF124868,Gold,6,4546.5777454107,0.139,7.194244604316546,32709.0
STH507293,TF121525,Silver,5,4477.763675502254,0.13699999999999998,7.299270072992702,32684.0
STH507934,TF123323,Silver,6,4744.275780507311,0.146,6.849315068493151,32495.0
STH505990,TF117836,Bronze,2,4276.195208671844,0.132,7.575757575757575,32395.0
STH501768,TF105183,Platinum,2,4846.93888989286,0.15,6.666666666666667,32313.0
STH505012,TF114877,Platinum,3,4393.335593104922,0.136,7.352941176470588,32304.0
STH502408,TF107009,Gold,3,3902.9224304315912,0.121,8.264462809917356,32256.0
STH504619,TF113600,Silver,6,4741.320458339613,0.147,6.802721088435375,32254.0
STH504785,TF114131,Bronze,3,4364.996372984969,0.136,7.352941176470588,32096.0
STH505322,TF115816,Gold,5,3525.085317206613,0.11,9.090909090909092,32046.0
STH500379,TF101062,Bronze,5,4377.638640800087,0.13699999999999998,7.299270072992702,31954.0
STH507666,TF122587,Gold,6,3890.3710595572866,0.12300000000000001,8.130081300813007,31629.0
STH502208,TF106431,Bronze,8,4645.890266800708,0.147,6.802721088435375,31605.0
STH506863,TF120326,Bronze,9,4369.691504745488,0.139,7.194244604316546,31437.0
STH506581,TF119536,Silver,2,4461.084813940054,0.142,7.042253521126761,31416.0
STH503427,TF110016,Bronze,7,4200.617635070304,0.135,7.4074074074074066,31116.0
STH502342,TF106847,Gold,5,4644.489354445157,0.15,6.666666666666667,30963.0
STH504232,TF112395,Gold,2,4084.104170884323,0.132,7.575757575757575,30940.0
STH502241,TF106527,Silver,6,4284.320461786232,0.139,7.194244604316546,30822.0
STH507551,TF122272,Bronze,6,4562.447150894542,0.149,6.7114093959731544,30620.0
STH503454,TF110098,Bronze,6,4957.303980107267,0.162,6.172839506172839,30601.0
STH501705,TF104997,Gold,8,4385.983258316562,0.14400000000000002,6.944444444444444,30458.0
STH500010,TF100020,Bronze,7,4467.325844443857,0.147,6.802721088435375,30390.0
STH500880,TF102574,Bronze,8,4281.036376909499,0.141,7.092198581560284,30362.0
STH501956,TF105746,Bronze,7,4655.42999064401,0.154,6.4935064935064934,30230.0
STH506617,TF119637,Gold,4,4736.139785643038,0.157,6.369426751592357,30166.0
STH507410,TF121879,Bronze,8,4367.644006285497,0.145,6.8965517241379315,30122.0
STH506906,TF120438,Silver,9,4267.84554969059,0.142,7.042253521126761,30055.0
STH505510,TF116413,Silver,8,5140.873630702918,0.172,5.813953488372094,29889.0
STH501469,TF104280,Silver,6,4647.974609006157,0.156,6.410256410256411,29795.0
STH507694,TF122660,Bronze,7,4281.103822857803,0.14400000000000002,6.944444444444444,29730.0
STH503357,TF109781,Silver,8,4452.567537136776,0.15,6.666666666666667,29684.0
STH507356,TF121721,Silver,5,4002.8931895020937,0.135,7.4074074074074066,29651.0
STH502102,TF106161,Gold,8,4268.494688881981,0.14400000000000002,6.944444444444444,29642.0
STH504721,TF113921,Bronze,5,4562.142698487323,0.154,6.4935064935064934,29624.0
STH502906,TF108420,Gold,3,4175.693371101321,0.142,7.042253521126761,29406.0
STH505432,TF116171,Gold,2,3901.5269826957965,0.133,7.518796992481203,29335.0
STH503550,TF110389,Gold,9,3987.6626457341185,0.136,7.352941176470588,29321.0
STH502830,TF108241,Silver,7,4937.0532340538075,0.16899999999999998,5.91715976331361,29213.0
STH500326,TF100904,Gold,8,4087.381841551284,0.141,7.092198581560284,28989.0
STH506446,TF119138,Gold,6,3812.804957871739,0.132,7.575757575757575,28885.0
STH500410,TF101136,Gold,6,4178.198920120196,0.146,6.849315068493151,28618.0
STH504390,TF112907,Silver,8,4458.852319793229,0.156,6.410256410256411,28582.0
STH505520,TF116435,Gold,3,4742.437218883501,0.166,6.024096385542168,28569.0
STH502514,TF107330,Bronze,7,4476.130647962318,0.157,6.369426751592357,28510.0
STH503497,TF110243,Silver,3,4088.80747565414,0.14400000000000002,6.944444444444444,28394.0
STH507997,TF123489,Gold,8,3988.6617702032127,0.141,7.092198581560284,28288.0
STH507528,TF122210,Silver,6,4468.35484239261,0.158,6.329113924050633,28281.0
STH507888,TF123201,Gold,3,4269.745444201398,0.152,6.578947368421053,28090.0
STH506156,TF118257,Gold,7,4456.667728204168,0.159,6.289308176100628,28029.0
STH504163,TF112196,Silver,6,4456.04598434988,0.159,6.289308176100628,28025.0
STH504895,TF114487,Bronze,8,4367.644006285497,0.156,6.410256410256411,27998.0
STH508294,TF124365,Bronze,7,4279.540325287109,0.153,6.5359477124183005,27971.0
STH504998,TF114835,Silver,9,4740.184689457016,0.17,5.88235294117647,27883.0
STH504479,TF113161,Bronze,3,4207.074236354932,0.151,6.622516556291391,27861.0
STH500705,TF102020,Silver,8,4367.9588760413235,0.157,6.369426751592357,27821.0
STH508211,TF124134,Platinum,3,4200.563448656774,0.151,6.622516556291391,27818.0
STH508461,TF124897,Bronze,9,4186.743535217364,0.151,6.622516556291391,27727.0
STH504993,TF114825,Bronze,2,4207.803183371024,0.152,6.578947368421053,27683.0
STH506107,TF118147,Gold,5,4088.907181531772,0.14800000000000002,6.756756756756756,27628.0
STH506769,TF120056,Bronze,3,4281.550523071673,0.157,6.369426751592357,27271.0
STH502362,TF106892,Bronze,8,4553.977745875521,0.16699999999999998,5.988023952095809,27269.0
STH506069,TF118068,Platinum,9,3642.2424325556135,0.134,7.462686567164178,27181.0
STH505903,TF117563,Bronze,3,4565.134863831182,0.168,5.952380952380952,27173.0
STH505874,TF117472,Bronze,5,4746.271981714053,0.175,5.714285714285714,27122.0
STH500661,TF101864,Gold,9,4176.6519952393355,0.154,6.4935064935064934,27121.0
STH501828,TF105360,Gold,2,4003.82489213626,0.14800000000000002,6.756756756756756,27053.0
STH508046,TF123672,Silver,8,4365.057978988479,0.163,6.134969325153374,26779.0
STH507354,TF121717,Bronze,6,4652.441385505414,0.174,5.74712643678161,26738.0
STH505588,TF116652,Gold,4,3730.5345346803956,0.14,7.142857142857142,26647.0
STH503364,TF109798,Bronze,7,4284.96667941214,0.161,6.211180124223603,26615.0
STH502717,TF107890,Gold,7,4550.719801304244,0.171,5.847953216374268,26612.0
STH501826,TF105354,Silver,8,4363.654271907122,0.16399999999999998,6.097560975609757,26608.0
STH504828,TF114261,Bronze,7,4466.738881207457,0.168,5.952380952380952,26588.0
STH502424,TF107062,Silver,5,4371.068100567245,0.165,6.0606060606060606,26491.0
STH500954,TF102799,Silver,6,4276.287080451078,0.162,6.172839506172839,26397.0
STH508026,TF123616,Bronze,5,4558.0729328935495,0.17300000000000001,5.780346820809248,26347.0
STH505891,TF117516,Bronze,5,4649.676305117869,0.179,5.58659217877095,25976.0
STH507609,TF122417,Gold,8,3708.9485505124962,0.14300000000000002,6.9930069930069925,25937.0
STH507964,TF123409,Bronze,9,4358.361710002986,0.16899999999999998,5.91715976331361,25789.0
STH503315,TF109652,Silver,2,4280.209062681845,0.16699999999999998,5.988023952095809,25630.0
STH502990,TF108682,Platinum,5,3922.1055119963894,0.154,6.4935064935064934,25468.0
STH507834,TF123029,Bronze,3,4664.504577955686,0.184,5.434782608695652,25351.0
STH500260,TF100709,Silver,2,5218.186190186502,0.20600000000000002,4.854368932038835,25331.0
STH500682,TF101936,Bronze,5,4557.934993533926,0.18,5.555555555555555,25322.0
STH500153,TF100419,Silver,5,4470.980732845965,0.177,5.649717514124294,25260.0
STH500941,TF102743,Silver,7,4469.923457471712,0.177,5.649717514124294,25254.0
STH503858,TF111268,Gold,2,3906.852732934232,0.156,6.410256410256411,25044.0
STH501939,TF105687,Gold,6,4179.761219765257,0.16699999999999998,5.988023952095809,25029.0
STH506032,TF117969,Silver,6,4650.687786068673,0.187,5.347593582887701,24870.0
STH502300,TF106705,Platinum,4,4202.299160541308,0.16899999999999998,5.91715976331361,24866.0
STH501073,TF103137,Bronze,3,4196.326145237737,0.16899999999999998,5.91715976331361,24830.0
STH505109,TF115156,Gold,8,4275.485987751437,0.17300000000000001,5.780346820809248,24714.0
STH505238,TF115570,Bronze,9,3910.013670042165,0.16,6.25,24438.0
STH506630,TF119681,Silver,7,4560.183440585713,0.188,5.319148936170213,24256.0
STH506796,TF120148,Bronze,7,4373.27377134378,0.182,5.4945054945054945,24029.0
STH503639,TF110639,Silver,9,4353.502553237688,0.182,5.4945054945054945,23920.0
STH503975,TF111641,Gold,8,4353.747176900452,0.183,5.46448087431694,23791.0
STH506474,TF119238,Bronze,9,4279.400641687969,0.18,5.555555555555555,23774.0
STH506183,TF118330,Bronze,4,4281.727166335385,0.182,5.4945054945054945,23526.0
STH504614,TF113588,Bronze,2,3998.560951142473,0.17,5.88235294117647,23521.0
STH500024,TF100060,Gold,5,4269.315252269579,0.182,5.4945054945054945,23458.0
STH506921,TF120480,Bronze,5,4662.161480618436,0.19899999999999998,5.025125628140704,23428.0
STH501343,TF103935,Bronze,2,3911.7863867804604,0.16699999999999998,5.988023952095809,23424.0
STH500641,TF101807,Silver,7,4466.1313674856365,0.191,5.2356020942408374,23383.0
STH506223,TF118473,Platinum,8,3623.1027458454687,0.155,6.451612903225807,23375.0
STH504916,TF114554,Bronze,9,4367.368204124026,0.187,5.347593582887701,23355.0
STH502665,TF107743,Silver,8,4642.69223651785,0.19899999999999998,5.025125628140704,23330.0
STH507561,TF122297,Silver,4,4268.576754665228,0.183,5.46448087431694,23326.0
STH501333,TF103917,Bronze,7,4640.58760059736,0.19899999999999998,5.025125628140704,23320.0
STH508035,TF123657,Bronze,8,4008.271924364131,0.17300000000000001,5.780346820809248,23169.0
STH505286,TF115710,Silver,2,4557.419238007784,0.198,5.05050505050505,23017.0
STH505220,TF115499,Bronze,9,4186.618706535567,0.183,5.46448087431694,22878.0
STH508317,TF124433,Silver,5,4827.073039257379,0.213,4.694835680751174,22662.0
STH508171,TF124039,Bronze,8,4271.823956291862,0.19,5.2631578947368425,22483.0
STH502788,TF108090,Bronze,3,4193.899364056243,0.188,5.319148936170213,22308.0
STH505974,TF117784,Silver,8,4369.579940759338,0.198,5.05050505050505,22069.0
STH508431,TF124780,Bronze,8,4645.465410918262,0.212,4.716981132075472,21913.0
STH504827,TF114259,Silver,2,4464.987002527874,0.204,4.901960784313726,21887.0
STH503715,TF110855,Gold,8,4355.364822698927,0.19899999999999998,5.025125628140704,21886.0
STH508181,TF124062,Silver,8,4463.520295855446,0.204,4.901960784313726,21880.0
STH500320,TF100890,Bronze,5,4179.779378102837,0.195,5.128205128205128,21435.0
STH502397,TF106979,Bronze,2,4276.024780375552,0.2,5.0,21380.0
STH507310,TF121588,Silver,6,4460.530516700061,0.209,4.784688995215311,21342.0
STH507394,TF121837,Bronze,8,4278.911982157611,0.201,4.975124378109452,21288.0
STH504575,TF113476,Bronze,6,5145.40812630742,0.243,4.11522633744856,21175.0
STH500703,TF102015,Bronze,8,4280.374875841711,0.203,4.926108374384236,21086.0
STH501600,TF104686,Bronze,5,4184.503146609703,0.19899999999999998,5.025125628140704,21028.0
STH508166,TF124028,Silver,9,4365.832300315154,0.209,4.784688995215311,20889.0
STH503898,TF111407,Bronze,3,3995.5710232409515,0.192,5.208333333333333,20810.0
STH503564,TF110426,Silver,2,4092.1049164816923,0.19699999999999998,5.0761421319796955,20772.0
STH508164,TF124023,Platinum,8,4093.361400571648,0.198,5.05050505050505,20674.0
STH500826,TF102385,Gold,2,3987.948245307548,0.193,5.181347150259067,20663.0
STH503549,TF110388,Gold,5,5015.917886221942,0.243,4.11522633744856,20642.0
STH503743,TF110942,Gold,2,4272.648068103886,0.207,4.830917874396135,20641.0
STH503808,TF111129,Gold,3,4454.712513358901,0.218,4.587155963302752,20434.0
STH503347,TF109747,Bronze,5,4377.638640800087,0.215,4.651162790697675,20361.0
STH503812,TF111146,Bronze,7,4368.605795281563,0.21899999999999997,4.566210045662101,19948.0
STH503921,TF111474,Gold,5,4364.733603030332,0.21899999999999997,4.566210045662101,19930.0
STH507203,TF121304,Bronze,6,4564.650490241911,0.23,4.3478260869565215,19846.0
STH500664,TF101876,Bronze,8,4375.921476832667,0.221,4.524886877828054,19801.0
STH506725,TF119931,Bronze,6,4470.598417141835,0.226,4.424778761061947,19781.0
STH508264,TF124273,Silver,2,4092.004312595098,0.209,4.784688995215311,19579.0
STH504869,TF114420,Gold,2,4275.262350739576,0.21899999999999997,4.566210045662101,19522.0
STH502938,TF108508,Platinum,8,3642.9713795717057,0.187,5.347593582887701,19481.0
STH502334,TF106813,Silver,4,4182.155492053476,0.21600000000000003,4.629629629629629,19362.0
STH506561,TF119480,Silver,3,4291.001403668926,0.223,4.484304932735426,19242.0
STH503529,TF110338,Gold,5,4186.751344617923,0.21899999999999997,4.566210045662101,19118.0
STH501250,TF103692,Gold,2,4082.000318407624,0.214,4.672897196261682,19075.0
STH502143,TF106275,Gold,5,4175.969402936123,0.21899999999999997,4.566210045662101,19068.0
STH500015,TF100034,Gold,7,3982.582884247663,0.21,4.761904761904762,18965.0
STH506766,TF120051,Bronze,6,4284.491590386108,0.226,4.424778761061947,18958.0
STH507771,TF122848,Silver,8,4923.522458868419,0.26,3.846153846153846,18937.0
STH504836,TF114279,Gold,6,3989.3370613773814,0.212,4.716981132075472,18818.0
STH505259,TF115638,Silver,3,3997.7458236584057,0.213,4.694835680751174,18769.0
STH501340,TF103931,Bronze,2,4279.148881169476,0.228,4.385964912280701,18768.0
STH501357,TF103970,Gold,2,3710.0966301415197,0.198,5.05050505050505,18738.0
STH503440,TF110054,Bronze,6,4372.493371645825,0.23399999999999999,4.273504273504273,18686.0
STH504165,TF112204,Gold,2,3985.40464181144,0.214,4.672897196261682,18623.0
STH503432,TF110035,Bronze,5,4469.624896698922,0.242,4.132231404958678,18470.0
STH500182,TF100493,Silver,2,4456.700791528819,0.243,4.11522633744856,18340.0
STH504205,TF112316,Gold,5,3607.5290587076356,0.19699999999999998,5.0761421319796955,18312.0
STH506323,TF118767,Bronze,8,3893.04882611765,0.213,4.694835680751174,18277.0
STH505848,TF117384,Silver,9,4458.3811050724635,0.245,4.081632653061225,18197.0
STH502117,TF106204,Gold,2,4860.617305913497,0.268,3.731343283582089,18137.0
STH504584,TF113503,Bronze,3,4083.499258901262,0.226,4.424778761061947,18069.0
STH508374,TF124593,Bronze,9,4268.528171501865,0.23800000000000002,4.201680672268907,17935.0
STH508286,TF124335,Silver,8,4553.124695767953,0.254,3.937007874015748,17926.0
STH500637,TF101796,Silver,2,4183.613386085661,0.23399999999999999,4.273504273504273,17879.0
STH503807,TF111128,Silver,2,4378.382849978233,0.247,4.048582995951417,17726.0
STH501803,TF105276,Gold,9,3795.284254617326,0.215,4.651162790697675,17652.0
STH503279,TF109549,Platinum,6,4480.262649455725,0.254,3.937007874015748,17639.0
STH506672,TF119797,Gold,7,3791.112157034718,0.215,4.651162790697675,17633.0
STH505244,TF115590,Silver,9,4272.562830073094,0.243,4.11522633744856,17583.0
STH501374,TF104029,Bronze,9,4085.9421058566795,0.23399999999999999,4.273504273504273,17461.0
STH501845,TF105410,Gold,6,3985.03245724318,0.22899999999999998,4.366812227074236,17402.0
STH502368,TF106903,Bronze,7,4462.878171256287,0.259,3.861003861003861,17231.0
STH504798,TF114170,Gold,9,3990.0571957532297,0.23399999999999999,4.273504273504273,17052.0
STH505412,TF116114,Silver,4,4555.820180957673,0.268,3.731343283582089,16999.0
STH500261,TF100710,Gold,4,3994.0205578770933,0.237,4.219409282700422,16852.0
STH501996,TF105865,Bronze,5,5028.333298393933,0.3,3.3333333333333335,16761.0
STH500035,TF100103,Silver,3,4372.525994599429,0.262,3.8167938931297707,16689.0
STH505139,TF115247,Silver,7,4085.646400452122,0.245,4.081632653061225,16676.0
STH500702,TF102013,Silver,6,4461.260637732942,0.268,3.731343283582089,16646.0
STH500299,TF100825,Bronze,9,4184.030358154849,0.253,3.952569169960474,16538.0
STH507282,TF121501,Gold,5,3992.3860205811966,0.242,4.132231404958678,16497.0
STH506975,TF120628,Bronze,4,4381.6194116393635,0.266,3.7593984962406015,16472.0
STH504905,TF114507,Gold,4,3801.1875408666456,0.231,4.329004329004329,16455.0
STH508060,TF123710,Silver,4,4189.954079219759,0.255,3.9215686274509802,16431.0
STH506036,TF117974,Silver,3,4101.637499553768,0.25,4.0,16407.0
STH502454,TF107176,Bronze,8,4177.769453475215,0.255,3.9215686274509802,16383.0
STH507958,TF123397,Gold,2,3811.596623792032,0.23399999999999999,4.273504273504273,16289.0
STH505087,TF115087,Gold,8,4269.224809914863,0.264,3.7878787878787876,16171.0
STH504947,TF114658,Silver,2,4282.696807175969,0.266,3.7593984962406015,16100.0
STH503329,TF109694,Bronze,7,4375.817397025667,0.272,3.676470588235294,16088.0
STH500109,TF100311,Bronze,7,4456.791763237199,0.278,3.597122302158273,16032.0
STH508284,TF124328,Silver,3,4276.666334716643,0.267,3.745318352059925,16017.0
STH501999,TF105873,Silver,3,4831.745421639717,0.302,3.3112582781456954,15999.0
STH500265,TF100726,Silver,9,4265.96627636683,0.267,3.745318352059925,15977.0
STH508324,TF124464,Bronze,2,4838.886582554288,0.304,3.2894736842105265,15917.0
STH500872,TF102548,Bronze,9,4454.915191693002,0.28,3.571428571428571,15910.0
STH502900,TF108406,Silver,2,4561.359087815674,0.289,3.4602076124567476,15783.0
STH508302,TF124400,Bronze,7,4195.850386161795,0.266,3.7593984962406015,15774.0
STH507205,TF121307,Gold,7,3800.5039681611365,0.243,4.11522633744856,15640.0
STH501479,TF104322,Silver,8,4371.350347369468,0.281,3.558718861209964,15556.0
STH505484,TF116332,Silver,7,4284.9499001898475,0.276,3.623188405797101,15525.0
STH502565,TF107456,Platinum,6,3537.468492411855,0.22899999999999998,4.366812227074236,15447.0
STH500495,TF101423,Silver,8,4095.5527354848828,0.267,3.745318352059925,15339.0
STH504581,TF113497,Bronze,6,4276.233093105108,0.28,3.571428571428571,15272.0
STH503779,TF111048,Bronze,3,4651.497637635403,0.305,3.278688524590164,15251.0
STH502011,TF105893,Bronze,4,4091.1800205257186,0.26899999999999996,3.7174721189591082,15209.0
STH501050,TF103071,Gold,4,3996.608906257813,0.263,3.8022813688212924,15196.0
STH500081,TF100248,Bronze,9,4461.420277224103,0.294,3.4013605442176873,15175.0
STH502321,TF106776,Silver,3,4457.409847881472,0.294,3.4013605442176873,15161.0
STH508238,TF124214,Platinum,6,4098.156617704196,0.272,3.676470588235294,15067.0
STH503583,TF110476,Gold,6,3988.5264846468176,0.265,3.773584905660377,15051.0
STH505102,TF115132,Bronze,4,6358.794879523402,0.424,2.358490566037736,14997.0
STH508341,TF124504,Silver,3,3908.5268069356216,0.261,3.8314176245210727,14975.0
STH504121,TF112071,Bronze,6,4745.543034697961,0.318,3.144654088050314,14923.0
STH507100,TF121000,Silver,3,4176.076606097928,0.28,3.571428571428571,14915.0
STH502137,TF106262,Bronze,8,4276.098201208501,0.28800000000000003,3.472222222222222,14848.0
STH505233,TF115551,Gold,5,3992.9729838175977,0.272,3.676470588235294,14680.0
STH501583,TF104631,Bronze,7,4183.1159317171005,0.285,3.5087719298245617,14678.0
STH508460,TF124888,Bronze,2,4371.104555575992,0.298,3.3557046979865772,14668.0
STH500414,TF101157,Silver,3,4373.431584879234,0.299,3.3444816053511706,14627.0
STH500678,TF101912,Silver,6,4645.261431943642,0.318,3.144654088050314,14608.0
STH508393,TF124660,Gold,2,4074.371915867063,0.27899999999999997,3.584229390681004,14603.0
STH502981,TF108648,Gold,5,6250.334456223399,0.43,2.3255813953488373,14536.0
STH502439,TF107127,Bronze,4,4185.847119477858,0.28800000000000003,3.472222222222222,14534.0
STH501296,TF103823,Gold,7,4170.383603275909,0.287,3.4843205574912894,14531.0
STH501326,TF103890,Bronze,5,4095.952098580715,0.282,3.546099290780142,14525.0
STH502392,TF106962,Bronze,9,4461.199974349456,0.309,3.236245954692557,14438.0
STH506585,TF119542,Gold,6,3893.744290513859,0.271,3.6900369003690034,14368.0
STH506423,TF119067,Bronze,4,4644.369573423112,0.324,3.0864197530864197,14334.0
STH502761,TF108020,Gold,9,4455.869888066041,0.314,3.1847133757961785,14191.0
STH501525,TF104448,Silver,3,4088.0497631114777,0.289,3.4602076124567476,14146.0
STH502216,TF106464,Silver,9,4177.728154115001,0.29600000000000004,3.378378378378378,14114.0
STH503034,TF108816,Silver,5,4286.268057973957,0.304,3.2894736842105265,14100.0
STH506501,TF119325,Silver,8,4361.647318611227,0.31,3.2258064516129035,14070.0
STH504164,TF112203,Bronze,9,3995.607584911291,0.284,3.5211267605633805,14069.0
STH505819,TF117307,Gold,5,3917.909733864457,0.27899999999999997,3.584229390681004,14043.0
STH505265,TF115654,Silver,5,4656.843087209795,0.33399999999999996,2.9940119760479047,13943.0
STH505878,TF117478,Silver,5,4466.548295126604,0.32299999999999995,3.095975232198143,13828.0
STH508228,TF124175,Bronze,4,4280.82157605558,0.31,3.2258064516129035,13809.0
STH507161,TF121168,Silver,3,4374.995082449927,0.318,3.144654088050314,13758.0
STH505042,TF114958,Bronze,8,4367.8768482654705,0.318,3.144654088050314,13735.0
STH505663,TF116908,Bronze,7,3814.775283591569,0.278,3.597122302158273,13722.0
STH502875,TF108350,Bronze,8,5976.70366297123,0.436,2.293577981651376,13708.0
STH504592,TF113526,Bronze,4,3997.1030571102892,0.293,3.4129692832764507,13642.0
STH503935,TF111509,Bronze,3,4187.498449971596,0.308,3.2467532467532467,13596.0
STH504908,TF114522,Silver,7,4363.355516822849,0.321,3.115264797507788,13593.0
STH500151,TF100417,Silver,2,4466.384631237952,0.32899999999999996,3.0395136778115504,13576.0
STH501656,TF104850,Gold,6,3992.2440368015054,0.295,3.3898305084745766,13533.0
STH506140,TF118217,Silver,3,3626.370587635392,0.268,3.731343283582089,13531.0
STH501054,TF103085,Silver,5,4365.841112955398,0.32299999999999995,3.095975232198143,13517.0
STH500120,TF100326,Gold,3,4174.714119905791,0.309,3.236245954692557,13510.0
STH506374,TF118949,Silver,8,4174.692851902897,0.309,3.236245954692557,13510.0
STH502779,TF108061,Silver,3,4281.604510417641,0.319,3.134796238244514,13422.0
STH504956,TF114688,Bronze,6,4746.49345860549,0.354,2.824858757062147,13408.0
STH500557,TF101570,Silver,2,3715.589111155355,0.281,3.558718861209964,13223.0
STH504607,TF113563,Silver,9,4089.545890865157,0.311,3.215434083601286,13150.0
STH500042,TF100128,Gold,6,3446.9204213479825,0.263,3.8022813688212924,13106.0
STH500555,TF101562,Bronze,9,4084.991681949151,0.312,3.2051282051282053,13093.0
STH502001,TF105875,Bronze,2,4181.602780665762,0.32,3.125,13068.0
STH503171,TF109233,Silver,8,3719.8246373272063,0.285,3.5087719298245617,13052.0
STH502839,TF108259,Silver,8,4273.291777089185,0.32799999999999996,3.0487804878048785,13028.0
STH505257,TF115633,Bronze,3,4287.411082250314,0.33,3.0303030303030303,12992.0
STH507227,TF121367,Bronze,6,4479.5709751524755,0.349,2.865329512893983,12835.0
STH503889,TF111381,Bronze,9,4360.186264840897,0.341,2.9325513196480935,12786.0
STH505172,TF115360,Gold,8,3523.069402950826,0.276,3.623188405797101,12765.0
STH505982,TF117810,Bronze,7,4078.0228114334222,0.321,3.115264797507788,12704.0
STH507519,TF122182,Silver,3,4463.447478781219,0.35200000000000004,2.840909090909091,12680.0
STH503566,TF110435,Bronze,9,4172.758972392773,0.33,3.0303030303030303,12645.0
STH507491,TF122104,Gold,9,6548.451992602228,0.519,1.9267822736030829,12617.0
STH501347,TF103942,Gold,5,7021.628146166979,0.557,1.7953321364452421,12606.0
STH503365,TF109801,Gold,9,6341.677650298544,0.506,1.976284584980237,12533.0
STH505202,TF115452,Silver,5,4095.1730591035903,0.32799999999999996,3.0487804878048785,12485.0
STH506712,TF119902,Gold,5,3896.013935293397,0.315,3.1746031746031744,12368.0
STH506239,TF118520,Silver,9,4268.873251790955,0.34700000000000003,2.881844380403458,12302.0
STH506932,TF120502,Silver,8,4090.343807561061,0.33399999999999996,2.9940119760479047,12247.0
STH505971,TF117777,Bronze,8,6272.575109476153,0.514,1.9455252918287937,12203.0
STH500915,TF102663,Silver,9,4084.198225286217,0.335,2.9850746268656714,12192.0
STH507470,TF122043,Gold,9,6809.224838736412,0.5589999999999999,1.7889087656529519,12181.0
STH505496,TF116372,Gold,3,3906.0530193498785,0.321,3.115264797507788,12168.0
STH501023,TF103003,Gold,6,4083.901559882471,0.336,2.976190476190476,12154.0
STH503067,TF108925,Silver,9,4361.527696180952,0.36,2.7777777777777777,12115.0
STH507281,TF121500,Silver,8,4087.73123438514,0.341,2.9325513196480935,11987.0
STH500046,TF100144,Bronze,4,4657.93545873569,0.392,2.5510204081632653,11882.0
STH507739,TF122770,Silver,3,4376.019933259953,0.37,2.7027027027027026,11827.0
STH505176,TF115367,Silver,7,4264.951910248207,0.361,2.770083102493075,11814.0
STH504415,TF112984,Silver,2,4181.069782589552,0.354,2.824858757062147,11811.0
STH508219,TF124147,Bronze,5,4367.890012427351,0.371,2.6954177897574123,11773.0
STH508090,TF123804,Bronze,4,3992.404178918776,0.34,2.941176470588235,11742.0
STH505613,TF116735,Bronze,6,4367.161065411259,0.37200000000000005,2.6881720430107525,11740.0
STH503931,TF111498,Gold,4,4271.410476946349,0.364,2.7472527472527473,11735.0
STH508178,TF124052,Bronze,6,4099.292917158397,0.35200000000000004,2.840909090909091,11646.0
STH506559,TF119476,Bronze,3,3628.313919733848,0.312,3.2051282051282053,11629.0
STH503901,TF111418,Gold,6,3986.4300859532577,0.34299999999999997,2.915451895043732,11622.0
STH501126,TF103287,Gold,7,3435.9235774573262,0.299,3.3444816053511706,11491.0
STH506491,TF119291,Bronze,9,4176.870078162831,0.364,2.7472527472527473,11475.0
STH506344,TF118862,Bronze,3,4459.707551301567,0.39,2.564102564102564,11435.0
STH506979,TF120634,Silver,6,4277.71520191036,0.375,2.6666666666666665,11407.0
STH507290,TF121516,Silver,7,3629.721103904022,0.319,3.134796238244514,11378.0
STH503252,TF109459,Silver,3,4364.820668465494,0.384,2.6041666666666665,11367.0
STH506763,TF120047,Silver,3,4375.656583517716,0.385,2.5974025974025974,11365.0
STH503969,TF111625,Silver,7,4184.827289666869,0.369,2.710027100271003,11341.0
STH502704,TF107861,Bronze,9,4364.9742243629835,0.385,2.5974025974025974,11338.0
STH507136,TF121091,Silver,8,4468.061240981758,0.397,2.5188916876574305,11255.0
STH505734,TF117089,Platinum,3,4568.36203241653,0.406,2.463054187192118,11252.0
STH504984,TF114784,Bronze,4,3990.0166872820946,0.355,2.8169014084507045,11239.0
STH503026,TF108789,Silver,9,3995.5627874448924,0.35600000000000004,2.8089887640449436,11223.0
STH504588,TF113514,Bronze,5,4281.019878610406,0.385,2.5974025974025974,11120.0
STH503085,TF108975,Bronze,4,4370.352885310429,0.39299999999999996,2.544529262086514,11120.0
STH504855,TF114366,Gold,5,5218.5569095427145,0.47100000000000003,2.1231422505307855,11080.0
STH506074,TF118085,Silver,8,6739.7588734042165,0.614,1.6286644951140066,10977.0
STH506802,TF120163,Platinum,4,3538.8314838236893,0.324,3.0864197530864197,10922.0
STH500288,TF100786,Silver,7,4368.143476344934,0.4,2.5,10920.0
STH502635,TF107650,Silver,9,3993.372141561854,0.36700000000000005,2.7247956403269753,10881.0
STH505451,TF116235,Silver,7,7022.644039720539,0.6459999999999999,1.5479876160990715,10871.0
STH505232,TF115549,Platinum,6,4097.213274364874,0.377,2.6525198938992043,10868.0
STH504320,TF112662,Silver,7,4454.494059817104,0.41100000000000003,2.4330900243309,10838.0
STH507155,TF121148,Bronze,2,6841.261230173164,0.632,1.5822784810126582,10825.0
STH506326,TF118790,Gold,7,4078.7255099368767,0.379,2.638522427440633,10762.0
STH502248,TF106542,Bronze,3,4191.117217313916,0.391,2.557544757033248,10719.0
STH503786,TF111081,Gold,3,6834.98189399901,0.64,1.5625,10680.0
STH506897,TF120418,Silver,6,4182.821970587402,0.39299999999999996,2.544529262086514,10643.0
STH508240,TF124220,Gold,3,3903.4106088556246,0.368,2.717391304347826,10607.0
STH500811,TF102342,Bronze,3,4089.5856669203495,0.386,2.5906735751295336,10595.0
STH502119,TF106211,Bronze,8,5426.106451575465,0.514,1.9455252918287937,10557.0
STH500370,TF101033,Silver,5,4377.400044972081,0.41600000000000004,2.4038461538461537,10523.0
STH507883,TF123179,Silver,6,4174.10104431503,0.4,2.5,10435.0
STH501291,TF103805,Bronze,6,4371.608168340761,0.419,2.3866348448687353,10433.0
STH501441,TF104215,Gold,9,3710.9327805589196,0.35600000000000004,2.8089887640449436,10424.0
STH507447,TF121970,Silver,8,4559.454493569621,0.43799999999999994,2.2831050228310503,10410.0
STH507801,TF122932,Gold,3,6719.546447732886,0.647,1.5455950540958268,10386.0
STH503266,TF109503,Silver,4,5990.258076667973,0.58,1.7241379310344829,10328.0
STH500343,TF100946,Gold,8,3426.813990503379,0.332,3.012048192771084,10322.0
STH506621,TF119647,Bronze,7,4369.556219189092,0.425,2.3529411764705883,10281.0
STH507736,TF122756,Bronze,3,3617.101749955216,0.353,2.8328611898017,10247.0
STH500129,TF100354,Silver,7,4554.583763816927,0.445,2.247191011235955,10235.0
STH506435,TF119104,Bronze,9,3998.5145603354144,0.391,2.557544757033248,10226.0
STH500887,TF102592,Silver,3,4360.0182172257,0.43,2.3255813953488373,10140.0
STH504625,TF113618,Gold,4,3895.239613966722,0.387,2.5839793281653747,10065.0
STH503562,TF110423,Silver,5,5613.3208372515755,0.5579999999999999,1.792114695340502,10060.0
STH506093,TF118118,Bronze,5,4370.283992188394,0.435,2.2988505747126435,10047.0
STH505120,TF115191,Gold,2,3618.951532465567,0.36200000000000004,2.762430939226519,9997.0
STH500865,TF102528,Silver,8,4175.55012570697,0.418,2.3923444976076556,9989.0
STH500111,TF100313,Bronze,5,4371.873036695415,0.43799999999999994,2.2831050228310503,9981.0
STH504184,TF112248,Gold,4,4084.847028509642,0.41,2.4390243902439024,9963.0
STH502351,TF106870,Platinum,6,3815.481910947091,0.38299999999999995,2.6109660574412534,9962.0
STH507294,TF121526,Silver,7,4093.8549013194806,0.41100000000000003,2.4330900243309,9961.0
STH506227,TF118486,Silver,7,3991.8645048050475,0.402,2.487562189054726,9930.0
STH505231,TF115540,Silver,6,4180.6727077059395,0.42100000000000004,2.375296912114014,9930.0
STH506911,TF120447,Bronze,6,4090.95217819766,0.41200000000000003,2.4271844660194173,9929.0
STH501067,TF103118,Silver,9,4368.152312502877,0.444,2.2522522522522523,9838.0
STH502272,TF106612,Silver,9,4736.655278769249,0.486,2.05761316872428,9746.0
STH508105,TF123834,Silver,8,4083.5944513004533,0.419,2.3866348448687353,9746.0
STH508448,TF124835,Bronze,2,4173.9719701774375,0.43,2.3255813953488373,9707.0
STH500438,TF101240,Silver,7,6270.2274549199265,0.6459999999999999,1.5479876160990715,9706.0
STH504669,TF113734,Bronze,9,3619.7179195543886,0.373,2.680965147453083,9704.0
STH502071,TF106059,Gold,6,4175.680206939441,0.43200000000000005,2.3148148148148144,9666.0
STH508327,TF124476,Silver,5,4083.6848936551696,0.423,2.3640661938534278,9654.0
STH503271,TF109516,Bronze,2,3992.889309879792,0.415,2.4096385542168677,9621.0
STH501951,TF105733,Gold,8,3976.762550537579,0.414,2.4154589371980677,9606.0
STH505557,TF116552,Silver,2,3903.58153935154,0.40700000000000003,2.457002457002457,9591.0
STH504653,TF113682,Silver,3,4644.316418417389,0.48700000000000004,2.0533880903490758,9537.0
STH504720,TF113918,Bronze,6,4368.188767511625,0.461,2.1691973969631237,9475.0
STH508306,TF124408,Bronze,3,4184.367861053308,0.444,2.2522522522522523,9424.0
STH508015,TF123580,Silver,4,3902.44227236276,0.41600000000000004,2.4038461538461537,9381.0
STH501113,TF103253,Bronze,6,4094.580765155203,0.43799999999999994,2.2831050228310503,9348.0
STH505406,TF116098,Bronze,7,4366.432118395167,0.469,2.1321961620469083,9310.0
STH506035,TF117973,Silver,3,4079.3271260649017,0.44,2.272727272727273,9271.0
STH506852,TF120296,Bronze,2,4000.123250787534,0.43200000000000005,2.3148148148148144,9260.0
STH500588,TF101667,Bronze,4,4002.6289724967305,0.433,2.3094688221709005,9244.0
STH505584,TF116642,Silver,2,4092.5268437745744,0.44299999999999995,2.2573363431151243,9238.0
STH506732,TF119958,Gold,8,3902.0076656114875,0.423,2.3640661938534278,9225.0
STH502808,TF108166,Silver,6,4175.610391029076,0.457,2.1881838074398248,9137.0
STH505305,TF115757,Silver,6,4173.586337877745,0.457,2.1881838074398248,9133.0
STH505821,TF117310,Silver,2,4554.734471493749,0.501,1.996007984031936,9091.0
STH504980,TF114773,Bronze,6,3812.0629786488116,0.42100000000000004,2.375296912114014,9055.0
STH505164,TF115324,Bronze,5,3998.8420000190627,0.444,2.2522522522522523,9006.0
STH501354,TF103955,Platinum,4,4691.208062854109,0.521,1.9193857965451055,9004.0
STH505664,TF116911,Silver,3,3986.370584228867,0.44299999999999995,2.2573363431151243,8999.0
STH502791,TF108106,Silver,6,4088.881615491293,0.457,2.1881838074398248,8947.0
STH501927,TF105660,Silver,2,4090.9925724629,0.45799999999999996,2.183406113537118,8932.0
STH500292,TF100798,Bronze,2,3906.976767967262,0.43799999999999994,2.2831050228310503,8920.0
STH501566,TF104582,Bronze,8,4186.322802741634,0.47100000000000003,2.1231422505307855,8888.0
STH503919,TF111466,Silver,5,4278.444148926452,0.483,2.070393374741201,8858.0
STH505069,TF115036,Silver,7,5705.915016319468,0.6459999999999999,1.5479876160990715,8833.0
STH501578,TF104619,Platinum,9,7407.600808221456,0.8390000000000001,1.1918951132300357,8829.0
STH502801,TF108145,Silver,3,4275.3433325810665,0.485,2.061855670103093,8815.0
STH505082,TF115080,Bronze,6,4368.8949912782455,0.496,2.0161290322580645,8808.0
STH508136,TF123930,Gold,7,3615.3067973851075,0.41200000000000003,2.4271844660194173,8775.0
STH501997,TF105869,Gold,5,3905.9928427708855,0.447,2.237136465324385,8738.0
STH504563,TF113435,Bronze,9,3992.7006094871667,0.457,2.1881838074398248,8737.0
STH502096,TF106135,Bronze,3,3999.3943037714416,0.46,2.1739130434782608,8694.0
STH501548,TF104528,Bronze,7,3716.7913842573435,0.428,2.336448598130841,8684.0
STH504276,TF112547,Silver,6,4363.1052126434115,0.503,1.9880715705765408,8674.0
STH507074,TF120915,Bronze,9,4363.523587941261,0.504,1.9841269841269842,8658.0
STH502675,TF107777,Gold,4,4177.043198351274,0.484,2.066115702479339,8630.0
STH506856,TF120303,Gold,3,5518.252870597939,0.64,1.5625,8622.0
STH502083,TF106108,Bronze,7,3719.4502047695564,0.43200000000000005,2.3148148148148144,8610.0
STH502291,TF106675,Silver,9,3992.530983338973,0.46399999999999997,2.1551724137931036,8605.0
STH504981,TF114775,Silver,3,4083.135834391459,0.475,2.1052631578947367,8596.0
STH501924,TF105653,Bronze,4,5499.675245826083,0.644,1.5527950310559007,8540.0
STH504259,TF112502,Bronze,5,3720.9080988017404,0.43799999999999994,2.2831050228310503,8495.0
STH501461,TF104260,Silver,4,4460.622133071567,0.527,1.8975332068311195,8464.0
STH500394,TF101099,Silver,6,3718.375555935266,0.44,2.272727272727273,8451.0
STH505422,TF116144,Bronze,6,4092.2657299896428,0.486,2.05761316872428,8420.0
STH503973,TF111634,Silver,9,4079.741403490437,0.485,2.061855670103093,8412.0
STH506361,TF118907,Bronze,5,3808.2948542093964,0.45299999999999996,2.207505518763797,8407.0
STH507140,TF121106,Platinum,7,3633.065044538945,0.433,2.3094688221709005,8390.0
STH504842,TF114296,Silver,4,3980.9389959178434,0.47600000000000003,2.1008403361344534,8363.0
STH506011,TF117904,Silver,9,3896.4252168123694,0.466,2.1459227467811157,8361.0
STH504714,TF113881,Silver,5,4171.921305132794,0.5,2.0,8344.0
STH502946,TF108531,Platinum,9,3815.2641937774124,0.45799999999999996,2.183406113537118,8330.0
STH502156,TF106315,Silver,3,4086.288762473384,0.49200000000000005,2.0325203252032518,8305.0
STH506894,TF120414,Bronze,2,5242.375987471865,0.632,1.5822784810126582,8295.0
STH505239,TF115572,Gold,4,4356.815482623864,0.526,1.9011406844106462,8283.0
STH505364,TF115950,Silver,6,3991.0002722325607,0.483,2.070393374741201,8263.0
STH508098,TF123821,Bronze,5,4464.336065288471,0.541,1.8484288354898335,8252.0
STH501842,TF105396,Bronze,4,4364.926531185398,0.529,1.8903591682419658,8251.0
STH506394,TF118998,Silver,3,4463.447478781219,0.541,1.8484288354898335,8250.0
STH502409,TF107016,Silver,2,4180.630031570143,0.509,1.9646365422396856,8213.0
STH503736,TF110915,Bronze,9,3617.250029629523,0.441,2.2675736961451247,8202.0
STH507434,TF121938,Silver,8,3899.6270881849878,0.47600000000000003,2.1008403361344534,8192.0
STH501207,TF103564,Bronze,7,4005.306210973216,0.489,2.044989775051125,8191.0
STH504383,TF112894,Silver,8,4364.800246693152,0.5329999999999999,1.8761726078799252,8189.0
STH505156,TF115302,Bronze,6,4829.420693813605,0.591,1.6920473773265652,8172.0
STH508110,TF123847,Bronze,7,7003.824842721798,0.8590000000000001,1.1641443538998835,8153.0
STH506675,TF119802,Gold,7,3807.951888711572,0.47,2.127659574468085,8102.0
STH506576,TF119520,Gold,8,3706.505550902983,0.45899999999999996,2.178649237472767,8075.0
STH502762,TF108021,Platinum,6,3819.1849606926744,0.473,2.1141649048625792,8074.0
STH507000,TF120695,Bronze,9,3803.055765523568,0.47200000000000003,2.11864406779661,8057.0
STH507256,TF121440,Bronze,6,4183.844878733193,0.521,1.9193857965451055,8030.0
STH503140,TF109120,Silver,6,4465.39742081763,0.5579999999999999,1.792114695340502,8003.0
STH505483,TF116331,Gold,7,3239.098504984802,0.405,2.4691358024691357,7998.0
STH506042,TF117983,Bronze,9,3798.7825124387664,0.475,2.1052631578947367,7997.0
STH500063,TF100200,Bronze,4,4006.6987380905034,0.502,1.9920318725099602,7981.0
STH506000,TF117858,Gold,4,4353.4926512412085,0.5479999999999999,1.8248175182481754,7944.0
STH508248,TF124235,Bronze,3,5026.733166964542,0.635,1.574803149606299,7916.0
STH508065,TF123727,Silver,2,4368.734177770295,0.552,1.8115942028985506,7914.0
STH507695,TF122667,Silver,3,3438.4061776833128,0.436,2.293577981651376,7886.0
STH506910,TF120446,Platinum,8,3543.2222001237747,0.45,2.2222222222222223,7874.0
STH507462,TF122007,Silver,6,4185.365596269287,0.532,1.8796992481203008,7867.0
STH503500,TF110251,Gold,9,3337.19912197491,0.425,2.3529411764705883,7852.0
STH505143,TF115258,Silver,2,4184.228411937723,0.535,1.8691588785046729,7821.0
STH504953,TF114682,Silver,7,4078.8053177615766,0.522,1.9157088122605364,7814.0
STH507268,TF121468,Bronze,8,4274.045078040043,0.547,1.8281535648994514,7814.0
STH507483,TF122089,Bronze,6,4273.1025041868215,0.547,1.8281535648994514,7812.0
STH503402,TF109929,Platinum,2,4758.8965625630935,0.611,1.6366612111292962,7789.0
STH502116,TF106202,Bronze,3,3532.2645271893466,0.45399999999999996,2.2026431718061676,7780.0
STH504977,TF114768,Silver,3,3903.693750558329,0.505,1.9801980198019802,7730.0
STH504056,TF111898,Bronze,3,4366.953926698491,0.565,1.7699115044247788,7729.0
STH504228,TF112377,Silver,7,4275.558133434986,0.555,1.8018018018018016,7704.0
STH505209,TF115469,Bronze,2,4274.57414395383,0.555,1.8018018018018016,7702.0
STH505430,TF116169,Silver,7,3801.357918126713,0.494,2.0242914979757085,7695.0
STH504344,TF112750,Bronze,2,3996.2625408363647,0.525,1.9047619047619047,7612.0
STH500930,TF102716,Silver,8,4001.9249976254514,0.532,1.8796992481203008,7522.0
STH500183,TF100494,Gold,9,3983.388400817479,0.537,1.8621973929236497,7418.0
STH502462,TF107193,Bronze,3,3998.4719202937963,0.54,1.8518518518518516,7405.0
STH501516,TF104420,Silver,6,3898.541378721063,0.53,1.8867924528301885,7356.0
STH508475,TF124931,Bronze,2,4369.097602280098,0.594,1.6835016835016836,7355.0
STH503644,TF110653,Gold,8,3607.7361974204023,0.491,2.0366598778004072,7348.0
STH502021,TF105925,Bronze,6,4273.1025041868215,0.584,1.7123287671232879,7317.0
STH506037,TF117975,Bronze,8,3792.9956632256403,0.52,1.923076923076923,7294.0
STH504892,TF114478,Bronze,4,4096.211368515951,0.5660000000000001,1.7667844522968197,7237.0
STH502274,TF106617,Silver,4,4273.884264532093,0.602,1.6611295681063123,7099.0
STH500596,TF101681,Silver,2,4177.916854507627,0.59,1.6949152542372883,7081.0
STH503040,TF108837,Silver,5,3901.713325346668,0.552,1.8115942028985506,7068.0
STH504487,TF113197,Silver,2,6337.305827482827,0.897,1.1148272017837235,7065.0
STH500775,TF102255,Bronze,6,4272.739065701471,0.605,1.6528925619834711,7062.0
STH506472,TF119234,Bronze,6,3995.3998759404553,0.5670000000000001,1.763668430335097,7047.0
STH504554,TF113398,Bronze,8,4844.68731444217,0.6890000000000001,1.4513788098693758,7031.0
STH501970,TF105772,Gold,9,3515.3491570652777,0.503,1.9880715705765408,6989.0
STH503123,TF109063,Gold,9,3988.003502326703,0.5720000000000001,1.7482517482517481,6972.0
STH506262,TF118593,Bronze,2,4395.907329571176,0.632,1.5822784810126582,6956.0
STH500759,TF102213,Silver,9,6432.777156859333,0.9309999999999999,1.0741138560687433,6910.0
STH500797,TF102304,Silver,6,3994.130861150848,0.578,1.7301038062283738,6910.0
STH500248,TF100669,Silver,4,4099.03259503797,0.595,1.680672268907563,6889.0
STH508407,TF124707,Silver,6,4107.758720634261,0.598,1.6722408026755853,6869.0
STH503143,TF109130,Silver,6,4185.556236682961,0.612,1.6339869281045751,6839.0
STH504865,TF114406,Bronze,6,3812.2339054413,0.5589999999999999,1.7889087656529519,6820.0
STH504580,TF113496,Bronze,9,4092.203283693254,0.601,1.663893510815308,6809.0
STH500607,TF101710,Bronze,7,6061.10336006353,0.897,1.1148272017837235,6757.0
STH507876,TF123149,Silver,5,4080.777918231045,0.605,1.6528925619834711,6745.0
STH504401,TF112941,Bronze,4,3903.075874325565,0.579,1.7271157167530227,6741.0
STH501282,TF103789,Silver,5,3990.7787953411234,0.593,1.6863406408094437,6730.0
STH502615,TF107605,Gold,8,3714.3749046375274,0.5529999999999999,1.8083182640144668,6717.0
STH502087,TF106113,Silver,9,3991.944020102572,0.596,1.6778523489932886,6698.0
STH501677,TF104918,Bronze,9,4080.848881184157,0.61,1.639344262295082,6690.0
STH502854,TF108295,Silver,5,4270.391411145245,0.64,1.5625,6672.0
STH502789,TF108091,Gold,4,4081.195588349786,0.612,1.6339869281045751,6669.0
STH504990,TF114806,Bronze,2,3808.1583946362116,0.5710000000000001,1.7513134851138352,6669.0
STH507646,TF122515,Silver,7,3991.0819019470327,0.599,1.669449081803005,6663.0
STH506050,TF118010,Bronze,8,3803.5644096650126,0.573,1.7452006980802794,6638.0
STH507166,TF121186,Silver,2,4178.889617578794,0.63,1.5873015873015872,6633.0
STH508116,TF123860,Bronze,5,3987.989291769001,0.604,1.6556291390728477,6603.0
STH501523,TF104439,Bronze,5,3906.3534244896805,0.595,1.680672268907563,6565.0
STH506293,TF118683,Bronze,6,4269.971915268534,0.655,1.5267175572519083,6519.0
STH500465,TF101332,Bronze,2,4373.200954269551,0.6729999999999999,1.485884101040119,6498.0
STH506877,TF120365,Silver,7,3899.9368042710803,0.601,1.663893510815308,6489.0
STH500411,TF101139,Bronze,3,3532.75270561338,0.545,1.8348623853211008,6482.0
STH503872,TF111321,Bronze,8,3984.708630230887,0.619,1.6155088852988693,6437.0
STH500184,TF100495,Bronze,2,3528.3961550970253,0.55,1.8181818181818181,6415.0
STH500100,TF100283,Bronze,5,5303.622783906029,0.8270000000000001,1.2091898428053203,6413.0
STH502165,TF106330,Silver,3,3994.5101154164136,0.623,1.6051364365971108,6412.0
STH500538,TF101524,Silver,4,3808.0715722192795,0.597,1.6750418760469012,6379.0
STH503386,TF109860,Bronze,3,3894.736007484586,0.611,1.6366612111292962,6374.0
STH502233,TF106509,Bronze,5,3906.3534244896805,0.613,1.6313213703099512,6373.0
STH506847,TF120284,Silver,5,4094.7724404456594,0.643,1.5552099533437014,6368.0
STH500852,TF102494,Silver,3,4363.357774781395,0.6859999999999999,1.457725947521866,6361.0
STH500181,TF100492,Bronze,3,4281.550523071673,0.674,1.4836795252225519,6352.0
STH507912,TF123265,Silver,8,3894.681044210697,0.615,1.6260162601626016,6333.0
STH503091,TF108991,Platinum,6,3814.5375047198677,0.603,1.658374792703151,6326.0
STH504130,TF112090,Bronze,5,4088.8578939210474,0.649,1.5408320493066254,6300.0
STH500339,TF100938,Bronze,4,3999.592606326267,0.635,1.574803149606299,6299.0
STH508430,TF124778,Gold,7,3800.5039681611365,0.604,1.6556291390728477,6292.0
STH504214,TF112348,Bronze,5,4271.4439595662325,0.679,1.4727540500736376,6291.0
STH504862,TF114401,Bronze,2,3539.1707747959235,0.563,1.7761989342806397,6286.0
STH505910,TF117590,Silver,8,3619.595263636645,0.5760000000000001,1.736111111111111,6284.0
STH500888,TF102593,Silver,2,3522.9630031843435,0.561,1.7825311942959,6280.0
STH503077,TF108952,Silver,2,4086.5779584700667,0.6509999999999999,1.5360983102918588,6277.0
STH502604,TF107572,Bronze,6,4832.63518216376,0.7709999999999999,1.297016861219196,6268.0
STH504067,TF111919,Gold,2,3621.858507889691,0.581,1.721170395869191,6234.0
STH507454,TF121985,Bronze,4,3711.988373609894,0.597,1.6750418760469012,6218.0
STH507730,TF122743,Gold,6,3978.220444569763,0.64,1.5625,6216.0
STH505369,TF115968,Bronze,2,3622.107371604517,0.583,1.7152658662092626,6213.0
STH502844,TF108274,Silver,4,5123.291248906304,0.826,1.2106537530266344,6203.0
STH500782,TF102275,Gold,9,3699.09019962579,0.597,1.6750418760469012,6196.0
STH505254,TF115625,Silver,2,3902.0721926374936,0.632,1.5822784810126582,6174.0
STH508033,TF123640,Silver,3,3524.2497499160313,0.575,1.7391304347826089,6129.0
STH507626,TF122464,Bronze,5,3904.8115862100985,0.638,1.567398119122257,6120.0
STH500906,TF102647,Silver,9,3729.363587185679,0.611,1.6366612111292962,6104.0
STH503742,TF110941,Silver,4,3431.8632798189738,0.564,1.773049645390071,6085.0
STH507453,TF121984,Bronze,4,4085.483488947685,0.672,1.488095238095238,6080.0
STH507685,TF122634,Silver,7,4187.767238171483,0.6890000000000001,1.4513788098693758,6078.0
STH505876,TF117474,Bronze,8,3901.5913457385127,0.644,1.5527950310559007,6058.0
STH506530,TF119393,Gold,7,3694.122147983595,0.611,1.6366612111292962,6046.0
STH503772,TF111020,Bronze,4,3528.4049912549676,0.585,1.7094017094017095,6031.0
STH505264,TF115653,Bronze,8,3899.377483403182,0.652,1.5337423312883436,5981.0
STH501040,TF103049,Bronze,7,3903.854564066279,0.653,1.5313935681470137,5978.0
STH508112,TF123851,Bronze,9,3813.317389559385,0.638,1.567398119122257,5977.0
STH506201,TF118396,Bronze,2,3891.815750877208,0.653,1.5313935681470137,5960.0
STH507974,TF123429,Gold,6,3517.2207926185565,0.591,1.6920473773265652,5951.0
STH506224,TF118479,Silver,7,4087.1466296092503,0.6890000000000001,1.4513788098693758,5932.0
STH501636,TF104790,Silver,7,3900.048522275048,0.6579999999999999,1.5197568389057752,5927.0
STH501178,TF103455,Bronze,3,5216.84426646059,0.8809999999999999,1.135073779795687,5922.0
STH505277,TF115690,Gold,2,3718.2772015078863,0.63,1.5873015873015872,5902.0
STH508088,TF123797,Silver,4,3714.8606573420843,0.634,1.5772870662460567,5859.0
STH504985,TF114786,Gold,6,3799.0321635197256,0.6509999999999999,1.5360983102918588,5836.0
STH507212,TF121326,Bronze,9,3902.396670034095,0.669,1.4947683109118086,5833.0
STH505918,TF117623,Silver,6,3903.5727267112957,0.67,1.4925373134328357,5826.0
STH502286,TF106658,Silver,7,3908.601871541467,0.6759999999999999,1.4792899408284026,5782.0
STH506779,TF120090,Silver,4,3993.7811684003213,0.693,1.443001443001443,5763.0
STH503215,TF109358,Silver,6,4368.531566768443,0.758,1.3192612137203166,5763.0
STH502721,TF107894,Bronze,8,3801.423221715285,0.662,1.510574018126888,5742.0
STH505298,TF115731,Bronze,8,3902.3961768312743,0.68,1.4705882352941175,5739.0
STH501019,TF102996,Bronze,6,3997.7944259595665,0.6970000000000001,1.4347202295552366,5736.0
STH507639,TF122498,Bronze,2,3911.9317368661004,0.6829999999999999,1.4641288433382138,5728.0
STH500890,TF102597,Silver,6,3893.9969563514214,0.682,1.4662756598240467,5710.0
STH503268,TF109508,Bronze,7,3524.4105634239813,0.618,1.6181229773462784,5703.0
STH503214,TF109354,Gold,5,3514.42032894688,0.619,1.6155088852988693,5678.0
STH502962,TF108593,Silver,6,4365.818389705927,0.769,1.3003901170351104,5677.0
STH501633,TF104785,Bronze,2,3709.8330684513335,0.654,1.529051987767584,5673.0
STH502831,TF108243,Bronze,8,3993.4295565032585,0.7070000000000001,1.4144271570014142,5648.0
STH501657,TF104851,Silver,8,3447.9363149015417,0.614,1.6286644951140066,5616.0
STH507700,TF122676,Silver,8,3986.45076634312,0.71,1.4084507042253522,5615.0
STH506218,TF118457,Bronze,2,3911.9317368661004,0.6970000000000001,1.4347202295552366,5613.0
STH503104,TF109029,Silver,6,4932.844005368902,0.879,1.1376564277588168,5612.0
STH501910,TF105610,Gold,8,3804.5641211832667,0.6779999999999999,1.4749262536873158,5611.0
STH500905,TF102645,Bronze,4,4185.847119477858,0.747,1.3386880856760375,5604.0
STH506457,TF119174,Silver,4,3607.053613616522,0.645,1.5503875968992247,5592.0
STH503806,TF111124,Silver,3,3991.0907145872766,0.715,1.3986013986013988,5582.0
STH507451,TF121980,Gold,8,3247.1743614871707,0.583,1.7152658662092626,5570.0
STH503139,TF109118,Silver,8,4012.2487535020005,0.722,1.3850415512465375,5557.0
STH502820,TF108202,Gold,5,3514.42032894688,0.635,1.574803149606299,5535.0
STH508498,TF124996,Silver,5,3920.3835214502,0.7090000000000001,1.4104372355430181,5529.0
STH504524,TF113314,Silver,5,3902.235856526145,0.7070000000000001,1.4144271570014142,5519.0
STH502654,TF107720,Bronze,7,3989.2445747993324,0.723,1.3831258644536653,5518.0
STH503367,TF109804,Platinum,2,3453.963017864471,0.631,1.5847860538827259,5474.0
STH502080,TF106102,Silver,2,3896.9103146992197,0.7120000000000001,1.4044943820224718,5473.0
STH505495,TF116371,Gold,7,3603.6771849144084,0.66,1.5151515151515151,5460.0
STH508146,TF123961,Platinum,8,3815.0138895979753,0.7,1.4285714285714286,5450.0
STH505667,TF116917,Silver,2,4653.873751586043,0.856,1.1682242990654206,5437.0
STH501512,TF104414,Silver,3,3733.737269282231,0.6890000000000001,1.4513788098693758,5419.0
STH502540,TF107385,Bronze,3,3905.342230671365,0.7240000000000001,1.3812154696132595,5394.0
STH501165,TF103430,Silver,9,3991.944020102572,0.742,1.3477088948787062,5380.0
STH501028,TF103018,Gold,8,3526.3397281171865,0.657,1.5220700152207,5367.0
STH500254,TF100686,Bronze,8,3805.3254103031054,0.71,1.4084507042253522,5360.0
STH501868,TF105500,Bronze,5,3900.0236266880124,0.728,1.3736263736263736,5357.0
STH501888,TF105553,Bronze,8,3994.2828385008556,0.746,1.3404825737265416,5354.0
STH502739,TF107949,Gold,8,3601.483109758886,0.6809999999999999,1.4684287812041117,5289.0
STH500984,TF102881,Bronze,4,4095.848018773714,0.7759999999999999,1.288659793814433,5278.0
STH500064,TF100204,Silver,3,3611.4607403255627,0.685,1.4598540145985401,5272.0
STH504472,TF113144,Silver,3,4181.2912594809895,0.794,1.2594458438287153,5266.0
STH503707,TF110838,Silver,2,3896.739886402927,0.743,1.3458950201884252,5245.0
STH505765,TF117160,Silver,7,4182.411650614714,0.799,1.2515644555694618,5235.0
STH502836,TF108252,Silver,9,3713.3375984648505,0.71,1.4084507042253522,5230.0
STH507536,TF122233,Bronze,9,3798.6926618839275,0.73,1.36986301369863,5204.0
STH500241,TF100652,Silver,9,4080.02464085507,0.787,1.2706480304955527,5184.0
STH507219,TF121341,Gold,5,3790.845245385702,0.736,1.358695652173913,5151.0
STH501451,TF104241,Platinum,6,4095.496148355861,0.7959999999999999,1.256281407035176,5145.0
STH501231,TF103623,Bronze,2,3643.490744770564,0.71,1.4084507042253522,5132.0
STH508201,TF124115,Silver,8,4082.644027392924,0.799,1.2515644555694618,5110.0
STH503938,TF111521,Silver,7,3895.268828208863,0.767,1.303780964797914,5079.0
STH504543,TF113364,Bronze,7,3806.5667827242105,0.752,1.3297872340425532,5062.0
STH501064,TF103112,Bronze,5,4264.964444081849,0.8440000000000001,1.1848341232227486,5053.0
STH500279,TF100764,Bronze,9,3525.6658464543125,0.7,1.4285714285714286,5037.0
STH507185,TF121240,Silver,7,3808.847565597111,0.757,1.321003963011889,5032.0
STH501993,TF105857,Silver,2,3715.8966240813866,0.7390000000000001,1.3531799729364005,5028.0
STH505832,TF117347,Bronze,4,4085.483488947685,0.8140000000000001,1.2285012285012284,5019.0
STH504105,TF112030,Silver,9,3617.1638491615477,0.721,1.3869625520110958,5017.0
STH500934,TF102725,Bronze,5,3912.7120319053233,0.78,1.282051282051282,5016.0
STH500627,TF101774,Gold,9,3796.84532247145,0.758,1.3192612137203166,5009.0
STH507630,TF122471,Silver,3,3808.2135559989706,0.762,1.3123359580052494,4998.0
STH504589,TF113517,Gold,5,3143.64569723636,0.63,1.5873015873015872,4990.0
STH505865,TF117439,Silver,2,3809.5294662514634,0.7659999999999999,1.3054830287206267,4973.0
STH501595,TF104662,Silver,4,3343.3176446411135,0.6759999999999999,1.4792899408284026,4946.0
STH507190,TF121268,Gold,3,3327.3454398768745,0.675,1.4814814814814814,4929.0
STH506639,TF119703,Silver,9,3430.7621704204003,0.696,1.4367816091954024,4929.0
STH505943,TF117692,Silver,9,3790.97266983021,0.77,1.2987012987012987,4923.0
STH506893,TF120413,Silver,9,3810.101051738993,0.7759999999999999,1.288659793814433,4910.0
STH500618,TF101748,Silver,7,3995.871001985255,0.815,1.2269938650306749,4903.0
STH503722,TF110873,Silver,5,3901.1518490418925,0.7959999999999999,1.256281407035176,4901.0
STH505037,TF114948,Gold,3,3799.4850787010155,0.7759999999999999,1.288659793814433,4896.0
STH501020,TF103000,Silver,7,4090.58457615312,0.836,1.1961722488038278,4893.0
STH500031,TF100083,Silver,5,3798.410419665437,0.78,1.282051282051282,4870.0
STH506197,TF118381,Bronze,4,3899.3862960434262,0.8009999999999999,1.2484394506866419,4868.0
STH503520,TF110311,Silver,8,3702.271066778495,0.777,1.287001287001287,4765.0
STH502828,TF108238,Silver,3,3720.0220420775377,0.782,1.278772378516624,4757.0
STH506178,TF118318,Platinum,5,3543.2057018246805,0.745,1.342281879194631,4756.0
STH507668,TF122590,Bronze,2,3989.0806015532353,0.841,1.1890606420927468,4743.0
STH507412,TF121881,Silver,9,3614.1983183725574,0.764,1.3089005235602094,4731.0
STH505885,TF117500,Bronze,8,3523.1691910028762,0.745,1.342281879194631,4729.0
STH505914,TF117611,Silver,5,3990.999098215771,0.8440000000000001,1.1848341232227486,4729.0
STH506665,TF119780,Silver,6,3996.599949001347,0.846,1.1820330969267139,4724.0
STH507825,TF123001,Bronze,6,3802.478700201088,0.807,1.2391573729863692,4712.0
STH508138,TF123937,Silver,7,3894.8290771894535,0.8270000000000001,1.2091898428053203,4710.0
STH504351,TF112771,Silver,5,3523.0620333368493,0.7490000000000001,1.3351134846461947,4704.0
STH500013,TF100023,Bronze,3,4086.6262540426496,0.872,1.146788990825688,4686.0
STH502584,TF107515,Gold,8,3424.349331602754,0.732,1.366120218579235,4678.0
STH508225,TF124164,Gold,3,3341.880316997493,0.718,1.392757660167131,4654.0
STH501779,TF105215,Bronze,5,3625.222055999476,0.7809999999999999,1.2804097311139566,4642.0
STH505250,TF115603,Platinum,6,3909.5339840471675,0.843,1.1862396204033214,4638.0
STH507759,TF122809,Gold,7,3427.521278228359,0.74,1.3513513513513513,4632.0
STH506846,TF120283,Silver,8,3986.048350796739,0.861,1.1614401858304297,4630.0
STH504876,TF114441,Gold,8,3704.912371314404,0.802,1.2468827930174562,4620.0
STH502551,TF107415,Bronze,9,3898.64853638709,0.8440000000000001,1.1848341232227486,4619.0
STH502447,TF107149,Gold,5,3601.922301370641,0.7809999999999999,1.2804097311139566,4612.0
STH503177,TF109246,Gold,9,3521.678954866946,0.7659999999999999,1.3054830287206267,4597.0
STH507517,TF122180,Silver,3,3991.796938353898,0.87,1.1494252873563218,4588.0
STH508316,TF124429,Bronze,5,4082.596716084473,0.89,1.1235955056179776,4587.0
STH508288,TF124338,Bronze,3,3726.6298512260737,0.813,1.2300123001230012,4584.0
STH501973,TF105787,Gold,5,3703.975111568755,0.809,1.2360939431396785,4578.0
STH507764,TF122820,Silver,8,3896.300881830864,0.852,1.1737089201877935,4573.0
STH508282,TF124321,Silver,7,3523.1415486343735,0.7709999999999999,1.297016861219196,4570.0
STH503676,TF110753,Silver,7,3427.5520662045888,0.7509999999999999,1.3315579227696406,4564.0
STH501793,TF105242,Bronze,3,3807.42944762012,0.835,1.1976047904191618,4560.0
STH508030,TF123629,Silver,6,3621.541336092862,0.795,1.2578616352201257,4555.0
STH507699,TF122673,Silver,2,3724.1424604217736,0.82,1.2195121951219512,4542.0
STH507563,TF122306,Silver,5,3995.7653984467447,0.883,1.1325028312570782,4525.0
STH506449,TF119150,Silver,5,3987.6258672591985,0.884,1.1312217194570136,4511.0
STH501538,TF104508,Silver,8,3802.761234135801,0.8440000000000001,1.1848341232227486,4506.0
STH501730,TF105065,Silver,7,3900.3560352010795,0.866,1.1547344110854503,4504.0
STH500119,TF100324,Silver,5,3337.4008867462094,0.742,1.3477088948787062,4498.0
STH504727,TF113938,Gold,2,3332.3476399777683,0.741,1.349527665317139,4497.0
STH506225,TF118483,Gold,4,3241.2853460330775,0.722,1.3850415512465375,4489.0
STH500245,TF100657,Bronze,5,3995.6163975515346,0.89,1.1235955056179776,4489.0
STH504073,TF111942,Silver,4,3707.1713580462283,0.826,1.2106537530266344,4488.0
STH504197,TF112297,Bronze,8,3803.5644096650126,0.851,1.1750881316098707,4470.0
STH501324,TF103886,Bronze,6,3536.2549867315556,0.7959999999999999,1.256281407035176,4443.0
STH506601,TF119586,Bronze,9,3624.672888453227,0.8190000000000001,1.2210012210012209,4426.0
STH507135,TF121087,Bronze,2,3802.850884769348,0.86,1.1627906976744187,4422.0
STH501098,TF103219,Bronze,6,3805.2426065718437,0.863,1.1587485515643106,4409.0
STH504334,TF112712,Silver,7,3798.0638270268614,0.8640000000000001,1.1574074074074072,4396.0
STH500892,TF102606,Silver,7,3703.111731798556,0.845,1.183431952662722,4382.0
STH504931,TF114609,Silver,5,3712.597439014318,0.848,1.179245283018868,4378.0
STH505831,TF117343,Bronze,7,3796.6625461927792,0.868,1.1520737327188941,4374.0
STH501670,TF104899,Silver,5,3712.70358886671,0.8490000000000001,1.1778563015312131,4373.0
STH502029,TF105949,Gold,7,3145.365058928129,0.721,1.3869625520110958,4363.0
STH507275,TF121493,Bronze,4,3522.1438134183936,0.8079999999999999,1.2376237623762376,4359.0
STH505697,TF117004,Bronze,3,3891.086803861116,0.893,1.1198208286674132,4357.0
STH507057,TF120864,Silver,4,3799.350645946908,0.8740000000000001,1.1441647597254003,4347.0
STH506266,TF118609,Bronze,2,3621.594946199504,0.836,1.1961722488038278,4332.0
STH507236,TF121381,Bronze,3,3247.98391313723,0.75,1.3333333333333333,4331.0
STH505493,TF116367,Bronze,2,3811.096721109735,0.8809999999999999,1.135073779795687,4326.0
STH504016,TF111770,Platinum,2,3733.4750297819965,0.863,1.1587485515643106,4326.0
STH502614,TF107602,Silver,7,3517.914561022527,0.816,1.2254901960784315,4311.0
STH506439,TF119115,Bronze,4,3526.597404472257,0.8190000000000001,1.2210012210012209,4306.0
STH505048,TF114971,Silver,7,3808.847565597111,0.885,1.1299435028248588,4304.0
STH500398,TF101108,Bronze,8,3618.0745461005495,0.8440000000000001,1.1848341232227486,4287.0
STH501084,TF103177,Silver,7,3711.832658070927,0.8690000000000001,1.150747986191024,4271.0
STH504695,TF113822,Bronze,2,3620.0542484360585,0.848,1.179245283018868,4269.0
STH501187,TF103494,Bronze,9,3721.6920976408023,0.8740000000000001,1.1441647597254003,4258.0
STH501149,TF103377,Bronze,6,3439.295938207355,0.8079999999999999,1.2376237623762376,4257.0
STH502419,TF107049,Bronze,5,3620.1907080092433,0.852,1.1737089201877935,4249.0
STH500074,TF100235,Silver,5,3614.475600320468,0.851,1.1750881316098707,4247.0
STH500349,TF100960,Silver,7,3800.777004089377,0.898,1.1135857461024499,4232.0
STH500812,TF102343,Silver,8,3617.470868884758,0.855,1.1695906432748537,4231.0
STH505390,TF116032,Bronze,9,3625.213243359232,0.861,1.1614401858304297,4210.0
STH505519,TF116432,Gold,2,3424.1761616130943,0.815,1.2269938650306749,4201.0
STH506905,TF120437,Bronze,5,3805.7512507132883,0.9079999999999999,1.1013215859030838,4191.0
STH502856,TF108305,Gold,4,3335.656046176558,0.799,1.2515644555694618,4175.0
STH501003,TF102952,Gold,5,3514.891714173073,0.845,1.183431952662722,4160.0
STH502249,TF106543,Bronze,4,3904.6132836552733,0.941,1.0626992561105209,4149.0
STH502909,TF108435,Platinum,6,3530.506856003373,0.851,1.1750881316098707,4149.0
STH500171,TF100471,Bronze,8,3801.5611610749093,0.917,1.0905125408942202,4146.0
STH508414,TF124731,Silver,5,3520.518429840741,0.851,1.1750881316098707,4137.0
STH502766,TF108034,Silver,2,3619.3009474852015,0.878,1.1389521640091116,4122.0
STH501197,TF103530,Gold,7,3330.756028065767,0.81,1.2345679012345678,4112.0
STH505815,TF117296,Gold,7,3600.464407338457,0.878,1.1389521640091116,4101.0
STH507857,TF123093,Silver,7,3723.3488417634535,0.9079999999999999,1.1013215859030838,4101.0
STH507614,TF122432,Silver,9,3621.99690553884,0.887,1.1273957158962795,4083.0
STH506277,TF118652,Bronze,6,3795.666687527671,0.932,1.0729613733905579,4073.0
STH507510,TF122156,Bronze,3,3717.238084471212,0.9129999999999999,1.095290251916758,4071.0
STH507935,TF123326,Platinum,4,3361.30416715435,0.8270000000000001,1.2091898428053203,4064.0
STH504641,TF113648,Silver,6,3802.1660049995257,0.938,1.0660980810234542,4053.0
STH504933,TF114614,Gold,6,3513.262745028752,0.867,1.1534025374855825,4052.0
STH500076,TF100238,Silver,4,3808.912730442161,0.94,1.0638297872340425,4052.0
STH503589,TF110491,Bronze,2,3810.21151780467,0.943,1.0604453870625663,4041.0
STH504610,TF113581,Silver,8,3716.3773069970775,0.9229999999999999,1.0834236186348862,4026.0
STH507189,TF121263,Silver,5,3611.4175748588923,0.898,1.1135857461024499,4022.0
STH502152,TF106310,Silver,4,3510.9666577195594,0.8740000000000001,1.1441647597254003,4017.0
STH501896,TF105574,Bronze,6,3522.4263333775575,0.878,1.1389521640091116,4012.0
STH501022,TF103002,Bronze,5,3711.6042749928624,0.9259999999999999,1.0799136069114472,4008.0
STH501504,TF104394,Bronze,5,3619.9205305562414,0.904,1.1061946902654867,4004.0
STH507638,TF122494,Silver,9,3607.5119141114565,0.902,1.1086474501108647,3999.0
STH506497,TF119313,Bronze,7,3710.241283581028,0.9279999999999999,1.0775862068965518,3998.0
STH508337,TF124496,Bronze,6,3716.0574375893366,0.9309999999999999,1.0741138560687433,3991.0
STH503501,TF110252,Silver,4,3437.5374944191476,0.862,1.160092807424594,3988.0
STH506793,TF120134,Silver,4,3704.2643160647694,0.929,1.0764262648008611,3987.0
STH507424,TF121915,Bronze,2,3623.9149583872277,0.9109999999999999,1.0976948408342482,3978.0
STH501068,TF103123,Gold,3,3336.066366149246,0.8390000000000001,1.1918951132300357,3976.0
STH500743,TF102156,Bronze,3,3617.9590237592884,0.912,1.0964912280701753,3967.0
STH502302,TF106708,Gold,9,3240.184236634504,0.82,1.2195121951219512,3951.0
STH504486,TF113192,Bronze,3,3711.2666321236334,0.94,1.0638297872340425,3948.0
STH507449,TF121976,Bronze,4,3435.280167725808,0.871,1.148105625717566,3944.0
STH502692,TF107827,Silver,7,3524.0471389141785,0.894,1.1185682326621924,3942.0
STH501462,TF104261,Bronze,7,3518.084187170721,0.893,1.1198208286674132,3940.0
STH505358,TF115931,Bronze,5,3705.414394956759,0.9440000000000001,1.059322033898305,3925.0
STH504191,TF112274,Bronze,2,3713.886018661488,0.95,1.0526315789473684,3909.0
STH503084,TF108966,Silver,3,3712.353896116184,0.95,1.0526315789473684,3908.0
STH505711,TF117030,Gold,6,3336.842359527078,0.8540000000000001,1.17096018735363,3907.0
STH501456,TF104248,Silver,2,3710.36966606976,0.95,1.0526315789473684,3906.0
STH506480,TF119248,Platinum,3,3450.271236422271,0.884,1.1312217194570136,3903.0
STH505458,TF116255,Bronze,5,3706.388423684167,0.95,1.0526315789473684,3901.0
STH500860,TF102514,Silver,2,3524.46627152711,0.905,1.1049723756906078,3894.0
STH506194,TF118365,Silver,5,3618.6515157666336,0.93,1.075268817204301,3891.0
STH503401,TF109928,Silver,8,3526.031368960602,0.907,1.1025358324145533,3888.0
STH501923,TF105649,Silver,6,3609.788605714571,0.929,1.0764262648008611,3886.0
STH504884,TF114458,Silver,8,3447.9363149015417,0.89,1.1235955056179776,3874.0
STH503394,TF109902,Silver,4,3620.808584242008,0.935,1.06951871657754,3873.0
STH501402,TF104095,Gold,8,3429.2079702644223,0.89,1.1235955056179776,3853.0
STH506112,TF118153,Silver,8,3622.325233897001,0.941,1.0626992561105209,3849.0
STH506931,TF120500,Silver,2,3522.2655198696075,0.917,1.0905125408942202,3841.0
STH500338,TF100936,Silver,5,3612.0268994447088,0.945,1.0582010582010584,3822.0
STH504045,TF111871,Bronze,8,3520.2622155787526,0.9209999999999999,1.0857763300760044,3822.0
STH503484,TF110183,Bronze,9,3526.1883776337895,0.9229999999999999,1.0834236186348862,3820.0
STH507387,TF121818,Silver,3,3609.8174434295006,0.948,1.0548523206751055,3808.0
STH506030,TF117963,Silver,5,3616.3315035789105,0.95,1.0526315789473684,3807.0
STH505167,TF115343,Gold,4,3516.599912384694,0.924,1.0822510822510822,3806.0
STH502303,TF106718,Bronze,4,3523.1780036431205,0.9259999999999999,1.0799136069114472,3805.0
STH501556,TF104548,Silver,6,3614.0992882200517,0.95,1.0526315789473684,3804.0
STH507975,TF123432,Silver,9,3524.814243520477,0.929,1.0764262648008611,3794.0
STH500924,TF102690,Silver,7,3516.5169323124487,0.927,1.0787486515641855,3793.0
STH501018,TF102992,Bronze,5,3523.1552803936497,0.929,1.0764262648008611,3792.0
STH507487,TF122098,Silver,4,3326.183305022402,0.878,1.1389521640091116,3788.0
STH507617,TF122442,Silver,5,3514.6523246963006,0.9329999999999999,1.0718113612004287,3767.0
STH507816,TF122974,Silver,8,3517.1856140064347,0.935,1.06951871657754,3762.0
STH505533,TF116467,Silver,9,3146.0623254382845,0.8370000000000001,1.194743130227001,3759.0
STH500560,TF101583,Gold,8,3226.7399454980105,0.8590000000000001,1.1641443538998835,3756.0
STH506322,TF118766,Bronze,4,3519.2367714369348,0.941,1.0626992561105209,3740.0
STH501256,TF103705,Silver,2,3515.743634480535,0.9420000000000001,1.0615711252653928,3732.0
STH503362,TF109792,Bronze,4,3533.53289961768,0.9470000000000001,1.0559662090813093,3731.0
STH504236,TF112412,Platinum,3,3450.611522756788,0.9259999999999999,1.0799136069114472,3726.0
STH503696,TF110810,Bronze,3,3346.1577004336186,0.899,1.1123470522803114,3722.0
STH503173,TF109237,Bronze,2,3533.184114619112,0.95,1.0526315789473684,3719.0
STH502025,TF105941,Gold,8,3415.939622962205,0.919,1.088139281828074,3717.0
STH508208,TF124126,Bronze,6,3530.5658645651038,0.95,1.0526315789473684,3716.0
STH500878,TF102564,Bronze,5,3526.138634909167,0.95,1.0526315789473684,3712.0
STH507692,TF122653,Silver,6,3526.3395835009646,0.95,1.0526315789473684,3712.0
STH506608,TF119600,Bronze,6,3526.024713745138,0.95,1.0526315789473684,3712.0
STH504482,TF113172,Bronze,2,3525.3421214419254,0.95,1.0526315789473684,3711.0
STH506240,TF118523,Bronze,2,3523.6017074505776,0.95,1.0526315789473684,3709.0
STH503884,TF111362,Bronze,6,3521.7201096109366,0.95,1.0526315789473684,3707.0
STH502344,TF106850,Silver,3,3519.4327203768166,0.95,1.0526315789473684,3705.0
STH507093,TF120975,Gold,4,3425.671940078543,0.9309999999999999,1.0741138560687433,3680.0
STH502641,TF107673,Platinum,7,3440.684223705583,0.937,1.0672358591248665,3672.0
STH503911,TF111435,Silver,6,3426.687833632102,0.937,1.0672358591248665,3657.0
STH503605,TF110537,Platinum,2,3375.9369334852227,0.925,1.081081081081081,3650.0
STH508004,TF123532,Silver,2,3452.3099969980935,0.95,1.0526315789473684,3634.0
STH506046,TF117994,Gold,5,3423.9925691549215,0.9440000000000001,1.059322033898305,3627.0
STH505530,TF116461,Bronze,5,3435.052092598081,0.95,1.0526315789473684,3616.0
STH504510,TF113280,Silver,6,3430.7240128301937,0.9490000000000001,1.053740779768177,3615.0
STH506244,TF118542,Gold,6,3329.211549038753,0.9209999999999999,1.0857763300760044,3615.0
STH505083,TF115081,Bronze,7,3433.172271273015,0.95,1.0526315789473684,3614.0
STH508067,TF123732,Silver,7,3429.995065814102,0.9490000000000001,1.053740779768177,3614.0
STH503833,TF111207,Bronze,3,3431.9512762526956,0.95,1.0526315789473684,3613.0
STH506943,TF120533,Silver,3,3338.8804400695058,0.925,1.081081081081081,3610.0
STH505151,TF115283,Silver,9,3418.982912028858,0.9470000000000001,1.0559662090813093,3610.0
STH505704,TF117014,Bronze,4,3429.832154309665,0.95,1.0526315789473684,3610.0
STH505332,TF115849,Silver,7,3427.5520662045888,0.95,1.0526315789473684,3608.0
STH505644,TF116843,Silver,9,3425.823994719403,0.95,1.0526315789473684,3606.0
STH501255,TF103704,Silver,7,3331.906813515933,0.925,1.081081081081081,3602.0
STH508242,TF124223,Silver,6,3421.169753077134,0.95,1.0526315789473684,3601.0
STH501886,TF105548,Silver,8,3420.114847478266,0.95,1.0526315789473684,3600.0
STH501183,TF103474,Gold,8,3053.2972158744765,0.851,1.1750881316098707,3588.0
STH508087,TF123793,Silver,7,3341.783164917929,0.9359999999999999,1.0683760683760684,3570.0
STH507047,TF120842,Platinum,3,3347.408386494985,0.938,1.0660980810234542,3569.0
STH507369,TF121762,Gold,3,3328.8547865909204,0.9329999999999999,1.0718113612004287,3568.0
STH504712,TF113876,Silver,7,3335.7360836745893,0.9359999999999999,1.0683760683760684,3564.0
STH508485,TF124952,Bronze,5,3340.1588612751234,0.9470000000000001,1.0559662090813093,3527.0
STH504598,TF113541,Bronze,5,3348.82392854551,0.95,1.0526315789473684,3525.0
STH507347,TF121696,Bronze,4,3343.9196123971346,0.95,1.0526315789473684,3520.0
STH508174,TF124046,Bronze,2,3342.664329366803,0.95,1.0526315789473684,3519.0
STH501604,TF104707,Bronze,2,3342.664329366803,0.95,1.0526315789473684,3519.0
STH500333,TF100927,Bronze,3,3341.9353823507113,0.95,1.0526315789473684,3518.0
STH500301,TF100831,Bronze,2,3339.951152304288,0.95,1.0526315789473684,3516.0
STH508221,TF124152,Silver,9,3339.840686238611,0.95,1.0526315789473684,3516.0
STH501671,TF104900,Bronze,4,3340.3008450548145,0.95,1.0526315789473684,3516.0
STH507806,TF122948,Silver,9,3339.44006758068,0.95,1.0526315789473684,3515.0
STH501500,TF104384,Bronze,5,3339.5718980387223,0.95,1.0526315789473684,3515.0
STH505675,TF116936,Silver,4,3338.230437648897,0.95,1.0526315789473684,3514.0
STH505500,TF116380,Bronze,8,3337.3850569904466,0.95,1.0526315789473684,3513.0
STH505282,TF115700,Silver,4,3336.301860004851,0.95,1.0526315789473684,3512.0
STH507335,TF121658,Bronze,8,3335.5774702077365,0.95,1.0526315789473684,3511.0
STH508129,TF123891,Silver,2,3334.6011246888643,0.95,1.0526315789473684,3510.0
STH505662,TF116906,Silver,6,3334.2289401206044,0.95,1.0526315789473684,3510.0
STH504932,TF114612,Bronze,5,3329.2061025564535,0.95,1.0526315789473684,3504.0
STH504963,TF114712,Silver,9,3327.495246986117,0.95,1.0526315789473684,3503.0
STH505356,TF115928,Gold,6,3322.9316258154404,0.95,1.0526315789473684,3498.0
STH506994,TF120678,Silver,4,3322.0960585248586,0.95,1.0526315789473684,3497.0
STH503265,TF109501,Gold,8,3244.183508816957,0.9279999999999999,1.0775862068965518,3496.0
STH505968,TF117772,Gold,3,3240.5049463351233,0.9309999999999999,1.0741138560687433,3481.0
STH503922,TF111478,Gold,9,3049.855091795869,0.88,1.1363636363636365,3466.0
STH507418,TF121894,Gold,2,3147.1818202511386,0.9129999999999999,1.095290251916758,3447.0
STH506876,TF120364,Bronze,8,3142.6562944683687,0.917,1.0905125408942202,3427.0
STH502504,TF107306,Platinum,6,3254.8725220922156,0.95,1.0526315789473684,3426.0
STH502219,TF106470,Platinum,6,3255.0794311316517,0.95,1.0526315789473684,3426.0
STH501960,TF105755,Bronze,6,3254.1826446774157,0.95,1.0526315789473684,3425.0
STH500959,TF102825,Silver,4,3140.896283691534,0.917,1.0905125408942202,3425.0
STH500185,TF100497,Gold,7,3153.2871639144664,0.9209999999999999,1.0857763300760044,3424.0
STH503240,TF109422,Silver,3,3251.934498733666,0.95,1.0526315789473684,3423.0
STH505827,TF117324,Bronze,2,3251.2564636494303,0.95,1.0526315789473684,3422.0
STH504707,TF113849,Bronze,2,3247.706665986922,0.95,1.0526315789473684,3419.0
STH507082,TF120940,Silver,6,3147.6622032501596,0.9209999999999999,1.0857763300760044,3418.0
STH506618,TF119639,Bronze,8,3246.8827815528784,0.95,1.0526315789473684,3418.0
STH503558,TF110406,Bronze,9,3245.734625792565,0.95,1.0526315789473684,3417.0
STH502101,TF106160,Bronze,6,3244.790877922554,0.95,1.0526315789473684,3416.0
STH503868,TF111302,Bronze,6,3243.8684944449083,0.95,1.0526315789473684,3415.0
STH503526,TF110329,Silver,5,3167.966936649588,0.9279999999999999,1.0775862068965518,3414.0
STH506191,TF118355,Bronze,6,3242.9832911398435,0.95,1.0526315789473684,3414.0
STH500929,TF102705,Bronze,6,3242.9832911398435,0.95,1.0526315789473684,3414.0
STH501070,TF103128,Bronze,7,3242.595200716336,0.95,1.0526315789473684,3413.0
STH507225,TF121365,Silver,2,3146.2641365087375,0.922,1.0845986984815619,3412.0
STH501872,TF105506,Silver,9,2963.0864250947343,0.8690000000000001,1.150747986191024,3410.0
STH502406,TF107002,Silver,6,3239.3942641625126,0.95,1.0526315789473684,3410.0
STH508422,TF124757,Bronze,3,3238.7539053800206,0.95,1.0526315789473684,3409.0
STH501137,TF103318,Silver,8,3238.789652127926,0.95,1.0526315789473684,3409.0
STH507489,TF122102,Bronze,8,3237.0782941781576,0.95,1.0526315789473684,3407.0
STH501236,TF103636,Bronze,7,3236.8279899987206,0.95,1.0526315789473684,3407.0
STH501208,TF103565,Silver,8,3236.175369492236,0.95,1.0526315789473684,3407.0
STH504372,TF112851,Silver,7,3235.7583417222972,0.95,1.0526315789473684,3406.0
STH507426,TF121925,Bronze,8,3236.0990429826284,0.95,1.0526315789473684,3406.0
STH505860,TF117417,Silver,3,3234.732897580479,0.95,1.0526315789473684,3405.0
STH502120,TF106213,Bronze,8,3235.1091702995604,0.95,1.0526315789473684,3405.0
STH504786,TF114134,Silver,2,3233.589125954509,0.95,1.0526315789473684,3404.0
STH506113,TF118155,Silver,8,3232.0325687272425,0.95,1.0526315789473684,3402.0
STH501644,TF104815,Gold,6,3227.5286654503516,0.95,1.0526315789473684,3397.0
STH504513,TF113287,Gold,2,3052.4898309836476,0.899,1.1123470522803114,3395.0
STH504269,TF112518,Gold,5,3152.1785405170826,0.935,1.06951871657754,3371.0
STH501415,TF104146,Platinum,8,3170.1444966417557,0.941,1.0626992561105209,3369.0
STH501796,TF105260,Silver,2,3161.845715569095,0.94,1.0638297872340425,3364.0
STH501823,TF105342,Platinum,4,3068.226269924247,0.9179999999999999,1.0893246187363834,3342.0
STH503058,TF108901,Silver,5,3157.2188455323935,0.95,1.0526315789473684,3323.0
STH500247,TF100666,Silver,2,3154.1967586568476,0.95,1.0526315789473684,3320.0
STH501337,TF103928,Silver,6,3154.0631173348074,0.95,1.0526315789473684,3320.0
STH505310,TF115783,Silver,2,3153.7085802328147,0.95,1.0526315789473684,3320.0
STH507512,TF122161,Silver,5,3153.5190586289636,0.95,1.0526315789473684,3319.0
STH503434,TF110044,Bronze,6,3151.644395102282,0.95,1.0526315789473684,3318.0
STH506222,TF118468,Silver,5,3151.5217391845385,0.95,1.0526315789473684,3317.0
STH504608,TF113575,Bronze,4,3151.2743153770157,0.95,1.0526315789473684,3317.0
STH507112,TF121026,Silver,5,3149.3973444326516,0.95,1.0526315789473684,3315.0
STH508367,TF124570,Silver,6,3146.739819772514,0.95,1.0526315789473684,3312.0
STH501334,TF103922,Silver,3,3145.768031472619,0.95,1.0526315789473684,3311.0
STH503970,TF111626,Gold,3,3144.244667794405,0.95,1.0526315789473684,3310.0
STH500733,TF102125,Bronze,5,3143.762425704635,0.95,1.0526315789473684,3309.0
STH506939,TF120517,Bronze,6,3142.6048417865068,0.95,1.0526315789473684,3308.0
STH505580,TF116621,Bronze,8,3143.026221078081,0.95,1.0526315789473684,3308.0
STH504444,TF113063,Gold,4,3141.4193220847533,0.95,1.0526315789473684,3307.0
STH500936,TF102729,Gold,5,3050.057702797722,0.9229999999999999,1.0834236186348862,3305.0
STH501229,TF103619,Platinum,7,2972.6474096699517,0.9059999999999999,1.1037527593818985,3281.0
STH501853,TF105450,Gold,9,3036.6226523498603,0.9259999999999999,1.0799136069114472,3279.0
STH502006,TF105882,Bronze,2,3062.562181912568,0.935,1.06951871657754,3275.0
STH505152,TF115286,Gold,5,2958.5118977207244,0.9079999999999999,1.1013215859030838,3258.0
STH500152,TF100418,Bronze,8,2973.7042467597134,0.9129999999999999,1.095290251916758,3257.0
STH501873,TF105510,Silver,5,3060.7399912508236,0.95,1.0526315789473684,3222.0
STH505371,TF115983,Bronze,7,3059.451723366834,0.95,1.0526315789473684,3220.0
STH502549,TF107411,Silver,2,3057.431508494256,0.95,1.0526315789473684,3218.0
STH504378,TF112883,Gold,9,2948.6427387037756,0.917,1.0905125408942202,3216.0
STH506334,TF118821,Bronze,5,3055.09566655077,0.95,1.0526315789473684,3216.0
STH505009,TF114872,Silver,7,3053.8084327049087,0.95,1.0526315789473684,3215.0
STH500499,TF101430,Bronze,4,3054.063612928769,0.95,1.0526315789473684,3215.0
STH505490,TF116345,Silver,5,3052.019064978452,0.95,1.0526315789473684,3213.0
STH501102,TF103225,Silver,2,3052.0051543692252,0.95,1.0526315789473684,3213.0
STH502885,TF108369,Silver,7,3051.073596351281,0.95,1.0526315789473684,3212.0
STH505555,TF116540,Bronze,4,3049.49595628133,0.95,1.0526315789473684,3210.0
STH503213,TF109353,Silver,9,3049.1032769140843,0.95,1.0526315789473684,3210.0
STH503281,TF109556,Bronze,6,3048.341489421052,0.95,1.0526315789473684,3209.0
STH502632,TF107642,Bronze,5,3048.7670092652384,0.95,1.0526315789473684,3209.0
STH507963,TF123407,Silver,4,2964.509889742715,0.924,1.0822510822510822,3208.0
STH502403,TF106994,Silver,6,3046.3761892423418,0.95,1.0526315789473684,3207.0
STH507078,TF120922,Gold,4,3046.339546884312,0.95,1.0526315789473684,3207.0
STH506080,TF118097,Silver,6,3045.264887848734,0.95,1.0526315789473684,3206.0
STH506956,TF120568,Silver,6,3045.4761671141127,0.95,1.0526315789473684,3206.0
STH500753,TF102182,Platinum,6,2996.812853020549,0.9440000000000001,1.059322033898305,3175.0
STH502581,TF107499,Silver,6,2791.696588966328,0.8809999999999999,1.135073779795687,3169.0
STH506009,TF117896,Bronze,8,2686.5021691865695,0.851,1.1750881316098707,3157.0
STH507914,TF123267,Platinum,6,2975.429479854502,0.945,1.0582010582010584,3149.0
STH505267,TF115659,Gold,5,2977.3890028636924,0.948,1.0548523206751055,3141.0
STH504655,TF113687,Platinum,7,2971.2811320092737,0.95,1.0526315789473684,3128.0
STH506393,TF118997,Bronze,7,2968.166889442807,0.95,1.0526315789473684,3124.0
STH505661,TF116902,Bronze,7,2965.3996502667574,0.95,1.0526315789473684,3121.0
STH502182,TF106366,Bronze,7,2962.8113018860377,0.95,1.0526315789473684,3119.0
STH501947,TF105715,Silver,3,2961.7448980982826,0.95,1.0526315789473684,3118.0
STH503928,TF111487,Silver,9,2960.6924453336915,0.95,1.0526315789473684,3117.0
STH500043,TF100129,Bronze,4,2960.9619637362216,0.95,1.0526315789473684,3117.0
STH507532,TF122225,Bronze,5,2959.5403251079265,0.95,1.0526315789473684,3115.0
STH504311,TF112634,Gold,2,2958.192470745921,0.95,1.0526315789473684,3114.0
STH506542,TF119424,Silver,7,2957.0215232512046,0.95,1.0526315789473684,3113.0
STH502634,TF107648,Silver,4,2957.1926705517008,0.95,1.0526315789473684,3113.0
STH506088,TF118109,Bronze,9,2956.3668047482324,0.95,1.0526315789473684,3112.0
STH505499,TF116378,Bronze,6,2956.0100423004,0.95,1.0526315789473684,3112.0
STH508262,TF124270,Gold,4,2865.077053632772,0.9209999999999999,1.0857763300760044,3111.0
STH506350,TF118876,Bronze,9,2954.1866397374747,0.95,1.0526315789473684,3110.0
STH507501,TF122129,Bronze,8,2954.9220748779285,0.95,1.0526315789473684,3110.0
STH503228,TF109391,Gold,3,2954.95725570675,0.95,1.0526315789473684,3110.0
STH502022,TF105933,Silver,7,2954.7480972080984,0.95,1.0526315789473684,3110.0
STH505575,TF116610,Silver,6,2953.4737956340873,0.95,1.0526315789473684,3109.0
STH501082,TF103169,Gold,3,2953.0164208003275,0.95,1.0526315789473684,3108.0
STH500075,TF100236,Gold,8,2952.4957865137926,0.95,1.0526315789473684,3108.0
STH502118,TF106206,Silver,3,2950.7022488639846,0.95,1.0526315789473684,3106.0
STH506465,TF119208,Gold,5,2862.223734050571,0.937,1.0672358591248665,3055.0
STH508179,TF124056,Gold,2,2867.376105887837,0.9390000000000001,1.0649627263045793,3054.0
STH506795,TF120145,Gold,9,2676.359976458079,0.879,1.1376564277588168,3045.0
STH500390,TF101089,Silver,8,2876.575572087319,0.95,1.0526315789473684,3028.0
STH504595,TF113535,Bronze,2,2874.6289625049035,0.95,1.0526315789473684,3026.0
STH506782,TF120096,Platinum,9,2873.7642115811186,0.95,1.0526315789473684,3025.0
STH503968,TF111613,Bronze,4,2873.1710684727195,0.95,1.0526315789473684,3024.0
STH502826,TF108231,Bronze,5,2870.739653997622,0.95,1.0526315789473684,3022.0
STH507391,TF121827,Bronze,8,2870.6186301505886,0.95,1.0526315789473684,3022.0
STH500710,TF102055,Silver,6,2868.6365728682176,0.95,1.0526315789473684,3020.0
STH501276,TF103771,Silver,2,2868.3156221619056,0.95,1.0526315789473684,3019.0
STH504414,TF112983,Silver,7,2864.777036933838,0.95,1.0526315789473684,3016.0
STH501307,TF103843,Silver,5,2865.312547488377,0.95,1.0526315789473684,3016.0
STH506821,TF120220,Silver,3,2864.562236079919,0.95,1.0526315789473684,3015.0
STH501475,TF104303,Gold,5,2861.953556597569,0.95,1.0526315789473684,3013.0
STH504481,TF113167,Silver,9,2860.188553983367,0.95,1.0526315789473684,3011.0
STH503042,TF108844,Silver,7,2859.5500493219915,0.95,1.0526315789473684,3010.0
STH508266,TF124278,Silver,5,2859.6103146440973,0.95,1.0526315789473684,3010.0
STH507365,TF121756,Silver,9,2858.0921552898076,0.95,1.0526315789473684,3009.0
STH504441,TF113048,Bronze,3,2857.3327975751827,0.95,1.0526315789473684,3008.0
STH507159,TF121160,Gold,5,2857.136527058354,0.95,1.0526315789473684,3008.0
STH505941,TF117687,Gold,6,2854.8083827733776,0.95,1.0526315789473684,3005.0
STH503294,TF109590,Silver,9,2849.882513906313,0.95,1.0526315789473684,3000.0
STH507812,TF122965,Gold,7,2787.826962631356,0.946,1.0570824524312896,2947.0
STH507998,TF123494,Platinum,4,2788.7832276865333,0.95,1.0526315789473684,2936.0
STH500429,TF101204,Gold,8,2773.7834070685017,0.9470000000000001,1.0559662090813093,2929.0
STH503773,TF111024,Gold,2,2766.668923716632,0.945,1.0582010582010584,2928.0
STH505251,TF115614,Bronze,3,2777.3043167068486,0.95,1.0526315789473684,2923.0
STH505053,TF114984,Bronze,7,2777.2955040666047,0.95,1.0526315789473684,2923.0
STH500231,TF100633,Silver,8,2776.396930902318,0.95,1.0526315789473684,2923.0
STH503631,TF110612,Bronze,5,2773.722050108556,0.95,1.0526315789473684,2920.0
STH506418,TF119052,Gold,3,2763.033001276416,0.9470000000000001,1.0559662090813093,2918.0
STH508260,TF124267,Silver,2,2772.098033470074,0.95,1.0526315789473684,2918.0
STH501608,TF104727,Silver,5,2770.384989949516,0.95,1.0526315789473684,2916.0
STH505633,TF116817,Bronze,4,2769.7337167421438,0.95,1.0526315789473684,2916.0
STH501632,TF104781,Gold,4,2764.176839459721,0.948,1.0548523206751055,2916.0
STH507616,TF122439,Bronze,7,2769.2808015608543,0.95,1.0526315789473684,2915.0
STH506828,TF120241,Bronze,4,2766.596639699495,0.95,1.0526315789473684,2912.0
STH500486,TF101402,Silver,5,2764.948916958205,0.95,1.0526315789473684,2910.0
STH504717,TF113906,Silver,6,2764.8292945279295,0.95,1.0526315789473684,2910.0
STH505136,TF115240,Silver,6,2689.6167026826733,0.929,1.0764262648008611,2895.0
STH501829,TF105366,Gold,4,2588.7347851807904,0.903,1.1074197120708749,2867.0
STH504229,TF112378,Gold,3,2586.681585454555,0.9059999999999999,1.1037527593818985,2855.0
STH506130,TF118186,Platinum,3,2601.408028502473,0.912,1.0964912280701753,2852.0
STH505465,TF116274,Platinum,7,2695.2791498918086,0.95,1.0526315789473684,2837.0
STH506557,TF119470,Platinum,4,2690.284051656955,0.95,1.0526315789473684,2832.0
STH504809,TF114207,Bronze,9,2688.15865463267,0.95,1.0526315789473684,2830.0
STH505608,TF116724,Bronze,5,2687.468564174762,0.95,1.0526315789473684,2829.0
STH508202,TF124116,Silver,6,2686.22953301592,0.95,1.0526315789473684,2828.0
STH503628,TF110600,Silver,4,2681.0835324948107,0.95,1.0526315789473684,2822.0
STH507862,TF123110,Silver,7,2676.6728907336856,0.95,1.0526315789473684,2818.0
STH506937,TF120509,Silver,4,2493.715247707608,0.8859999999999999,1.1286681715575622,2815.0
STH506527,TF119385,Silver,8,2671.8629308917775,0.95,1.0526315789473684,2812.0
STH502141,TF106271,Gold,7,2669.885248342153,0.95,1.0526315789473684,2810.0
STH501958,TF105751,Gold,7,2663.5928799611634,0.95,1.0526315789473684,2804.0
STH508183,TF124064,Gold,6,2579.9535935863128,0.924,1.0822510822510822,2792.0
STH505618,TF116764,Gold,3,2492.504683672682,0.905,1.1049723756906078,2754.0
STH502211,TF106434,Platinum,7,2595.7790633755894,0.95,1.0526315789473684,2732.0
STH500899,TF102629,Platinum,8,2595.050116359497,0.95,1.0526315789473684,2732.0
STH503076,TF108950,Bronze,6,2595.678396728807,0.95,1.0526315789473684,2732.0
STH502977,TF108628,Bronze,2,2592.4727432046748,0.95,1.0526315789473684,2729.0
STH504733,TF113958,Bronze,4,2591.5030275965237,0.95,1.0526315789473684,2728.0
STH508156,TF124002,Bronze,2,2591.8112421368864,0.95,1.0526315789473684,2728.0
STH500143,TF100389,Bronze,3,2584.532194444479,0.95,1.0526315789473684,2721.0
STH504362,TF112800,Gold,6,2584.369915724483,0.95,1.0526315789473684,2720.0
STH508081,TF123778,Silver,3,2583.216593510254,0.95,1.0526315789473684,2719.0
STH508255,TF124253,Bronze,7,2579.615587506578,0.95,1.0526315789473684,2715.0
STH503226,TF109389,Bronze,7,2403.308482098778,0.8959999999999999,1.1160714285714286,2682.0
STH503049,TF108872,Silver,6,2508.8734779329616,0.95,1.0526315789473684,2641.0
STH506929,TF120495,Bronze,4,2496.9627760724143,0.95,1.0526315789473684,2628.0
STH500742,TF102150,Silver,6,2492.7916302101494,0.95,1.0526315789473684,2624.0
STH503794,TF111097,Bronze,2,2491.429371235142,0.95,1.0526315789473684,2623.0
STH503009,TF108739,Gold,6,2485.0163171811714,0.948,1.0548523206751055,2621.0
STH504490,TF113204,Silver,8,2485.5197853297177,0.95,1.0526315789473684,2616.0
STH505621,TF116781,Silver,3,2484.859916275976,0.95,1.0526315789473684,2616.0
STH505997,TF117853,Gold,8,2316.8376501148814,0.915,1.0928961748633879,2532.0
STH507865,TF123119,Bronze,9,2402.396556810165,0.95,1.0526315789473684,2529.0
STH504955,TF114686,Bronze,8,2400.358264650207,0.95,1.0526315789473684,2527.0
STH506318,TF118753,Silver,2,2400.6304943644154,0.95,1.0526315789473684,2527.0
STH505753,TF117137,Bronze,8,2392.7833131638663,0.95,1.0526315789473684,2519.0
STH505472,TF116295,Silver,8,2391.980137634654,0.95,1.0526315789473684,2518.0
STH506550,TF119447,Silver,5,2389.892733766291,0.95,1.0526315789473684,2516.0
STH506111,TF118152,Silver,5,2382.537936470299,0.95,1.0526315789473684,2508.0
STH504158,TF112183,Gold,4,2319.7534381792493,0.937,1.0672358591248665,2476.0
STH500441,TF101248,Platinum,2,2315.163726679121,0.95,1.0526315789473684,2437.0
STH505003,TF114846,Bronze,6,2310.130706100433,0.95,1.0526315789473684,2432.0
STH507977,TF123435,Silver,7,2302.933686183879,0.95,1.0526315789473684,2424.0
STH505210,TF115472,Silver,5,2298.7919034472766,0.95,1.0526315789473684,2420.0
STH507455,TF121987,Platinum,9,2228.965585193161,0.93,1.075268817204301,2397.0
STH500765,TF102231,Gold,4,2196.9573588778035,0.9259999999999999,1.0799136069114472,2373.0
STH504823,TF114249,Platinum,5,2229.0992265152013,0.95,1.0526315789473684,2346.0
STH506976,TF120631,Bronze,6,2210.2180738217135,0.95,1.0526315789473684,2327.0
STH505132,TF115232,Silver,2,2208.249673531053,0.95,1.0526315789473684,2324.0
STH500814,TF102350,Silver,9,2205.8602214809243,0.95,1.0526315789473684,2322.0
STH507795,TF122919,Bronze,9,2205.7112205857143,0.95,1.0526315789473684,2322.0
STH505983,TF117817,Bronze,4,2205.0513515319726,0.95,1.0526315789473684,2321.0
STH506950,TF120548,Silver,7,2201.1855376214567,0.95,1.0526315789473684,2317.0
STH500180,TF100491,Bronze,4,2199.964144539756,0.95,1.0526315789473684,2316.0
STH505301,TF115744,Bronze,5,2136.470734121066,0.95,1.0526315789473684,2249.0
STH504201,TF112304,Gold,8,2013.2980576486057,0.905,1.1049723756906078,2225.0
STH504023,TF111806,Bronze,7,2022.391174771869,0.95,1.0526315789473684,2129.0
STH505423,TF116146,Gold,9,2009.855933569998,0.9440000000000001,1.059322033898305,2129.0
STH505688,TF116984,Bronze,4,2017.6003693061662,0.95,1.0526315789473684,2124.0
STH505969,TF117774,Bronze,6,2015.489311299636,0.95,1.0526315789473684,2122.0
STH503606,TF110538,Gold,8,1919.5161620015313,0.927,1.0787486515641855,2071.0
STH504091,TF111984,Silver,4,1929.9929446438587,0.95,1.0526315789473684,2032.0
STH507080,TF120934,Silver,3,1928.077684277247,0.95,1.0526315789473684,2030.0
STH500275,TF100750,Silver,4,1913.5759429091413,0.95,1.0526315789473684,2014.0
STH504315,TF112653,Bronze,7,1842.5887239140875,0.925,1.081081081081081,1992.0
STH506477,TF119242,Gold,2,1829.567593545004,0.927,1.0787486515641855,1974.0
STH505166,TF115341,Platinum,8,1756.5961609645594,0.9009999999999999,1.109877913429523,1950.0
STH501798,TF105263,Silver,2,1836.9795568317445,0.95,1.0526315789473684,1934.0
STH500049,TF100158,Gold,3,1824.0216169896978,0.95,1.0526315789473684,1920.0
STH502587,TF107525,Silver,7,1738.62124758342,0.95,1.0526315789473684,1830.0
STH507726,TF122735,Bronze,4,1734.7909860315906,0.95,1.0526315789473684,1826.0
STH506033,TF117971,Silver,8,1723.711389402688,0.95,1.0526315789473684,1814.0
STH506965,TF120592,Platinum,3,1661.1574749547106,0.95,1.0526315789473684,1749.0
STH505075,TF115059,Bronze,3,1648.6794395059312,0.95,1.0526315789473684,1735.0
STH502573,TF107478,Gold,5,1641.0841930792858,0.95,1.0526315789473684,1727.0
STH506730,TF119951,Bronze,8,138.07716225813996,0.02,12.0,1657.0
STH503299,TF109599,Bronze,4,1556.4420450716493,0.95,1.0526315789473684,1638.0
STH501400,TF104092,Silver,8,1552.4469748793883,0.95,1.0526315789473684,1634.0
STH502281,TF106647,Bronze,3,1544.8721833514212,0.95,1.0526315789473684,1626.0
STH500553,TF101557,Bronze,6,1477.7285449975352,0.9259999999999999,1.0799136069114472,1596.0
STH504765,TF114080,Silver,3,1454.5917163093366,0.95,1.0526315789473684,1531.0
STH506971,TF120621,Gold,2,34.093825056945036,0.32299999999999995,3.095975232198143,106.0
STH500373,TF101045,Platinum,6,39.693874038722456,0.614,1.6286644951140066,65.0
STH504095,TF111997,Gold,9,0.0,0.405,2.4691358024691357,0.0
STH505518,TF116425,Bronze,5,0.0,0.02,12.0,0.0
STH507111,TF121025,Silver,7,0.0,0.02,12.0,0.0
STH507332,TF121647,Bronze,8,0.0,0.02,12.0,0.0
STH501596,TF104668,Bronze,5,0.0,0.53,1.8867924528301885,0.0
STH507832,TF123022,Platinum,6,0.0,0.031,12.0,0.0
STH501871,TF105504,Bronze,3,0.0,0.675,1.4814814814814814,0.0
STH503283,TF109562,Gold,6,0.0,0.605,1.6528925619834711,0.0
STH508173,TF124045,Silver,5,0.0,0.02,12.0,0.0
STH501544,TF104520,Gold,6,0.0,0.691,1.4471780028943562,0.0
STH504957,TF114690,Bronze,5,0.0,0.6459999999999999,1.5479876160990715,0.0
STH504687,TF113791,Bronze,2,0.0,0.884,1.1312217194570136,0.0
STH507897,TF123229,Bronze,3,0.0,0.084,11.904761904761903,0.0
STH507143,TF121114,Platinum,2,0.0,0.63,1.5873015873015872,0.0
STH507259,TF121444,Bronze,5,0.0,0.85,1.1764705882352942,0.0
STH502730,TF107918,Silver,6,0.0,0.02,12.0,0.0
STH502772,TF108049,Silver,3,0.0,0.9109999999999999,1.0976948408342482,0.0
STH505998,TF117854,Silver,7,0.0,0.6459999999999999,1.5479876160990715,0.0
STH500060,TF100196,Bronze,4,0.0,0.593,1.6863406408094437,0.0
STH505755,TF117140,Silver,8,0.0,0.077,12.0,0.0
STH502097,TF106136,Silver,5,0.0,0.026000000000000002,12.0,0.0
STH500593,TF101675,Gold,8,0.0,0.473,2.1141649048625792,0.0
STH500097,TF100280,Gold,5,0.0,0.5870000000000001,1.7035775127768311,0.0
STH507477,TF122063,Silver,9,0.0,0.868,1.1520737327188941,0.0
STH501382,TF104047,Silver,6,0.0,0.171,5.847953216374268,0.0
STH505212,TF115480,Silver,8,0.0,0.907,1.1025358324145533,0.0
STH502115,TF106198,Bronze,4,0.0,0.73,1.36986301369863,0.0
STH500998,TF102916,Silver,3,0.0,0.6609999999999999,1.5128593040847202,0.0
STH501434,TF104194,Silver,7,0.0,0.8320000000000001,1.2019230769230769,0.0
STH503617,TF110575,Gold,6,0.0,0.441,2.2675736961451247,0.0
STH505470,TF116286,Bronze,9,0.0,0.425,2.3529411764705883,0.0
STH507606,TF122405,Platinum,3,0.0,0.682,1.4662756598240467,0.0
STH500193,TF100512,Bronze,7,0.0,0.5539999999999999,1.8050541516245489,0.0
STH502171,TF106340,Gold,9,0.0,0.519,1.9267822736030829,0.0
STH507396,TF121839,Bronze,9,0.0,0.02,12.0,0.0
STH500407,TF101131,Gold,5,0.0,0.557,1.7953321364452421,0.0
STH507973,TF123427,Gold,4,0.0,0.22899999999999998,4.366812227074236,0.0
STH507349,TF121702,Bronze,6,0.0,0.02,12.0,0.0
STH501117,TF103265,Bronze,8,0.0,0.102,9.803921568627452,0.0
STH507025,TF120777,Silver,4,0.0,0.871,1.148105625717566,0.0
STH507919,TF123290,Bronze,7,0.0,0.8190000000000001,1.2210012210012209,0.0
STH501348,TF103943,Bronze,7,0.0,0.5539999999999999,1.8050541516245489,0.0
STH504631,TF113629,Silver,9,0.0,0.02,12.0,0.0
STH501093,TF103200,Gold,9,0.0,0.02,12.0,0.0
STH505623,TF116785,Silver,2,0.0,0.02,12.0,0.0
STH507131,TF121079,Platinum,6,0.0,0.073,12.0,0.0
STH503081,TF108960,Bronze,8,0.0,0.45399999999999996,2.2026431718061676,0.0
STH506019,TF117933,Silver,7,0.0,0.6459999999999999,1.5479876160990715,0.0
STH502569,TF107469,Gold,2,0.0,0.637,1.5698587127158556,0.0
STH500766,TF102232,Bronze,7,0.0,0.361,2.770083102493075,0.0
STH504667,TF113728,Bronze,5,0.0,0.02,12.0,0.0
STH507110,TF121024,Bronze,7,0.0,0.5539999999999999,1.8050541516245489,0.0
STH503616,TF110571,Silver,6,0.0,0.615,1.6260162601626016,0.0
STH502594,TF107555,Silver,5,0.0,0.5579999999999999,1.792114695340502,0.0
STH507415,TF121889,Gold,2,0.0,0.02,12.0,0.0
STH502555,TF107423,Silver,6,0.0,0.02,12.0,0.0
STH503317,TF109658,Gold,3,0.0,0.02,12.0,0.0
STH504107,TF112036,Bronze,5,0.0,0.53,1.8867924528301885,0.0
STH507589,TF122358,Gold,6,0.0,0.02,12.0,0.0
STH503815,TF111154,Bronze,4,0.0,0.551,1.8148820326678765,0.0
STH506695,TF119845,Silver,5,0.0,0.547,1.8281535648994514,0.0
STH504391,TF112908,Gold,9,0.0,0.02,12.0,0.0
