game_id,game_date,opponent,section,base_price,demand_percentile,recommended_price_adjustment_pct,recommended_price
G2025000,2025-10-21,Pelicans,S109,95.45,0.262,-7.1,88.67
G2025000,2025-10-21,Pelicans,S134,95.42,0.262,-7.1,88.65
G2025000,2025-10-21,Pelicans,S114,95.4,0.262,-7.1,88.63
G2025000,2025-10-21,Pelicans,S133,95.36,0.262,-7.1,88.59
G2025000,2025-10-21,Pelicans,S127,95.3,0.262,-7.1,88.53
G2025000,2025-10-21,Pelicans,S115,95.25,0.262,-7.1,88.49
G2025000,2025-10-21,Pelicans,S129,95.23,0.262,-7.1,88.47
G2025000,2025-10-21,Pelicans,S118,95.19,0.262,-7.1,88.43
G2025000,2025-10-21,Pelicans,S122,95.18,0.262,-7.1,88.42
G2025000,2025-10-21,Pelicans,S103,95.18,0.262,-7.1,88.42
G2025000,2025-10-21,Pelicans,S110,95.11,0.262,-7.1,88.36
G2025000,2025-10-21,Pelicans,S108,95.08,0.262,-7.1,88.33
G2025000,2025-10-21,Pelicans,S100,95.07,0.262,-7.1,88.32
G2025000,2025-10-21,Pelicans,S101,95.05,0.262,-7.1,88.3
G2025000,2025-10-21,Pelicans,S119,95.04,0.262,-7.1,88.29
G2025000,2025-10-21,Pelicans,S125,94.99,0.262,-7.1,88.25
G2025000,2025-10-21,Pelicans,S128,94.98,0.262,-7.1,88.24
G2025000,2025-10-21,Pelicans,S123,94.97,0.262,-7.1,88.23
G2025000,2025-10-21,Pelicans,S120,94.91,0.262,-7.1,88.17
G2025000,2025-10-21,Pelicans,S121,94.9,0.262,-7.1,88.16
G2025000,2025-10-21,Pelicans,S116,94.9,0.262,-7.1,88.16
G2025000,2025-10-21,Pelicans,S113,94.87,0.262,-7.1,88.13
G2025000,2025-10-21,Pelicans,S102,94.85,0.262,-7.1,88.12
G2025000,2025-10-21,Pelicans,S124,94.85,0.262,-7.1,88.12
G2025000,2025-10-21,Pelicans,S104,94.84,0.262,-7.1,88.11
G2025000,2025-10-21,Pelicans,S130,94.82,0.262,-7.1,88.09
G2025000,2025-10-21,Pelicans,S131,94.81,0.262,-7.1,88.08
G2025000,2025-10-21,Pelicans,S111,94.69,0.262,-7.1,87.97
G2025000,2025-10-21,Pelicans,S126,94.68,0.262,-7.1,87.96
G2025000,2025-10-21,Pelicans,S132,94.58,0.262,-7.1,87.86
G2025000,2025-10-21,Pelicans,S105,94.56,0.262,-7.1,87.85
G2025000,2025-10-21,Pelicans,S107,94.5,0.262,-7.1,87.79
G2025000,2025-10-21,Pelicans,S106,94.48,0.262,-7.1,87.77
G2025000,2025-10-21,Pelicans,S117,94.45,0.262,-7.1,87.74
G2025000,2025-10-21,Pelicans,S112,94.43,0.262,-7.1,87.73
G2025001,2025-10-22,Nuggets,S109,95.45,0.024,-14.3,81.8
G2025001,2025-10-22,Nuggets,S134,95.42,0.024,-14.3,81.77
G2025001,2025-10-22,Nuggets,S114,95.4,0.024,-14.3,81.76
G2025001,2025-10-22,Nuggets,S133,95.36,0.024,-14.3,81.72
G2025001,2025-10-22,Nuggets,S127,95.3,0.024,-14.3,81.67
G2025001,2025-10-22,Nuggets,S115,95.25,0.024,-14.3,81.63
G2025001,2025-10-22,Nuggets,S129,95.23,0.024,-14.3,81.61
G2025001,2025-10-22,Nuggets,S118,95.19,0.024,-14.3,81.58
G2025001,2025-10-22,Nuggets,S122,95.18,0.024,-14.3,81.57
G2025001,2025-10-22,Nuggets,S103,95.18,0.024,-14.3,81.57
G2025001,2025-10-22,Nuggets,S110,95.11,0.024,-14.3,81.51
G2025001,2025-10-22,Nuggets,S108,95.08,0.024,-14.3,81.48
G2025001,2025-10-22,Nuggets,S100,95.07,0.024,-14.3,81.47
G2025001,2025-10-22,Nuggets,S101,95.05,0.024,-14.3,81.46
G2025001,2025-10-22,Nuggets,S119,95.04,0.024,-14.3,81.45
G2025001,2025-10-22,Nuggets,S125,94.99,0.024,-14.3,81.41
G2025001,2025-10-22,Nuggets,S128,94.98,0.024,-14.3,81.4
G2025001,2025-10-22,Nuggets,S123,94.97,0.024,-14.3,81.39
G2025001,2025-10-22,Nuggets,S120,94.91,0.024,-14.3,81.34
G2025001,2025-10-22,Nuggets,S121,94.9,0.024,-14.3,81.33
G2025001,2025-10-22,Nuggets,S116,94.9,0.024,-14.3,81.33
G2025001,2025-10-22,Nuggets,S113,94.87,0.024,-14.3,81.3
G2025001,2025-10-22,Nuggets,S102,94.85,0.024,-14.3,81.29
G2025001,2025-10-22,Nuggets,S124,94.85,0.024,-14.3,81.29
G2025001,2025-10-22,Nuggets,S104,94.84,0.024,-14.3,81.28
G2025001,2025-10-22,Nuggets,S130,94.82,0.024,-14.3,81.26
G2025001,2025-10-22,Nuggets,S131,94.81,0.024,-14.3,81.25
G2025001,2025-10-22,Nuggets,S111,94.69,0.024,-14.3,81.15
G2025001,2025-10-22,Nuggets,S126,94.68,0.024,-14.3,81.14
G2025001,2025-10-22,Nuggets,S132,94.58,0.024,-14.3,81.06
G2025001,2025-10-22,Nuggets,S105,94.56,0.024,-14.3,81.04
G2025001,2025-10-22,Nuggets,S107,94.5,0.024,-14.3,80.99
G2025001,2025-10-22,Nuggets,S106,94.48,0.024,-14.3,80.97
G2025001,2025-10-22,Nuggets,S117,94.45,0.024,-14.3,80.94
G2025001,2025-10-22,Nuggets,S112,94.43,0.024,-14.3,80.93
G2025002,2025-10-23,Bucks,S109,95.45,0.085,-12.4,83.61
G2025002,2025-10-23,Bucks,S134,95.42,0.085,-12.4,83.59
G2025002,2025-10-23,Bucks,S114,95.4,0.085,-12.4,83.57
G2025002,2025-10-23,Bucks,S133,95.36,0.085,-12.4,83.54
G2025002,2025-10-23,Bucks,S127,95.3,0.085,-12.4,83.48
G2025002,2025-10-23,Bucks,S115,95.25,0.085,-12.4,83.44
G2025002,2025-10-23,Bucks,S129,95.23,0.085,-12.4,83.42
G2025002,2025-10-23,Bucks,S118,95.19,0.085,-12.4,83.39
G2025002,2025-10-23,Bucks,S122,95.18,0.085,-12.4,83.38
G2025002,2025-10-23,Bucks,S103,95.18,0.085,-12.4,83.38
G2025002,2025-10-23,Bucks,S110,95.11,0.085,-12.4,83.32
G2025002,2025-10-23,Bucks,S108,95.08,0.085,-12.4,83.29
G2025002,2025-10-23,Bucks,S100,95.07,0.085,-12.4,83.28
G2025002,2025-10-23,Bucks,S101,95.05,0.085,-12.4,83.26
G2025002,2025-10-23,Bucks,S119,95.04,0.085,-12.4,83.26
G2025002,2025-10-23,Bucks,S125,94.99,0.085,-12.4,83.21
G2025002,2025-10-23,Bucks,S128,94.98,0.085,-12.4,83.2
G2025002,2025-10-23,Bucks,S123,94.97,0.085,-12.4,83.19
G2025002,2025-10-23,Bucks,S120,94.91,0.085,-12.4,83.14
G2025002,2025-10-23,Bucks,S121,94.9,0.085,-12.4,83.13
G2025002,2025-10-23,Bucks,S116,94.9,0.085,-12.4,83.13
G2025002,2025-10-23,Bucks,S113,94.87,0.085,-12.4,83.11
G2025002,2025-10-23,Bucks,S102,94.85,0.085,-12.4,83.09
G2025002,2025-10-23,Bucks,S124,94.85,0.085,-12.4,83.09
G2025002,2025-10-23,Bucks,S104,94.84,0.085,-12.4,83.08
G2025002,2025-10-23,Bucks,S130,94.82,0.085,-12.4,83.06
G2025002,2025-10-23,Bucks,S131,94.81,0.085,-12.4,83.05
G2025002,2025-10-23,Bucks,S111,94.69,0.085,-12.4,82.95
G2025002,2025-10-23,Bucks,S126,94.68,0.085,-12.4,82.94
G2025002,2025-10-23,Bucks,S132,94.58,0.085,-12.4,82.85
G2025002,2025-10-23,Bucks,S105,94.56,0.085,-12.4,82.83
G2025002,2025-10-23,Bucks,S107,94.5,0.085,-12.4,82.78
G2025002,2025-10-23,Bucks,S106,94.48,0.085,-12.4,82.76
G2025002,2025-10-23,Bucks,S117,94.45,0.085,-12.4,82.74
G2025002,2025-10-23,Bucks,S112,94.43,0.085,-12.4,82.72
G2025003,2025-10-24,Pacers,S109,95.45,0.494,-0.2,95.26
G2025003,2025-10-24,Pacers,S134,95.42,0.494,-0.2,95.23
G2025003,2025-10-24,Pacers,S114,95.4,0.494,-0.2,95.21
G2025003,2025-10-24,Pacers,S133,95.36,0.494,-0.2,95.17
G2025003,2025-10-24,Pacers,S127,95.3,0.494,-0.2,95.11
G2025003,2025-10-24,Pacers,S115,95.25,0.494,-0.2,95.06
G2025003,2025-10-24,Pacers,S129,95.23,0.494,-0.2,95.04
G2025003,2025-10-24,Pacers,S118,95.19,0.494,-0.2,95.0
G2025003,2025-10-24,Pacers,S122,95.18,0.494,-0.2,94.99
G2025003,2025-10-24,Pacers,S103,95.18,0.494,-0.2,94.99
G2025003,2025-10-24,Pacers,S110,95.11,0.494,-0.2,94.92
G2025003,2025-10-24,Pacers,S108,95.08,0.494,-0.2,94.89
G2025003,2025-10-24,Pacers,S100,95.07,0.494,-0.2,94.88
G2025003,2025-10-24,Pacers,S101,95.05,0.494,-0.2,94.86
G2025003,2025-10-24,Pacers,S119,95.04,0.494,-0.2,94.85
G2025003,2025-10-24,Pacers,S125,94.99,0.494,-0.2,94.8
G2025003,2025-10-24,Pacers,S128,94.98,0.494,-0.2,94.79
G2025003,2025-10-24,Pacers,S123,94.97,0.494,-0.2,94.78
G2025003,2025-10-24,Pacers,S120,94.91,0.494,-0.2,94.72
G2025003,2025-10-24,Pacers,S121,94.9,0.494,-0.2,94.71
G2025003,2025-10-24,Pacers,S116,94.9,0.494,-0.2,94.71
G2025003,2025-10-24,Pacers,S113,94.87,0.494,-0.2,94.68
G2025003,2025-10-24,Pacers,S102,94.85,0.494,-0.2,94.66
G2025003,2025-10-24,Pacers,S124,94.85,0.494,-0.2,94.66
G2025003,2025-10-24,Pacers,S104,94.84,0.494,-0.2,94.65
G2025003,2025-10-24,Pacers,S130,94.82,0.494,-0.2,94.63
G2025003,2025-10-24,Pacers,S131,94.81,0.494,-0.2,94.62
G2025003,2025-10-24,Pacers,S111,94.69,0.494,-0.2,94.5
G2025003,2025-10-24,Pacers,S126,94.68,0.494,-0.2,94.49
G2025003,2025-10-24,Pacers,S132,94.58,0.494,-0.2,94.39
G2025003,2025-10-24,Pacers,S105,94.56,0.494,-0.2,94.37
G2025003,2025-10-24,Pacers,S107,94.5,0.494,-0.2,94.31
G2025003,2025-10-24,Pacers,S106,94.48,0.494,-0.2,94.29
G2025003,2025-10-24,Pacers,S117,94.45,0.494,-0.2,94.26
G2025003,2025-10-24,Pacers,S112,94.43,0.494,-0.2,94.24
G2025004,2025-10-25,Hornets,S109,95.45,0.646,4.4,99.65
G2025004,2025-10-25,Hornets,S134,95.42,0.646,4.4,99.62
G2025004,2025-10-25,Hornets,S114,95.4,0.646,4.4,99.6
G2025004,2025-10-25,Hornets,S133,95.36,0.646,4.4,99.56
G2025004,2025-10-25,Hornets,S127,95.3,0.646,4.4,99.49
G2025004,2025-10-25,Hornets,S115,95.25,0.646,4.4,99.44
G2025004,2025-10-25,Hornets,S129,95.23,0.646,4.4,99.42
G2025004,2025-10-25,Hornets,S118,95.19,0.646,4.4,99.38
G2025004,2025-10-25,Hornets,S122,95.18,0.646,4.4,99.37
G2025004,2025-10-25,Hornets,S103,95.18,0.646,4.4,99.37
G2025004,2025-10-25,Hornets,S110,95.11,0.646,4.4,99.29
G2025004,2025-10-25,Hornets,S108,95.08,0.646,4.4,99.26
G2025004,2025-10-25,Hornets,S100,95.07,0.646,4.4,99.25
G2025004,2025-10-25,Hornets,S101,95.05,0.646,4.4,99.23
G2025004,2025-10-25,Hornets,S119,95.04,0.646,4.4,99.22
G2025004,2025-10-25,Hornets,S125,94.99,0.646,4.4,99.17
G2025004,2025-10-25,Hornets,S128,94.98,0.646,4.4,99.16
G2025004,2025-10-25,Hornets,S123,94.97,0.646,4.4,99.15
G2025004,2025-10-25,Hornets,S120,94.91,0.646,4.4,99.09
G2025004,2025-10-25,Hornets,S121,94.9,0.646,4.4,99.08
G2025004,2025-10-25,Hornets,S116,94.9,0.646,4.4,99.08
G2025004,2025-10-25,Hornets,S113,94.87,0.646,4.4,99.04
G2025004,2025-10-25,Hornets,S102,94.85,0.646,4.4,99.02
G2025004,2025-10-25,Hornets,S124,94.85,0.646,4.4,99.02
G2025004,2025-10-25,Hornets,S104,94.84,0.646,4.4,99.01
G2025004,2025-10-25,Hornets,S130,94.82,0.646,4.4,98.99
G2025004,2025-10-25,Hornets,S131,94.81,0.646,4.4,98.98
G2025004,2025-10-25,Hornets,S111,94.69,0.646,4.4,98.86
G2025004,2025-10-25,Hornets,S126,94.68,0.646,4.4,98.85
G2025004,2025-10-25,Hornets,S132,94.58,0.646,4.4,98.74
G2025004,2025-10-25,Hornets,S105,94.56,0.646,4.4,98.72
G2025004,2025-10-25,Hornets,S107,94.5,0.646,4.4,98.66
G2025004,2025-10-25,Hornets,S106,94.48,0.646,4.4,98.64
G2025004,2025-10-25,Hornets,S117,94.45,0.646,4.4,98.61
G2025004,2025-10-25,Hornets,S112,94.43,0.646,4.4,98.58
G2025005,2025-10-28,Jazz,S109,95.45,0.262,-7.1,88.67
G2025005,2025-10-28,Jazz,S134,95.42,0.262,-7.1,88.65
G2025005,2025-10-28,Jazz,S114,95.4,0.262,-7.1,88.63
G2025005,2025-10-28,Jazz,S133,95.36,0.262,-7.1,88.59
G2025005,2025-10-28,Jazz,S127,95.3,0.262,-7.1,88.53
G2025005,2025-10-28,Jazz,S115,95.25,0.262,-7.1,88.49
G2025005,2025-10-28,Jazz,S129,95.23,0.262,-7.1,88.47
G2025005,2025-10-28,Jazz,S118,95.19,0.262,-7.1,88.43
G2025005,2025-10-28,Jazz,S122,95.18,0.262,-7.1,88.42
G2025005,2025-10-28,Jazz,S103,95.18,0.262,-7.1,88.42
G2025005,2025-10-28,Jazz,S110,95.11,0.262,-7.1,88.36
G2025005,2025-10-28,Jazz,S108,95.08,0.262,-7.1,88.33
G2025005,2025-10-28,Jazz,S100,95.07,0.262,-7.1,88.32
G2025005,2025-10-28,Jazz,S101,95.05,0.262,-7.1,88.3
G2025005,2025-10-28,Jazz,S119,95.04,0.262,-7.1,88.29
G2025005,2025-10-28,Jazz,S125,94.99,0.262,-7.1,88.25
G2025005,2025-10-28,Jazz,S128,94.98,0.262,-7.1,88.24
G2025005,2025-10-28,Jazz,S123,94.97,0.262,-7.1,88.23
G2025005,2025-10-28,Jazz,S120,94.91,0.262,-7.1,88.17
G2025005,2025-10-28,Jazz,S121,94.9,0.262,-7.1,88.16
G2025005,2025-10-28,Jazz,S116,94.9,0.262,-7.1,88.16
G2025005,2025-10-28,Jazz,S113,94.87,0.262,-7.1,88.13
G2025005,2025-10-28,Jazz,S102,94.85,0.262,-7.1,88.12
G2025005,2025-10-28,Jazz,S124,94.85,0.262,-7.1,88.12
G2025005,2025-10-28,Jazz,S104,94.84,0.262,-7.1,88.11
G2025005,2025-10-28,Jazz,S130,94.82,0.262,-7.1,88.09
G2025005,2025-10-28,Jazz,S131,94.81,0.262,-7.1,88.08
G2025005,2025-10-28,Jazz,S111,94.69,0.262,-7.1,87.97
G2025005,2025-10-28,Jazz,S126,94.68,0.262,-7.1,87.96
G2025005,2025-10-28,Jazz,S132,94.58,0.262,-7.1,87.86
G2025005,2025-10-28,Jazz,S105,94.56,0.262,-7.1,87.85
G2025005,2025-10-28,Jazz,S107,94.5,0.262,-7.1,87.79
G2025005,2025-10-28,Jazz,S106,94.48,0.262,-7.1,87.77
G2025005,2025-10-28,Jazz,S117,94.45,0.262,-7.1,87.74
G2025005,2025-10-28,Jazz,S112,94.43,0.262,-7.1,87.73
G2025006,2025-10-31,Jazz,S109,95.45,0.494,-0.2,95.26
G2025006,2025-10-31,Jazz,S134,95.42,0.494,-0.2,95.23
G2025006,2025-10-31,Jazz,S114,95.4,0.494,-0.2,95.21
G2025006,2025-10-31,Jazz,S133,95.36,0.494,-0.2,95.17
G2025006,2025-10-31,Jazz,S127,95.3,0.494,-0.2,95.11
G2025006,2025-10-31,Jazz,S115,95.25,0.494,-0.2,95.06
G2025006,2025-10-31,Jazz,S129,95.23,0.494,-0.2,95.04
G2025006,2025-10-31,Jazz,S118,95.19,0.494,-0.2,95.0
G2025006,2025-10-31,Jazz,S122,95.18,0.494,-0.2,94.99
G2025006,2025-10-31,Jazz,S103,95.18,0.494,-0.2,94.99
G2025006,2025-10-31,Jazz,S110,95.11,0.494,-0.2,94.92
G2025006,2025-10-31,Jazz,S108,95.08,0.494,-0.2,94.89
G2025006,2025-10-31,Jazz,S100,95.07,0.494,-0.2,94.88
G2025006,2025-10-31,Jazz,S101,95.05,0.494,-0.2,94.86
G2025006,2025-10-31,Jazz,S119,95.04,0.494,-0.2,94.85
G2025006,2025-10-31,Jazz,S125,94.99,0.494,-0.2,94.8
G2025006,2025-10-31,Jazz,S128,94.98,0.494,-0.2,94.79
G2025006,2025-10-31,Jazz,S123,94.97,0.494,-0.2,94.78
G2025006,2025-10-31,Jazz,S120,94.91,0.494,-0.2,94.72
G2025006,2025-10-31,Jazz,S121,94.9,0.494,-0.2,94.71
G2025006,2025-10-31,Jazz,S116,94.9,0.494,-0.2,94.71
G2025006,2025-10-31,Jazz,S113,94.87,0.494,-0.2,94.68
G2025006,2025-10-31,Jazz,S102,94.85,0.494,-0.2,94.66
G2025006,2025-10-31,Jazz,S124,94.85,0.494,-0.2,94.66
G2025006,2025-10-31,Jazz,S104,94.84,0.494,-0.2,94.65
G2025006,2025-10-31,Jazz,S130,94.82,0.494,-0.2,94.63
G2025006,2025-10-31,Jazz,S131,94.81,0.494,-0.2,94.62
G2025006,2025-10-31,Jazz,S111,94.69,0.494,-0.2,94.5
G2025006,2025-10-31,Jazz,S126,94.68,0.494,-0.2,94.49
G2025006,2025-10-31,Jazz,S132,94.58,0.494,-0.2,94.39
G2025006,2025-10-31,Jazz,S105,94.56,0.494,-0.2,94.37
G2025006,2025-10-31,Jazz,S107,94.5,0.494,-0.2,94.31
G2025006,2025-10-31,Jazz,S106,94.48,0.494,-0.2,94.29
G2025006,2025-10-31,Jazz,S117,94.45,0.494,-0.2,94.26
G2025006,2025-10-31,Jazz,S112,94.43,0.494,-0.2,94.24
G2025007,2025-11-04,76ers,S109,95.45,0.573,2.2,97.55
G2025007,2025-11-04,76ers,S134,95.42,0.573,2.2,97.52
G2025007,2025-11-04,76ers,S114,95.4,0.573,2.2,97.5
G2025007,2025-11-04,76ers,S133,95.36,0.573,2.2,97.46
G2025007,2025-11-04,76ers,S127,95.3,0.573,2.2,97.4
G2025007,2025-11-04,76ers,S115,95.25,0.573,2.2,97.35
G2025007,2025-11-04,76ers,S129,95.23,0.573,2.2,97.33
G2025007,2025-11-04,76ers,S118,95.19,0.573,2.2,97.28
G2025007,2025-11-04,76ers,S122,95.18,0.573,2.2,97.27
G2025007,2025-11-04,76ers,S103,95.18,0.573,2.2,97.27
G2025007,2025-11-04,76ers,S110,95.11,0.573,2.2,97.2
G2025007,2025-11-04,76ers,S108,95.08,0.573,2.2,97.17
G2025007,2025-11-04,76ers,S100,95.07,0.573,2.2,97.16
G2025007,2025-11-04,76ers,S101,95.05,0.573,2.2,97.14
G2025007,2025-11-04,76ers,S119,95.04,0.573,2.2,97.13
G2025007,2025-11-04,76ers,S125,94.99,0.573,2.2,97.08
G2025007,2025-11-04,76ers,S128,94.98,0.573,2.2,97.07
G2025007,2025-11-04,76ers,S123,94.97,0.573,2.2,97.06
G2025007,2025-11-04,76ers,S120,94.91,0.573,2.2,97.0
G2025007,2025-11-04,76ers,S121,94.9,0.573,2.2,96.99
G2025007,2025-11-04,76ers,S116,94.9,0.573,2.2,96.99
G2025007,2025-11-04,76ers,S113,94.87,0.573,2.2,96.96
G2025007,2025-11-04,76ers,S102,94.85,0.573,2.2,96.94
G2025007,2025-11-04,76ers,S124,94.85,0.573,2.2,96.94
G2025007,2025-11-04,76ers,S104,94.84,0.573,2.2,96.93
G2025007,2025-11-04,76ers,S130,94.82,0.573,2.2,96.91
G2025007,2025-11-04,76ers,S131,94.81,0.573,2.2,96.9
G2025007,2025-11-04,76ers,S111,94.69,0.573,2.2,96.77
G2025007,2025-11-04,76ers,S126,94.68,0.573,2.2,96.76
G2025007,2025-11-04,76ers,S132,94.58,0.573,2.2,96.66
G2025007,2025-11-04,76ers,S105,94.56,0.573,2.2,96.64
G2025007,2025-11-04,76ers,S107,94.5,0.573,2.2,96.58
G2025007,2025-11-04,76ers,S106,94.48,0.573,2.2,96.56
G2025007,2025-11-04,76ers,S117,94.45,0.573,2.2,96.53
G2025007,2025-11-04,76ers,S112,94.43,0.573,2.2,96.51
G2025008,2025-11-08,Bucks,S109,95.45,0.988,14.6,109.39
G2025008,2025-11-08,Bucks,S134,95.42,0.988,14.6,109.35
G2025008,2025-11-08,Bucks,S114,95.4,0.988,14.6,109.33
G2025008,2025-11-08,Bucks,S133,95.36,0.988,14.6,109.28
G2025008,2025-11-08,Bucks,S127,95.3,0.988,14.6,109.21
G2025008,2025-11-08,Bucks,S115,95.25,0.988,14.6,109.16
G2025008,2025-11-08,Bucks,S129,95.23,0.988,14.6,109.13
G2025008,2025-11-08,Bucks,S118,95.19,0.988,14.6,109.09
G2025008,2025-11-08,Bucks,S122,95.18,0.988,14.6,109.08
G2025008,2025-11-08,Bucks,S103,95.18,0.988,14.6,109.08
G2025008,2025-11-08,Bucks,S110,95.11,0.988,14.6,109.0
G2025008,2025-11-08,Bucks,S108,95.08,0.988,14.6,108.96
G2025008,2025-11-08,Bucks,S100,95.07,0.988,14.6,108.95
G2025008,2025-11-08,Bucks,S101,95.05,0.988,14.6,108.93
G2025008,2025-11-08,Bucks,S119,95.04,0.988,14.6,108.92
G2025008,2025-11-08,Bucks,S125,94.99,0.988,14.6,108.86
G2025008,2025-11-08,Bucks,S128,94.98,0.988,14.6,108.85
G2025008,2025-11-08,Bucks,S123,94.97,0.988,14.6,108.84
G2025008,2025-11-08,Bucks,S120,94.91,0.988,14.6,108.77
G2025008,2025-11-08,Bucks,S121,94.9,0.988,14.6,108.76
G2025008,2025-11-08,Bucks,S116,94.9,0.988,14.6,108.76
G2025008,2025-11-08,Bucks,S113,94.87,0.988,14.6,108.72
G2025008,2025-11-08,Bucks,S102,94.85,0.988,14.6,108.7
G2025008,2025-11-08,Bucks,S124,94.85,0.988,14.6,108.7
G2025008,2025-11-08,Bucks,S104,94.84,0.988,14.6,108.69
G2025008,2025-11-08,Bucks,S130,94.82,0.988,14.6,108.66
G2025008,2025-11-08,Bucks,S131,94.81,0.988,14.6,108.65
G2025008,2025-11-08,Bucks,S111,94.69,0.988,14.6,108.51
G2025008,2025-11-08,Bucks,S126,94.68,0.988,14.6,108.5
G2025008,2025-11-08,Bucks,S132,94.58,0.988,14.6,108.39
G2025008,2025-11-08,Bucks,S105,94.56,0.988,14.6,108.37
G2025008,2025-11-08,Bucks,S107,94.5,0.988,14.6,108.3
G2025008,2025-11-08,Bucks,S106,94.48,0.988,14.6,108.27
G2025008,2025-11-08,Bucks,S117,94.45,0.988,14.6,108.24
G2025008,2025-11-08,Bucks,S112,94.43,0.988,14.6,108.22
G2025009,2025-11-10,Kings,S109,95.45,0.604,3.1,98.41
G2025009,2025-11-10,Kings,S134,95.42,0.604,3.1,98.38
G2025009,2025-11-10,Kings,S114,95.4,0.604,3.1,98.36
G2025009,2025-11-10,Kings,S133,95.36,0.604,3.1,98.32
G2025009,2025-11-10,Kings,S127,95.3,0.604,3.1,98.25
G2025009,2025-11-10,Kings,S115,95.25,0.604,3.1,98.2
G2025009,2025-11-10,Kings,S129,95.23,0.604,3.1,98.18
G2025009,2025-11-10,Kings,S118,95.19,0.604,3.1,98.14
G2025009,2025-11-10,Kings,S122,95.18,0.604,3.1,98.13
G2025009,2025-11-10,Kings,S103,95.18,0.604,3.1,98.13
G2025009,2025-11-10,Kings,S110,95.11,0.604,3.1,98.06
G2025009,2025-11-10,Kings,S108,95.08,0.604,3.1,98.03
G2025009,2025-11-10,Kings,S100,95.07,0.604,3.1,98.02
G2025009,2025-11-10,Kings,S101,95.05,0.604,3.1,98.0
G2025009,2025-11-10,Kings,S119,95.04,0.604,3.1,97.99
G2025009,2025-11-10,Kings,S125,94.99,0.604,3.1,97.93
G2025009,2025-11-10,Kings,S128,94.98,0.604,3.1,97.92
G2025009,2025-11-10,Kings,S123,94.97,0.604,3.1,97.91
G2025009,2025-11-10,Kings,S120,94.91,0.604,3.1,97.85
G2025009,2025-11-10,Kings,S121,94.9,0.604,3.1,97.84
G2025009,2025-11-10,Kings,S116,94.9,0.604,3.1,97.84
G2025009,2025-11-10,Kings,S113,94.87,0.604,3.1,97.81
G2025009,2025-11-10,Kings,S102,94.85,0.604,3.1,97.79
G2025009,2025-11-10,Kings,S124,94.85,0.604,3.1,97.79
G2025009,2025-11-10,Kings,S104,94.84,0.604,3.1,97.78
G2025009,2025-11-10,Kings,S130,94.82,0.604,3.1,97.76
G2025009,2025-11-10,Kings,S131,94.81,0.604,3.1,97.75
G2025009,2025-11-10,Kings,S111,94.69,0.604,3.1,97.63
G2025009,2025-11-10,Kings,S126,94.68,0.604,3.1,97.62
G2025009,2025-11-10,Kings,S132,94.58,0.604,3.1,97.51
G2025009,2025-11-10,Kings,S105,94.56,0.604,3.1,97.49
G2025009,2025-11-10,Kings,S107,94.5,0.604,3.1,97.43
G2025009,2025-11-10,Kings,S106,94.48,0.604,3.1,97.41
G2025009,2025-11-10,Kings,S117,94.45,0.604,3.1,97.38
G2025009,2025-11-10,Kings,S112,94.43,0.604,3.1,97.36
G2025010,2025-11-11,Lakers,S109,95.45,0.573,2.2,97.55
G2025010,2025-11-11,Lakers,S134,95.42,0.573,2.2,97.52
G2025010,2025-11-11,Lakers,S114,95.4,0.573,2.2,97.5
G2025010,2025-11-11,Lakers,S133,95.36,0.573,2.2,97.46
G2025010,2025-11-11,Lakers,S127,95.3,0.573,2.2,97.4
G2025010,2025-11-11,Lakers,S115,95.25,0.573,2.2,97.35
G2025010,2025-11-11,Lakers,S129,95.23,0.573,2.2,97.33
G2025010,2025-11-11,Lakers,S118,95.19,0.573,2.2,97.28
G2025010,2025-11-11,Lakers,S122,95.18,0.573,2.2,97.27
G2025010,2025-11-11,Lakers,S103,95.18,0.573,2.2,97.27
G2025010,2025-11-11,Lakers,S110,95.11,0.573,2.2,97.2
G2025010,2025-11-11,Lakers,S108,95.08,0.573,2.2,97.17
G2025010,2025-11-11,Lakers,S100,95.07,0.573,2.2,97.16
G2025010,2025-11-11,Lakers,S101,95.05,0.573,2.2,97.14
G2025010,2025-11-11,Lakers,S119,95.04,0.573,2.2,97.13
G2025010,2025-11-11,Lakers,S125,94.99,0.573,2.2,97.08
G2025010,2025-11-11,Lakers,S128,94.98,0.573,2.2,97.07
G2025010,2025-11-11,Lakers,S123,94.97,0.573,2.2,97.06
G2025010,2025-11-11,Lakers,S120,94.91,0.573,2.2,97.0
G2025010,2025-11-11,Lakers,S121,94.9,0.573,2.2,96.99
G2025010,2025-11-11,Lakers,S116,94.9,0.573,2.2,96.99
G2025010,2025-11-11,Lakers,S113,94.87,0.573,2.2,96.96
G2025010,2025-11-11,Lakers,S102,94.85,0.573,2.2,96.94
G2025010,2025-11-11,Lakers,S124,94.85,0.573,2.2,96.94
G2025010,2025-11-11,Lakers,S104,94.84,0.573,2.2,96.93
G2025010,2025-11-11,Lakers,S130,94.82,0.573,2.2,96.91
G2025010,2025-11-11,Lakers,S131,94.81,0.573,2.2,96.9
G2025010,2025-11-11,Lakers,S111,94.69,0.573,2.2,96.77
G2025010,2025-11-11,Lakers,S126,94.68,0.573,2.2,96.76
G2025010,2025-11-11,Lakers,S132,94.58,0.573,2.2,96.66
G2025010,2025-11-11,Lakers,S105,94.56,0.573,2.2,96.64
G2025010,2025-11-11,Lakers,S107,94.5,0.573,2.2,96.58
G2025010,2025-11-11,Lakers,S106,94.48,0.573,2.2,96.56
G2025010,2025-11-11,Lakers,S117,94.45,0.573,2.2,96.53
G2025010,2025-11-11,Lakers,S112,94.43,0.573,2.2,96.51
G2025011,2025-11-13,Bulls,S109,95.45,0.36,-4.2,91.44
G2025011,2025-11-13,Bulls,S134,95.42,0.36,-4.2,91.41
G2025011,2025-11-13,Bulls,S114,95.4,0.36,-4.2,91.39
G2025011,2025-11-13,Bulls,S133,95.36,0.36,-4.2,91.35
G2025011,2025-11-13,Bulls,S127,95.3,0.36,-4.2,91.3
G2025011,2025-11-13,Bulls,S115,95.25,0.36,-4.2,91.25
G2025011,2025-11-13,Bulls,S129,95.23,0.36,-4.2,91.23
G2025011,2025-11-13,Bulls,S118,95.19,0.36,-4.2,91.19
G2025011,2025-11-13,Bulls,S122,95.18,0.36,-4.2,91.18
G2025011,2025-11-13,Bulls,S103,95.18,0.36,-4.2,91.18
G2025011,2025-11-13,Bulls,S110,95.11,0.36,-4.2,91.12
G2025011,2025-11-13,Bulls,S108,95.08,0.36,-4.2,91.09
G2025011,2025-11-13,Bulls,S100,95.07,0.36,-4.2,91.08
G2025011,2025-11-13,Bulls,S101,95.05,0.36,-4.2,91.06
G2025011,2025-11-13,Bulls,S119,95.04,0.36,-4.2,91.05
G2025011,2025-11-13,Bulls,S125,94.99,0.36,-4.2,91.0
G2025011,2025-11-13,Bulls,S128,94.98,0.36,-4.2,90.99
G2025011,2025-11-13,Bulls,S123,94.97,0.36,-4.2,90.98
G2025011,2025-11-13,Bulls,S120,94.91,0.36,-4.2,90.92
G2025011,2025-11-13,Bulls,S121,94.9,0.36,-4.2,90.91
G2025011,2025-11-13,Bulls,S116,94.9,0.36,-4.2,90.91
G2025011,2025-11-13,Bulls,S113,94.87,0.36,-4.2,90.89
G2025011,2025-11-13,Bulls,S102,94.85,0.36,-4.2,90.87
G2025011,2025-11-13,Bulls,S124,94.85,0.36,-4.2,90.87
G2025011,2025-11-13,Bulls,S104,94.84,0.36,-4.2,90.86
G2025011,2025-11-13,Bulls,S130,94.82,0.36,-4.2,90.84
G2025011,2025-11-13,Bulls,S131,94.81,0.36,-4.2,90.83
G2025011,2025-11-13,Bulls,S111,94.69,0.36,-4.2,90.71
G2025011,2025-11-13,Bulls,S126,94.68,0.36,-4.2,90.7
G2025011,2025-11-13,Bulls,S132,94.58,0.36,-4.2,90.61
G2025011,2025-11-13,Bulls,S105,94.56,0.36,-4.2,90.59
G2025011,2025-11-13,Bulls,S107,94.5,0.36,-4.2,90.53
G2025011,2025-11-13,Bulls,S106,94.48,0.36,-4.2,90.51
G2025011,2025-11-13,Bulls,S117,94.45,0.36,-4.2,90.48
G2025011,2025-11-13,Bulls,S112,94.43,0.36,-4.2,90.46
G2025012,2025-11-14,Knicks,S109,95.45,0.927,12.8,107.67
G2025012,2025-11-14,Knicks,S134,95.42,0.927,12.8,107.63
G2025012,2025-11-14,Knicks,S114,95.4,0.927,12.8,107.61
G2025012,2025-11-14,Knicks,S133,95.36,0.927,12.8,107.57
G2025012,2025-11-14,Knicks,S127,95.3,0.927,12.8,107.5
G2025012,2025-11-14,Knicks,S115,95.25,0.927,12.8,107.44
G2025012,2025-11-14,Knicks,S129,95.23,0.927,12.8,107.42
G2025012,2025-11-14,Knicks,S118,95.19,0.927,12.8,107.37
G2025012,2025-11-14,Knicks,S122,95.18,0.927,12.8,107.36
G2025012,2025-11-14,Knicks,S103,95.18,0.927,12.8,107.36
G2025012,2025-11-14,Knicks,S110,95.11,0.927,12.8,107.28
G2025012,2025-11-14,Knicks,S108,95.08,0.927,12.8,107.25
G2025012,2025-11-14,Knicks,S100,95.07,0.927,12.8,107.24
G2025012,2025-11-14,Knicks,S101,95.05,0.927,12.8,107.22
G2025012,2025-11-14,Knicks,S119,95.04,0.927,12.8,107.21
G2025012,2025-11-14,Knicks,S125,94.99,0.927,12.8,107.15
G2025012,2025-11-14,Knicks,S128,94.98,0.927,12.8,107.14
G2025012,2025-11-14,Knicks,S123,94.97,0.927,12.8,107.13
G2025012,2025-11-14,Knicks,S120,94.91,0.927,12.8,107.06
G2025012,2025-11-14,Knicks,S121,94.9,0.927,12.8,107.05
G2025012,2025-11-14,Knicks,S116,94.9,0.927,12.8,107.05
G2025012,2025-11-14,Knicks,S113,94.87,0.927,12.8,107.01
G2025012,2025-11-14,Knicks,S102,94.85,0.927,12.8,106.99
G2025012,2025-11-14,Knicks,S124,94.85,0.927,12.8,106.99
G2025012,2025-11-14,Knicks,S104,94.84,0.927,12.8,106.98
G2025012,2025-11-14,Knicks,S130,94.82,0.927,12.8,106.96
G2025012,2025-11-14,Knicks,S131,94.81,0.927,12.8,106.95
G2025012,2025-11-14,Knicks,S111,94.69,0.927,12.8,106.81
G2025012,2025-11-14,Knicks,S126,94.68,0.927,12.8,106.8
G2025012,2025-11-14,Knicks,S132,94.58,0.927,12.8,106.69
G2025012,2025-11-14,Knicks,S105,94.56,0.927,12.8,106.66
G2025012,2025-11-14,Knicks,S107,94.5,0.927,12.8,106.6
G2025012,2025-11-14,Knicks,S106,94.48,0.927,12.8,106.57
G2025012,2025-11-14,Knicks,S117,94.45,0.927,12.8,106.54
G2025012,2025-11-14,Knicks,S112,94.43,0.927,12.8,106.52
G2025013,2025-11-16,Thunder,S109,95.45,0.957,13.7,108.53
G2025013,2025-11-16,Thunder,S134,95.42,0.957,13.7,108.49
G2025013,2025-11-16,Thunder,S114,95.4,0.957,13.7,108.47
G2025013,2025-11-16,Thunder,S133,95.36,0.957,13.7,108.42
G2025013,2025-11-16,Thunder,S127,95.3,0.957,13.7,108.36
G2025013,2025-11-16,Thunder,S115,95.25,0.957,13.7,108.3
G2025013,2025-11-16,Thunder,S129,95.23,0.957,13.7,108.28
G2025013,2025-11-16,Thunder,S118,95.19,0.957,13.7,108.23
G2025013,2025-11-16,Thunder,S122,95.18,0.957,13.7,108.22
G2025013,2025-11-16,Thunder,S103,95.18,0.957,13.7,108.22
G2025013,2025-11-16,Thunder,S110,95.11,0.957,13.7,108.14
G2025013,2025-11-16,Thunder,S108,95.08,0.957,13.7,108.11
G2025013,2025-11-16,Thunder,S100,95.07,0.957,13.7,108.09
G2025013,2025-11-16,Thunder,S101,95.05,0.957,13.7,108.07
G2025013,2025-11-16,Thunder,S119,95.04,0.957,13.7,108.06
G2025013,2025-11-16,Thunder,S125,94.99,0.957,13.7,108.0
G2025013,2025-11-16,Thunder,S128,94.98,0.957,13.7,107.99
G2025013,2025-11-16,Thunder,S123,94.97,0.957,13.7,107.98
G2025013,2025-11-16,Thunder,S120,94.91,0.957,13.7,107.91
G2025013,2025-11-16,Thunder,S121,94.9,0.957,13.7,107.9
G2025013,2025-11-16,Thunder,S116,94.9,0.957,13.7,107.9
G2025013,2025-11-16,Thunder,S113,94.87,0.957,13.7,107.87
G2025013,2025-11-16,Thunder,S102,94.85,0.957,13.7,107.84
G2025013,2025-11-16,Thunder,S124,94.85,0.957,13.7,107.84
G2025013,2025-11-16,Thunder,S104,94.84,0.957,13.7,107.83
G2025013,2025-11-16,Thunder,S130,94.82,0.957,13.7,107.81
G2025013,2025-11-16,Thunder,S131,94.81,0.957,13.7,107.8
G2025013,2025-11-16,Thunder,S111,94.69,0.957,13.7,107.66
G2025013,2025-11-16,Thunder,S126,94.68,0.957,13.7,107.65
G2025013,2025-11-16,Thunder,S132,94.58,0.957,13.7,107.54
G2025013,2025-11-16,Thunder,S105,94.56,0.957,13.7,107.51
G2025013,2025-11-16,Thunder,S107,94.5,0.957,13.7,107.45
G2025013,2025-11-16,Thunder,S106,94.48,0.957,13.7,107.42
G2025013,2025-11-16,Thunder,S117,94.45,0.957,13.7,107.39
G2025013,2025-11-16,Thunder,S112,94.43,0.957,13.7,107.37
G2025014,2025-11-17,Mavericks,S109,95.45,0.604,3.1,98.41
G2025014,2025-11-17,Mavericks,S134,95.42,0.604,3.1,98.38
G2025014,2025-11-17,Mavericks,S114,95.4,0.604,3.1,98.36
G2025014,2025-11-17,Mavericks,S133,95.36,0.604,3.1,98.32
G2025014,2025-11-17,Mavericks,S127,95.3,0.604,3.1,98.25
G2025014,2025-11-17,Mavericks,S115,95.25,0.604,3.1,98.2
G2025014,2025-11-17,Mavericks,S129,95.23,0.604,3.1,98.18
G2025014,2025-11-17,Mavericks,S118,95.19,0.604,3.1,98.14
G2025014,2025-11-17,Mavericks,S122,95.18,0.604,3.1,98.13
G2025014,2025-11-17,Mavericks,S103,95.18,0.604,3.1,98.13
G2025014,2025-11-17,Mavericks,S110,95.11,0.604,3.1,98.06
G2025014,2025-11-17,Mavericks,S108,95.08,0.604,3.1,98.03
G2025014,2025-11-17,Mavericks,S100,95.07,0.604,3.1,98.02
G2025014,2025-11-17,Mavericks,S101,95.05,0.604,3.1,98.0
G2025014,2025-11-17,Mavericks,S119,95.04,0.604,3.1,97.99
G2025014,2025-11-17,Mavericks,S125,94.99,0.604,3.1,97.93
G2025014,2025-11-17,Mavericks,S128,94.98,0.604,3.1,97.92
G2025014,2025-11-17,Mavericks,S123,94.97,0.604,3.1,97.91
G2025014,2025-11-17,Mavericks,S120,94.91,0.604,3.1,97.85
G2025014,2025-11-17,Mavericks,S121,94.9,0.604,3.1,97.84
G2025014,2025-11-17,Mavericks,S116,94.9,0.604,3.1,97.84
G2025014,2025-11-17,Mavericks,S113,94.87,0.604,3.1,97.81
G2025014,2025-11-17,Mavericks,S102,94.85,0.604,3.1,97.79
G2025014,2025-11-17,Mavericks,S124,94.85,0.604,3.1,97.79
G2025014,2025-11-17,Mavericks,S104,94.84,0.604,3.1,97.78
G2025014,2025-11-17,Mavericks,S130,94.82,0.604,3.1,97.76
G2025014,2025-11-17,Mavericks,S131,94.81,0.604,3.1,97.75
G2025014,2025-11-17,Mavericks,S111,94.69,0.604,3.1,97.63
G2025014,2025-11-17,Mavericks,S126,94.68,0.604,3.1,97.62
G2025014,2025-11-17,Mavericks,S132,94.58,0.604,3.1,97.51
G2025014,2025-11-17,Mavericks,S105,94.56,0.604,3.1,97.49
G2025014,2025-11-17,Mavericks,S107,94.5,0.604,3.1,97.43
G2025014,2025-11-17,Mavericks,S106,94.48,0.604,3.1,97.41
G2025014,2025-11-17,Mavericks,S117,94.45,0.604,3.1,97.38
G2025014,2025-11-17,Mavericks,S112,94.43,0.604,3.1,97.36
G2025015,2025-11-20,Raptors,S109,95.45,0.36,-4.2,91.44
G2025015,2025-11-20,Raptors,S134,95.42,0.36,-4.2,91.41
G2025015,2025-11-20,Raptors,S114,95.4,0.36,-4.2,91.39
G2025015,2025-11-20,Raptors,S133,95.36,0.36,-4.2,91.35
G2025015,2025-11-20,Raptors,S127,95.3,0.36,-4.2,91.3
G2025015,2025-11-20,Raptors,S115,95.25,0.36,-4.2,91.25
G2025015,2025-11-20,Raptors,S129,95.23,0.36,-4.2,91.23
G2025015,2025-11-20,Raptors,S118,95.19,0.36,-4.2,91.19
G2025015,2025-11-20,Raptors,S122,95.18,0.36,-4.2,91.18
G2025015,2025-11-20,Raptors,S103,95.18,0.36,-4.2,91.18
G2025015,2025-11-20,Raptors,S110,95.11,0.36,-4.2,91.12
G2025015,2025-11-20,Raptors,S108,95.08,0.36,-4.2,91.09
G2025015,2025-11-20,Raptors,S100,95.07,0.36,-4.2,91.08
G2025015,2025-11-20,Raptors,S101,95.05,0.36,-4.2,91.06
G2025015,2025-11-20,Raptors,S119,95.04,0.36,-4.2,91.05
G2025015,2025-11-20,Raptors,S125,94.99,0.36,-4.2,91.0
G2025015,2025-11-20,Raptors,S128,94.98,0.36,-4.2,90.99
G2025015,2025-11-20,Raptors,S123,94.97,0.36,-4.2,90.98
G2025015,2025-11-20,Raptors,S120,94.91,0.36,-4.2,90.92
G2025015,2025-11-20,Raptors,S121,94.9,0.36,-4.2,90.91
G2025015,2025-11-20,Raptors,S116,94.9,0.36,-4.2,90.91
G2025015,2025-11-20,Raptors,S113,94.87,0.36,-4.2,90.89
G2025015,2025-11-20,Raptors,S102,94.85,0.36,-4.2,90.87
G2025015,2025-11-20,Raptors,S124,94.85,0.36,-4.2,90.87
G2025015,2025-11-20,Raptors,S104,94.84,0.36,-4.2,90.86
G2025015,2025-11-20,Raptors,S130,94.82,0.36,-4.2,90.84
G2025015,2025-11-20,Raptors,S131,94.81,0.36,-4.2,90.83
G2025015,2025-11-20,Raptors,S111,94.69,0.36,-4.2,90.71
G2025015,2025-11-20,Raptors,S126,94.68,0.36,-4.2,90.7
G2025015,2025-11-20,Raptors,S132,94.58,0.36,-4.2,90.61
G2025015,2025-11-20,Raptors,S105,94.56,0.36,-4.2,90.59
G2025015,2025-11-20,Raptors,S107,94.5,0.36,-4.2,90.53
G2025015,2025-11-20,Raptors,S106,94.48,0.36,-4.2,90.51
G2025015,2025-11-20,Raptors,S117,94.45,0.36,-4.2,90.48
G2025015,2025-11-20,Raptors,S112,94.43,0.36,-4.2,90.46
G2025016,2025-11-21,Hornets,S109,95.45,0.927,12.8,107.67
G2025016,2025-11-21,Hornets,S134,95.42,0.927,12.8,107.63
G2025016,2025-11-21,Hornets,S114,95.4,0.927,12.8,107.61
G2025016,2025-11-21,Hornets,S133,95.36,0.927,12.8,107.57
G2025016,2025-11-21,Hornets,S127,95.3,0.927,12.8,107.5
G2025016,2025-11-21,Hornets,S115,95.25,0.927,12.8,107.44
G2025016,2025-11-21,Hornets,S129,95.23,0.927,12.8,107.42
G2025016,2025-11-21,Hornets,S118,95.19,0.927,12.8,107.37
G2025016,2025-11-21,Hornets,S122,95.18,0.927,12.8,107.36
G2025016,2025-11-21,Hornets,S103,95.18,0.927,12.8,107.36
G2025016,2025-11-21,Hornets,S110,95.11,0.927,12.8,107.28
G2025016,2025-11-21,Hornets,S108,95.08,0.927,12.8,107.25
G2025016,2025-11-21,Hornets,S100,95.07,0.927,12.8,107.24
G2025016,2025-11-21,Hornets,S101,95.05,0.927,12.8,107.22
G2025016,2025-11-21,Hornets,S119,95.04,0.927,12.8,107.21
G2025016,2025-11-21,Hornets,S125,94.99,0.927,12.8,107.15
G2025016,2025-11-21,Hornets,S128,94.98,0.927,12.8,107.14
G2025016,2025-11-21,Hornets,S123,94.97,0.927,12.8,107.13
G2025016,2025-11-21,Hornets,S120,94.91,0.927,12.8,107.06
G2025016,2025-11-21,Hornets,S121,94.9,0.927,12.8,107.05
G2025016,2025-11-21,Hornets,S116,94.9,0.927,12.8,107.05
G2025016,2025-11-21,Hornets,S113,94.87,0.927,12.8,107.01
G2025016,2025-11-21,Hornets,S102,94.85,0.927,12.8,106.99
G2025016,2025-11-21,Hornets,S124,94.85,0.927,12.8,106.99
G2025016,2025-11-21,Hornets,S104,94.84,0.927,12.8,106.98
G2025016,2025-11-21,Hornets,S130,94.82,0.927,12.8,106.96
G2025016,2025-11-21,Hornets,S131,94.81,0.927,12.8,106.95
G2025016,2025-11-21,Hornets,S111,94.69,0.927,12.8,106.81
G2025016,2025-11-21,Hornets,S126,94.68,0.927,12.8,106.8
G2025016,2025-11-21,Hornets,S132,94.58,0.927,12.8,106.69
G2025016,2025-11-21,Hornets,S105,94.56,0.927,12.8,106.66
G2025016,2025-11-21,Hornets,S107,94.5,0.927,12.8,106.6
G2025016,2025-11-21,Hornets,S106,94.48,0.927,12.8,106.57
G2025016,2025-11-21,Hornets,S117,94.45,0.927,12.8,106.54
G2025016,2025-11-21,Hornets,S112,94.43,0.927,12.8,106.52
G2025017,2025-11-22,Hornets,S109,95.45,0.988,14.6,109.39
G2025017,2025-11-22,Hornets,S134,95.42,0.988,14.6,109.35
G2025017,2025-11-22,Hornets,S114,95.4,0.988,14.6,109.33
G2025017,2025-11-22,Hornets,S133,95.36,0.988,14.6,109.28
G2025017,2025-11-22,Hornets,S127,95.3,0.988,14.6,109.21
G2025017,2025-11-22,Hornets,S115,95.25,0.988,14.6,109.16
G2025017,2025-11-22,Hornets,S129,95.23,0.988,14.6,109.13
G2025017,2025-11-22,Hornets,S118,95.19,0.988,14.6,109.09
G2025017,2025-11-22,Hornets,S122,95.18,0.988,14.6,109.08
G2025017,2025-11-22,Hornets,S103,95.18,0.988,14.6,109.08
G2025017,2025-11-22,Hornets,S110,95.11,0.988,14.6,109.0
G2025017,2025-11-22,Hornets,S108,95.08,0.988,14.6,108.96
G2025017,2025-11-22,Hornets,S100,95.07,0.988,14.6,108.95
G2025017,2025-11-22,Hornets,S101,95.05,0.988,14.6,108.93
G2025017,2025-11-22,Hornets,S119,95.04,0.988,14.6,108.92
G2025017,2025-11-22,Hornets,S125,94.99,0.988,14.6,108.86
G2025017,2025-11-22,Hornets,S128,94.98,0.988,14.6,108.85
G2025017,2025-11-22,Hornets,S123,94.97,0.988,14.6,108.84
G2025017,2025-11-22,Hornets,S120,94.91,0.988,14.6,108.77
G2025017,2025-11-22,Hornets,S121,94.9,0.988,14.6,108.76
G2025017,2025-11-22,Hornets,S116,94.9,0.988,14.6,108.76
G2025017,2025-11-22,Hornets,S113,94.87,0.988,14.6,108.72
G2025017,2025-11-22,Hornets,S102,94.85,0.988,14.6,108.7
G2025017,2025-11-22,Hornets,S124,94.85,0.988,14.6,108.7
G2025017,2025-11-22,Hornets,S104,94.84,0.988,14.6,108.69
G2025017,2025-11-22,Hornets,S130,94.82,0.988,14.6,108.66
G2025017,2025-11-22,Hornets,S131,94.81,0.988,14.6,108.65
G2025017,2025-11-22,Hornets,S111,94.69,0.988,14.6,108.51
G2025017,2025-11-22,Hornets,S126,94.68,0.988,14.6,108.5
G2025017,2025-11-22,Hornets,S132,94.58,0.988,14.6,108.39
G2025017,2025-11-22,Hornets,S105,94.56,0.988,14.6,108.37
G2025017,2025-11-22,Hornets,S107,94.5,0.988,14.6,108.3
G2025017,2025-11-22,Hornets,S106,94.48,0.988,14.6,108.27
G2025017,2025-11-22,Hornets,S117,94.45,0.988,14.6,108.24
G2025017,2025-11-22,Hornets,S112,94.43,0.988,14.6,108.22
G2025018,2025-11-23,Jazz,S109,95.45,0.957,13.7,108.53
G2025018,2025-11-23,Jazz,S134,95.42,0.957,13.7,108.49
G2025018,2025-11-23,Jazz,S114,95.4,0.957,13.7,108.47
G2025018,2025-11-23,Jazz,S133,95.36,0.957,13.7,108.42
G2025018,2025-11-23,Jazz,S127,95.3,0.957,13.7,108.36
G2025018,2025-11-23,Jazz,S115,95.25,0.957,13.7,108.3
G2025018,2025-11-23,Jazz,S129,95.23,0.957,13.7,108.28
G2025018,2025-11-23,Jazz,S118,95.19,0.957,13.7,108.23
G2025018,2025-11-23,Jazz,S122,95.18,0.957,13.7,108.22
G2025018,2025-11-23,Jazz,S103,95.18,0.957,13.7,108.22
G2025018,2025-11-23,Jazz,S110,95.11,0.957,13.7,108.14
G2025018,2025-11-23,Jazz,S108,95.08,0.957,13.7,108.11
G2025018,2025-11-23,Jazz,S100,95.07,0.957,13.7,108.09
G2025018,2025-11-23,Jazz,S101,95.05,0.957,13.7,108.07
G2025018,2025-11-23,Jazz,S119,95.04,0.957,13.7,108.06
G2025018,2025-11-23,Jazz,S125,94.99,0.957,13.7,108.0
G2025018,2025-11-23,Jazz,S128,94.98,0.957,13.7,107.99
G2025018,2025-11-23,Jazz,S123,94.97,0.957,13.7,107.98
G2025018,2025-11-23,Jazz,S120,94.91,0.957,13.7,107.91
G2025018,2025-11-23,Jazz,S121,94.9,0.957,13.7,107.9
G2025018,2025-11-23,Jazz,S116,94.9,0.957,13.7,107.9
G2025018,2025-11-23,Jazz,S113,94.87,0.957,13.7,107.87
G2025018,2025-11-23,Jazz,S102,94.85,0.957,13.7,107.84
G2025018,2025-11-23,Jazz,S124,94.85,0.957,13.7,107.84
G2025018,2025-11-23,Jazz,S104,94.84,0.957,13.7,107.83
G2025018,2025-11-23,Jazz,S130,94.82,0.957,13.7,107.81
G2025018,2025-11-23,Jazz,S131,94.81,0.957,13.7,107.8
G2025018,2025-11-23,Jazz,S111,94.69,0.957,13.7,107.66
G2025018,2025-11-23,Jazz,S126,94.68,0.957,13.7,107.65
G2025018,2025-11-23,Jazz,S132,94.58,0.957,13.7,107.54
G2025018,2025-11-23,Jazz,S105,94.56,0.957,13.7,107.51
G2025018,2025-11-23,Jazz,S107,94.5,0.957,13.7,107.45
G2025018,2025-11-23,Jazz,S106,94.48,0.957,13.7,107.42
G2025018,2025-11-23,Jazz,S117,94.45,0.957,13.7,107.39
G2025018,2025-11-23,Jazz,S112,94.43,0.957,13.7,107.37
G2025019,2025-11-25,Grizzlies,S109,95.45,0.573,2.2,97.55
G2025019,2025-11-25,Grizzlies,S134,95.42,0.573,2.2,97.52
G2025019,2025-11-25,Grizzlies,S114,95.4,0.573,2.2,97.5
G2025019,2025-11-25,Grizzlies,S133,95.36,0.573,2.2,97.46
G2025019,2025-11-25,Grizzlies,S127,95.3,0.573,2.2,97.4
G2025019,2025-11-25,Grizzlies,S115,95.25,0.573,2.2,97.35
G2025019,2025-11-25,Grizzlies,S129,95.23,0.573,2.2,97.33
G2025019,2025-11-25,Grizzlies,S118,95.19,0.573,2.2,97.28
G2025019,2025-11-25,Grizzlies,S122,95.18,0.573,2.2,97.27
G2025019,2025-11-25,Grizzlies,S103,95.18,0.573,2.2,97.27
G2025019,2025-11-25,Grizzlies,S110,95.11,0.573,2.2,97.2
G2025019,2025-11-25,Grizzlies,S108,95.08,0.573,2.2,97.17
G2025019,2025-11-25,Grizzlies,S100,95.07,0.573,2.2,97.16
G2025019,2025-11-25,Grizzlies,S101,95.05,0.573,2.2,97.14
G2025019,2025-11-25,Grizzlies,S119,95.04,0.573,2.2,97.13
G2025019,2025-11-25,Grizzlies,S125,94.99,0.573,2.2,97.08
G2025019,2025-11-25,Grizzlies,S128,94.98,0.573,2.2,97.07
G2025019,2025-11-25,Grizzlies,S123,94.97,0.573,2.2,97.06
G2025019,2025-11-25,Grizzlies,S120,94.91,0.573,2.2,97.0
G2025019,2025-11-25,Grizzlies,S121,94.9,0.573,2.2,96.99
G2025019,2025-11-25,Grizzlies,S116,94.9,0.573,2.2,96.99
G2025019,2025-11-25,Grizzlies,S113,94.87,0.573,2.2,96.96
G2025019,2025-11-25,Grizzlies,S102,94.85,0.573,2.2,96.94
G2025019,2025-11-25,Grizzlies,S124,94.85,0.573,2.2,96.94
G2025019,2025-11-25,Grizzlies,S104,94.84,0.573,2.2,96.93
G2025019,2025-11-25,Grizzlies,S130,94.82,0.573,2.2,96.91
G2025019,2025-11-25,Grizzlies,S131,94.81,0.573,2.2,96.9
G2025019,2025-11-25,Grizzlies,S111,94.69,0.573,2.2,96.77
G2025019,2025-11-25,Grizzlies,S126,94.68,0.573,2.2,96.76
G2025019,2025-11-25,Grizzlies,S132,94.58,0.573,2.2,96.66
G2025019,2025-11-25,Grizzlies,S105,94.56,0.573,2.2,96.64
G2025019,2025-11-25,Grizzlies,S107,94.5,0.573,2.2,96.58
G2025019,2025-11-25,Grizzlies,S106,94.48,0.573,2.2,96.56
G2025019,2025-11-25,Grizzlies,S117,94.45,0.573,2.2,96.53
G2025019,2025-11-25,Grizzlies,S112,94.43,0.573,2.2,96.51
G2025020,2025-11-26,Wizards,S109,95.45,0.232,-8.0,87.81
G2025020,2025-11-26,Wizards,S134,95.42,0.232,-8.0,87.79
G2025020,2025-11-26,Wizards,S114,95.4,0.232,-8.0,87.77
G2025020,2025-11-26,Wizards,S133,95.36,0.232,-8.0,87.73
G2025020,2025-11-26,Wizards,S127,95.3,0.232,-8.0,87.68
G2025020,2025-11-26,Wizards,S115,95.25,0.232,-8.0,87.63
G2025020,2025-11-26,Wizards,S129,95.23,0.232,-8.0,87.61
G2025020,2025-11-26,Wizards,S118,95.19,0.232,-8.0,87.57
G2025020,2025-11-26,Wizards,S122,95.18,0.232,-8.0,87.57
G2025020,2025-11-26,Wizards,S103,95.18,0.232,-8.0,87.57
G2025020,2025-11-26,Wizards,S110,95.11,0.232,-8.0,87.5
G2025020,2025-11-26,Wizards,S108,95.08,0.232,-8.0,87.47
G2025020,2025-11-26,Wizards,S100,95.07,0.232,-8.0,87.46
G2025020,2025-11-26,Wizards,S101,95.05,0.232,-8.0,87.45
G2025020,2025-11-26,Wizards,S119,95.04,0.232,-8.0,87.44
G2025020,2025-11-26,Wizards,S125,94.99,0.232,-8.0,87.39
G2025020,2025-11-26,Wizards,S128,94.98,0.232,-8.0,87.38
G2025020,2025-11-26,Wizards,S123,94.97,0.232,-8.0,87.37
G2025020,2025-11-26,Wizards,S120,94.91,0.232,-8.0,87.32
G2025020,2025-11-26,Wizards,S121,94.9,0.232,-8.0,87.31
G2025020,2025-11-26,Wizards,S116,94.9,0.232,-8.0,87.31
G2025020,2025-11-26,Wizards,S113,94.87,0.232,-8.0,87.28
G2025020,2025-11-26,Wizards,S102,94.85,0.232,-8.0,87.26
G2025020,2025-11-26,Wizards,S124,94.85,0.232,-8.0,87.26
G2025020,2025-11-26,Wizards,S104,94.84,0.232,-8.0,87.25
G2025020,2025-11-26,Wizards,S130,94.82,0.232,-8.0,87.23
G2025020,2025-11-26,Wizards,S131,94.81,0.232,-8.0,87.23
G2025020,2025-11-26,Wizards,S111,94.69,0.232,-8.0,87.11
G2025020,2025-11-26,Wizards,S126,94.68,0.232,-8.0,87.11
G2025020,2025-11-26,Wizards,S132,94.58,0.232,-8.0,87.01
G2025020,2025-11-26,Wizards,S105,94.56,0.232,-8.0,87.0
G2025020,2025-11-26,Wizards,S107,94.5,0.232,-8.0,86.94
G2025020,2025-11-26,Wizards,S106,94.48,0.232,-8.0,86.92
G2025020,2025-11-26,Wizards,S117,94.45,0.232,-8.0,86.89
G2025020,2025-11-26,Wizards,S112,94.43,0.232,-8.0,86.88
G2025021,2025-11-28,Warriors,S109,95.45,0.927,12.8,107.67
G2025021,2025-11-28,Warriors,S134,95.42,0.927,12.8,107.63
G2025021,2025-11-28,Warriors,S114,95.4,0.927,12.8,107.61
G2025021,2025-11-28,Warriors,S133,95.36,0.927,12.8,107.57
G2025021,2025-11-28,Warriors,S127,95.3,0.927,12.8,107.5
G2025021,2025-11-28,Warriors,S115,95.25,0.927,12.8,107.44
G2025021,2025-11-28,Warriors,S129,95.23,0.927,12.8,107.42
G2025021,2025-11-28,Warriors,S118,95.19,0.927,12.8,107.37
G2025021,2025-11-28,Warriors,S122,95.18,0.927,12.8,107.36
G2025021,2025-11-28,Warriors,S103,95.18,0.927,12.8,107.36
G2025021,2025-11-28,Warriors,S110,95.11,0.927,12.8,107.28
G2025021,2025-11-28,Warriors,S108,95.08,0.927,12.8,107.25
G2025021,2025-11-28,Warriors,S100,95.07,0.927,12.8,107.24
G2025021,2025-11-28,Warriors,S101,95.05,0.927,12.8,107.22
G2025021,2025-11-28,Warriors,S119,95.04,0.927,12.8,107.21
G2025021,2025-11-28,Warriors,S125,94.99,0.927,12.8,107.15
G2025021,2025-11-28,Warriors,S128,94.98,0.927,12.8,107.14
G2025021,2025-11-28,Warriors,S123,94.97,0.927,12.8,107.13
G2025021,2025-11-28,Warriors,S120,94.91,0.927,12.8,107.06
G2025021,2025-11-28,Warriors,S121,94.9,0.927,12.8,107.05
G2025021,2025-11-28,Warriors,S116,94.9,0.927,12.8,107.05
G2025021,2025-11-28,Warriors,S113,94.87,0.927,12.8,107.01
G2025021,2025-11-28,Warriors,S102,94.85,0.927,12.8,106.99
G2025021,2025-11-28,Warriors,S124,94.85,0.927,12.8,106.99
G2025021,2025-11-28,Warriors,S104,94.84,0.927,12.8,106.98
G2025021,2025-11-28,Warriors,S130,94.82,0.927,12.8,106.96
G2025021,2025-11-28,Warriors,S131,94.81,0.927,12.8,106.95
G2025021,2025-11-28,Warriors,S111,94.69,0.927,12.8,106.81
G2025021,2025-11-28,Warriors,S126,94.68,0.927,12.8,106.8
G2025021,2025-11-28,Warriors,S132,94.58,0.927,12.8,106.69
G2025021,2025-11-28,Warriors,S105,94.56,0.927,12.8,106.66
G2025021,2025-11-28,Warriors,S107,94.5,0.927,12.8,106.6
G2025021,2025-11-28,Warriors,S106,94.48,0.927,12.8,106.57
G2025021,2025-11-28,Warriors,S117,94.45,0.927,12.8,106.54
G2025021,2025-11-28,Warriors,S112,94.43,0.927,12.8,106.52
G2025022,2025-11-29,Raptors,S109,95.45,0.988,14.6,109.39
G2025022,2025-11-29,Raptors,S134,95.42,0.988,14.6,109.35
G2025022,2025-11-29,Raptors,S114,95.4,0.988,14.6,109.33
G2025022,2025-11-29,Raptors,S133,95.36,0.988,14.6,109.28
G2025022,2025-11-29,Raptors,S127,95.3,0.988,14.6,109.21
G2025022,2025-11-29,Raptors,S115,95.25,0.988,14.6,109.16
G2025022,2025-11-29,Raptors,S129,95.23,0.988,14.6,109.13
G2025022,2025-11-29,Raptors,S118,95.19,0.988,14.6,109.09
G2025022,2025-11-29,Raptors,S122,95.18,0.988,14.6,109.08
G2025022,2025-11-29,Raptors,S103,95.18,0.988,14.6,109.08
G2025022,2025-11-29,Raptors,S110,95.11,0.988,14.6,109.0
G2025022,2025-11-29,Raptors,S108,95.08,0.988,14.6,108.96
G2025022,2025-11-29,Raptors,S100,95.07,0.988,14.6,108.95
G2025022,2025-11-29,Raptors,S101,95.05,0.988,14.6,108.93
G2025022,2025-11-29,Raptors,S119,95.04,0.988,14.6,108.92
G2025022,2025-11-29,Raptors,S125,94.99,0.988,14.6,108.86
G2025022,2025-11-29,Raptors,S128,94.98,0.988,14.6,108.85
G2025022,2025-11-29,Raptors,S123,94.97,0.988,14.6,108.84
G2025022,2025-11-29,Raptors,S120,94.91,0.988,14.6,108.77
G2025022,2025-11-29,Raptors,S121,94.9,0.988,14.6,108.76
G2025022,2025-11-29,Raptors,S116,94.9,0.988,14.6,108.76
G2025022,2025-11-29,Raptors,S113,94.87,0.988,14.6,108.72
G2025022,2025-11-29,Raptors,S102,94.85,0.988,14.6,108.7
G2025022,2025-11-29,Raptors,S124,94.85,0.988,14.6,108.7
G2025022,2025-11-29,Raptors,S104,94.84,0.988,14.6,108.69
G2025022,2025-11-29,Raptors,S130,94.82,0.988,14.6,108.66
G2025022,2025-11-29,Raptors,S131,94.81,0.988,14.6,108.65
G2025022,2025-11-29,Raptors,S111,94.69,0.988,14.6,108.51
G2025022,2025-11-29,Raptors,S126,94.68,0.988,14.6,108.5
G2025022,2025-11-29,Raptors,S132,94.58,0.988,14.6,108.39
G2025022,2025-11-29,Raptors,S105,94.56,0.988,14.6,108.37
G2025022,2025-11-29,Raptors,S107,94.5,0.988,14.6,108.3
G2025022,2025-11-29,Raptors,S106,94.48,0.988,14.6,108.27
G2025022,2025-11-29,Raptors,S117,94.45,0.988,14.6,108.24
G2025022,2025-11-29,Raptors,S112,94.43,0.988,14.6,108.22
G2025023,2025-12-01,Hornets,S109,95.45,0.323,-5.3,90.39
G2025023,2025-12-01,Hornets,S134,95.42,0.323,-5.3,90.36
G2025023,2025-12-01,Hornets,S114,95.4,0.323,-5.3,90.34
G2025023,2025-12-01,Hornets,S133,95.36,0.323,-5.3,90.31
G2025023,2025-12-01,Hornets,S127,95.3,0.323,-5.3,90.25
G2025023,2025-12-01,Hornets,S115,95.25,0.323,-5.3,90.2
G2025023,2025-12-01,Hornets,S129,95.23,0.323,-5.3,90.18
G2025023,2025-12-01,Hornets,S118,95.19,0.323,-5.3,90.14
G2025023,2025-12-01,Hornets,S122,95.18,0.323,-5.3,90.14
G2025023,2025-12-01,Hornets,S103,95.18,0.323,-5.3,90.14
G2025023,2025-12-01,Hornets,S110,95.11,0.323,-5.3,90.07
G2025023,2025-12-01,Hornets,S108,95.08,0.323,-5.3,90.04
G2025023,2025-12-01,Hornets,S100,95.07,0.323,-5.3,90.03
G2025023,2025-12-01,Hornets,S101,95.05,0.323,-5.3,90.01
G2025023,2025-12-01,Hornets,S119,95.04,0.323,-5.3,90.0
G2025023,2025-12-01,Hornets,S125,94.99,0.323,-5.3,89.96
G2025023,2025-12-01,Hornets,S128,94.98,0.323,-5.3,89.95
G2025023,2025-12-01,Hornets,S123,94.97,0.323,-5.3,89.94
G2025023,2025-12-01,Hornets,S120,94.91,0.323,-5.3,89.88
G2025023,2025-12-01,Hornets,S121,94.9,0.323,-5.3,89.87
G2025023,2025-12-01,Hornets,S116,94.9,0.323,-5.3,89.87
G2025023,2025-12-01,Hornets,S113,94.87,0.323,-5.3,89.84
G2025023,2025-12-01,Hornets,S102,94.85,0.323,-5.3,89.82
G2025023,2025-12-01,Hornets,S124,94.85,0.323,-5.3,89.82
G2025023,2025-12-01,Hornets,S104,94.84,0.323,-5.3,89.81
G2025023,2025-12-01,Hornets,S130,94.82,0.323,-5.3,89.79
G2025023,2025-12-01,Hornets,S131,94.81,0.323,-5.3,89.79
G2025023,2025-12-01,Hornets,S111,94.69,0.323,-5.3,89.67
G2025023,2025-12-01,Hornets,S126,94.68,0.323,-5.3,89.66
G2025023,2025-12-01,Hornets,S132,94.58,0.323,-5.3,89.57
G2025023,2025-12-01,Hornets,S105,94.56,0.323,-5.3,89.55
G2025023,2025-12-01,Hornets,S107,94.5,0.323,-5.3,89.49
G2025023,2025-12-01,Hornets,S106,94.48,0.323,-5.3,89.47
G2025023,2025-12-01,Hornets,S117,94.45,0.323,-5.3,89.44
G2025023,2025-12-01,Hornets,S112,94.43,0.323,-5.3,89.43
G2025024,2025-12-03,Jazz,S109,95.45,0.055,-13.4,82.66
G2025024,2025-12-03,Jazz,S134,95.42,0.055,-13.4,82.63
G2025024,2025-12-03,Jazz,S114,95.4,0.055,-13.4,82.62
G2025024,2025-12-03,Jazz,S133,95.36,0.055,-13.4,82.58
G2025024,2025-12-03,Jazz,S127,95.3,0.055,-13.4,82.53
G2025024,2025-12-03,Jazz,S115,95.25,0.055,-13.4,82.49
G2025024,2025-12-03,Jazz,S129,95.23,0.055,-13.4,82.47
G2025024,2025-12-03,Jazz,S118,95.19,0.055,-13.4,82.43
G2025024,2025-12-03,Jazz,S122,95.18,0.055,-13.4,82.43
G2025024,2025-12-03,Jazz,S103,95.18,0.055,-13.4,82.43
G2025024,2025-12-03,Jazz,S110,95.11,0.055,-13.4,82.37
G2025024,2025-12-03,Jazz,S108,95.08,0.055,-13.4,82.34
G2025024,2025-12-03,Jazz,S100,95.07,0.055,-13.4,82.33
G2025024,2025-12-03,Jazz,S101,95.05,0.055,-13.4,82.31
G2025024,2025-12-03,Jazz,S119,95.04,0.055,-13.4,82.3
G2025024,2025-12-03,Jazz,S125,94.99,0.055,-13.4,82.26
G2025024,2025-12-03,Jazz,S128,94.98,0.055,-13.4,82.25
G2025024,2025-12-03,Jazz,S123,94.97,0.055,-13.4,82.24
G2025024,2025-12-03,Jazz,S120,94.91,0.055,-13.4,82.19
G2025024,2025-12-03,Jazz,S121,94.9,0.055,-13.4,82.18
G2025024,2025-12-03,Jazz,S116,94.9,0.055,-13.4,82.18
G2025024,2025-12-03,Jazz,S113,94.87,0.055,-13.4,82.16
G2025024,2025-12-03,Jazz,S102,94.85,0.055,-13.4,82.14
G2025024,2025-12-03,Jazz,S124,94.85,0.055,-13.4,82.14
G2025024,2025-12-03,Jazz,S104,94.84,0.055,-13.4,82.13
G2025024,2025-12-03,Jazz,S130,94.82,0.055,-13.4,82.11
G2025024,2025-12-03,Jazz,S131,94.81,0.055,-13.4,82.11
G2025024,2025-12-03,Jazz,S111,94.69,0.055,-13.4,82.0
G2025024,2025-12-03,Jazz,S126,94.68,0.055,-13.4,81.99
G2025024,2025-12-03,Jazz,S132,94.58,0.055,-13.4,81.91
G2025024,2025-12-03,Jazz,S105,94.56,0.055,-13.4,81.89
G2025024,2025-12-03,Jazz,S107,94.5,0.055,-13.4,81.84
G2025024,2025-12-03,Jazz,S106,94.48,0.055,-13.4,81.82
G2025024,2025-12-03,Jazz,S117,94.45,0.055,-13.4,81.79
G2025024,2025-12-03,Jazz,S112,94.43,0.055,-13.4,81.78
G2025025,2025-12-04,Hawks,S109,95.45,0.134,-11.0,84.95
G2025025,2025-12-04,Hawks,S134,95.42,0.134,-11.0,84.92
G2025025,2025-12-04,Hawks,S114,95.4,0.134,-11.0,84.91
G2025025,2025-12-04,Hawks,S133,95.36,0.134,-11.0,84.87
G2025025,2025-12-04,Hawks,S127,95.3,0.134,-11.0,84.82
G2025025,2025-12-04,Hawks,S115,95.25,0.134,-11.0,84.77
G2025025,2025-12-04,Hawks,S129,95.23,0.134,-11.0,84.75
G2025025,2025-12-04,Hawks,S118,95.19,0.134,-11.0,84.72
G2025025,2025-12-04,Hawks,S122,95.18,0.134,-11.0,84.71
G2025025,2025-12-04,Hawks,S103,95.18,0.134,-11.0,84.71
G2025025,2025-12-04,Hawks,S110,95.11,0.134,-11.0,84.65
G2025025,2025-12-04,Hawks,S108,95.08,0.134,-11.0,84.62
G2025025,2025-12-04,Hawks,S100,95.07,0.134,-11.0,84.61
G2025025,2025-12-04,Hawks,S101,95.05,0.134,-11.0,84.59
G2025025,2025-12-04,Hawks,S119,95.04,0.134,-11.0,84.59
G2025025,2025-12-04,Hawks,S125,94.99,0.134,-11.0,84.54
G2025025,2025-12-04,Hawks,S128,94.98,0.134,-11.0,84.53
G2025025,2025-12-04,Hawks,S123,94.97,0.134,-11.0,84.52
G2025025,2025-12-04,Hawks,S120,94.91,0.134,-11.0,84.47
G2025025,2025-12-04,Hawks,S121,94.9,0.134,-11.0,84.46
G2025025,2025-12-04,Hawks,S116,94.9,0.134,-11.0,84.46
G2025025,2025-12-04,Hawks,S113,94.87,0.134,-11.0,84.43
G2025025,2025-12-04,Hawks,S102,94.85,0.134,-11.0,84.42
G2025025,2025-12-04,Hawks,S124,94.85,0.134,-11.0,84.42
G2025025,2025-12-04,Hawks,S104,94.84,0.134,-11.0,84.41
G2025025,2025-12-04,Hawks,S130,94.82,0.134,-11.0,84.39
G2025025,2025-12-04,Hawks,S131,94.81,0.134,-11.0,84.38
G2025025,2025-12-04,Hawks,S111,94.69,0.134,-11.0,84.27
G2025025,2025-12-04,Hawks,S126,94.68,0.134,-11.0,84.27
G2025025,2025-12-04,Hawks,S132,94.58,0.134,-11.0,84.18
G2025025,2025-12-04,Hawks,S105,94.56,0.134,-11.0,84.16
G2025025,2025-12-04,Hawks,S107,94.5,0.134,-11.0,84.11
G2025025,2025-12-04,Hawks,S106,94.48,0.134,-11.0,84.09
G2025025,2025-12-04,Hawks,S117,94.45,0.134,-11.0,84.06
G2025025,2025-12-04,Hawks,S112,94.43,0.134,-11.0,84.04
G2025026,2025-12-06,Magic,S109,95.45,0.75,7.5,102.61
G2025026,2025-12-06,Magic,S134,95.42,0.75,7.5,102.58
G2025026,2025-12-06,Magic,S114,95.4,0.75,7.5,102.56
G2025026,2025-12-06,Magic,S133,95.36,0.75,7.5,102.51
G2025026,2025-12-06,Magic,S127,95.3,0.75,7.5,102.45
G2025026,2025-12-06,Magic,S115,95.25,0.75,7.5,102.39
G2025026,2025-12-06,Magic,S129,95.23,0.75,7.5,102.37
G2025026,2025-12-06,Magic,S118,95.19,0.75,7.5,102.33
G2025026,2025-12-06,Magic,S122,95.18,0.75,7.5,102.32
G2025026,2025-12-06,Magic,S103,95.18,0.75,7.5,102.32
G2025026,2025-12-06,Magic,S110,95.11,0.75,7.5,102.24
G2025026,2025-12-06,Magic,S108,95.08,0.75,7.5,102.21
G2025026,2025-12-06,Magic,S100,95.07,0.75,7.5,102.2
G2025026,2025-12-06,Magic,S101,95.05,0.75,7.5,102.18
G2025026,2025-12-06,Magic,S119,95.04,0.75,7.5,102.17
G2025026,2025-12-06,Magic,S125,94.99,0.75,7.5,102.11
G2025026,2025-12-06,Magic,S128,94.98,0.75,7.5,102.1
G2025026,2025-12-06,Magic,S123,94.97,0.75,7.5,102.09
G2025026,2025-12-06,Magic,S120,94.91,0.75,7.5,102.03
G2025026,2025-12-06,Magic,S121,94.9,0.75,7.5,102.02
G2025026,2025-12-06,Magic,S116,94.9,0.75,7.5,102.02
G2025026,2025-12-06,Magic,S113,94.87,0.75,7.5,101.99
G2025026,2025-12-06,Magic,S102,94.85,0.75,7.5,101.96
G2025026,2025-12-06,Magic,S124,94.85,0.75,7.5,101.96
G2025026,2025-12-06,Magic,S104,94.84,0.75,7.5,101.95
G2025026,2025-12-06,Magic,S130,94.82,0.75,7.5,101.93
G2025026,2025-12-06,Magic,S131,94.81,0.75,7.5,101.92
G2025026,2025-12-06,Magic,S111,94.69,0.75,7.5,101.79
G2025026,2025-12-06,Magic,S126,94.68,0.75,7.5,101.78
G2025026,2025-12-06,Magic,S132,94.58,0.75,7.5,101.67
G2025026,2025-12-06,Magic,S105,94.56,0.75,7.5,101.65
G2025026,2025-12-06,Magic,S107,94.5,0.75,7.5,101.59
G2025026,2025-12-06,Magic,S106,94.48,0.75,7.5,101.57
G2025026,2025-12-06,Magic,S117,94.45,0.75,7.5,101.53
G2025026,2025-12-06,Magic,S112,94.43,0.75,7.5,101.51
G2025027,2025-12-08,Knicks,S109,95.45,0.323,-5.3,90.39
G2025027,2025-12-08,Knicks,S134,95.42,0.323,-5.3,90.36
G2025027,2025-12-08,Knicks,S114,95.4,0.323,-5.3,90.34
G2025027,2025-12-08,Knicks,S133,95.36,0.323,-5.3,90.31
G2025027,2025-12-08,Knicks,S127,95.3,0.323,-5.3,90.25
G2025027,2025-12-08,Knicks,S115,95.25,0.323,-5.3,90.2
G2025027,2025-12-08,Knicks,S129,95.23,0.323,-5.3,90.18
G2025027,2025-12-08,Knicks,S118,95.19,0.323,-5.3,90.14
G2025027,2025-12-08,Knicks,S122,95.18,0.323,-5.3,90.14
G2025027,2025-12-08,Knicks,S103,95.18,0.323,-5.3,90.14
G2025027,2025-12-08,Knicks,S110,95.11,0.323,-5.3,90.07
G2025027,2025-12-08,Knicks,S108,95.08,0.323,-5.3,90.04
G2025027,2025-12-08,Knicks,S100,95.07,0.323,-5.3,90.03
G2025027,2025-12-08,Knicks,S101,95.05,0.323,-5.3,90.01
G2025027,2025-12-08,Knicks,S119,95.04,0.323,-5.3,90.0
G2025027,2025-12-08,Knicks,S125,94.99,0.323,-5.3,89.96
G2025027,2025-12-08,Knicks,S128,94.98,0.323,-5.3,89.95
G2025027,2025-12-08,Knicks,S123,94.97,0.323,-5.3,89.94
G2025027,2025-12-08,Knicks,S120,94.91,0.323,-5.3,89.88
G2025027,2025-12-08,Knicks,S121,94.9,0.323,-5.3,89.87
G2025027,2025-12-08,Knicks,S116,94.9,0.323,-5.3,89.87
G2025027,2025-12-08,Knicks,S113,94.87,0.323,-5.3,89.84
G2025027,2025-12-08,Knicks,S102,94.85,0.323,-5.3,89.82
G2025027,2025-12-08,Knicks,S124,94.85,0.323,-5.3,89.82
G2025027,2025-12-08,Knicks,S104,94.84,0.323,-5.3,89.81
G2025027,2025-12-08,Knicks,S130,94.82,0.323,-5.3,89.79
G2025027,2025-12-08,Knicks,S131,94.81,0.323,-5.3,89.79
G2025027,2025-12-08,Knicks,S111,94.69,0.323,-5.3,89.67
G2025027,2025-12-08,Knicks,S126,94.68,0.323,-5.3,89.66
G2025027,2025-12-08,Knicks,S132,94.58,0.323,-5.3,89.57
G2025027,2025-12-08,Knicks,S105,94.56,0.323,-5.3,89.55
G2025027,2025-12-08,Knicks,S107,94.5,0.323,-5.3,89.49
G2025027,2025-12-08,Knicks,S106,94.48,0.323,-5.3,89.47
G2025027,2025-12-08,Knicks,S117,94.45,0.323,-5.3,89.44
G2025027,2025-12-08,Knicks,S112,94.43,0.323,-5.3,89.43
G2025028,2025-12-10,Blazers,S109,95.45,0.055,-13.4,82.66
G2025028,2025-12-10,Blazers,S134,95.42,0.055,-13.4,82.63
G2025028,2025-12-10,Blazers,S114,95.4,0.055,-13.4,82.62
G2025028,2025-12-10,Blazers,S133,95.36,0.055,-13.4,82.58
G2025028,2025-12-10,Blazers,S127,95.3,0.055,-13.4,82.53
G2025028,2025-12-10,Blazers,S115,95.25,0.055,-13.4,82.49
G2025028,2025-12-10,Blazers,S129,95.23,0.055,-13.4,82.47
G2025028,2025-12-10,Blazers,S118,95.19,0.055,-13.4,82.43
G2025028,2025-12-10,Blazers,S122,95.18,0.055,-13.4,82.43
G2025028,2025-12-10,Blazers,S103,95.18,0.055,-13.4,82.43
G2025028,2025-12-10,Blazers,S110,95.11,0.055,-13.4,82.37
G2025028,2025-12-10,Blazers,S108,95.08,0.055,-13.4,82.34
G2025028,2025-12-10,Blazers,S100,95.07,0.055,-13.4,82.33
G2025028,2025-12-10,Blazers,S101,95.05,0.055,-13.4,82.31
G2025028,2025-12-10,Blazers,S119,95.04,0.055,-13.4,82.3
G2025028,2025-12-10,Blazers,S125,94.99,0.055,-13.4,82.26
G2025028,2025-12-10,Blazers,S128,94.98,0.055,-13.4,82.25
G2025028,2025-12-10,Blazers,S123,94.97,0.055,-13.4,82.24
G2025028,2025-12-10,Blazers,S120,94.91,0.055,-13.4,82.19
G2025028,2025-12-10,Blazers,S121,94.9,0.055,-13.4,82.18
G2025028,2025-12-10,Blazers,S116,94.9,0.055,-13.4,82.18
G2025028,2025-12-10,Blazers,S113,94.87,0.055,-13.4,82.16
G2025028,2025-12-10,Blazers,S102,94.85,0.055,-13.4,82.14
G2025028,2025-12-10,Blazers,S124,94.85,0.055,-13.4,82.14
G2025028,2025-12-10,Blazers,S104,94.84,0.055,-13.4,82.13
G2025028,2025-12-10,Blazers,S130,94.82,0.055,-13.4,82.11
G2025028,2025-12-10,Blazers,S131,94.81,0.055,-13.4,82.11
G2025028,2025-12-10,Blazers,S111,94.69,0.055,-13.4,82.0
G2025028,2025-12-10,Blazers,S126,94.68,0.055,-13.4,81.99
G2025028,2025-12-10,Blazers,S132,94.58,0.055,-13.4,81.91
G2025028,2025-12-10,Blazers,S105,94.56,0.055,-13.4,81.89
G2025028,2025-12-10,Blazers,S107,94.5,0.055,-13.4,81.84
G2025028,2025-12-10,Blazers,S106,94.48,0.055,-13.4,81.82
G2025028,2025-12-10,Blazers,S117,94.45,0.055,-13.4,81.79
G2025028,2025-12-10,Blazers,S112,94.43,0.055,-13.4,81.78
G2025029,2025-12-13,Lakers,S109,95.45,0.75,7.5,102.61
G2025029,2025-12-13,Lakers,S134,95.42,0.75,7.5,102.58
G2025029,2025-12-13,Lakers,S114,95.4,0.75,7.5,102.56
G2025029,2025-12-13,Lakers,S133,95.36,0.75,7.5,102.51
G2025029,2025-12-13,Lakers,S127,95.3,0.75,7.5,102.45
G2025029,2025-12-13,Lakers,S115,95.25,0.75,7.5,102.39
G2025029,2025-12-13,Lakers,S129,95.23,0.75,7.5,102.37
G2025029,2025-12-13,Lakers,S118,95.19,0.75,7.5,102.33
G2025029,2025-12-13,Lakers,S122,95.18,0.75,7.5,102.32
G2025029,2025-12-13,Lakers,S103,95.18,0.75,7.5,102.32
G2025029,2025-12-13,Lakers,S110,95.11,0.75,7.5,102.24
G2025029,2025-12-13,Lakers,S108,95.08,0.75,7.5,102.21
G2025029,2025-12-13,Lakers,S100,95.07,0.75,7.5,102.2
G2025029,2025-12-13,Lakers,S101,95.05,0.75,7.5,102.18
G2025029,2025-12-13,Lakers,S119,95.04,0.75,7.5,102.17
G2025029,2025-12-13,Lakers,S125,94.99,0.75,7.5,102.11
G2025029,2025-12-13,Lakers,S128,94.98,0.75,7.5,102.1
G2025029,2025-12-13,Lakers,S123,94.97,0.75,7.5,102.09
G2025029,2025-12-13,Lakers,S120,94.91,0.75,7.5,102.03
G2025029,2025-12-13,Lakers,S121,94.9,0.75,7.5,102.02
G2025029,2025-12-13,Lakers,S116,94.9,0.75,7.5,102.02
G2025029,2025-12-13,Lakers,S113,94.87,0.75,7.5,101.99
G2025029,2025-12-13,Lakers,S102,94.85,0.75,7.5,101.96
G2025029,2025-12-13,Lakers,S124,94.85,0.75,7.5,101.96
G2025029,2025-12-13,Lakers,S104,94.84,0.75,7.5,101.95
G2025029,2025-12-13,Lakers,S130,94.82,0.75,7.5,101.93
G2025029,2025-12-13,Lakers,S131,94.81,0.75,7.5,101.92
G2025029,2025-12-13,Lakers,S111,94.69,0.75,7.5,101.79
G2025029,2025-12-13,Lakers,S126,94.68,0.75,7.5,101.78
G2025029,2025-12-13,Lakers,S132,94.58,0.75,7.5,101.67
G2025029,2025-12-13,Lakers,S105,94.56,0.75,7.5,101.65
G2025029,2025-12-13,Lakers,S107,94.5,0.75,7.5,101.59
G2025029,2025-12-13,Lakers,S106,94.48,0.75,7.5,101.57
G2025029,2025-12-13,Lakers,S117,94.45,0.75,7.5,101.53
G2025029,2025-12-13,Lakers,S112,94.43,0.75,7.5,101.51
G2025030,2025-12-14,Jazz,S109,95.45,0.726,6.8,101.94
G2025030,2025-12-14,Jazz,S134,95.42,0.726,6.8,101.91
G2025030,2025-12-14,Jazz,S114,95.4,0.726,6.8,101.89
G2025030,2025-12-14,Jazz,S133,95.36,0.726,6.8,101.84
G2025030,2025-12-14,Jazz,S127,95.3,0.726,6.8,101.78
G2025030,2025-12-14,Jazz,S115,95.25,0.726,6.8,101.73
G2025030,2025-12-14,Jazz,S129,95.23,0.726,6.8,101.71
G2025030,2025-12-14,Jazz,S118,95.19,0.726,6.8,101.66
G2025030,2025-12-14,Jazz,S122,95.18,0.726,6.8,101.65
G2025030,2025-12-14,Jazz,S103,95.18,0.726,6.8,101.65
G2025030,2025-12-14,Jazz,S110,95.11,0.726,6.8,101.58
G2025030,2025-12-14,Jazz,S108,95.08,0.726,6.8,101.55
G2025030,2025-12-14,Jazz,S100,95.07,0.726,6.8,101.53
G2025030,2025-12-14,Jazz,S101,95.05,0.726,6.8,101.51
G2025030,2025-12-14,Jazz,S119,95.04,0.726,6.8,101.5
G2025030,2025-12-14,Jazz,S125,94.99,0.726,6.8,101.45
G2025030,2025-12-14,Jazz,S128,94.98,0.726,6.8,101.44
G2025030,2025-12-14,Jazz,S123,94.97,0.726,6.8,101.43
G2025030,2025-12-14,Jazz,S120,94.91,0.726,6.8,101.36
G2025030,2025-12-14,Jazz,S121,94.9,0.726,6.8,101.35
G2025030,2025-12-14,Jazz,S116,94.9,0.726,6.8,101.35
G2025030,2025-12-14,Jazz,S113,94.87,0.726,6.8,101.32
G2025030,2025-12-14,Jazz,S102,94.85,0.726,6.8,101.3
G2025030,2025-12-14,Jazz,S124,94.85,0.726,6.8,101.3
G2025030,2025-12-14,Jazz,S104,94.84,0.726,6.8,101.29
G2025030,2025-12-14,Jazz,S130,94.82,0.726,6.8,101.27
G2025030,2025-12-14,Jazz,S131,94.81,0.726,6.8,101.26
G2025030,2025-12-14,Jazz,S111,94.69,0.726,6.8,101.13
G2025030,2025-12-14,Jazz,S126,94.68,0.726,6.8,101.12
G2025030,2025-12-14,Jazz,S132,94.58,0.726,6.8,101.01
G2025030,2025-12-14,Jazz,S105,94.56,0.726,6.8,100.99
G2025030,2025-12-14,Jazz,S107,94.5,0.726,6.8,100.93
G2025030,2025-12-14,Jazz,S106,94.48,0.726,6.8,100.9
G2025030,2025-12-14,Jazz,S117,94.45,0.726,6.8,100.87
G2025030,2025-12-14,Jazz,S112,94.43,0.726,6.8,100.85
G2025031,2025-12-15,Celtics,S109,95.45,0.323,-5.3,90.39
G2025031,2025-12-15,Celtics,S134,95.42,0.323,-5.3,90.36
G2025031,2025-12-15,Celtics,S114,95.4,0.323,-5.3,90.34
G2025031,2025-12-15,Celtics,S133,95.36,0.323,-5.3,90.31
G2025031,2025-12-15,Celtics,S127,95.3,0.323,-5.3,90.25
G2025031,2025-12-15,Celtics,S115,95.25,0.323,-5.3,90.2
G2025031,2025-12-15,Celtics,S129,95.23,0.323,-5.3,90.18
G2025031,2025-12-15,Celtics,S118,95.19,0.323,-5.3,90.14
G2025031,2025-12-15,Celtics,S122,95.18,0.323,-5.3,90.14
G2025031,2025-12-15,Celtics,S103,95.18,0.323,-5.3,90.14
G2025031,2025-12-15,Celtics,S110,95.11,0.323,-5.3,90.07
G2025031,2025-12-15,Celtics,S108,95.08,0.323,-5.3,90.04
G2025031,2025-12-15,Celtics,S100,95.07,0.323,-5.3,90.03
G2025031,2025-12-15,Celtics,S101,95.05,0.323,-5.3,90.01
G2025031,2025-12-15,Celtics,S119,95.04,0.323,-5.3,90.0
G2025031,2025-12-15,Celtics,S125,94.99,0.323,-5.3,89.96
G2025031,2025-12-15,Celtics,S128,94.98,0.323,-5.3,89.95
G2025031,2025-12-15,Celtics,S123,94.97,0.323,-5.3,89.94
G2025031,2025-12-15,Celtics,S120,94.91,0.323,-5.3,89.88
G2025031,2025-12-15,Celtics,S121,94.9,0.323,-5.3,89.87
G2025031,2025-12-15,Celtics,S116,94.9,0.323,-5.3,89.87
G2025031,2025-12-15,Celtics,S113,94.87,0.323,-5.3,89.84
G2025031,2025-12-15,Celtics,S102,94.85,0.323,-5.3,89.82
G2025031,2025-12-15,Celtics,S124,94.85,0.323,-5.3,89.82
G2025031,2025-12-15,Celtics,S104,94.84,0.323,-5.3,89.81
G2025031,2025-12-15,Celtics,S130,94.82,0.323,-5.3,89.79
G2025031,2025-12-15,Celtics,S131,94.81,0.323,-5.3,89.79
G2025031,2025-12-15,Celtics,S111,94.69,0.323,-5.3,89.67
G2025031,2025-12-15,Celtics,S126,94.68,0.323,-5.3,89.66
G2025031,2025-12-15,Celtics,S132,94.58,0.323,-5.3,89.57
G2025031,2025-12-15,Celtics,S105,94.56,0.323,-5.3,89.55
G2025031,2025-12-15,Celtics,S107,94.5,0.323,-5.3,89.49
G2025031,2025-12-15,Celtics,S106,94.48,0.323,-5.3,89.47
G2025031,2025-12-15,Celtics,S117,94.45,0.323,-5.3,89.44
G2025031,2025-12-15,Celtics,S112,94.43,0.323,-5.3,89.43
G2025032,2025-12-17,Mavericks,S109,95.45,0.055,-13.4,82.66
G2025032,2025-12-17,Mavericks,S134,95.42,0.055,-13.4,82.63
G2025032,2025-12-17,Mavericks,S114,95.4,0.055,-13.4,82.62
G2025032,2025-12-17,Mavericks,S133,95.36,0.055,-13.4,82.58
G2025032,2025-12-17,Mavericks,S127,95.3,0.055,-13.4,82.53
G2025032,2025-12-17,Mavericks,S115,95.25,0.055,-13.4,82.49
G2025032,2025-12-17,Mavericks,S129,95.23,0.055,-13.4,82.47
G2025032,2025-12-17,Mavericks,S118,95.19,0.055,-13.4,82.43
G2025032,2025-12-17,Mavericks,S122,95.18,0.055,-13.4,82.43
G2025032,2025-12-17,Mavericks,S103,95.18,0.055,-13.4,82.43
G2025032,2025-12-17,Mavericks,S110,95.11,0.055,-13.4,82.37
G2025032,2025-12-17,Mavericks,S108,95.08,0.055,-13.4,82.34
G2025032,2025-12-17,Mavericks,S100,95.07,0.055,-13.4,82.33
G2025032,2025-12-17,Mavericks,S101,95.05,0.055,-13.4,82.31
G2025032,2025-12-17,Mavericks,S119,95.04,0.055,-13.4,82.3
G2025032,2025-12-17,Mavericks,S125,94.99,0.055,-13.4,82.26
G2025032,2025-12-17,Mavericks,S128,94.98,0.055,-13.4,82.25
G2025032,2025-12-17,Mavericks,S123,94.97,0.055,-13.4,82.24
G2025032,2025-12-17,Mavericks,S120,94.91,0.055,-13.4,82.19
G2025032,2025-12-17,Mavericks,S121,94.9,0.055,-13.4,82.18
G2025032,2025-12-17,Mavericks,S116,94.9,0.055,-13.4,82.18
G2025032,2025-12-17,Mavericks,S113,94.87,0.055,-13.4,82.16
G2025032,2025-12-17,Mavericks,S102,94.85,0.055,-13.4,82.14
G2025032,2025-12-17,Mavericks,S124,94.85,0.055,-13.4,82.14
G2025032,2025-12-17,Mavericks,S104,94.84,0.055,-13.4,82.13
G2025032,2025-12-17,Mavericks,S130,94.82,0.055,-13.4,82.11
G2025032,2025-12-17,Mavericks,S131,94.81,0.055,-13.4,82.11
G2025032,2025-12-17,Mavericks,S111,94.69,0.055,-13.4,82.0
G2025032,2025-12-17,Mavericks,S126,94.68,0.055,-13.4,81.99
G2025032,2025-12-17,Mavericks,S132,94.58,0.055,-13.4,81.91
G2025032,2025-12-17,Mavericks,S105,94.56,0.055,-13.4,81.89
G2025032,2025-12-17,Mavericks,S107,94.5,0.055,-13.4,81.84
G2025032,2025-12-17,Mavericks,S106,94.48,0.055,-13.4,81.82
G2025032,2025-12-17,Mavericks,S117,94.45,0.055,-13.4,81.79
G2025032,2025-12-17,Mavericks,S112,94.43,0.055,-13.4,81.78
G2025033,2025-12-19,Timberwolves,S109,95.45,0.665,4.9,100.13
G2025033,2025-12-19,Timberwolves,S134,95.42,0.665,4.9,100.1
G2025033,2025-12-19,Timberwolves,S114,95.4,0.665,4.9,100.07
G2025033,2025-12-19,Timberwolves,S133,95.36,0.665,4.9,100.03
G2025033,2025-12-19,Timberwolves,S127,95.3,0.665,4.9,99.97
G2025033,2025-12-19,Timberwolves,S115,95.25,0.665,4.9,99.92
G2025033,2025-12-19,Timberwolves,S129,95.23,0.665,4.9,99.9
G2025033,2025-12-19,Timberwolves,S118,95.19,0.665,4.9,99.85
G2025033,2025-12-19,Timberwolves,S122,95.18,0.665,4.9,99.84
G2025033,2025-12-19,Timberwolves,S103,95.18,0.665,4.9,99.84
G2025033,2025-12-19,Timberwolves,S110,95.11,0.665,4.9,99.77
G2025033,2025-12-19,Timberwolves,S108,95.08,0.665,4.9,99.74
G2025033,2025-12-19,Timberwolves,S100,95.07,0.665,4.9,99.73
G2025033,2025-12-19,Timberwolves,S101,95.05,0.665,4.9,99.71
G2025033,2025-12-19,Timberwolves,S119,95.04,0.665,4.9,99.7
G2025033,2025-12-19,Timberwolves,S125,94.99,0.665,4.9,99.64
G2025033,2025-12-19,Timberwolves,S128,94.98,0.665,4.9,99.63
G2025033,2025-12-19,Timberwolves,S123,94.97,0.665,4.9,99.62
G2025033,2025-12-19,Timberwolves,S120,94.91,0.665,4.9,99.56
G2025033,2025-12-19,Timberwolves,S121,94.9,0.665,4.9,99.55
G2025033,2025-12-19,Timberwolves,S116,94.9,0.665,4.9,99.55
G2025033,2025-12-19,Timberwolves,S113,94.87,0.665,4.9,99.52
G2025033,2025-12-19,Timberwolves,S102,94.85,0.665,4.9,99.5
G2025033,2025-12-19,Timberwolves,S124,94.85,0.665,4.9,99.5
G2025033,2025-12-19,Timberwolves,S104,94.84,0.665,4.9,99.49
G2025033,2025-12-19,Timberwolves,S130,94.82,0.665,4.9,99.47
G2025033,2025-12-19,Timberwolves,S131,94.81,0.665,4.9,99.46
G2025033,2025-12-19,Timberwolves,S111,94.69,0.665,4.9,99.33
G2025033,2025-12-19,Timberwolves,S126,94.68,0.665,4.9,99.32
G2025033,2025-12-19,Timberwolves,S132,94.58,0.665,4.9,99.21
G2025033,2025-12-19,Timberwolves,S105,94.56,0.665,4.9,99.19
G2025033,2025-12-19,Timberwolves,S107,94.5,0.665,4.9,99.13
G2025033,2025-12-19,Timberwolves,S106,94.48,0.665,4.9,99.11
G2025033,2025-12-19,Timberwolves,S117,94.45,0.665,4.9,99.08
G2025033,2025-12-19,Timberwolves,S112,94.43,0.665,4.9,99.06
G2025034,2025-12-21,Celtics,S109,95.45,0.726,6.8,101.94
G2025034,2025-12-21,Celtics,S134,95.42,0.726,6.8,101.91
G2025034,2025-12-21,Celtics,S114,95.4,0.726,6.8,101.89
G2025034,2025-12-21,Celtics,S133,95.36,0.726,6.8,101.84
G2025034,2025-12-21,Celtics,S127,95.3,0.726,6.8,101.78
G2025034,2025-12-21,Celtics,S115,95.25,0.726,6.8,101.73
G2025034,2025-12-21,Celtics,S129,95.23,0.726,6.8,101.71
G2025034,2025-12-21,Celtics,S118,95.19,0.726,6.8,101.66
G2025034,2025-12-21,Celtics,S122,95.18,0.726,6.8,101.65
G2025034,2025-12-21,Celtics,S103,95.18,0.726,6.8,101.65
G2025034,2025-12-21,Celtics,S110,95.11,0.726,6.8,101.58
G2025034,2025-12-21,Celtics,S108,95.08,0.726,6.8,101.55
G2025034,2025-12-21,Celtics,S100,95.07,0.726,6.8,101.53
G2025034,2025-12-21,Celtics,S101,95.05,0.726,6.8,101.51
G2025034,2025-12-21,Celtics,S119,95.04,0.726,6.8,101.5
G2025034,2025-12-21,Celtics,S125,94.99,0.726,6.8,101.45
G2025034,2025-12-21,Celtics,S128,94.98,0.726,6.8,101.44
G2025034,2025-12-21,Celtics,S123,94.97,0.726,6.8,101.43
G2025034,2025-12-21,Celtics,S120,94.91,0.726,6.8,101.36
G2025034,2025-12-21,Celtics,S121,94.9,0.726,6.8,101.35
G2025034,2025-12-21,Celtics,S116,94.9,0.726,6.8,101.35
G2025034,2025-12-21,Celtics,S113,94.87,0.726,6.8,101.32
G2025034,2025-12-21,Celtics,S102,94.85,0.726,6.8,101.3
G2025034,2025-12-21,Celtics,S124,94.85,0.726,6.8,101.3
G2025034,2025-12-21,Celtics,S104,94.84,0.726,6.8,101.29
G2025034,2025-12-21,Celtics,S130,94.82,0.726,6.8,101.27
G2025034,2025-12-21,Celtics,S131,94.81,0.726,6.8,101.26
G2025034,2025-12-21,Celtics,S111,94.69,0.726,6.8,101.13
G2025034,2025-12-21,Celtics,S126,94.68,0.726,6.8,101.12
G2025034,2025-12-21,Celtics,S132,94.58,0.726,6.8,101.01
G2025034,2025-12-21,Celtics,S105,94.56,0.726,6.8,100.99
G2025034,2025-12-21,Celtics,S107,94.5,0.726,6.8,100.93
G2025034,2025-12-21,Celtics,S106,94.48,0.726,6.8,100.9
G2025034,2025-12-21,Celtics,S117,94.45,0.726,6.8,100.87
G2025034,2025-12-21,Celtics,S112,94.43,0.726,6.8,100.85
G2025035,2025-12-23,Mavericks,S109,95.45,0.293,-6.2,89.53
G2025035,2025-12-23,Mavericks,S134,95.42,0.293,-6.2,89.5
G2025035,2025-12-23,Mavericks,S114,95.4,0.293,-6.2,89.49
G2025035,2025-12-23,Mavericks,S133,95.36,0.293,-6.2,89.45
G2025035,2025-12-23,Mavericks,S127,95.3,0.293,-6.2,89.39
G2025035,2025-12-23,Mavericks,S115,95.25,0.293,-6.2,89.34
G2025035,2025-12-23,Mavericks,S129,95.23,0.293,-6.2,89.33
G2025035,2025-12-23,Mavericks,S118,95.19,0.293,-6.2,89.29
G2025035,2025-12-23,Mavericks,S122,95.18,0.293,-6.2,89.28
G2025035,2025-12-23,Mavericks,S103,95.18,0.293,-6.2,89.28
G2025035,2025-12-23,Mavericks,S110,95.11,0.293,-6.2,89.21
G2025035,2025-12-23,Mavericks,S108,95.08,0.293,-6.2,89.19
G2025035,2025-12-23,Mavericks,S100,95.07,0.293,-6.2,89.18
G2025035,2025-12-23,Mavericks,S101,95.05,0.293,-6.2,89.16
G2025035,2025-12-23,Mavericks,S119,95.04,0.293,-6.2,89.15
G2025035,2025-12-23,Mavericks,S125,94.99,0.293,-6.2,89.1
G2025035,2025-12-23,Mavericks,S128,94.98,0.293,-6.2,89.09
G2025035,2025-12-23,Mavericks,S123,94.97,0.293,-6.2,89.08
G2025035,2025-12-23,Mavericks,S120,94.91,0.293,-6.2,89.03
G2025035,2025-12-23,Mavericks,S121,94.9,0.293,-6.2,89.02
G2025035,2025-12-23,Mavericks,S116,94.9,0.293,-6.2,89.02
G2025035,2025-12-23,Mavericks,S113,94.87,0.293,-6.2,88.99
G2025035,2025-12-23,Mavericks,S102,94.85,0.293,-6.2,88.97
G2025035,2025-12-23,Mavericks,S124,94.85,0.293,-6.2,88.97
G2025035,2025-12-23,Mavericks,S104,94.84,0.293,-6.2,88.96
G2025035,2025-12-23,Mavericks,S130,94.82,0.293,-6.2,88.94
G2025035,2025-12-23,Mavericks,S131,94.81,0.293,-6.2,88.93
G2025035,2025-12-23,Mavericks,S111,94.69,0.293,-6.2,88.82
G2025035,2025-12-23,Mavericks,S126,94.68,0.293,-6.2,88.81
G2025035,2025-12-23,Mavericks,S132,94.58,0.293,-6.2,88.72
G2025035,2025-12-23,Mavericks,S105,94.56,0.293,-6.2,88.7
G2025035,2025-12-23,Mavericks,S107,94.5,0.293,-6.2,88.64
G2025035,2025-12-23,Mavericks,S106,94.48,0.293,-6.2,88.62
G2025035,2025-12-23,Mavericks,S117,94.45,0.293,-6.2,88.59
G2025035,2025-12-23,Mavericks,S112,94.43,0.293,-6.2,88.58
G2025036,2025-12-24,Knicks,S109,95.45,0.055,-13.4,82.66
G2025036,2025-12-24,Knicks,S134,95.42,0.055,-13.4,82.63
G2025036,2025-12-24,Knicks,S114,95.4,0.055,-13.4,82.62
G2025036,2025-12-24,Knicks,S133,95.36,0.055,-13.4,82.58
G2025036,2025-12-24,Knicks,S127,95.3,0.055,-13.4,82.53
G2025036,2025-12-24,Knicks,S115,95.25,0.055,-13.4,82.49
G2025036,2025-12-24,Knicks,S129,95.23,0.055,-13.4,82.47
G2025036,2025-12-24,Knicks,S118,95.19,0.055,-13.4,82.43
G2025036,2025-12-24,Knicks,S122,95.18,0.055,-13.4,82.43
G2025036,2025-12-24,Knicks,S103,95.18,0.055,-13.4,82.43
G2025036,2025-12-24,Knicks,S110,95.11,0.055,-13.4,82.37
G2025036,2025-12-24,Knicks,S108,95.08,0.055,-13.4,82.34
G2025036,2025-12-24,Knicks,S100,95.07,0.055,-13.4,82.33
G2025036,2025-12-24,Knicks,S101,95.05,0.055,-13.4,82.31
G2025036,2025-12-24,Knicks,S119,95.04,0.055,-13.4,82.3
G2025036,2025-12-24,Knicks,S125,94.99,0.055,-13.4,82.26
G2025036,2025-12-24,Knicks,S128,94.98,0.055,-13.4,82.25
G2025036,2025-12-24,Knicks,S123,94.97,0.055,-13.4,82.24
G2025036,2025-12-24,Knicks,S120,94.91,0.055,-13.4,82.19
G2025036,2025-12-24,Knicks,S121,94.9,0.055,-13.4,82.18
G2025036,2025-12-24,Knicks,S116,94.9,0.055,-13.4,82.18
G2025036,2025-12-24,Knicks,S113,94.87,0.055,-13.4,82.16
G2025036,2025-12-24,Knicks,S102,94.85,0.055,-13.4,82.14
G2025036,2025-12-24,Knicks,S124,94.85,0.055,-13.4,82.14
G2025036,2025-12-24,Knicks,S104,94.84,0.055,-13.4,82.13
G2025036,2025-12-24,Knicks,S130,94.82,0.055,-13.4,82.11
G2025036,2025-12-24,Knicks,S131,94.81,0.055,-13.4,82.11
G2025036,2025-12-24,Knicks,S111,94.69,0.055,-13.4,82.0
G2025036,2025-12-24,Knicks,S126,94.68,0.055,-13.4,81.99
G2025036,2025-12-24,Knicks,S132,94.58,0.055,-13.4,81.91
G2025036,2025-12-24,Knicks,S105,94.56,0.055,-13.4,81.89
G2025036,2025-12-24,Knicks,S107,94.5,0.055,-13.4,81.84
G2025036,2025-12-24,Knicks,S106,94.48,0.055,-13.4,81.82
G2025036,2025-12-24,Knicks,S117,94.45,0.055,-13.4,81.79
G2025036,2025-12-24,Knicks,S112,94.43,0.055,-13.4,81.78
G2025037,2025-12-26,Hornets,S109,95.45,0.665,4.9,100.13
G2025037,2025-12-26,Hornets,S134,95.42,0.665,4.9,100.1
G2025037,2025-12-26,Hornets,S114,95.4,0.665,4.9,100.07
G2025037,2025-12-26,Hornets,S133,95.36,0.665,4.9,100.03
G2025037,2025-12-26,Hornets,S127,95.3,0.665,4.9,99.97
G2025037,2025-12-26,Hornets,S115,95.25,0.665,4.9,99.92
G2025037,2025-12-26,Hornets,S129,95.23,0.665,4.9,99.9
G2025037,2025-12-26,Hornets,S118,95.19,0.665,4.9,99.85
G2025037,2025-12-26,Hornets,S122,95.18,0.665,4.9,99.84
G2025037,2025-12-26,Hornets,S103,95.18,0.665,4.9,99.84
G2025037,2025-12-26,Hornets,S110,95.11,0.665,4.9,99.77
G2025037,2025-12-26,Hornets,S108,95.08,0.665,4.9,99.74
G2025037,2025-12-26,Hornets,S100,95.07,0.665,4.9,99.73
G2025037,2025-12-26,Hornets,S101,95.05,0.665,4.9,99.71
G2025037,2025-12-26,Hornets,S119,95.04,0.665,4.9,99.7
G2025037,2025-12-26,Hornets,S125,94.99,0.665,4.9,99.64
G2025037,2025-12-26,Hornets,S128,94.98,0.665,4.9,99.63
G2025037,2025-12-26,Hornets,S123,94.97,0.665,4.9,99.62
G2025037,2025-12-26,Hornets,S120,94.91,0.665,4.9,99.56
G2025037,2025-12-26,Hornets,S121,94.9,0.665,4.9,99.55
G2025037,2025-12-26,Hornets,S116,94.9,0.665,4.9,99.55
G2025037,2025-12-26,Hornets,S113,94.87,0.665,4.9,99.52
G2025037,2025-12-26,Hornets,S102,94.85,0.665,4.9,99.5
G2025037,2025-12-26,Hornets,S124,94.85,0.665,4.9,99.5
G2025037,2025-12-26,Hornets,S104,94.84,0.665,4.9,99.49
G2025037,2025-12-26,Hornets,S130,94.82,0.665,4.9,99.47
G2025037,2025-12-26,Hornets,S131,94.81,0.665,4.9,99.46
G2025037,2025-12-26,Hornets,S111,94.69,0.665,4.9,99.33
G2025037,2025-12-26,Hornets,S126,94.68,0.665,4.9,99.32
G2025037,2025-12-26,Hornets,S132,94.58,0.665,4.9,99.21
G2025037,2025-12-26,Hornets,S105,94.56,0.665,4.9,99.19
G2025037,2025-12-26,Hornets,S107,94.5,0.665,4.9,99.13
G2025037,2025-12-26,Hornets,S106,94.48,0.665,4.9,99.11
G2025037,2025-12-26,Hornets,S117,94.45,0.665,4.9,99.08
G2025037,2025-12-26,Hornets,S112,94.43,0.665,4.9,99.06
G2025038,2025-12-29,Jazz,S109,95.45,0.323,-5.3,90.39
G2025038,2025-12-29,Jazz,S134,95.42,0.323,-5.3,90.36
G2025038,2025-12-29,Jazz,S114,95.4,0.323,-5.3,90.34
G2025038,2025-12-29,Jazz,S133,95.36,0.323,-5.3,90.31
G2025038,2025-12-29,Jazz,S127,95.3,0.323,-5.3,90.25
G2025038,2025-12-29,Jazz,S115,95.25,0.323,-5.3,90.2
G2025038,2025-12-29,Jazz,S129,95.23,0.323,-5.3,90.18
G2025038,2025-12-29,Jazz,S118,95.19,0.323,-5.3,90.14
G2025038,2025-12-29,Jazz,S122,95.18,0.323,-5.3,90.14
G2025038,2025-12-29,Jazz,S103,95.18,0.323,-5.3,90.14
G2025038,2025-12-29,Jazz,S110,95.11,0.323,-5.3,90.07
G2025038,2025-12-29,Jazz,S108,95.08,0.323,-5.3,90.04
G2025038,2025-12-29,Jazz,S100,95.07,0.323,-5.3,90.03
G2025038,2025-12-29,Jazz,S101,95.05,0.323,-5.3,90.01
G2025038,2025-12-29,Jazz,S119,95.04,0.323,-5.3,90.0
G2025038,2025-12-29,Jazz,S125,94.99,0.323,-5.3,89.96
G2025038,2025-12-29,Jazz,S128,94.98,0.323,-5.3,89.95
G2025038,2025-12-29,Jazz,S123,94.97,0.323,-5.3,89.94
G2025038,2025-12-29,Jazz,S120,94.91,0.323,-5.3,89.88
G2025038,2025-12-29,Jazz,S121,94.9,0.323,-5.3,89.87
G2025038,2025-12-29,Jazz,S116,94.9,0.323,-5.3,89.87
G2025038,2025-12-29,Jazz,S113,94.87,0.323,-5.3,89.84
G2025038,2025-12-29,Jazz,S102,94.85,0.323,-5.3,89.82
G2025038,2025-12-29,Jazz,S124,94.85,0.323,-5.3,89.82
G2025038,2025-12-29,Jazz,S104,94.84,0.323,-5.3,89.81
G2025038,2025-12-29,Jazz,S130,94.82,0.323,-5.3,89.79
G2025038,2025-12-29,Jazz,S131,94.81,0.323,-5.3,89.79
G2025038,2025-12-29,Jazz,S111,94.69,0.323,-5.3,89.67
G2025038,2025-12-29,Jazz,S126,94.68,0.323,-5.3,89.66
G2025038,2025-12-29,Jazz,S132,94.58,0.323,-5.3,89.57
G2025038,2025-12-29,Jazz,S105,94.56,0.323,-5.3,89.55
G2025038,2025-12-29,Jazz,S107,94.5,0.323,-5.3,89.49
G2025038,2025-12-29,Jazz,S106,94.48,0.323,-5.3,89.47
G2025038,2025-12-29,Jazz,S117,94.45,0.323,-5.3,89.44
G2025038,2025-12-29,Jazz,S112,94.43,0.323,-5.3,89.43
G2025039,2026-01-01,Rockets,S109,95.45,0.104,-11.9,84.09
G2025039,2026-01-01,Rockets,S134,95.42,0.104,-11.9,84.07
G2025039,2026-01-01,Rockets,S114,95.4,0.104,-11.9,84.05
G2025039,2026-01-01,Rockets,S133,95.36,0.104,-11.9,84.01
G2025039,2026-01-01,Rockets,S127,95.3,0.104,-11.9,83.96
G2025039,2026-01-01,Rockets,S115,95.25,0.104,-11.9,83.92
G2025039,2026-01-01,Rockets,S129,95.23,0.104,-11.9,83.9
G2025039,2026-01-01,Rockets,S118,95.19,0.104,-11.9,83.86
G2025039,2026-01-01,Rockets,S122,95.18,0.104,-11.9,83.85
G2025039,2026-01-01,Rockets,S103,95.18,0.104,-11.9,83.85
G2025039,2026-01-01,Rockets,S110,95.11,0.104,-11.9,83.79
G2025039,2026-01-01,Rockets,S108,95.08,0.104,-11.9,83.77
G2025039,2026-01-01,Rockets,S100,95.07,0.104,-11.9,83.76
G2025039,2026-01-01,Rockets,S101,95.05,0.104,-11.9,83.74
G2025039,2026-01-01,Rockets,S119,95.04,0.104,-11.9,83.73
G2025039,2026-01-01,Rockets,S125,94.99,0.104,-11.9,83.69
G2025039,2026-01-01,Rockets,S128,94.98,0.104,-11.9,83.68
G2025039,2026-01-01,Rockets,S123,94.97,0.104,-11.9,83.67
G2025039,2026-01-01,Rockets,S120,94.91,0.104,-11.9,83.62
G2025039,2026-01-01,Rockets,S121,94.9,0.104,-11.9,83.61
G2025039,2026-01-01,Rockets,S116,94.9,0.104,-11.9,83.61
G2025039,2026-01-01,Rockets,S113,94.87,0.104,-11.9,83.58
G2025039,2026-01-01,Rockets,S102,94.85,0.104,-11.9,83.56
G2025039,2026-01-01,Rockets,S124,94.85,0.104,-11.9,83.56
G2025039,2026-01-01,Rockets,S104,94.84,0.104,-11.9,83.55
G2025039,2026-01-01,Rockets,S130,94.82,0.104,-11.9,83.54
G2025039,2026-01-01,Rockets,S131,94.81,0.104,-11.9,83.53
G2025039,2026-01-01,Rockets,S111,94.69,0.104,-11.9,83.42
G2025039,2026-01-01,Rockets,S126,94.68,0.104,-11.9,83.41
G2025039,2026-01-01,Rockets,S132,94.58,0.104,-11.9,83.32
G2025039,2026-01-01,Rockets,S105,94.56,0.104,-11.9,83.31
G2025039,2026-01-01,Rockets,S107,94.5,0.104,-11.9,83.25
G2025039,2026-01-01,Rockets,S106,94.48,0.104,-11.9,83.24
G2025039,2026-01-01,Rockets,S117,94.45,0.104,-11.9,83.21
G2025039,2026-01-01,Rockets,S112,94.43,0.104,-11.9,83.19
G2025040,2026-01-02,Rockets,S109,95.45,0.537,1.1,96.5
G2025040,2026-01-02,Rockets,S134,95.42,0.537,1.1,96.47
G2025040,2026-01-02,Rockets,S114,95.4,0.537,1.1,96.45
G2025040,2026-01-02,Rockets,S133,95.36,0.537,1.1,96.41
G2025040,2026-01-02,Rockets,S127,95.3,0.537,1.1,96.35
G2025040,2026-01-02,Rockets,S115,95.25,0.537,1.1,96.3
G2025040,2026-01-02,Rockets,S129,95.23,0.537,1.1,96.28
G2025040,2026-01-02,Rockets,S118,95.19,0.537,1.1,96.24
G2025040,2026-01-02,Rockets,S122,95.18,0.537,1.1,96.23
G2025040,2026-01-02,Rockets,S103,95.18,0.537,1.1,96.23
G2025040,2026-01-02,Rockets,S110,95.11,0.537,1.1,96.16
G2025040,2026-01-02,Rockets,S108,95.08,0.537,1.1,96.13
G2025040,2026-01-02,Rockets,S100,95.07,0.537,1.1,96.12
G2025040,2026-01-02,Rockets,S101,95.05,0.537,1.1,96.1
G2025040,2026-01-02,Rockets,S119,95.04,0.537,1.1,96.09
G2025040,2026-01-02,Rockets,S125,94.99,0.537,1.1,96.03
G2025040,2026-01-02,Rockets,S128,94.98,0.537,1.1,96.02
G2025040,2026-01-02,Rockets,S123,94.97,0.537,1.1,96.01
G2025040,2026-01-02,Rockets,S120,94.91,0.537,1.1,95.95
G2025040,2026-01-02,Rockets,S121,94.9,0.537,1.1,95.94
G2025040,2026-01-02,Rockets,S116,94.9,0.537,1.1,95.94
G2025040,2026-01-02,Rockets,S113,94.87,0.537,1.1,95.91
G2025040,2026-01-02,Rockets,S102,94.85,0.537,1.1,95.89
G2025040,2026-01-02,Rockets,S124,94.85,0.537,1.1,95.89
G2025040,2026-01-02,Rockets,S104,94.84,0.537,1.1,95.88
G2025040,2026-01-02,Rockets,S130,94.82,0.537,1.1,95.86
G2025040,2026-01-02,Rockets,S131,94.81,0.537,1.1,95.85
G2025040,2026-01-02,Rockets,S111,94.69,0.537,1.1,95.73
G2025040,2026-01-02,Rockets,S126,94.68,0.537,1.1,95.72
G2025040,2026-01-02,Rockets,S132,94.58,0.537,1.1,95.62
G2025040,2026-01-02,Rockets,S105,94.56,0.537,1.1,95.6
G2025040,2026-01-02,Rockets,S107,94.5,0.537,1.1,95.54
G2025040,2026-01-02,Rockets,S106,94.48,0.537,1.1,95.52
G2025040,2026-01-02,Rockets,S117,94.45,0.537,1.1,95.49
G2025040,2026-01-02,Rockets,S112,94.43,0.537,1.1,95.47
G2025041,2026-01-04,Blazers,S109,95.45,0.622,3.7,98.98
G2025041,2026-01-04,Blazers,S134,95.42,0.622,3.7,98.95
G2025041,2026-01-04,Blazers,S114,95.4,0.622,3.7,98.93
G2025041,2026-01-04,Blazers,S133,95.36,0.622,3.7,98.89
G2025041,2026-01-04,Blazers,S127,95.3,0.622,3.7,98.83
G2025041,2026-01-04,Blazers,S115,95.25,0.622,3.7,98.77
G2025041,2026-01-04,Blazers,S129,95.23,0.622,3.7,98.75
G2025041,2026-01-04,Blazers,S118,95.19,0.622,3.7,98.71
G2025041,2026-01-04,Blazers,S122,95.18,0.622,3.7,98.7
G2025041,2026-01-04,Blazers,S103,95.18,0.622,3.7,98.7
G2025041,2026-01-04,Blazers,S110,95.11,0.622,3.7,98.63
G2025041,2026-01-04,Blazers,S108,95.08,0.622,3.7,98.6
G2025041,2026-01-04,Blazers,S100,95.07,0.622,3.7,98.59
G2025041,2026-01-04,Blazers,S101,95.05,0.622,3.7,98.57
G2025041,2026-01-04,Blazers,S119,95.04,0.622,3.7,98.56
G2025041,2026-01-04,Blazers,S125,94.99,0.622,3.7,98.5
G2025041,2026-01-04,Blazers,S128,94.98,0.622,3.7,98.49
G2025041,2026-01-04,Blazers,S123,94.97,0.622,3.7,98.48
G2025041,2026-01-04,Blazers,S120,94.91,0.622,3.7,98.42
G2025041,2026-01-04,Blazers,S121,94.9,0.622,3.7,98.41
G2025041,2026-01-04,Blazers,S116,94.9,0.622,3.7,98.41
G2025041,2026-01-04,Blazers,S113,94.87,0.622,3.7,98.38
G2025041,2026-01-04,Blazers,S102,94.85,0.622,3.7,98.36
G2025041,2026-01-04,Blazers,S124,94.85,0.622,3.7,98.36
G2025041,2026-01-04,Blazers,S104,94.84,0.622,3.7,98.35
G2025041,2026-01-04,Blazers,S130,94.82,0.622,3.7,98.33
G2025041,2026-01-04,Blazers,S131,94.81,0.622,3.7,98.32
G2025041,2026-01-04,Blazers,S111,94.69,0.622,3.7,98.19
G2025041,2026-01-04,Blazers,S126,94.68,0.622,3.7,98.18
G2025041,2026-01-04,Blazers,S132,94.58,0.622,3.7,98.08
G2025041,2026-01-04,Blazers,S105,94.56,0.622,3.7,98.06
G2025041,2026-01-04,Blazers,S107,94.5,0.622,3.7,98.0
G2025041,2026-01-04,Blazers,S106,94.48,0.622,3.7,97.98
G2025041,2026-01-04,Blazers,S117,94.45,0.622,3.7,97.94
G2025041,2026-01-04,Blazers,S112,94.43,0.622,3.7,97.92
G2025042,2026-01-09,Clippers,S109,95.45,0.537,1.1,96.5
G2025042,2026-01-09,Clippers,S134,95.42,0.537,1.1,96.47
G2025042,2026-01-09,Clippers,S114,95.4,0.537,1.1,96.45
G2025042,2026-01-09,Clippers,S133,95.36,0.537,1.1,96.41
G2025042,2026-01-09,Clippers,S127,95.3,0.537,1.1,96.35
G2025042,2026-01-09,Clippers,S115,95.25,0.537,1.1,96.3
G2025042,2026-01-09,Clippers,S129,95.23,0.537,1.1,96.28
G2025042,2026-01-09,Clippers,S118,95.19,0.537,1.1,96.24
G2025042,2026-01-09,Clippers,S122,95.18,0.537,1.1,96.23
G2025042,2026-01-09,Clippers,S103,95.18,0.537,1.1,96.23
G2025042,2026-01-09,Clippers,S110,95.11,0.537,1.1,96.16
G2025042,2026-01-09,Clippers,S108,95.08,0.537,1.1,96.13
G2025042,2026-01-09,Clippers,S100,95.07,0.537,1.1,96.12
G2025042,2026-01-09,Clippers,S101,95.05,0.537,1.1,96.1
G2025042,2026-01-09,Clippers,S119,95.04,0.537,1.1,96.09
G2025042,2026-01-09,Clippers,S125,94.99,0.537,1.1,96.03
G2025042,2026-01-09,Clippers,S128,94.98,0.537,1.1,96.02
G2025042,2026-01-09,Clippers,S123,94.97,0.537,1.1,96.01
G2025042,2026-01-09,Clippers,S120,94.91,0.537,1.1,95.95
G2025042,2026-01-09,Clippers,S121,94.9,0.537,1.1,95.94
G2025042,2026-01-09,Clippers,S116,94.9,0.537,1.1,95.94
G2025042,2026-01-09,Clippers,S113,94.87,0.537,1.1,95.91
G2025042,2026-01-09,Clippers,S102,94.85,0.537,1.1,95.89
G2025042,2026-01-09,Clippers,S124,94.85,0.537,1.1,95.89
G2025042,2026-01-09,Clippers,S104,94.84,0.537,1.1,95.88
G2025042,2026-01-09,Clippers,S130,94.82,0.537,1.1,95.86
G2025042,2026-01-09,Clippers,S131,94.81,0.537,1.1,95.85
G2025042,2026-01-09,Clippers,S111,94.69,0.537,1.1,95.73
G2025042,2026-01-09,Clippers,S126,94.68,0.537,1.1,95.72
G2025042,2026-01-09,Clippers,S132,94.58,0.537,1.1,95.62
G2025042,2026-01-09,Clippers,S105,94.56,0.537,1.1,95.6
G2025042,2026-01-09,Clippers,S107,94.5,0.537,1.1,95.54
G2025042,2026-01-09,Clippers,S106,94.48,0.537,1.1,95.52
G2025042,2026-01-09,Clippers,S117,94.45,0.537,1.1,95.49
G2025042,2026-01-09,Clippers,S112,94.43,0.537,1.1,95.47
G2025043,2026-01-10,Nuggets,S109,95.45,0.695,5.9,101.08
G2025043,2026-01-10,Nuggets,S134,95.42,0.695,5.9,101.05
G2025043,2026-01-10,Nuggets,S114,95.4,0.695,5.9,101.03
G2025043,2026-01-10,Nuggets,S133,95.36,0.695,5.9,100.99
G2025043,2026-01-10,Nuggets,S127,95.3,0.695,5.9,100.92
G2025043,2026-01-10,Nuggets,S115,95.25,0.695,5.9,100.87
G2025043,2026-01-10,Nuggets,S129,95.23,0.695,5.9,100.85
G2025043,2026-01-10,Nuggets,S118,95.19,0.695,5.9,100.81
G2025043,2026-01-10,Nuggets,S122,95.18,0.695,5.9,100.8
G2025043,2026-01-10,Nuggets,S103,95.18,0.695,5.9,100.8
G2025043,2026-01-10,Nuggets,S110,95.11,0.695,5.9,100.72
G2025043,2026-01-10,Nuggets,S108,95.08,0.695,5.9,100.69
G2025043,2026-01-10,Nuggets,S100,95.07,0.695,5.9,100.68
G2025043,2026-01-10,Nuggets,S101,95.05,0.695,5.9,100.66
G2025043,2026-01-10,Nuggets,S119,95.04,0.695,5.9,100.65
G2025043,2026-01-10,Nuggets,S125,94.99,0.695,5.9,100.59
G2025043,2026-01-10,Nuggets,S128,94.98,0.695,5.9,100.58
G2025043,2026-01-10,Nuggets,S123,94.97,0.695,5.9,100.57
G2025043,2026-01-10,Nuggets,S120,94.91,0.695,5.9,100.51
G2025043,2026-01-10,Nuggets,S121,94.9,0.695,5.9,100.5
G2025043,2026-01-10,Nuggets,S116,94.9,0.695,5.9,100.5
G2025043,2026-01-10,Nuggets,S113,94.87,0.695,5.9,100.47
G2025043,2026-01-10,Nuggets,S102,94.85,0.695,5.9,100.45
G2025043,2026-01-10,Nuggets,S124,94.85,0.695,5.9,100.45
G2025043,2026-01-10,Nuggets,S104,94.84,0.695,5.9,100.44
G2025043,2026-01-10,Nuggets,S130,94.82,0.695,5.9,100.41
G2025043,2026-01-10,Nuggets,S131,94.81,0.695,5.9,100.4
G2025043,2026-01-10,Nuggets,S111,94.69,0.695,5.9,100.28
G2025043,2026-01-10,Nuggets,S126,94.68,0.695,5.9,100.27
G2025043,2026-01-10,Nuggets,S132,94.58,0.695,5.9,100.16
G2025043,2026-01-10,Nuggets,S105,94.56,0.695,5.9,100.14
G2025043,2026-01-10,Nuggets,S107,94.5,0.695,5.9,100.08
G2025043,2026-01-10,Nuggets,S106,94.48,0.695,5.9,100.05
G2025043,2026-01-10,Nuggets,S117,94.45,0.695,5.9,100.02
G2025043,2026-01-10,Nuggets,S112,94.43,0.695,5.9,100.0
G2025044,2026-01-17,Hornets,S109,95.45,0.695,5.9,101.08
G2025044,2026-01-17,Hornets,S134,95.42,0.695,5.9,101.05
G2025044,2026-01-17,Hornets,S114,95.4,0.695,5.9,101.03
G2025044,2026-01-17,Hornets,S133,95.36,0.695,5.9,100.99
G2025044,2026-01-17,Hornets,S127,95.3,0.695,5.9,100.92
G2025044,2026-01-17,Hornets,S115,95.25,0.695,5.9,100.87
G2025044,2026-01-17,Hornets,S129,95.23,0.695,5.9,100.85
G2025044,2026-01-17,Hornets,S118,95.19,0.695,5.9,100.81
G2025044,2026-01-17,Hornets,S122,95.18,0.695,5.9,100.8
G2025044,2026-01-17,Hornets,S103,95.18,0.695,5.9,100.8
G2025044,2026-01-17,Hornets,S110,95.11,0.695,5.9,100.72
G2025044,2026-01-17,Hornets,S108,95.08,0.695,5.9,100.69
G2025044,2026-01-17,Hornets,S100,95.07,0.695,5.9,100.68
G2025044,2026-01-17,Hornets,S101,95.05,0.695,5.9,100.66
G2025044,2026-01-17,Hornets,S119,95.04,0.695,5.9,100.65
G2025044,2026-01-17,Hornets,S125,94.99,0.695,5.9,100.59
G2025044,2026-01-17,Hornets,S128,94.98,0.695,5.9,100.58
G2025044,2026-01-17,Hornets,S123,94.97,0.695,5.9,100.57
G2025044,2026-01-17,Hornets,S120,94.91,0.695,5.9,100.51
G2025044,2026-01-17,Hornets,S121,94.9,0.695,5.9,100.5
G2025044,2026-01-17,Hornets,S116,94.9,0.695,5.9,100.5
G2025044,2026-01-17,Hornets,S113,94.87,0.695,5.9,100.47
G2025044,2026-01-17,Hornets,S102,94.85,0.695,5.9,100.45
G2025044,2026-01-17,Hornets,S124,94.85,0.695,5.9,100.45
G2025044,2026-01-17,Hornets,S104,94.84,0.695,5.9,100.44
G2025044,2026-01-17,Hornets,S130,94.82,0.695,5.9,100.41
G2025044,2026-01-17,Hornets,S131,94.81,0.695,5.9,100.4
G2025044,2026-01-17,Hornets,S111,94.69,0.695,5.9,100.28
G2025044,2026-01-17,Hornets,S126,94.68,0.695,5.9,100.27
G2025044,2026-01-17,Hornets,S132,94.58,0.695,5.9,100.16
G2025044,2026-01-17,Hornets,S105,94.56,0.695,5.9,100.14
G2025044,2026-01-17,Hornets,S107,94.5,0.695,5.9,100.08
G2025044,2026-01-17,Hornets,S106,94.48,0.695,5.9,100.05
G2025044,2026-01-17,Hornets,S117,94.45,0.695,5.9,100.02
G2025044,2026-01-17,Hornets,S112,94.43,0.695,5.9,100.0
G2025045,2026-01-22,Jazz,S109,95.45,0.104,-11.9,84.09
G2025045,2026-01-22,Jazz,S134,95.42,0.104,-11.9,84.07
G2025045,2026-01-22,Jazz,S114,95.4,0.104,-11.9,84.05
G2025045,2026-01-22,Jazz,S133,95.36,0.104,-11.9,84.01
G2025045,2026-01-22,Jazz,S127,95.3,0.104,-11.9,83.96
G2025045,2026-01-22,Jazz,S115,95.25,0.104,-11.9,83.92
G2025045,2026-01-22,Jazz,S129,95.23,0.104,-11.9,83.9
G2025045,2026-01-22,Jazz,S118,95.19,0.104,-11.9,83.86
G2025045,2026-01-22,Jazz,S122,95.18,0.104,-11.9,83.85
G2025045,2026-01-22,Jazz,S103,95.18,0.104,-11.9,83.85
G2025045,2026-01-22,Jazz,S110,95.11,0.104,-11.9,83.79
G2025045,2026-01-22,Jazz,S108,95.08,0.104,-11.9,83.77
G2025045,2026-01-22,Jazz,S100,95.07,0.104,-11.9,83.76
G2025045,2026-01-22,Jazz,S101,95.05,0.104,-11.9,83.74
G2025045,2026-01-22,Jazz,S119,95.04,0.104,-11.9,83.73
G2025045,2026-01-22,Jazz,S125,94.99,0.104,-11.9,83.69
G2025045,2026-01-22,Jazz,S128,94.98,0.104,-11.9,83.68
G2025045,2026-01-22,Jazz,S123,94.97,0.104,-11.9,83.67
G2025045,2026-01-22,Jazz,S120,94.91,0.104,-11.9,83.62
G2025045,2026-01-22,Jazz,S121,94.9,0.104,-11.9,83.61
G2025045,2026-01-22,Jazz,S116,94.9,0.104,-11.9,83.61
G2025045,2026-01-22,Jazz,S113,94.87,0.104,-11.9,83.58
G2025045,2026-01-22,Jazz,S102,94.85,0.104,-11.9,83.56
G2025045,2026-01-22,Jazz,S124,94.85,0.104,-11.9,83.56
G2025045,2026-01-22,Jazz,S104,94.84,0.104,-11.9,83.55
G2025045,2026-01-22,Jazz,S130,94.82,0.104,-11.9,83.54
G2025045,2026-01-22,Jazz,S131,94.81,0.104,-11.9,83.53
G2025045,2026-01-22,Jazz,S111,94.69,0.104,-11.9,83.42
G2025045,2026-01-22,Jazz,S126,94.68,0.104,-11.9,83.41
G2025045,2026-01-22,Jazz,S132,94.58,0.104,-11.9,83.32
G2025045,2026-01-22,Jazz,S105,94.56,0.104,-11.9,83.31
G2025045,2026-01-22,Jazz,S107,94.5,0.104,-11.9,83.25
G2025045,2026-01-22,Jazz,S106,94.48,0.104,-11.9,83.24
G2025045,2026-01-22,Jazz,S117,94.45,0.104,-11.9,83.21
G2025045,2026-01-22,Jazz,S112,94.43,0.104,-11.9,83.19
G2025046,2026-01-24,Rockets,S109,95.45,0.695,5.9,101.08
G2025046,2026-01-24,Rockets,S134,95.42,0.695,5.9,101.05
G2025046,2026-01-24,Rockets,S114,95.4,0.695,5.9,101.03
G2025046,2026-01-24,Rockets,S133,95.36,0.695,5.9,100.99
G2025046,2026-01-24,Rockets,S127,95.3,0.695,5.9,100.92
G2025046,2026-01-24,Rockets,S115,95.25,0.695,5.9,100.87
G2025046,2026-01-24,Rockets,S129,95.23,0.695,5.9,100.85
G2025046,2026-01-24,Rockets,S118,95.19,0.695,5.9,100.81
G2025046,2026-01-24,Rockets,S122,95.18,0.695,5.9,100.8
G2025046,2026-01-24,Rockets,S103,95.18,0.695,5.9,100.8
G2025046,2026-01-24,Rockets,S110,95.11,0.695,5.9,100.72
G2025046,2026-01-24,Rockets,S108,95.08,0.695,5.9,100.69
G2025046,2026-01-24,Rockets,S100,95.07,0.695,5.9,100.68
G2025046,2026-01-24,Rockets,S101,95.05,0.695,5.9,100.66
G2025046,2026-01-24,Rockets,S119,95.04,0.695,5.9,100.65
G2025046,2026-01-24,Rockets,S125,94.99,0.695,5.9,100.59
G2025046,2026-01-24,Rockets,S128,94.98,0.695,5.9,100.58
G2025046,2026-01-24,Rockets,S123,94.97,0.695,5.9,100.57
G2025046,2026-01-24,Rockets,S120,94.91,0.695,5.9,100.51
G2025046,2026-01-24,Rockets,S121,94.9,0.695,5.9,100.5
G2025046,2026-01-24,Rockets,S116,94.9,0.695,5.9,100.5
G2025046,2026-01-24,Rockets,S113,94.87,0.695,5.9,100.47
G2025046,2026-01-24,Rockets,S102,94.85,0.695,5.9,100.45
G2025046,2026-01-24,Rockets,S124,94.85,0.695,5.9,100.45
G2025046,2026-01-24,Rockets,S104,94.84,0.695,5.9,100.44
G2025046,2026-01-24,Rockets,S130,94.82,0.695,5.9,100.41
G2025046,2026-01-24,Rockets,S131,94.81,0.695,5.9,100.4
G2025046,2026-01-24,Rockets,S111,94.69,0.695,5.9,100.28
G2025046,2026-01-24,Rockets,S126,94.68,0.695,5.9,100.27
G2025046,2026-01-24,Rockets,S132,94.58,0.695,5.9,100.16
G2025046,2026-01-24,Rockets,S105,94.56,0.695,5.9,100.14
G2025046,2026-01-24,Rockets,S107,94.5,0.695,5.9,100.08
G2025046,2026-01-24,Rockets,S106,94.48,0.695,5.9,100.05
G2025046,2026-01-24,Rockets,S117,94.45,0.695,5.9,100.02
G2025046,2026-01-24,Rockets,S112,94.43,0.695,5.9,100.0
G2025047,2026-01-26,Celtics,S109,95.45,0.28,-6.6,89.15
G2025047,2026-01-26,Celtics,S134,95.42,0.28,-6.6,89.12
G2025047,2026-01-26,Celtics,S114,95.4,0.28,-6.6,89.1
G2025047,2026-01-26,Celtics,S133,95.36,0.28,-6.6,89.07
G2025047,2026-01-26,Celtics,S127,95.3,0.28,-6.6,89.01
G2025047,2026-01-26,Celtics,S115,95.25,0.28,-6.6,88.96
G2025047,2026-01-26,Celtics,S129,95.23,0.28,-6.6,88.94
G2025047,2026-01-26,Celtics,S118,95.19,0.28,-6.6,88.91
G2025047,2026-01-26,Celtics,S122,95.18,0.28,-6.6,88.9
G2025047,2026-01-26,Celtics,S103,95.18,0.28,-6.6,88.9
G2025047,2026-01-26,Celtics,S110,95.11,0.28,-6.6,88.83
G2025047,2026-01-26,Celtics,S108,95.08,0.28,-6.6,88.8
G2025047,2026-01-26,Celtics,S100,95.07,0.28,-6.6,88.8
G2025047,2026-01-26,Celtics,S101,95.05,0.28,-6.6,88.78
G2025047,2026-01-26,Celtics,S119,95.04,0.28,-6.6,88.77
G2025047,2026-01-26,Celtics,S125,94.99,0.28,-6.6,88.72
G2025047,2026-01-26,Celtics,S128,94.98,0.28,-6.6,88.71
G2025047,2026-01-26,Celtics,S123,94.97,0.28,-6.6,88.7
G2025047,2026-01-26,Celtics,S120,94.91,0.28,-6.6,88.65
G2025047,2026-01-26,Celtics,S121,94.9,0.28,-6.6,88.64
G2025047,2026-01-26,Celtics,S116,94.9,0.28,-6.6,88.64
G2025047,2026-01-26,Celtics,S113,94.87,0.28,-6.6,88.61
G2025047,2026-01-26,Celtics,S102,94.85,0.28,-6.6,88.59
G2025047,2026-01-26,Celtics,S124,94.85,0.28,-6.6,88.59
G2025047,2026-01-26,Celtics,S104,94.84,0.28,-6.6,88.58
G2025047,2026-01-26,Celtics,S130,94.82,0.28,-6.6,88.56
G2025047,2026-01-26,Celtics,S131,94.81,0.28,-6.6,88.55
G2025047,2026-01-26,Celtics,S111,94.69,0.28,-6.6,88.44
G2025047,2026-01-26,Celtics,S126,94.68,0.28,-6.6,88.43
G2025047,2026-01-26,Celtics,S132,94.58,0.28,-6.6,88.34
G2025047,2026-01-26,Celtics,S105,94.56,0.28,-6.6,88.32
G2025047,2026-01-26,Celtics,S107,94.5,0.28,-6.6,88.26
G2025047,2026-01-26,Celtics,S106,94.48,0.28,-6.6,88.24
G2025047,2026-01-26,Celtics,S117,94.45,0.28,-6.6,88.22
G2025047,2026-01-26,Celtics,S112,94.43,0.28,-6.6,88.2
G2025048,2026-01-30,Blazers,S109,95.45,0.537,1.1,96.5
G2025048,2026-01-30,Blazers,S134,95.42,0.537,1.1,96.47
G2025048,2026-01-30,Blazers,S114,95.4,0.537,1.1,96.45
G2025048,2026-01-30,Blazers,S133,95.36,0.537,1.1,96.41
G2025048,2026-01-30,Blazers,S127,95.3,0.537,1.1,96.35
G2025048,2026-01-30,Blazers,S115,95.25,0.537,1.1,96.3
G2025048,2026-01-30,Blazers,S129,95.23,0.537,1.1,96.28
G2025048,2026-01-30,Blazers,S118,95.19,0.537,1.1,96.24
G2025048,2026-01-30,Blazers,S122,95.18,0.537,1.1,96.23
G2025048,2026-01-30,Blazers,S103,95.18,0.537,1.1,96.23
G2025048,2026-01-30,Blazers,S110,95.11,0.537,1.1,96.16
G2025048,2026-01-30,Blazers,S108,95.08,0.537,1.1,96.13
G2025048,2026-01-30,Blazers,S100,95.07,0.537,1.1,96.12
G2025048,2026-01-30,Blazers,S101,95.05,0.537,1.1,96.1
G2025048,2026-01-30,Blazers,S119,95.04,0.537,1.1,96.09
G2025048,2026-01-30,Blazers,S125,94.99,0.537,1.1,96.03
G2025048,2026-01-30,Blazers,S128,94.98,0.537,1.1,96.02
G2025048,2026-01-30,Blazers,S123,94.97,0.537,1.1,96.01
G2025048,2026-01-30,Blazers,S120,94.91,0.537,1.1,95.95
G2025048,2026-01-30,Blazers,S121,94.9,0.537,1.1,95.94
G2025048,2026-01-30,Blazers,S116,94.9,0.537,1.1,95.94
G2025048,2026-01-30,Blazers,S113,94.87,0.537,1.1,95.91
G2025048,2026-01-30,Blazers,S102,94.85,0.537,1.1,95.89
G2025048,2026-01-30,Blazers,S124,94.85,0.537,1.1,95.89
G2025048,2026-01-30,Blazers,S104,94.84,0.537,1.1,95.88
G2025048,2026-01-30,Blazers,S130,94.82,0.537,1.1,95.86
G2025048,2026-01-30,Blazers,S131,94.81,0.537,1.1,95.85
G2025048,2026-01-30,Blazers,S111,94.69,0.537,1.1,95.73
G2025048,2026-01-30,Blazers,S126,94.68,0.537,1.1,95.72
G2025048,2026-01-30,Blazers,S132,94.58,0.537,1.1,95.62
G2025048,2026-01-30,Blazers,S105,94.56,0.537,1.1,95.6
G2025048,2026-01-30,Blazers,S107,94.5,0.537,1.1,95.54
G2025048,2026-01-30,Blazers,S106,94.48,0.537,1.1,95.52
G2025048,2026-01-30,Blazers,S117,94.45,0.537,1.1,95.49
G2025048,2026-01-30,Blazers,S112,94.43,0.537,1.1,95.47
G2025049,2026-02-01,Jazz,S109,95.45,0.793,8.8,103.85
G2025049,2026-02-01,Jazz,S134,95.42,0.793,8.8,103.82
G2025049,2026-02-01,Jazz,S114,95.4,0.793,8.8,103.8
G2025049,2026-02-01,Jazz,S133,95.36,0.793,8.8,103.75
G2025049,2026-02-01,Jazz,S127,95.3,0.793,8.8,103.69
G2025049,2026-02-01,Jazz,S115,95.25,0.793,8.8,103.63
G2025049,2026-02-01,Jazz,S129,95.23,0.793,8.8,103.61
G2025049,2026-02-01,Jazz,S118,95.19,0.793,8.8,103.57
G2025049,2026-02-01,Jazz,S122,95.18,0.793,8.8,103.56
G2025049,2026-02-01,Jazz,S103,95.18,0.793,8.8,103.56
G2025049,2026-02-01,Jazz,S110,95.11,0.793,8.8,103.48
G2025049,2026-02-01,Jazz,S108,95.08,0.793,8.8,103.45
G2025049,2026-02-01,Jazz,S100,95.07,0.793,8.8,103.44
G2025049,2026-02-01,Jazz,S101,95.05,0.793,8.8,103.41
G2025049,2026-02-01,Jazz,S119,95.04,0.793,8.8,103.4
G2025049,2026-02-01,Jazz,S125,94.99,0.793,8.8,103.35
G2025049,2026-02-01,Jazz,S128,94.98,0.793,8.8,103.34
G2025049,2026-02-01,Jazz,S123,94.97,0.793,8.8,103.33
G2025049,2026-02-01,Jazz,S120,94.91,0.793,8.8,103.26
G2025049,2026-02-01,Jazz,S121,94.9,0.793,8.8,103.25
G2025049,2026-02-01,Jazz,S116,94.9,0.793,8.8,103.25
G2025049,2026-02-01,Jazz,S113,94.87,0.793,8.8,103.22
G2025049,2026-02-01,Jazz,S102,94.85,0.793,8.8,103.2
G2025049,2026-02-01,Jazz,S124,94.85,0.793,8.8,103.2
G2025049,2026-02-01,Jazz,S104,94.84,0.793,8.8,103.19
G2025049,2026-02-01,Jazz,S130,94.82,0.793,8.8,103.16
G2025049,2026-02-01,Jazz,S131,94.81,0.793,8.8,103.15
G2025049,2026-02-01,Jazz,S111,94.69,0.793,8.8,103.02
G2025049,2026-02-01,Jazz,S126,94.68,0.793,8.8,103.01
G2025049,2026-02-01,Jazz,S132,94.58,0.793,8.8,102.9
G2025049,2026-02-01,Jazz,S105,94.56,0.793,8.8,102.88
G2025049,2026-02-01,Jazz,S107,94.5,0.793,8.8,102.82
G2025049,2026-02-01,Jazz,S106,94.48,0.793,8.8,102.79
G2025049,2026-02-01,Jazz,S117,94.45,0.793,8.8,102.76
G2025049,2026-02-01,Jazz,S112,94.43,0.793,8.8,102.74
G2025050,2026-02-02,Magic,S109,95.45,0.421,-2.4,93.16
G2025050,2026-02-02,Magic,S134,95.42,0.421,-2.4,93.13
G2025050,2026-02-02,Magic,S114,95.4,0.421,-2.4,93.11
G2025050,2026-02-02,Magic,S133,95.36,0.421,-2.4,93.07
G2025050,2026-02-02,Magic,S127,95.3,0.421,-2.4,93.01
G2025050,2026-02-02,Magic,S115,95.25,0.421,-2.4,92.96
G2025050,2026-02-02,Magic,S129,95.23,0.421,-2.4,92.94
G2025050,2026-02-02,Magic,S118,95.19,0.421,-2.4,92.91
G2025050,2026-02-02,Magic,S122,95.18,0.421,-2.4,92.9
G2025050,2026-02-02,Magic,S103,95.18,0.421,-2.4,92.9
G2025050,2026-02-02,Magic,S110,95.11,0.421,-2.4,92.83
G2025050,2026-02-02,Magic,S108,95.08,0.421,-2.4,92.8
G2025050,2026-02-02,Magic,S100,95.07,0.421,-2.4,92.79
G2025050,2026-02-02,Magic,S101,95.05,0.421,-2.4,92.77
G2025050,2026-02-02,Magic,S119,95.04,0.421,-2.4,92.76
G2025050,2026-02-02,Magic,S125,94.99,0.421,-2.4,92.71
G2025050,2026-02-02,Magic,S128,94.98,0.421,-2.4,92.7
G2025050,2026-02-02,Magic,S123,94.97,0.421,-2.4,92.69
G2025050,2026-02-02,Magic,S120,94.91,0.421,-2.4,92.63
G2025050,2026-02-02,Magic,S121,94.9,0.421,-2.4,92.62
G2025050,2026-02-02,Magic,S116,94.9,0.421,-2.4,92.62
G2025050,2026-02-02,Magic,S113,94.87,0.421,-2.4,92.59
G2025050,2026-02-02,Magic,S102,94.85,0.421,-2.4,92.57
G2025050,2026-02-02,Magic,S124,94.85,0.421,-2.4,92.57
G2025050,2026-02-02,Magic,S104,94.84,0.421,-2.4,92.56
G2025050,2026-02-02,Magic,S130,94.82,0.421,-2.4,92.54
G2025050,2026-02-02,Magic,S131,94.81,0.421,-2.4,92.53
G2025050,2026-02-02,Magic,S111,94.69,0.421,-2.4,92.42
G2025050,2026-02-02,Magic,S126,94.68,0.421,-2.4,92.41
G2025050,2026-02-02,Magic,S132,94.58,0.421,-2.4,92.31
G2025050,2026-02-02,Magic,S105,94.56,0.421,-2.4,92.29
G2025050,2026-02-02,Magic,S107,94.5,0.421,-2.4,92.23
G2025050,2026-02-02,Magic,S106,94.48,0.421,-2.4,92.21
G2025050,2026-02-02,Magic,S117,94.45,0.421,-2.4,92.18
G2025050,2026-02-02,Magic,S112,94.43,0.421,-2.4,92.16
G2025051,2026-02-05,Knicks,S109,95.45,0.183,-9.5,86.38
G2025051,2026-02-05,Knicks,S134,95.42,0.183,-9.5,86.36
G2025051,2026-02-05,Knicks,S114,95.4,0.183,-9.5,86.34
G2025051,2026-02-05,Knicks,S133,95.36,0.183,-9.5,86.3
G2025051,2026-02-05,Knicks,S127,95.3,0.183,-9.5,86.25
G2025051,2026-02-05,Knicks,S115,95.25,0.183,-9.5,86.2
G2025051,2026-02-05,Knicks,S129,95.23,0.183,-9.5,86.18
G2025051,2026-02-05,Knicks,S118,95.19,0.183,-9.5,86.15
G2025051,2026-02-05,Knicks,S122,95.18,0.183,-9.5,86.14
G2025051,2026-02-05,Knicks,S103,95.18,0.183,-9.5,86.14
G2025051,2026-02-05,Knicks,S110,95.11,0.183,-9.5,86.07
G2025051,2026-02-05,Knicks,S108,95.08,0.183,-9.5,86.05
G2025051,2026-02-05,Knicks,S100,95.07,0.183,-9.5,86.04
G2025051,2026-02-05,Knicks,S101,95.05,0.183,-9.5,86.02
G2025051,2026-02-05,Knicks,S119,95.04,0.183,-9.5,86.01
G2025051,2026-02-05,Knicks,S125,94.99,0.183,-9.5,85.97
G2025051,2026-02-05,Knicks,S128,94.98,0.183,-9.5,85.96
G2025051,2026-02-05,Knicks,S123,94.97,0.183,-9.5,85.95
G2025051,2026-02-05,Knicks,S120,94.91,0.183,-9.5,85.89
G2025051,2026-02-05,Knicks,S121,94.9,0.183,-9.5,85.88
G2025051,2026-02-05,Knicks,S116,94.9,0.183,-9.5,85.88
G2025051,2026-02-05,Knicks,S113,94.87,0.183,-9.5,85.86
G2025051,2026-02-05,Knicks,S102,94.85,0.183,-9.5,85.84
G2025051,2026-02-05,Knicks,S124,94.85,0.183,-9.5,85.84
G2025051,2026-02-05,Knicks,S104,94.84,0.183,-9.5,85.83
G2025051,2026-02-05,Knicks,S130,94.82,0.183,-9.5,85.81
G2025051,2026-02-05,Knicks,S131,94.81,0.183,-9.5,85.8
G2025051,2026-02-05,Knicks,S111,94.69,0.183,-9.5,85.69
G2025051,2026-02-05,Knicks,S126,94.68,0.183,-9.5,85.69
G2025051,2026-02-05,Knicks,S132,94.58,0.183,-9.5,85.59
G2025051,2026-02-05,Knicks,S105,94.56,0.183,-9.5,85.58
G2025051,2026-02-05,Knicks,S107,94.5,0.183,-9.5,85.52
G2025051,2026-02-05,Knicks,S106,94.48,0.183,-9.5,85.5
G2025051,2026-02-05,Knicks,S117,94.45,0.183,-9.5,85.48
G2025051,2026-02-05,Knicks,S112,94.43,0.183,-9.5,85.46
G2025052,2026-02-10,Hornets,S109,95.45,0.39,-3.3,92.3
G2025052,2026-02-10,Hornets,S134,95.42,0.39,-3.3,92.27
G2025052,2026-02-10,Hornets,S114,95.4,0.39,-3.3,92.25
G2025052,2026-02-10,Hornets,S133,95.36,0.39,-3.3,92.21
G2025052,2026-02-10,Hornets,S127,95.3,0.39,-3.3,92.16
G2025052,2026-02-10,Hornets,S115,95.25,0.39,-3.3,92.11
G2025052,2026-02-10,Hornets,S129,95.23,0.39,-3.3,92.09
G2025052,2026-02-10,Hornets,S118,95.19,0.39,-3.3,92.05
G2025052,2026-02-10,Hornets,S122,95.18,0.39,-3.3,92.04
G2025052,2026-02-10,Hornets,S103,95.18,0.39,-3.3,92.04
G2025052,2026-02-10,Hornets,S110,95.11,0.39,-3.3,91.97
G2025052,2026-02-10,Hornets,S108,95.08,0.39,-3.3,91.94
G2025052,2026-02-10,Hornets,S100,95.07,0.39,-3.3,91.93
G2025052,2026-02-10,Hornets,S101,95.05,0.39,-3.3,91.91
G2025052,2026-02-10,Hornets,S119,95.04,0.39,-3.3,91.9
G2025052,2026-02-10,Hornets,S125,94.99,0.39,-3.3,91.86
G2025052,2026-02-10,Hornets,S128,94.98,0.39,-3.3,91.85
G2025052,2026-02-10,Hornets,S123,94.97,0.39,-3.3,91.84
G2025052,2026-02-10,Hornets,S120,94.91,0.39,-3.3,91.78
G2025052,2026-02-10,Hornets,S121,94.9,0.39,-3.3,91.77
G2025052,2026-02-10,Hornets,S116,94.9,0.39,-3.3,91.77
G2025052,2026-02-10,Hornets,S113,94.87,0.39,-3.3,91.74
G2025052,2026-02-10,Hornets,S102,94.85,0.39,-3.3,91.72
G2025052,2026-02-10,Hornets,S124,94.85,0.39,-3.3,91.72
G2025052,2026-02-10,Hornets,S104,94.84,0.39,-3.3,91.71
G2025052,2026-02-10,Hornets,S130,94.82,0.39,-3.3,91.69
G2025052,2026-02-10,Hornets,S131,94.81,0.39,-3.3,91.68
G2025052,2026-02-10,Hornets,S111,94.69,0.39,-3.3,91.57
G2025052,2026-02-10,Hornets,S126,94.68,0.39,-3.3,91.56
G2025052,2026-02-10,Hornets,S132,94.58,0.39,-3.3,91.46
G2025052,2026-02-10,Hornets,S105,94.56,0.39,-3.3,91.44
G2025052,2026-02-10,Hornets,S107,94.5,0.39,-3.3,91.38
G2025052,2026-02-10,Hornets,S106,94.48,0.39,-3.3,91.36
G2025052,2026-02-10,Hornets,S117,94.45,0.39,-3.3,91.33
G2025052,2026-02-10,Hornets,S112,94.43,0.39,-3.3,91.31
G2025053,2026-02-12,Knicks,S109,95.45,0.183,-9.5,86.38
G2025053,2026-02-12,Knicks,S134,95.42,0.183,-9.5,86.36
G2025053,2026-02-12,Knicks,S114,95.4,0.183,-9.5,86.34
G2025053,2026-02-12,Knicks,S133,95.36,0.183,-9.5,86.3
G2025053,2026-02-12,Knicks,S127,95.3,0.183,-9.5,86.25
G2025053,2026-02-12,Knicks,S115,95.25,0.183,-9.5,86.2
G2025053,2026-02-12,Knicks,S129,95.23,0.183,-9.5,86.18
G2025053,2026-02-12,Knicks,S118,95.19,0.183,-9.5,86.15
G2025053,2026-02-12,Knicks,S122,95.18,0.183,-9.5,86.14
G2025053,2026-02-12,Knicks,S103,95.18,0.183,-9.5,86.14
G2025053,2026-02-12,Knicks,S110,95.11,0.183,-9.5,86.07
G2025053,2026-02-12,Knicks,S108,95.08,0.183,-9.5,86.05
G2025053,2026-02-12,Knicks,S100,95.07,0.183,-9.5,86.04
G2025053,2026-02-12,Knicks,S101,95.05,0.183,-9.5,86.02
G2025053,2026-02-12,Knicks,S119,95.04,0.183,-9.5,86.01
G2025053,2026-02-12,Knicks,S125,94.99,0.183,-9.5,85.97
G2025053,2026-02-12,Knicks,S128,94.98,0.183,-9.5,85.96
G2025053,2026-02-12,Knicks,S123,94.97,0.183,-9.5,85.95
G2025053,2026-02-12,Knicks,S120,94.91,0.183,-9.5,85.89
G2025053,2026-02-12,Knicks,S121,94.9,0.183,-9.5,85.88
G2025053,2026-02-12,Knicks,S116,94.9,0.183,-9.5,85.88
G2025053,2026-02-12,Knicks,S113,94.87,0.183,-9.5,85.86
G2025053,2026-02-12,Knicks,S102,94.85,0.183,-9.5,85.84
G2025053,2026-02-12,Knicks,S124,94.85,0.183,-9.5,85.84
G2025053,2026-02-12,Knicks,S104,94.84,0.183,-9.5,85.83
G2025053,2026-02-12,Knicks,S130,94.82,0.183,-9.5,85.81
G2025053,2026-02-12,Knicks,S131,94.81,0.183,-9.5,85.8
G2025053,2026-02-12,Knicks,S111,94.69,0.183,-9.5,85.69
G2025053,2026-02-12,Knicks,S126,94.68,0.183,-9.5,85.69
G2025053,2026-02-12,Knicks,S132,94.58,0.183,-9.5,85.59
G2025053,2026-02-12,Knicks,S105,94.56,0.183,-9.5,85.58
G2025053,2026-02-12,Knicks,S107,94.5,0.183,-9.5,85.52
G2025053,2026-02-12,Knicks,S106,94.48,0.183,-9.5,85.5
G2025053,2026-02-12,Knicks,S117,94.45,0.183,-9.5,85.48
G2025053,2026-02-12,Knicks,S112,94.43,0.183,-9.5,85.46
G2025054,2026-02-14,Warriors,S109,95.45,0.811,9.3,104.33
G2025054,2026-02-14,Warriors,S134,95.42,0.811,9.3,104.29
G2025054,2026-02-14,Warriors,S114,95.4,0.811,9.3,104.27
G2025054,2026-02-14,Warriors,S133,95.36,0.811,9.3,104.23
G2025054,2026-02-14,Warriors,S127,95.3,0.811,9.3,104.16
G2025054,2026-02-14,Warriors,S115,95.25,0.811,9.3,104.11
G2025054,2026-02-14,Warriors,S129,95.23,0.811,9.3,104.09
G2025054,2026-02-14,Warriors,S118,95.19,0.811,9.3,104.04
G2025054,2026-02-14,Warriors,S122,95.18,0.811,9.3,104.03
G2025054,2026-02-14,Warriors,S103,95.18,0.811,9.3,104.03
G2025054,2026-02-14,Warriors,S110,95.11,0.811,9.3,103.96
G2025054,2026-02-14,Warriors,S108,95.08,0.811,9.3,103.92
G2025054,2026-02-14,Warriors,S100,95.07,0.811,9.3,103.91
G2025054,2026-02-14,Warriors,S101,95.05,0.811,9.3,103.89
G2025054,2026-02-14,Warriors,S119,95.04,0.811,9.3,103.88
G2025054,2026-02-14,Warriors,S125,94.99,0.811,9.3,103.82
G2025054,2026-02-14,Warriors,S128,94.98,0.811,9.3,103.81
G2025054,2026-02-14,Warriors,S123,94.97,0.811,9.3,103.8
G2025054,2026-02-14,Warriors,S120,94.91,0.811,9.3,103.74
G2025054,2026-02-14,Warriors,S121,94.9,0.811,9.3,103.73
G2025054,2026-02-14,Warriors,S116,94.9,0.811,9.3,103.73
G2025054,2026-02-14,Warriors,S113,94.87,0.811,9.3,103.69
G2025054,2026-02-14,Warriors,S102,94.85,0.811,9.3,103.67
G2025054,2026-02-14,Warriors,S124,94.85,0.811,9.3,103.67
G2025054,2026-02-14,Warriors,S104,94.84,0.811,9.3,103.66
G2025054,2026-02-14,Warriors,S130,94.82,0.811,9.3,103.64
G2025054,2026-02-14,Warriors,S131,94.81,0.811,9.3,103.63
G2025054,2026-02-14,Warriors,S111,94.69,0.811,9.3,103.5
G2025054,2026-02-14,Warriors,S126,94.68,0.811,9.3,103.49
G2025054,2026-02-14,Warriors,S132,94.58,0.811,9.3,103.38
G2025054,2026-02-14,Warriors,S105,94.56,0.811,9.3,103.35
G2025054,2026-02-14,Warriors,S107,94.5,0.811,9.3,103.29
G2025054,2026-02-14,Warriors,S106,94.48,0.811,9.3,103.27
G2025054,2026-02-14,Warriors,S117,94.45,0.811,9.3,103.23
G2025054,2026-02-14,Warriors,S112,94.43,0.811,9.3,103.21
G2025055,2026-02-16,Spurs,S109,95.45,0.421,-2.4,93.16
G2025055,2026-02-16,Spurs,S134,95.42,0.421,-2.4,93.13
G2025055,2026-02-16,Spurs,S114,95.4,0.421,-2.4,93.11
G2025055,2026-02-16,Spurs,S133,95.36,0.421,-2.4,93.07
G2025055,2026-02-16,Spurs,S127,95.3,0.421,-2.4,93.01
G2025055,2026-02-16,Spurs,S115,95.25,0.421,-2.4,92.96
G2025055,2026-02-16,Spurs,S129,95.23,0.421,-2.4,92.94
G2025055,2026-02-16,Spurs,S118,95.19,0.421,-2.4,92.91
G2025055,2026-02-16,Spurs,S122,95.18,0.421,-2.4,92.9
G2025055,2026-02-16,Spurs,S103,95.18,0.421,-2.4,92.9
G2025055,2026-02-16,Spurs,S110,95.11,0.421,-2.4,92.83
G2025055,2026-02-16,Spurs,S108,95.08,0.421,-2.4,92.8
G2025055,2026-02-16,Spurs,S100,95.07,0.421,-2.4,92.79
G2025055,2026-02-16,Spurs,S101,95.05,0.421,-2.4,92.77
G2025055,2026-02-16,Spurs,S119,95.04,0.421,-2.4,92.76
G2025055,2026-02-16,Spurs,S125,94.99,0.421,-2.4,92.71
G2025055,2026-02-16,Spurs,S128,94.98,0.421,-2.4,92.7
G2025055,2026-02-16,Spurs,S123,94.97,0.421,-2.4,92.69
G2025055,2026-02-16,Spurs,S120,94.91,0.421,-2.4,92.63
G2025055,2026-02-16,Spurs,S121,94.9,0.421,-2.4,92.62
G2025055,2026-02-16,Spurs,S116,94.9,0.421,-2.4,92.62
G2025055,2026-02-16,Spurs,S113,94.87,0.421,-2.4,92.59
G2025055,2026-02-16,Spurs,S102,94.85,0.421,-2.4,92.57
G2025055,2026-02-16,Spurs,S124,94.85,0.421,-2.4,92.57
G2025055,2026-02-16,Spurs,S104,94.84,0.421,-2.4,92.56
G2025055,2026-02-16,Spurs,S130,94.82,0.421,-2.4,92.54
G2025055,2026-02-16,Spurs,S131,94.81,0.421,-2.4,92.53
G2025055,2026-02-16,Spurs,S111,94.69,0.421,-2.4,92.42
G2025055,2026-02-16,Spurs,S126,94.68,0.421,-2.4,92.41
G2025055,2026-02-16,Spurs,S132,94.58,0.421,-2.4,92.31
G2025055,2026-02-16,Spurs,S105,94.56,0.421,-2.4,92.29
G2025055,2026-02-16,Spurs,S107,94.5,0.421,-2.4,92.23
G2025055,2026-02-16,Spurs,S106,94.48,0.421,-2.4,92.21
G2025055,2026-02-16,Spurs,S117,94.45,0.421,-2.4,92.18
G2025055,2026-02-16,Spurs,S112,94.43,0.421,-2.4,92.16
G2025056,2026-02-17,Bulls,S109,95.45,0.39,-3.3,92.3
G2025056,2026-02-17,Bulls,S134,95.42,0.39,-3.3,92.27
G2025056,2026-02-17,Bulls,S114,95.4,0.39,-3.3,92.25
G2025056,2026-02-17,Bulls,S133,95.36,0.39,-3.3,92.21
G2025056,2026-02-17,Bulls,S127,95.3,0.39,-3.3,92.16
G2025056,2026-02-17,Bulls,S115,95.25,0.39,-3.3,92.11
G2025056,2026-02-17,Bulls,S129,95.23,0.39,-3.3,92.09
G2025056,2026-02-17,Bulls,S118,95.19,0.39,-3.3,92.05
G2025056,2026-02-17,Bulls,S122,95.18,0.39,-3.3,92.04
G2025056,2026-02-17,Bulls,S103,95.18,0.39,-3.3,92.04
G2025056,2026-02-17,Bulls,S110,95.11,0.39,-3.3,91.97
G2025056,2026-02-17,Bulls,S108,95.08,0.39,-3.3,91.94
G2025056,2026-02-17,Bulls,S100,95.07,0.39,-3.3,91.93
G2025056,2026-02-17,Bulls,S101,95.05,0.39,-3.3,91.91
G2025056,2026-02-17,Bulls,S119,95.04,0.39,-3.3,91.9
G2025056,2026-02-17,Bulls,S125,94.99,0.39,-3.3,91.86
G2025056,2026-02-17,Bulls,S128,94.98,0.39,-3.3,91.85
G2025056,2026-02-17,Bulls,S123,94.97,0.39,-3.3,91.84
G2025056,2026-02-17,Bulls,S120,94.91,0.39,-3.3,91.78
G2025056,2026-02-17,Bulls,S121,94.9,0.39,-3.3,91.77
G2025056,2026-02-17,Bulls,S116,94.9,0.39,-3.3,91.77
G2025056,2026-02-17,Bulls,S113,94.87,0.39,-3.3,91.74
G2025056,2026-02-17,Bulls,S102,94.85,0.39,-3.3,91.72
G2025056,2026-02-17,Bulls,S124,94.85,0.39,-3.3,91.72
G2025056,2026-02-17,Bulls,S104,94.84,0.39,-3.3,91.71
G2025056,2026-02-17,Bulls,S130,94.82,0.39,-3.3,91.69
G2025056,2026-02-17,Bulls,S131,94.81,0.39,-3.3,91.68
G2025056,2026-02-17,Bulls,S111,94.69,0.39,-3.3,91.57
G2025056,2026-02-17,Bulls,S126,94.68,0.39,-3.3,91.56
G2025056,2026-02-17,Bulls,S132,94.58,0.39,-3.3,91.46
G2025056,2026-02-17,Bulls,S105,94.56,0.39,-3.3,91.44
G2025056,2026-02-17,Bulls,S107,94.5,0.39,-3.3,91.38
G2025056,2026-02-17,Bulls,S106,94.48,0.39,-3.3,91.36
G2025056,2026-02-17,Bulls,S117,94.45,0.39,-3.3,91.33
G2025056,2026-02-17,Bulls,S112,94.43,0.39,-3.3,91.31
G2025057,2026-02-20,Lakers,S109,95.45,0.774,8.2,103.28
G2025057,2026-02-20,Lakers,S134,95.42,0.774,8.2,103.24
G2025057,2026-02-20,Lakers,S114,95.4,0.774,8.2,103.22
G2025057,2026-02-20,Lakers,S133,95.36,0.774,8.2,103.18
G2025057,2026-02-20,Lakers,S127,95.3,0.774,8.2,103.11
G2025057,2026-02-20,Lakers,S115,95.25,0.774,8.2,103.06
G2025057,2026-02-20,Lakers,S129,95.23,0.774,8.2,103.04
G2025057,2026-02-20,Lakers,S118,95.19,0.774,8.2,103.0
G2025057,2026-02-20,Lakers,S122,95.18,0.774,8.2,102.98
G2025057,2026-02-20,Lakers,S103,95.18,0.774,8.2,102.98
G2025057,2026-02-20,Lakers,S110,95.11,0.774,8.2,102.91
G2025057,2026-02-20,Lakers,S108,95.08,0.774,8.2,102.88
G2025057,2026-02-20,Lakers,S100,95.07,0.774,8.2,102.87
G2025057,2026-02-20,Lakers,S101,95.05,0.774,8.2,102.84
G2025057,2026-02-20,Lakers,S119,95.04,0.774,8.2,102.83
G2025057,2026-02-20,Lakers,S125,94.99,0.774,8.2,102.78
G2025057,2026-02-20,Lakers,S128,94.98,0.774,8.2,102.77
G2025057,2026-02-20,Lakers,S123,94.97,0.774,8.2,102.76
G2025057,2026-02-20,Lakers,S120,94.91,0.774,8.2,102.69
G2025057,2026-02-20,Lakers,S121,94.9,0.774,8.2,102.68
G2025057,2026-02-20,Lakers,S116,94.9,0.774,8.2,102.68
G2025057,2026-02-20,Lakers,S113,94.87,0.774,8.2,102.65
G2025057,2026-02-20,Lakers,S102,94.85,0.774,8.2,102.63
G2025057,2026-02-20,Lakers,S124,94.85,0.774,8.2,102.63
G2025057,2026-02-20,Lakers,S104,94.84,0.774,8.2,102.62
G2025057,2026-02-20,Lakers,S130,94.82,0.774,8.2,102.6
G2025057,2026-02-20,Lakers,S131,94.81,0.774,8.2,102.58
G2025057,2026-02-20,Lakers,S111,94.69,0.774,8.2,102.45
G2025057,2026-02-20,Lakers,S126,94.68,0.774,8.2,102.44
G2025057,2026-02-20,Lakers,S132,94.58,0.774,8.2,102.34
G2025057,2026-02-20,Lakers,S105,94.56,0.774,8.2,102.31
G2025057,2026-02-20,Lakers,S107,94.5,0.774,8.2,102.25
G2025057,2026-02-20,Lakers,S106,94.48,0.774,8.2,102.23
G2025057,2026-02-20,Lakers,S117,94.45,0.774,8.2,102.19
G2025057,2026-02-20,Lakers,S112,94.43,0.774,8.2,102.17
G2025058,2026-02-24,Suns,S109,95.45,0.39,-3.3,92.3
G2025058,2026-02-24,Suns,S134,95.42,0.39,-3.3,92.27
G2025058,2026-02-24,Suns,S114,95.4,0.39,-3.3,92.25
G2025058,2026-02-24,Suns,S133,95.36,0.39,-3.3,92.21
G2025058,2026-02-24,Suns,S127,95.3,0.39,-3.3,92.16
G2025058,2026-02-24,Suns,S115,95.25,0.39,-3.3,92.11
G2025058,2026-02-24,Suns,S129,95.23,0.39,-3.3,92.09
G2025058,2026-02-24,Suns,S118,95.19,0.39,-3.3,92.05
G2025058,2026-02-24,Suns,S122,95.18,0.39,-3.3,92.04
G2025058,2026-02-24,Suns,S103,95.18,0.39,-3.3,92.04
G2025058,2026-02-24,Suns,S110,95.11,0.39,-3.3,91.97
G2025058,2026-02-24,Suns,S108,95.08,0.39,-3.3,91.94
G2025058,2026-02-24,Suns,S100,95.07,0.39,-3.3,91.93
G2025058,2026-02-24,Suns,S101,95.05,0.39,-3.3,91.91
G2025058,2026-02-24,Suns,S119,95.04,0.39,-3.3,91.9
G2025058,2026-02-24,Suns,S125,94.99,0.39,-3.3,91.86
G2025058,2026-02-24,Suns,S128,94.98,0.39,-3.3,91.85
G2025058,2026-02-24,Suns,S123,94.97,0.39,-3.3,91.84
G2025058,2026-02-24,Suns,S120,94.91,0.39,-3.3,91.78
G2025058,2026-02-24,Suns,S121,94.9,0.39,-3.3,91.77
G2025058,2026-02-24,Suns,S116,94.9,0.39,-3.3,91.77
G2025058,2026-02-24,Suns,S113,94.87,0.39,-3.3,91.74
G2025058,2026-02-24,Suns,S102,94.85,0.39,-3.3,91.72
G2025058,2026-02-24,Suns,S124,94.85,0.39,-3.3,91.72
G2025058,2026-02-24,Suns,S104,94.84,0.39,-3.3,91.71
G2025058,2026-02-24,Suns,S130,94.82,0.39,-3.3,91.69
G2025058,2026-02-24,Suns,S131,94.81,0.39,-3.3,91.68
G2025058,2026-02-24,Suns,S111,94.69,0.39,-3.3,91.57
G2025058,2026-02-24,Suns,S126,94.68,0.39,-3.3,91.56
G2025058,2026-02-24,Suns,S132,94.58,0.39,-3.3,91.46
G2025058,2026-02-24,Suns,S105,94.56,0.39,-3.3,91.44
G2025058,2026-02-24,Suns,S107,94.5,0.39,-3.3,91.38
G2025058,2026-02-24,Suns,S106,94.48,0.39,-3.3,91.36
G2025058,2026-02-24,Suns,S117,94.45,0.39,-3.3,91.33
G2025058,2026-02-24,Suns,S112,94.43,0.39,-3.3,91.31
G2025059,2026-02-25,Blazers,S109,95.45,0.122,-11.3,84.66
G2025059,2026-02-25,Blazers,S134,95.42,0.122,-11.3,84.64
G2025059,2026-02-25,Blazers,S114,95.4,0.122,-11.3,84.62
G2025059,2026-02-25,Blazers,S133,95.36,0.122,-11.3,84.58
G2025059,2026-02-25,Blazers,S127,95.3,0.122,-11.3,84.53
G2025059,2026-02-25,Blazers,S115,95.25,0.122,-11.3,84.49
G2025059,2026-02-25,Blazers,S129,95.23,0.122,-11.3,84.47
G2025059,2026-02-25,Blazers,S118,95.19,0.122,-11.3,84.43
G2025059,2026-02-25,Blazers,S122,95.18,0.122,-11.3,84.42
G2025059,2026-02-25,Blazers,S103,95.18,0.122,-11.3,84.42
G2025059,2026-02-25,Blazers,S110,95.11,0.122,-11.3,84.36
G2025059,2026-02-25,Blazers,S108,95.08,0.122,-11.3,84.34
G2025059,2026-02-25,Blazers,S100,95.07,0.122,-11.3,84.33
G2025059,2026-02-25,Blazers,S101,95.05,0.122,-11.3,84.31
G2025059,2026-02-25,Blazers,S119,95.04,0.122,-11.3,84.3
G2025059,2026-02-25,Blazers,S125,94.99,0.122,-11.3,84.26
G2025059,2026-02-25,Blazers,S128,94.98,0.122,-11.3,84.25
G2025059,2026-02-25,Blazers,S123,94.97,0.122,-11.3,84.24
G2025059,2026-02-25,Blazers,S120,94.91,0.122,-11.3,84.19
G2025059,2026-02-25,Blazers,S121,94.9,0.122,-11.3,84.18
G2025059,2026-02-25,Blazers,S116,94.9,0.122,-11.3,84.18
G2025059,2026-02-25,Blazers,S113,94.87,0.122,-11.3,84.15
G2025059,2026-02-25,Blazers,S102,94.85,0.122,-11.3,84.13
G2025059,2026-02-25,Blazers,S124,94.85,0.122,-11.3,84.13
G2025059,2026-02-25,Blazers,S104,94.84,0.122,-11.3,84.12
G2025059,2026-02-25,Blazers,S130,94.82,0.122,-11.3,84.11
G2025059,2026-02-25,Blazers,S131,94.81,0.122,-11.3,84.1
G2025059,2026-02-25,Blazers,S111,94.69,0.122,-11.3,83.99
G2025059,2026-02-25,Blazers,S126,94.68,0.122,-11.3,83.98
G2025059,2026-02-25,Blazers,S132,94.58,0.122,-11.3,83.89
G2025059,2026-02-25,Blazers,S105,94.56,0.122,-11.3,83.87
G2025059,2026-02-25,Blazers,S107,94.5,0.122,-11.3,83.82
G2025059,2026-02-25,Blazers,S106,94.48,0.122,-11.3,83.8
G2025059,2026-02-25,Blazers,S117,94.45,0.122,-11.3,83.78
G2025059,2026-02-25,Blazers,S112,94.43,0.122,-11.3,83.76
G2025060,2026-02-26,Bulls,S109,95.45,0.183,-9.5,86.38
G2025060,2026-02-26,Bulls,S134,95.42,0.183,-9.5,86.36
G2025060,2026-02-26,Bulls,S114,95.4,0.183,-9.5,86.34
G2025060,2026-02-26,Bulls,S133,95.36,0.183,-9.5,86.3
G2025060,2026-02-26,Bulls,S127,95.3,0.183,-9.5,86.25
G2025060,2026-02-26,Bulls,S115,95.25,0.183,-9.5,86.2
G2025060,2026-02-26,Bulls,S129,95.23,0.183,-9.5,86.18
G2025060,2026-02-26,Bulls,S118,95.19,0.183,-9.5,86.15
G2025060,2026-02-26,Bulls,S122,95.18,0.183,-9.5,86.14
G2025060,2026-02-26,Bulls,S103,95.18,0.183,-9.5,86.14
G2025060,2026-02-26,Bulls,S110,95.11,0.183,-9.5,86.07
G2025060,2026-02-26,Bulls,S108,95.08,0.183,-9.5,86.05
G2025060,2026-02-26,Bulls,S100,95.07,0.183,-9.5,86.04
G2025060,2026-02-26,Bulls,S101,95.05,0.183,-9.5,86.02
G2025060,2026-02-26,Bulls,S119,95.04,0.183,-9.5,86.01
G2025060,2026-02-26,Bulls,S125,94.99,0.183,-9.5,85.97
G2025060,2026-02-26,Bulls,S128,94.98,0.183,-9.5,85.96
G2025060,2026-02-26,Bulls,S123,94.97,0.183,-9.5,85.95
G2025060,2026-02-26,Bulls,S120,94.91,0.183,-9.5,85.89
G2025060,2026-02-26,Bulls,S121,94.9,0.183,-9.5,85.88
G2025060,2026-02-26,Bulls,S116,94.9,0.183,-9.5,85.88
G2025060,2026-02-26,Bulls,S113,94.87,0.183,-9.5,85.86
G2025060,2026-02-26,Bulls,S102,94.85,0.183,-9.5,85.84
G2025060,2026-02-26,Bulls,S124,94.85,0.183,-9.5,85.84
G2025060,2026-02-26,Bulls,S104,94.84,0.183,-9.5,85.83
G2025060,2026-02-26,Bulls,S130,94.82,0.183,-9.5,85.81
G2025060,2026-02-26,Bulls,S131,94.81,0.183,-9.5,85.8
G2025060,2026-02-26,Bulls,S111,94.69,0.183,-9.5,85.69
G2025060,2026-02-26,Bulls,S126,94.68,0.183,-9.5,85.69
G2025060,2026-02-26,Bulls,S132,94.58,0.183,-9.5,85.59
G2025060,2026-02-26,Bulls,S105,94.56,0.183,-9.5,85.58
G2025060,2026-02-26,Bulls,S107,94.5,0.183,-9.5,85.52
G2025060,2026-02-26,Bulls,S106,94.48,0.183,-9.5,85.5
G2025060,2026-02-26,Bulls,S117,94.45,0.183,-9.5,85.48
G2025060,2026-02-26,Bulls,S112,94.43,0.183,-9.5,85.46
G2025061,2026-02-27,Heat,S109,95.45,0.774,8.2,103.28
G2025061,2026-02-27,Heat,S134,95.42,0.774,8.2,103.24
G2025061,2026-02-27,Heat,S114,95.4,0.774,8.2,103.22
G2025061,2026-02-27,Heat,S133,95.36,0.774,8.2,103.18
G2025061,2026-02-27,Heat,S127,95.3,0.774,8.2,103.11
G2025061,2026-02-27,Heat,S115,95.25,0.774,8.2,103.06
G2025061,2026-02-27,Heat,S129,95.23,0.774,8.2,103.04
G2025061,2026-02-27,Heat,S118,95.19,0.774,8.2,103.0
G2025061,2026-02-27,Heat,S122,95.18,0.774,8.2,102.98
G2025061,2026-02-27,Heat,S103,95.18,0.774,8.2,102.98
G2025061,2026-02-27,Heat,S110,95.11,0.774,8.2,102.91
G2025061,2026-02-27,Heat,S108,95.08,0.774,8.2,102.88
G2025061,2026-02-27,Heat,S100,95.07,0.774,8.2,102.87
G2025061,2026-02-27,Heat,S101,95.05,0.774,8.2,102.84
G2025061,2026-02-27,Heat,S119,95.04,0.774,8.2,102.83
G2025061,2026-02-27,Heat,S125,94.99,0.774,8.2,102.78
G2025061,2026-02-27,Heat,S128,94.98,0.774,8.2,102.77
G2025061,2026-02-27,Heat,S123,94.97,0.774,8.2,102.76
G2025061,2026-02-27,Heat,S120,94.91,0.774,8.2,102.69
G2025061,2026-02-27,Heat,S121,94.9,0.774,8.2,102.68
G2025061,2026-02-27,Heat,S116,94.9,0.774,8.2,102.68
G2025061,2026-02-27,Heat,S113,94.87,0.774,8.2,102.65
G2025061,2026-02-27,Heat,S102,94.85,0.774,8.2,102.63
G2025061,2026-02-27,Heat,S124,94.85,0.774,8.2,102.63
G2025061,2026-02-27,Heat,S104,94.84,0.774,8.2,102.62
G2025061,2026-02-27,Heat,S130,94.82,0.774,8.2,102.6
G2025061,2026-02-27,Heat,S131,94.81,0.774,8.2,102.58
G2025061,2026-02-27,Heat,S111,94.69,0.774,8.2,102.45
G2025061,2026-02-27,Heat,S126,94.68,0.774,8.2,102.44
G2025061,2026-02-27,Heat,S132,94.58,0.774,8.2,102.34
G2025061,2026-02-27,Heat,S105,94.56,0.774,8.2,102.31
G2025061,2026-02-27,Heat,S107,94.5,0.774,8.2,102.25
G2025061,2026-02-27,Heat,S106,94.48,0.774,8.2,102.23
G2025061,2026-02-27,Heat,S117,94.45,0.774,8.2,102.19
G2025061,2026-02-27,Heat,S112,94.43,0.774,8.2,102.17
G2025062,2026-02-28,Suns,S109,95.45,0.811,9.3,104.33
G2025062,2026-02-28,Suns,S134,95.42,0.811,9.3,104.29
G2025062,2026-02-28,Suns,S114,95.4,0.811,9.3,104.27
G2025062,2026-02-28,Suns,S133,95.36,0.811,9.3,104.23
G2025062,2026-02-28,Suns,S127,95.3,0.811,9.3,104.16
G2025062,2026-02-28,Suns,S115,95.25,0.811,9.3,104.11
G2025062,2026-02-28,Suns,S129,95.23,0.811,9.3,104.09
G2025062,2026-02-28,Suns,S118,95.19,0.811,9.3,104.04
G2025062,2026-02-28,Suns,S122,95.18,0.811,9.3,104.03
G2025062,2026-02-28,Suns,S103,95.18,0.811,9.3,104.03
G2025062,2026-02-28,Suns,S110,95.11,0.811,9.3,103.96
G2025062,2026-02-28,Suns,S108,95.08,0.811,9.3,103.92
G2025062,2026-02-28,Suns,S100,95.07,0.811,9.3,103.91
G2025062,2026-02-28,Suns,S101,95.05,0.811,9.3,103.89
G2025062,2026-02-28,Suns,S119,95.04,0.811,9.3,103.88
G2025062,2026-02-28,Suns,S125,94.99,0.811,9.3,103.82
G2025062,2026-02-28,Suns,S128,94.98,0.811,9.3,103.81
G2025062,2026-02-28,Suns,S123,94.97,0.811,9.3,103.8
G2025062,2026-02-28,Suns,S120,94.91,0.811,9.3,103.74
G2025062,2026-02-28,Suns,S121,94.9,0.811,9.3,103.73
G2025062,2026-02-28,Suns,S116,94.9,0.811,9.3,103.73
G2025062,2026-02-28,Suns,S113,94.87,0.811,9.3,103.69
G2025062,2026-02-28,Suns,S102,94.85,0.811,9.3,103.67
G2025062,2026-02-28,Suns,S124,94.85,0.811,9.3,103.67
G2025062,2026-02-28,Suns,S104,94.84,0.811,9.3,103.66
G2025062,2026-02-28,Suns,S130,94.82,0.811,9.3,103.64
G2025062,2026-02-28,Suns,S131,94.81,0.811,9.3,103.63
G2025062,2026-02-28,Suns,S111,94.69,0.811,9.3,103.5
G2025062,2026-02-28,Suns,S126,94.68,0.811,9.3,103.49
G2025062,2026-02-28,Suns,S132,94.58,0.811,9.3,103.38
G2025062,2026-02-28,Suns,S105,94.56,0.811,9.3,103.35
G2025062,2026-02-28,Suns,S107,94.5,0.811,9.3,103.29
G2025062,2026-02-28,Suns,S106,94.48,0.811,9.3,103.27
G2025062,2026-02-28,Suns,S117,94.45,0.811,9.3,103.23
G2025062,2026-02-28,Suns,S112,94.43,0.811,9.3,103.21
G2025063,2026-03-03,Clippers,S109,95.45,0.451,-1.5,94.02
G2025063,2026-03-03,Clippers,S134,95.42,0.451,-1.5,93.99
G2025063,2026-03-03,Clippers,S114,95.4,0.451,-1.5,93.97
G2025063,2026-03-03,Clippers,S133,95.36,0.451,-1.5,93.93
G2025063,2026-03-03,Clippers,S127,95.3,0.451,-1.5,93.87
G2025063,2026-03-03,Clippers,S115,95.25,0.451,-1.5,93.82
G2025063,2026-03-03,Clippers,S129,95.23,0.451,-1.5,93.8
G2025063,2026-03-03,Clippers,S118,95.19,0.451,-1.5,93.76
G2025063,2026-03-03,Clippers,S122,95.18,0.451,-1.5,93.75
G2025063,2026-03-03,Clippers,S103,95.18,0.451,-1.5,93.75
G2025063,2026-03-03,Clippers,S110,95.11,0.451,-1.5,93.68
G2025063,2026-03-03,Clippers,S108,95.08,0.451,-1.5,93.65
G2025063,2026-03-03,Clippers,S100,95.07,0.451,-1.5,93.64
G2025063,2026-03-03,Clippers,S101,95.05,0.451,-1.5,93.62
G2025063,2026-03-03,Clippers,S119,95.04,0.451,-1.5,93.61
G2025063,2026-03-03,Clippers,S125,94.99,0.451,-1.5,93.57
G2025063,2026-03-03,Clippers,S128,94.98,0.451,-1.5,93.56
G2025063,2026-03-03,Clippers,S123,94.97,0.451,-1.5,93.55
G2025063,2026-03-03,Clippers,S120,94.91,0.451,-1.5,93.49
G2025063,2026-03-03,Clippers,S121,94.9,0.451,-1.5,93.48
G2025063,2026-03-03,Clippers,S116,94.9,0.451,-1.5,93.48
G2025063,2026-03-03,Clippers,S113,94.87,0.451,-1.5,93.45
G2025063,2026-03-03,Clippers,S102,94.85,0.451,-1.5,93.43
G2025063,2026-03-03,Clippers,S124,94.85,0.451,-1.5,93.43
G2025063,2026-03-03,Clippers,S104,94.84,0.451,-1.5,93.42
G2025063,2026-03-03,Clippers,S130,94.82,0.451,-1.5,93.4
G2025063,2026-03-03,Clippers,S131,94.81,0.451,-1.5,93.39
G2025063,2026-03-03,Clippers,S111,94.69,0.451,-1.5,93.27
G2025063,2026-03-03,Clippers,S126,94.68,0.451,-1.5,93.26
G2025063,2026-03-03,Clippers,S132,94.58,0.451,-1.5,93.16
G2025063,2026-03-03,Clippers,S105,94.56,0.451,-1.5,93.14
G2025063,2026-03-03,Clippers,S107,94.5,0.451,-1.5,93.08
G2025063,2026-03-03,Clippers,S106,94.48,0.451,-1.5,93.06
G2025063,2026-03-03,Clippers,S117,94.45,0.451,-1.5,93.03
G2025063,2026-03-03,Clippers,S112,94.43,0.451,-1.5,93.01
G2025064,2026-03-06,Thunder,S109,95.45,0.848,10.4,105.38
G2025064,2026-03-06,Thunder,S134,95.42,0.848,10.4,105.34
G2025064,2026-03-06,Thunder,S114,95.4,0.848,10.4,105.32
G2025064,2026-03-06,Thunder,S133,95.36,0.848,10.4,105.28
G2025064,2026-03-06,Thunder,S127,95.3,0.848,10.4,105.21
G2025064,2026-03-06,Thunder,S115,95.25,0.848,10.4,105.16
G2025064,2026-03-06,Thunder,S129,95.23,0.848,10.4,105.13
G2025064,2026-03-06,Thunder,S118,95.19,0.848,10.4,105.09
G2025064,2026-03-06,Thunder,S122,95.18,0.848,10.4,105.08
G2025064,2026-03-06,Thunder,S103,95.18,0.848,10.4,105.08
G2025064,2026-03-06,Thunder,S110,95.11,0.848,10.4,105.0
G2025064,2026-03-06,Thunder,S108,95.08,0.848,10.4,104.97
G2025064,2026-03-06,Thunder,S100,95.07,0.848,10.4,104.96
G2025064,2026-03-06,Thunder,S101,95.05,0.848,10.4,104.94
G2025064,2026-03-06,Thunder,S119,95.04,0.848,10.4,104.92
G2025064,2026-03-06,Thunder,S125,94.99,0.848,10.4,104.87
G2025064,2026-03-06,Thunder,S128,94.98,0.848,10.4,104.86
G2025064,2026-03-06,Thunder,S123,94.97,0.848,10.4,104.85
G2025064,2026-03-06,Thunder,S120,94.91,0.848,10.4,104.78
G2025064,2026-03-06,Thunder,S121,94.9,0.848,10.4,104.77
G2025064,2026-03-06,Thunder,S116,94.9,0.848,10.4,104.77
G2025064,2026-03-06,Thunder,S113,94.87,0.848,10.4,104.74
G2025064,2026-03-06,Thunder,S102,94.85,0.848,10.4,104.71
G2025064,2026-03-06,Thunder,S124,94.85,0.848,10.4,104.71
G2025064,2026-03-06,Thunder,S104,94.84,0.848,10.4,104.7
G2025064,2026-03-06,Thunder,S130,94.82,0.848,10.4,104.68
G2025064,2026-03-06,Thunder,S131,94.81,0.848,10.4,104.67
G2025064,2026-03-06,Thunder,S111,94.69,0.848,10.4,104.54
G2025064,2026-03-06,Thunder,S126,94.68,0.848,10.4,104.53
G2025064,2026-03-06,Thunder,S132,94.58,0.848,10.4,104.42
G2025064,2026-03-06,Thunder,S105,94.56,0.848,10.4,104.39
G2025064,2026-03-06,Thunder,S107,94.5,0.848,10.4,104.33
G2025064,2026-03-06,Thunder,S106,94.48,0.848,10.4,104.31
G2025064,2026-03-06,Thunder,S117,94.45,0.848,10.4,104.27
G2025064,2026-03-06,Thunder,S112,94.43,0.848,10.4,104.25
G2025065,2026-03-11,Warriors,S109,95.45,0.152,-10.4,85.52
G2025065,2026-03-11,Warriors,S134,95.42,0.152,-10.4,85.5
G2025065,2026-03-11,Warriors,S114,95.4,0.152,-10.4,85.48
G2025065,2026-03-11,Warriors,S133,95.36,0.152,-10.4,85.44
G2025065,2026-03-11,Warriors,S127,95.3,0.152,-10.4,85.39
G2025065,2026-03-11,Warriors,S115,95.25,0.152,-10.4,85.34
G2025065,2026-03-11,Warriors,S129,95.23,0.152,-10.4,85.33
G2025065,2026-03-11,Warriors,S118,95.19,0.152,-10.4,85.29
G2025065,2026-03-11,Warriors,S122,95.18,0.152,-10.4,85.28
G2025065,2026-03-11,Warriors,S103,95.18,0.152,-10.4,85.28
G2025065,2026-03-11,Warriors,S110,95.11,0.152,-10.4,85.22
G2025065,2026-03-11,Warriors,S108,95.08,0.152,-10.4,85.19
G2025065,2026-03-11,Warriors,S100,95.07,0.152,-10.4,85.18
G2025065,2026-03-11,Warriors,S101,95.05,0.152,-10.4,85.16
G2025065,2026-03-11,Warriors,S119,95.04,0.152,-10.4,85.16
G2025065,2026-03-11,Warriors,S125,94.99,0.152,-10.4,85.11
G2025065,2026-03-11,Warriors,S128,94.98,0.152,-10.4,85.1
G2025065,2026-03-11,Warriors,S123,94.97,0.152,-10.4,85.09
G2025065,2026-03-11,Warriors,S120,94.91,0.152,-10.4,85.04
G2025065,2026-03-11,Warriors,S121,94.9,0.152,-10.4,85.03
G2025065,2026-03-11,Warriors,S116,94.9,0.152,-10.4,85.03
G2025065,2026-03-11,Warriors,S113,94.87,0.152,-10.4,85.0
G2025065,2026-03-11,Warriors,S102,94.85,0.152,-10.4,84.99
G2025065,2026-03-11,Warriors,S124,94.85,0.152,-10.4,84.99
G2025065,2026-03-11,Warriors,S104,94.84,0.152,-10.4,84.98
G2025065,2026-03-11,Warriors,S130,94.82,0.152,-10.4,84.96
G2025065,2026-03-11,Warriors,S131,94.81,0.152,-10.4,84.95
G2025065,2026-03-11,Warriors,S111,94.69,0.152,-10.4,84.84
G2025065,2026-03-11,Warriors,S126,94.68,0.152,-10.4,84.83
G2025065,2026-03-11,Warriors,S132,94.58,0.152,-10.4,84.74
G2025065,2026-03-11,Warriors,S105,94.56,0.152,-10.4,84.73
G2025065,2026-03-11,Warriors,S107,94.5,0.152,-10.4,84.67
G2025065,2026-03-11,Warriors,S106,94.48,0.152,-10.4,84.65
G2025065,2026-03-11,Warriors,S117,94.45,0.152,-10.4,84.63
G2025065,2026-03-11,Warriors,S112,94.43,0.152,-10.4,84.61
G2025066,2026-03-12,Bulls,S109,95.45,0.213,-8.6,87.24
G2025066,2026-03-12,Bulls,S134,95.42,0.213,-8.6,87.21
G2025066,2026-03-12,Bulls,S114,95.4,0.213,-8.6,87.2
G2025066,2026-03-12,Bulls,S133,95.36,0.213,-8.6,87.16
G2025066,2026-03-12,Bulls,S127,95.3,0.213,-8.6,87.1
G2025066,2026-03-12,Bulls,S115,95.25,0.213,-8.6,87.06
G2025066,2026-03-12,Bulls,S129,95.23,0.213,-8.6,87.04
G2025066,2026-03-12,Bulls,S118,95.19,0.213,-8.6,87.0
G2025066,2026-03-12,Bulls,S122,95.18,0.213,-8.6,86.99
G2025066,2026-03-12,Bulls,S103,95.18,0.213,-8.6,86.99
G2025066,2026-03-12,Bulls,S110,95.11,0.213,-8.6,86.93
G2025066,2026-03-12,Bulls,S108,95.08,0.213,-8.6,86.9
G2025066,2026-03-12,Bulls,S100,95.07,0.213,-8.6,86.89
G2025066,2026-03-12,Bulls,S101,95.05,0.213,-8.6,86.88
G2025066,2026-03-12,Bulls,S119,95.04,0.213,-8.6,86.87
G2025066,2026-03-12,Bulls,S125,94.99,0.213,-8.6,86.82
G2025066,2026-03-12,Bulls,S128,94.98,0.213,-8.6,86.81
G2025066,2026-03-12,Bulls,S123,94.97,0.213,-8.6,86.8
G2025066,2026-03-12,Bulls,S120,94.91,0.213,-8.6,86.75
G2025066,2026-03-12,Bulls,S121,94.9,0.213,-8.6,86.74
G2025066,2026-03-12,Bulls,S116,94.9,0.213,-8.6,86.74
G2025066,2026-03-12,Bulls,S113,94.87,0.213,-8.6,86.71
G2025066,2026-03-12,Bulls,S102,94.85,0.213,-8.6,86.69
G2025066,2026-03-12,Bulls,S124,94.85,0.213,-8.6,86.69
G2025066,2026-03-12,Bulls,S104,94.84,0.213,-8.6,86.68
G2025066,2026-03-12,Bulls,S130,94.82,0.213,-8.6,86.67
G2025066,2026-03-12,Bulls,S131,94.81,0.213,-8.6,86.66
G2025066,2026-03-12,Bulls,S111,94.69,0.213,-8.6,86.55
G2025066,2026-03-12,Bulls,S126,94.68,0.213,-8.6,86.54
G2025066,2026-03-12,Bulls,S132,94.58,0.213,-8.6,86.45
G2025066,2026-03-12,Bulls,S105,94.56,0.213,-8.6,86.43
G2025066,2026-03-12,Bulls,S107,94.5,0.213,-8.6,86.37
G2025066,2026-03-12,Bulls,S106,94.48,0.213,-8.6,86.35
G2025066,2026-03-12,Bulls,S117,94.45,0.213,-8.6,86.33
G2025066,2026-03-12,Bulls,S112,94.43,0.213,-8.6,86.31
G2025067,2026-03-13,Pacers,S109,95.45,0.848,10.4,105.38
G2025067,2026-03-13,Pacers,S134,95.42,0.848,10.4,105.34
G2025067,2026-03-13,Pacers,S114,95.4,0.848,10.4,105.32
G2025067,2026-03-13,Pacers,S133,95.36,0.848,10.4,105.28
G2025067,2026-03-13,Pacers,S127,95.3,0.848,10.4,105.21
G2025067,2026-03-13,Pacers,S115,95.25,0.848,10.4,105.16
G2025067,2026-03-13,Pacers,S129,95.23,0.848,10.4,105.13
G2025067,2026-03-13,Pacers,S118,95.19,0.848,10.4,105.09
G2025067,2026-03-13,Pacers,S122,95.18,0.848,10.4,105.08
G2025067,2026-03-13,Pacers,S103,95.18,0.848,10.4,105.08
G2025067,2026-03-13,Pacers,S110,95.11,0.848,10.4,105.0
G2025067,2026-03-13,Pacers,S108,95.08,0.848,10.4,104.97
G2025067,2026-03-13,Pacers,S100,95.07,0.848,10.4,104.96
G2025067,2026-03-13,Pacers,S101,95.05,0.848,10.4,104.94
G2025067,2026-03-13,Pacers,S119,95.04,0.848,10.4,104.92
G2025067,2026-03-13,Pacers,S125,94.99,0.848,10.4,104.87
G2025067,2026-03-13,Pacers,S128,94.98,0.848,10.4,104.86
G2025067,2026-03-13,Pacers,S123,94.97,0.848,10.4,104.85
G2025067,2026-03-13,Pacers,S120,94.91,0.848,10.4,104.78
G2025067,2026-03-13,Pacers,S121,94.9,0.848,10.4,104.77
G2025067,2026-03-13,Pacers,S116,94.9,0.848,10.4,104.77
G2025067,2026-03-13,Pacers,S113,94.87,0.848,10.4,104.74
G2025067,2026-03-13,Pacers,S102,94.85,0.848,10.4,104.71
G2025067,2026-03-13,Pacers,S124,94.85,0.848,10.4,104.71
G2025067,2026-03-13,Pacers,S104,94.84,0.848,10.4,104.7
G2025067,2026-03-13,Pacers,S130,94.82,0.848,10.4,104.68
G2025067,2026-03-13,Pacers,S131,94.81,0.848,10.4,104.67
G2025067,2026-03-13,Pacers,S111,94.69,0.848,10.4,104.54
G2025067,2026-03-13,Pacers,S126,94.68,0.848,10.4,104.53
G2025067,2026-03-13,Pacers,S132,94.58,0.848,10.4,104.42
G2025067,2026-03-13,Pacers,S105,94.56,0.848,10.4,104.39
G2025067,2026-03-13,Pacers,S107,94.5,0.848,10.4,104.33
G2025067,2026-03-13,Pacers,S106,94.48,0.848,10.4,104.31
G2025067,2026-03-13,Pacers,S117,94.45,0.848,10.4,104.27
G2025067,2026-03-13,Pacers,S112,94.43,0.848,10.4,104.25
G2025068,2026-03-15,Mavericks,S109,95.45,0.884,11.5,106.43
G2025068,2026-03-15,Mavericks,S134,95.42,0.884,11.5,106.39
G2025068,2026-03-15,Mavericks,S114,95.4,0.884,11.5,106.37
G2025068,2026-03-15,Mavericks,S133,95.36,0.884,11.5,106.33
G2025068,2026-03-15,Mavericks,S127,95.3,0.884,11.5,106.26
G2025068,2026-03-15,Mavericks,S115,95.25,0.884,11.5,106.2
G2025068,2026-03-15,Mavericks,S129,95.23,0.884,11.5,106.18
G2025068,2026-03-15,Mavericks,S118,95.19,0.884,11.5,106.14
G2025068,2026-03-15,Mavericks,S122,95.18,0.884,11.5,106.13
G2025068,2026-03-15,Mavericks,S103,95.18,0.884,11.5,106.13
G2025068,2026-03-15,Mavericks,S110,95.11,0.884,11.5,106.05
G2025068,2026-03-15,Mavericks,S108,95.08,0.884,11.5,106.01
G2025068,2026-03-15,Mavericks,S100,95.07,0.884,11.5,106.0
G2025068,2026-03-15,Mavericks,S101,95.05,0.884,11.5,105.98
G2025068,2026-03-15,Mavericks,S119,95.04,0.884,11.5,105.97
G2025068,2026-03-15,Mavericks,S125,94.99,0.884,11.5,105.91
G2025068,2026-03-15,Mavericks,S128,94.98,0.884,11.5,105.9
G2025068,2026-03-15,Mavericks,S123,94.97,0.884,11.5,105.89
G2025068,2026-03-15,Mavericks,S120,94.91,0.884,11.5,105.82
G2025068,2026-03-15,Mavericks,S121,94.9,0.884,11.5,105.81
G2025068,2026-03-15,Mavericks,S116,94.9,0.884,11.5,105.81
G2025068,2026-03-15,Mavericks,S113,94.87,0.884,11.5,105.78
G2025068,2026-03-15,Mavericks,S102,94.85,0.884,11.5,105.76
G2025068,2026-03-15,Mavericks,S124,94.85,0.884,11.5,105.76
G2025068,2026-03-15,Mavericks,S104,94.84,0.884,11.5,105.75
G2025068,2026-03-15,Mavericks,S130,94.82,0.884,11.5,105.72
G2025068,2026-03-15,Mavericks,S131,94.81,0.884,11.5,105.71
G2025068,2026-03-15,Mavericks,S111,94.69,0.884,11.5,105.58
G2025068,2026-03-15,Mavericks,S126,94.68,0.884,11.5,105.57
G2025068,2026-03-15,Mavericks,S132,94.58,0.884,11.5,105.46
G2025068,2026-03-15,Mavericks,S105,94.56,0.884,11.5,105.43
G2025068,2026-03-15,Mavericks,S107,94.5,0.884,11.5,105.37
G2025068,2026-03-15,Mavericks,S106,94.48,0.884,11.5,105.35
G2025068,2026-03-15,Mavericks,S117,94.45,0.884,11.5,105.31
G2025068,2026-03-15,Mavericks,S112,94.43,0.884,11.5,105.29
G2025069,2026-03-18,Raptors,S109,95.45,0.152,-10.4,85.52
G2025069,2026-03-18,Raptors,S134,95.42,0.152,-10.4,85.5
G2025069,2026-03-18,Raptors,S114,95.4,0.152,-10.4,85.48
G2025069,2026-03-18,Raptors,S133,95.36,0.152,-10.4,85.44
G2025069,2026-03-18,Raptors,S127,95.3,0.152,-10.4,85.39
G2025069,2026-03-18,Raptors,S115,95.25,0.152,-10.4,85.34
G2025069,2026-03-18,Raptors,S129,95.23,0.152,-10.4,85.33
G2025069,2026-03-18,Raptors,S118,95.19,0.152,-10.4,85.29
G2025069,2026-03-18,Raptors,S122,95.18,0.152,-10.4,85.28
G2025069,2026-03-18,Raptors,S103,95.18,0.152,-10.4,85.28
G2025069,2026-03-18,Raptors,S110,95.11,0.152,-10.4,85.22
G2025069,2026-03-18,Raptors,S108,95.08,0.152,-10.4,85.19
G2025069,2026-03-18,Raptors,S100,95.07,0.152,-10.4,85.18
G2025069,2026-03-18,Raptors,S101,95.05,0.152,-10.4,85.16
G2025069,2026-03-18,Raptors,S119,95.04,0.152,-10.4,85.16
G2025069,2026-03-18,Raptors,S125,94.99,0.152,-10.4,85.11
G2025069,2026-03-18,Raptors,S128,94.98,0.152,-10.4,85.1
G2025069,2026-03-18,Raptors,S123,94.97,0.152,-10.4,85.09
G2025069,2026-03-18,Raptors,S120,94.91,0.152,-10.4,85.04
G2025069,2026-03-18,Raptors,S121,94.9,0.152,-10.4,85.03
G2025069,2026-03-18,Raptors,S116,94.9,0.152,-10.4,85.03
G2025069,2026-03-18,Raptors,S113,94.87,0.152,-10.4,85.0
G2025069,2026-03-18,Raptors,S102,94.85,0.152,-10.4,84.99
G2025069,2026-03-18,Raptors,S124,94.85,0.152,-10.4,84.99
G2025069,2026-03-18,Raptors,S104,94.84,0.152,-10.4,84.98
G2025069,2026-03-18,Raptors,S130,94.82,0.152,-10.4,84.96
G2025069,2026-03-18,Raptors,S131,94.81,0.152,-10.4,84.95
G2025069,2026-03-18,Raptors,S111,94.69,0.152,-10.4,84.84
G2025069,2026-03-18,Raptors,S126,94.68,0.152,-10.4,84.83
G2025069,2026-03-18,Raptors,S132,94.58,0.152,-10.4,84.74
G2025069,2026-03-18,Raptors,S105,94.56,0.152,-10.4,84.73
G2025069,2026-03-18,Raptors,S107,94.5,0.152,-10.4,84.67
G2025069,2026-03-18,Raptors,S106,94.48,0.152,-10.4,84.65
G2025069,2026-03-18,Raptors,S117,94.45,0.152,-10.4,84.63
G2025069,2026-03-18,Raptors,S112,94.43,0.152,-10.4,84.61
G2025070,2026-03-19,Knicks,S109,95.45,0.213,-8.6,87.24
G2025070,2026-03-19,Knicks,S134,95.42,0.213,-8.6,87.21
G2025070,2026-03-19,Knicks,S114,95.4,0.213,-8.6,87.2
G2025070,2026-03-19,Knicks,S133,95.36,0.213,-8.6,87.16
G2025070,2026-03-19,Knicks,S127,95.3,0.213,-8.6,87.1
G2025070,2026-03-19,Knicks,S115,95.25,0.213,-8.6,87.06
G2025070,2026-03-19,Knicks,S129,95.23,0.213,-8.6,87.04
G2025070,2026-03-19,Knicks,S118,95.19,0.213,-8.6,87.0
G2025070,2026-03-19,Knicks,S122,95.18,0.213,-8.6,86.99
G2025070,2026-03-19,Knicks,S103,95.18,0.213,-8.6,86.99
G2025070,2026-03-19,Knicks,S110,95.11,0.213,-8.6,86.93
G2025070,2026-03-19,Knicks,S108,95.08,0.213,-8.6,86.9
G2025070,2026-03-19,Knicks,S100,95.07,0.213,-8.6,86.89
G2025070,2026-03-19,Knicks,S101,95.05,0.213,-8.6,86.88
G2025070,2026-03-19,Knicks,S119,95.04,0.213,-8.6,86.87
G2025070,2026-03-19,Knicks,S125,94.99,0.213,-8.6,86.82
G2025070,2026-03-19,Knicks,S128,94.98,0.213,-8.6,86.81
G2025070,2026-03-19,Knicks,S123,94.97,0.213,-8.6,86.8
G2025070,2026-03-19,Knicks,S120,94.91,0.213,-8.6,86.75
G2025070,2026-03-19,Knicks,S121,94.9,0.213,-8.6,86.74
G2025070,2026-03-19,Knicks,S116,94.9,0.213,-8.6,86.74
G2025070,2026-03-19,Knicks,S113,94.87,0.213,-8.6,86.71
G2025070,2026-03-19,Knicks,S102,94.85,0.213,-8.6,86.69
G2025070,2026-03-19,Knicks,S124,94.85,0.213,-8.6,86.69
G2025070,2026-03-19,Knicks,S104,94.84,0.213,-8.6,86.68
G2025070,2026-03-19,Knicks,S130,94.82,0.213,-8.6,86.67
G2025070,2026-03-19,Knicks,S131,94.81,0.213,-8.6,86.66
G2025070,2026-03-19,Knicks,S111,94.69,0.213,-8.6,86.55
G2025070,2026-03-19,Knicks,S126,94.68,0.213,-8.6,86.54
G2025070,2026-03-19,Knicks,S132,94.58,0.213,-8.6,86.45
G2025070,2026-03-19,Knicks,S105,94.56,0.213,-8.6,86.43
G2025070,2026-03-19,Knicks,S107,94.5,0.213,-8.6,86.37
G2025070,2026-03-19,Knicks,S106,94.48,0.213,-8.6,86.35
G2025070,2026-03-19,Knicks,S117,94.45,0.213,-8.6,86.33
G2025070,2026-03-19,Knicks,S112,94.43,0.213,-8.6,86.31
G2025071,2026-03-20,Cavaliers,S109,95.45,0.848,10.4,105.38
G2025071,2026-03-20,Cavaliers,S134,95.42,0.848,10.4,105.34
G2025071,2026-03-20,Cavaliers,S114,95.4,0.848,10.4,105.32
G2025071,2026-03-20,Cavaliers,S133,95.36,0.848,10.4,105.28
G2025071,2026-03-20,Cavaliers,S127,95.3,0.848,10.4,105.21
G2025071,2026-03-20,Cavaliers,S115,95.25,0.848,10.4,105.16
G2025071,2026-03-20,Cavaliers,S129,95.23,0.848,10.4,105.13
G2025071,2026-03-20,Cavaliers,S118,95.19,0.848,10.4,105.09
G2025071,2026-03-20,Cavaliers,S122,95.18,0.848,10.4,105.08
G2025071,2026-03-20,Cavaliers,S103,95.18,0.848,10.4,105.08
G2025071,2026-03-20,Cavaliers,S110,95.11,0.848,10.4,105.0
G2025071,2026-03-20,Cavaliers,S108,95.08,0.848,10.4,104.97
G2025071,2026-03-20,Cavaliers,S100,95.07,0.848,10.4,104.96
G2025071,2026-03-20,Cavaliers,S101,95.05,0.848,10.4,104.94
G2025071,2026-03-20,Cavaliers,S119,95.04,0.848,10.4,104.92
G2025071,2026-03-20,Cavaliers,S125,94.99,0.848,10.4,104.87
G2025071,2026-03-20,Cavaliers,S128,94.98,0.848,10.4,104.86
G2025071,2026-03-20,Cavaliers,S123,94.97,0.848,10.4,104.85
G2025071,2026-03-20,Cavaliers,S120,94.91,0.848,10.4,104.78
G2025071,2026-03-20,Cavaliers,S121,94.9,0.848,10.4,104.77
G2025071,2026-03-20,Cavaliers,S116,94.9,0.848,10.4,104.77
G2025071,2026-03-20,Cavaliers,S113,94.87,0.848,10.4,104.74
G2025071,2026-03-20,Cavaliers,S102,94.85,0.848,10.4,104.71
G2025071,2026-03-20,Cavaliers,S124,94.85,0.848,10.4,104.71
G2025071,2026-03-20,Cavaliers,S104,94.84,0.848,10.4,104.7
G2025071,2026-03-20,Cavaliers,S130,94.82,0.848,10.4,104.68
G2025071,2026-03-20,Cavaliers,S131,94.81,0.848,10.4,104.67
G2025071,2026-03-20,Cavaliers,S111,94.69,0.848,10.4,104.54
G2025071,2026-03-20,Cavaliers,S126,94.68,0.848,10.4,104.53
G2025071,2026-03-20,Cavaliers,S132,94.58,0.848,10.4,104.42
G2025071,2026-03-20,Cavaliers,S105,94.56,0.848,10.4,104.39
G2025071,2026-03-20,Cavaliers,S107,94.5,0.848,10.4,104.33
G2025071,2026-03-20,Cavaliers,S106,94.48,0.848,10.4,104.31
G2025071,2026-03-20,Cavaliers,S117,94.45,0.848,10.4,104.27
G2025071,2026-03-20,Cavaliers,S112,94.43,0.848,10.4,104.25
G2025072,2026-03-24,Kings,S109,95.45,0.451,-1.5,94.02
G2025072,2026-03-24,Kings,S134,95.42,0.451,-1.5,93.99
G2025072,2026-03-24,Kings,S114,95.4,0.451,-1.5,93.97
G2025072,2026-03-24,Kings,S133,95.36,0.451,-1.5,93.93
G2025072,2026-03-24,Kings,S127,95.3,0.451,-1.5,93.87
G2025072,2026-03-24,Kings,S115,95.25,0.451,-1.5,93.82
G2025072,2026-03-24,Kings,S129,95.23,0.451,-1.5,93.8
G2025072,2026-03-24,Kings,S118,95.19,0.451,-1.5,93.76
G2025072,2026-03-24,Kings,S122,95.18,0.451,-1.5,93.75
G2025072,2026-03-24,Kings,S103,95.18,0.451,-1.5,93.75
G2025072,2026-03-24,Kings,S110,95.11,0.451,-1.5,93.68
G2025072,2026-03-24,Kings,S108,95.08,0.451,-1.5,93.65
G2025072,2026-03-24,Kings,S100,95.07,0.451,-1.5,93.64
G2025072,2026-03-24,Kings,S101,95.05,0.451,-1.5,93.62
G2025072,2026-03-24,Kings,S119,95.04,0.451,-1.5,93.61
G2025072,2026-03-24,Kings,S125,94.99,0.451,-1.5,93.57
G2025072,2026-03-24,Kings,S128,94.98,0.451,-1.5,93.56
G2025072,2026-03-24,Kings,S123,94.97,0.451,-1.5,93.55
G2025072,2026-03-24,Kings,S120,94.91,0.451,-1.5,93.49
G2025072,2026-03-24,Kings,S121,94.9,0.451,-1.5,93.48
G2025072,2026-03-24,Kings,S116,94.9,0.451,-1.5,93.48
G2025072,2026-03-24,Kings,S113,94.87,0.451,-1.5,93.45
G2025072,2026-03-24,Kings,S102,94.85,0.451,-1.5,93.43
G2025072,2026-03-24,Kings,S124,94.85,0.451,-1.5,93.43
G2025072,2026-03-24,Kings,S104,94.84,0.451,-1.5,93.42
G2025072,2026-03-24,Kings,S130,94.82,0.451,-1.5,93.4
G2025072,2026-03-24,Kings,S131,94.81,0.451,-1.5,93.39
G2025072,2026-03-24,Kings,S111,94.69,0.451,-1.5,93.27
G2025072,2026-03-24,Kings,S126,94.68,0.451,-1.5,93.26
G2025072,2026-03-24,Kings,S132,94.58,0.451,-1.5,93.16
G2025072,2026-03-24,Kings,S105,94.56,0.451,-1.5,93.14
G2025072,2026-03-24,Kings,S107,94.5,0.451,-1.5,93.08
G2025072,2026-03-24,Kings,S106,94.48,0.451,-1.5,93.06
G2025072,2026-03-24,Kings,S117,94.45,0.451,-1.5,93.03
G2025072,2026-03-24,Kings,S112,94.43,0.451,-1.5,93.01
G2025073,2026-03-27,Rockets,S109,95.45,0.848,10.4,105.38
G2025073,2026-03-27,Rockets,S134,95.42,0.848,10.4,105.34
G2025073,2026-03-27,Rockets,S114,95.4,0.848,10.4,105.32
G2025073,2026-03-27,Rockets,S133,95.36,0.848,10.4,105.28
G2025073,2026-03-27,Rockets,S127,95.3,0.848,10.4,105.21
G2025073,2026-03-27,Rockets,S115,95.25,0.848,10.4,105.16
G2025073,2026-03-27,Rockets,S129,95.23,0.848,10.4,105.13
G2025073,2026-03-27,Rockets,S118,95.19,0.848,10.4,105.09
G2025073,2026-03-27,Rockets,S122,95.18,0.848,10.4,105.08
G2025073,2026-03-27,Rockets,S103,95.18,0.848,10.4,105.08
G2025073,2026-03-27,Rockets,S110,95.11,0.848,10.4,105.0
G2025073,2026-03-27,Rockets,S108,95.08,0.848,10.4,104.97
G2025073,2026-03-27,Rockets,S100,95.07,0.848,10.4,104.96
G2025073,2026-03-27,Rockets,S101,95.05,0.848,10.4,104.94
G2025073,2026-03-27,Rockets,S119,95.04,0.848,10.4,104.92
G2025073,2026-03-27,Rockets,S125,94.99,0.848,10.4,104.87
G2025073,2026-03-27,Rockets,S128,94.98,0.848,10.4,104.86
G2025073,2026-03-27,Rockets,S123,94.97,0.848,10.4,104.85
G2025073,2026-03-27,Rockets,S120,94.91,0.848,10.4,104.78
G2025073,2026-03-27,Rockets,S121,94.9,0.848,10.4,104.77
G2025073,2026-03-27,Rockets,S116,94.9,0.848,10.4,104.77
G2025073,2026-03-27,Rockets,S113,94.87,0.848,10.4,104.74
G2025073,2026-03-27,Rockets,S102,94.85,0.848,10.4,104.71
G2025073,2026-03-27,Rockets,S124,94.85,0.848,10.4,104.71
G2025073,2026-03-27,Rockets,S104,94.84,0.848,10.4,104.7
G2025073,2026-03-27,Rockets,S130,94.82,0.848,10.4,104.68
G2025073,2026-03-27,Rockets,S131,94.81,0.848,10.4,104.67
G2025073,2026-03-27,Rockets,S111,94.69,0.848,10.4,104.54
G2025073,2026-03-27,Rockets,S126,94.68,0.848,10.4,104.53
G2025073,2026-03-27,Rockets,S132,94.58,0.848,10.4,104.42
G2025073,2026-03-27,Rockets,S105,94.56,0.848,10.4,104.39
G2025073,2026-03-27,Rockets,S107,94.5,0.848,10.4,104.33
G2025073,2026-03-27,Rockets,S106,94.48,0.848,10.4,104.31
G2025073,2026-03-27,Rockets,S117,94.45,0.848,10.4,104.27
G2025073,2026-03-27,Rockets,S112,94.43,0.848,10.4,104.25
G2025074,2026-03-28,Cavaliers,S109,95.45,0.902,12.1,107.0
G2025074,2026-03-28,Cavaliers,S134,95.42,0.902,12.1,106.97
G2025074,2026-03-28,Cavaliers,S114,95.4,0.902,12.1,106.94
G2025074,2026-03-28,Cavaliers,S133,95.36,0.902,12.1,106.9
G2025074,2026-03-28,Cavaliers,S127,95.3,0.902,12.1,106.83
G2025074,2026-03-28,Cavaliers,S115,95.25,0.902,12.1,106.78
G2025074,2026-03-28,Cavaliers,S129,95.23,0.902,12.1,106.75
G2025074,2026-03-28,Cavaliers,S118,95.19,0.902,12.1,106.71
G2025074,2026-03-28,Cavaliers,S122,95.18,0.902,12.1,106.7
G2025074,2026-03-28,Cavaliers,S103,95.18,0.902,12.1,106.7
G2025074,2026-03-28,Cavaliers,S110,95.11,0.902,12.1,106.62
G2025074,2026-03-28,Cavaliers,S108,95.08,0.902,12.1,106.58
G2025074,2026-03-28,Cavaliers,S100,95.07,0.902,12.1,106.57
G2025074,2026-03-28,Cavaliers,S101,95.05,0.902,12.1,106.55
G2025074,2026-03-28,Cavaliers,S119,95.04,0.902,12.1,106.54
G2025074,2026-03-28,Cavaliers,S125,94.99,0.902,12.1,106.48
G2025074,2026-03-28,Cavaliers,S128,94.98,0.902,12.1,106.47
G2025074,2026-03-28,Cavaliers,S123,94.97,0.902,12.1,106.46
G2025074,2026-03-28,Cavaliers,S120,94.91,0.902,12.1,106.39
G2025074,2026-03-28,Cavaliers,S121,94.9,0.902,12.1,106.38
G2025074,2026-03-28,Cavaliers,S116,94.9,0.902,12.1,106.38
G2025074,2026-03-28,Cavaliers,S113,94.87,0.902,12.1,106.35
G2025074,2026-03-28,Cavaliers,S102,94.85,0.902,12.1,106.33
G2025074,2026-03-28,Cavaliers,S124,94.85,0.902,12.1,106.33
G2025074,2026-03-28,Cavaliers,S104,94.84,0.902,12.1,106.32
G2025074,2026-03-28,Cavaliers,S130,94.82,0.902,12.1,106.29
G2025074,2026-03-28,Cavaliers,S131,94.81,0.902,12.1,106.28
G2025074,2026-03-28,Cavaliers,S111,94.69,0.902,12.1,106.15
G2025074,2026-03-28,Cavaliers,S126,94.68,0.902,12.1,106.14
G2025074,2026-03-28,Cavaliers,S132,94.58,0.902,12.1,106.02
G2025074,2026-03-28,Cavaliers,S105,94.56,0.902,12.1,106.0
G2025074,2026-03-28,Cavaliers,S107,94.5,0.902,12.1,105.93
G2025074,2026-03-28,Cavaliers,S106,94.48,0.902,12.1,105.91
G2025074,2026-03-28,Cavaliers,S117,94.45,0.902,12.1,105.88
G2025074,2026-03-28,Cavaliers,S112,94.43,0.902,12.1,105.86
G2025075,2026-03-29,Hornets,S109,95.45,0.884,11.5,106.43
G2025075,2026-03-29,Hornets,S134,95.42,0.884,11.5,106.39
G2025075,2026-03-29,Hornets,S114,95.4,0.884,11.5,106.37
G2025075,2026-03-29,Hornets,S133,95.36,0.884,11.5,106.33
G2025075,2026-03-29,Hornets,S127,95.3,0.884,11.5,106.26
G2025075,2026-03-29,Hornets,S115,95.25,0.884,11.5,106.2
G2025075,2026-03-29,Hornets,S129,95.23,0.884,11.5,106.18
G2025075,2026-03-29,Hornets,S118,95.19,0.884,11.5,106.14
G2025075,2026-03-29,Hornets,S122,95.18,0.884,11.5,106.13
G2025075,2026-03-29,Hornets,S103,95.18,0.884,11.5,106.13
G2025075,2026-03-29,Hornets,S110,95.11,0.884,11.5,106.05
G2025075,2026-03-29,Hornets,S108,95.08,0.884,11.5,106.01
G2025075,2026-03-29,Hornets,S100,95.07,0.884,11.5,106.0
G2025075,2026-03-29,Hornets,S101,95.05,0.884,11.5,105.98
G2025075,2026-03-29,Hornets,S119,95.04,0.884,11.5,105.97
G2025075,2026-03-29,Hornets,S125,94.99,0.884,11.5,105.91
G2025075,2026-03-29,Hornets,S128,94.98,0.884,11.5,105.9
G2025075,2026-03-29,Hornets,S123,94.97,0.884,11.5,105.89
G2025075,2026-03-29,Hornets,S120,94.91,0.884,11.5,105.82
G2025075,2026-03-29,Hornets,S121,94.9,0.884,11.5,105.81
G2025075,2026-03-29,Hornets,S116,94.9,0.884,11.5,105.81
G2025075,2026-03-29,Hornets,S113,94.87,0.884,11.5,105.78
G2025075,2026-03-29,Hornets,S102,94.85,0.884,11.5,105.76
G2025075,2026-03-29,Hornets,S124,94.85,0.884,11.5,105.76
G2025075,2026-03-29,Hornets,S104,94.84,0.884,11.5,105.75
G2025075,2026-03-29,Hornets,S130,94.82,0.884,11.5,105.72
G2025075,2026-03-29,Hornets,S131,94.81,0.884,11.5,105.71
G2025075,2026-03-29,Hornets,S111,94.69,0.884,11.5,105.58
G2025075,2026-03-29,Hornets,S126,94.68,0.884,11.5,105.57
G2025075,2026-03-29,Hornets,S132,94.58,0.884,11.5,105.46
G2025075,2026-03-29,Hornets,S105,94.56,0.884,11.5,105.43
G2025075,2026-03-29,Hornets,S107,94.5,0.884,11.5,105.37
G2025075,2026-03-29,Hornets,S106,94.48,0.884,11.5,105.35
G2025075,2026-03-29,Hornets,S117,94.45,0.884,11.5,105.31
G2025075,2026-03-29,Hornets,S112,94.43,0.884,11.5,105.29
G2025076,2026-03-31,Pelicans,S109,95.45,0.451,-1.5,94.02
G2025076,2026-03-31,Pelicans,S134,95.42,0.451,-1.5,93.99
G2025076,2026-03-31,Pelicans,S114,95.4,0.451,-1.5,93.97
G2025076,2026-03-31,Pelicans,S133,95.36,0.451,-1.5,93.93
G2025076,2026-03-31,Pelicans,S127,95.3,0.451,-1.5,93.87
G2025076,2026-03-31,Pelicans,S115,95.25,0.451,-1.5,93.82
G2025076,2026-03-31,Pelicans,S129,95.23,0.451,-1.5,93.8
G2025076,2026-03-31,Pelicans,S118,95.19,0.451,-1.5,93.76
G2025076,2026-03-31,Pelicans,S122,95.18,0.451,-1.5,93.75
G2025076,2026-03-31,Pelicans,S103,95.18,0.451,-1.5,93.75
G2025076,2026-03-31,Pelicans,S110,95.11,0.451,-1.5,93.68
G2025076,2026-03-31,Pelicans,S108,95.08,0.451,-1.5,93.65
G2025076,2026-03-31,Pelicans,S100,95.07,0.451,-1.5,93.64
G2025076,2026-03-31,Pelicans,S101,95.05,0.451,-1.5,93.62
G2025076,2026-03-31,Pelicans,S119,95.04,0.451,-1.5,93.61
G2025076,2026-03-31,Pelicans,S125,94.99,0.451,-1.5,93.57
G2025076,2026-03-31,Pelicans,S128,94.98,0.451,-1.5,93.56
G2025076,2026-03-31,Pelicans,S123,94.97,0.451,-1.5,93.55
G2025076,2026-03-31,Pelicans,S120,94.91,0.451,-1.5,93.49
G2025076,2026-03-31,Pelicans,S121,94.9,0.451,-1.5,93.48
G2025076,2026-03-31,Pelicans,S116,94.9,0.451,-1.5,93.48
G2025076,2026-03-31,Pelicans,S113,94.87,0.451,-1.5,93.45
G2025076,2026-03-31,Pelicans,S102,94.85,0.451,-1.5,93.43
G2025076,2026-03-31,Pelicans,S124,94.85,0.451,-1.5,93.43
G2025076,2026-03-31,Pelicans,S104,94.84,0.451,-1.5,93.42
G2025076,2026-03-31,Pelicans,S130,94.82,0.451,-1.5,93.4
G2025076,2026-03-31,Pelicans,S131,94.81,0.451,-1.5,93.39
G2025076,2026-03-31,Pelicans,S111,94.69,0.451,-1.5,93.27
G2025076,2026-03-31,Pelicans,S126,94.68,0.451,-1.5,93.26
G2025076,2026-03-31,Pelicans,S132,94.58,0.451,-1.5,93.16
G2025076,2026-03-31,Pelicans,S105,94.56,0.451,-1.5,93.14
G2025076,2026-03-31,Pelicans,S107,94.5,0.451,-1.5,93.08
G2025076,2026-03-31,Pelicans,S106,94.48,0.451,-1.5,93.06
G2025076,2026-03-31,Pelicans,S117,94.45,0.451,-1.5,93.03
G2025076,2026-03-31,Pelicans,S112,94.43,0.451,-1.5,93.01
G2025077,2026-04-03,Hawks,S109,95.45,0.476,-0.7,94.78
G2025077,2026-04-03,Hawks,S134,95.42,0.476,-0.7,94.75
G2025077,2026-04-03,Hawks,S114,95.4,0.476,-0.7,94.73
G2025077,2026-04-03,Hawks,S133,95.36,0.476,-0.7,94.69
G2025077,2026-04-03,Hawks,S127,95.3,0.476,-0.7,94.63
G2025077,2026-04-03,Hawks,S115,95.25,0.476,-0.7,94.58
G2025077,2026-04-03,Hawks,S129,95.23,0.476,-0.7,94.56
G2025077,2026-04-03,Hawks,S118,95.19,0.476,-0.7,94.52
G2025077,2026-04-03,Hawks,S122,95.18,0.476,-0.7,94.51
G2025077,2026-04-03,Hawks,S103,95.18,0.476,-0.7,94.51
G2025077,2026-04-03,Hawks,S110,95.11,0.476,-0.7,94.44
G2025077,2026-04-03,Hawks,S108,95.08,0.476,-0.7,94.41
G2025077,2026-04-03,Hawks,S100,95.07,0.476,-0.7,94.4
G2025077,2026-04-03,Hawks,S101,95.05,0.476,-0.7,94.38
G2025077,2026-04-03,Hawks,S119,95.04,0.476,-0.7,94.37
G2025077,2026-04-03,Hawks,S125,94.99,0.476,-0.7,94.33
G2025077,2026-04-03,Hawks,S128,94.98,0.476,-0.7,94.32
G2025077,2026-04-03,Hawks,S123,94.97,0.476,-0.7,94.31
G2025077,2026-04-03,Hawks,S120,94.91,0.476,-0.7,94.25
G2025077,2026-04-03,Hawks,S121,94.9,0.476,-0.7,94.24
G2025077,2026-04-03,Hawks,S116,94.9,0.476,-0.7,94.24
G2025077,2026-04-03,Hawks,S113,94.87,0.476,-0.7,94.21
G2025077,2026-04-03,Hawks,S102,94.85,0.476,-0.7,94.19
G2025077,2026-04-03,Hawks,S124,94.85,0.476,-0.7,94.19
G2025077,2026-04-03,Hawks,S104,94.84,0.476,-0.7,94.18
G2025077,2026-04-03,Hawks,S130,94.82,0.476,-0.7,94.16
G2025077,2026-04-03,Hawks,S131,94.81,0.476,-0.7,94.15
G2025077,2026-04-03,Hawks,S111,94.69,0.476,-0.7,94.03
G2025077,2026-04-03,Hawks,S126,94.68,0.476,-0.7,94.02
G2025077,2026-04-03,Hawks,S132,94.58,0.476,-0.7,93.92
G2025077,2026-04-03,Hawks,S105,94.56,0.476,-0.7,93.9
G2025077,2026-04-03,Hawks,S107,94.5,0.476,-0.7,93.84
G2025077,2026-04-03,Hawks,S106,94.48,0.476,-0.7,93.82
G2025077,2026-04-03,Hawks,S117,94.45,0.476,-0.7,93.79
G2025077,2026-04-03,Hawks,S112,94.43,0.476,-0.7,93.77
G2025078,2026-04-04,Bucks,S109,95.45,0.634,4.0,99.27
G2025078,2026-04-04,Bucks,S134,95.42,0.634,4.0,99.24
G2025078,2026-04-04,Bucks,S114,95.4,0.634,4.0,99.22
G2025078,2026-04-04,Bucks,S133,95.36,0.634,4.0,99.17
G2025078,2026-04-04,Bucks,S127,95.3,0.634,4.0,99.11
G2025078,2026-04-04,Bucks,S115,95.25,0.634,4.0,99.06
G2025078,2026-04-04,Bucks,S129,95.23,0.634,4.0,99.04
G2025078,2026-04-04,Bucks,S118,95.19,0.634,4.0,99.0
G2025078,2026-04-04,Bucks,S122,95.18,0.634,4.0,98.99
G2025078,2026-04-04,Bucks,S103,95.18,0.634,4.0,98.99
G2025078,2026-04-04,Bucks,S110,95.11,0.634,4.0,98.91
G2025078,2026-04-04,Bucks,S108,95.08,0.634,4.0,98.88
G2025078,2026-04-04,Bucks,S100,95.07,0.634,4.0,98.87
G2025078,2026-04-04,Bucks,S101,95.05,0.634,4.0,98.85
G2025078,2026-04-04,Bucks,S119,95.04,0.634,4.0,98.84
G2025078,2026-04-04,Bucks,S125,94.99,0.634,4.0,98.79
G2025078,2026-04-04,Bucks,S128,94.98,0.634,4.0,98.78
G2025078,2026-04-04,Bucks,S123,94.97,0.634,4.0,98.77
G2025078,2026-04-04,Bucks,S120,94.91,0.634,4.0,98.71
G2025078,2026-04-04,Bucks,S121,94.9,0.634,4.0,98.7
G2025078,2026-04-04,Bucks,S116,94.9,0.634,4.0,98.7
G2025078,2026-04-04,Bucks,S113,94.87,0.634,4.0,98.66
G2025078,2026-04-04,Bucks,S102,94.85,0.634,4.0,98.64
G2025078,2026-04-04,Bucks,S124,94.85,0.634,4.0,98.64
G2025078,2026-04-04,Bucks,S104,94.84,0.634,4.0,98.63
G2025078,2026-04-04,Bucks,S130,94.82,0.634,4.0,98.61
G2025078,2026-04-04,Bucks,S131,94.81,0.634,4.0,98.6
G2025078,2026-04-04,Bucks,S111,94.69,0.634,4.0,98.48
G2025078,2026-04-04,Bucks,S126,94.68,0.634,4.0,98.47
G2025078,2026-04-04,Bucks,S132,94.58,0.634,4.0,98.36
G2025078,2026-04-04,Bucks,S105,94.56,0.634,4.0,98.34
G2025078,2026-04-04,Bucks,S107,94.5,0.634,4.0,98.28
G2025078,2026-04-04,Bucks,S106,94.48,0.634,4.0,98.26
G2025078,2026-04-04,Bucks,S117,94.45,0.634,4.0,98.23
G2025078,2026-04-04,Bucks,S112,94.43,0.634,4.0,98.21
G2025079,2026-04-07,Hornets,S109,95.45,0.244,-7.7,88.1
G2025079,2026-04-07,Hornets,S134,95.42,0.244,-7.7,88.07
G2025079,2026-04-07,Hornets,S114,95.4,0.244,-7.7,88.05
G2025079,2026-04-07,Hornets,S133,95.36,0.244,-7.7,88.02
G2025079,2026-04-07,Hornets,S127,95.3,0.244,-7.7,87.96
G2025079,2026-04-07,Hornets,S115,95.25,0.244,-7.7,87.92
G2025079,2026-04-07,Hornets,S129,95.23,0.244,-7.7,87.9
G2025079,2026-04-07,Hornets,S118,95.19,0.244,-7.7,87.86
G2025079,2026-04-07,Hornets,S122,95.18,0.244,-7.7,87.85
G2025079,2026-04-07,Hornets,S103,95.18,0.244,-7.7,87.85
G2025079,2026-04-07,Hornets,S110,95.11,0.244,-7.7,87.79
G2025079,2026-04-07,Hornets,S108,95.08,0.244,-7.7,87.76
G2025079,2026-04-07,Hornets,S100,95.07,0.244,-7.7,87.75
G2025079,2026-04-07,Hornets,S101,95.05,0.244,-7.7,87.73
G2025079,2026-04-07,Hornets,S119,95.04,0.244,-7.7,87.72
G2025079,2026-04-07,Hornets,S125,94.99,0.244,-7.7,87.68
G2025079,2026-04-07,Hornets,S128,94.98,0.244,-7.7,87.67
G2025079,2026-04-07,Hornets,S123,94.97,0.244,-7.7,87.66
G2025079,2026-04-07,Hornets,S120,94.91,0.244,-7.7,87.6
G2025079,2026-04-07,Hornets,S121,94.9,0.244,-7.7,87.59
G2025079,2026-04-07,Hornets,S116,94.9,0.244,-7.7,87.59
G2025079,2026-04-07,Hornets,S113,94.87,0.244,-7.7,87.57
G2025079,2026-04-07,Hornets,S102,94.85,0.244,-7.7,87.55
G2025079,2026-04-07,Hornets,S124,94.85,0.244,-7.7,87.55
G2025079,2026-04-07,Hornets,S104,94.84,0.244,-7.7,87.54
G2025079,2026-04-07,Hornets,S130,94.82,0.244,-7.7,87.52
G2025079,2026-04-07,Hornets,S131,94.81,0.244,-7.7,87.51
G2025079,2026-04-07,Hornets,S111,94.69,0.244,-7.7,87.4
G2025079,2026-04-07,Hornets,S126,94.68,0.244,-7.7,87.39
G2025079,2026-04-07,Hornets,S132,94.58,0.244,-7.7,87.3
G2025079,2026-04-07,Hornets,S105,94.56,0.244,-7.7,87.28
G2025079,2026-04-07,Hornets,S107,94.5,0.244,-7.7,87.22
G2025079,2026-04-07,Hornets,S106,94.48,0.244,-7.7,87.21
G2025079,2026-04-07,Hornets,S117,94.45,0.244,-7.7,87.18
G2025079,2026-04-07,Hornets,S112,94.43,0.244,-7.7,87.16
G2025080,2026-04-08,Pacers,S109,95.45,0.012,-14.6,81.51
G2025080,2026-04-08,Pacers,S134,95.42,0.012,-14.6,81.49
G2025080,2026-04-08,Pacers,S114,95.4,0.012,-14.6,81.47
G2025080,2026-04-08,Pacers,S133,95.36,0.012,-14.6,81.44
G2025080,2026-04-08,Pacers,S127,95.3,0.012,-14.6,81.39
G2025080,2026-04-08,Pacers,S115,95.25,0.012,-14.6,81.34
G2025080,2026-04-08,Pacers,S129,95.23,0.012,-14.6,81.33
G2025080,2026-04-08,Pacers,S118,95.19,0.012,-14.6,81.29
G2025080,2026-04-08,Pacers,S122,95.18,0.012,-14.6,81.28
G2025080,2026-04-08,Pacers,S103,95.18,0.012,-14.6,81.28
G2025080,2026-04-08,Pacers,S110,95.11,0.012,-14.6,81.22
G2025080,2026-04-08,Pacers,S108,95.08,0.012,-14.6,81.2
G2025080,2026-04-08,Pacers,S100,95.07,0.012,-14.6,81.19
G2025080,2026-04-08,Pacers,S101,95.05,0.012,-14.6,81.17
G2025080,2026-04-08,Pacers,S119,95.04,0.012,-14.6,81.16
G2025080,2026-04-08,Pacers,S125,94.99,0.012,-14.6,81.12
G2025080,2026-04-08,Pacers,S128,94.98,0.012,-14.6,81.11
G2025080,2026-04-08,Pacers,S123,94.97,0.012,-14.6,81.1
G2025080,2026-04-08,Pacers,S120,94.91,0.012,-14.6,81.05
G2025080,2026-04-08,Pacers,S121,94.9,0.012,-14.6,81.04
G2025080,2026-04-08,Pacers,S116,94.9,0.012,-14.6,81.04
G2025080,2026-04-08,Pacers,S113,94.87,0.012,-14.6,81.02
G2025080,2026-04-08,Pacers,S102,94.85,0.012,-14.6,81.0
G2025080,2026-04-08,Pacers,S124,94.85,0.012,-14.6,81.0
G2025080,2026-04-08,Pacers,S104,94.84,0.012,-14.6,80.99
G2025080,2026-04-08,Pacers,S130,94.82,0.012,-14.6,80.98
G2025080,2026-04-08,Pacers,S131,94.81,0.012,-14.6,80.97
G2025080,2026-04-08,Pacers,S111,94.69,0.012,-14.6,80.87
G2025080,2026-04-08,Pacers,S126,94.68,0.012,-14.6,80.86
G2025080,2026-04-08,Pacers,S132,94.58,0.012,-14.6,80.77
G2025080,2026-04-08,Pacers,S105,94.56,0.012,-14.6,80.75
G2025080,2026-04-08,Pacers,S107,94.5,0.012,-14.6,80.7
G2025080,2026-04-08,Pacers,S106,94.48,0.012,-14.6,80.69
G2025080,2026-04-08,Pacers,S117,94.45,0.012,-14.6,80.66
G2025080,2026-04-08,Pacers,S112,94.43,0.012,-14.6,80.64
G2025081,2026-04-12,Hawks,S109,95.45,0.512,0.4,95.83
G2025081,2026-04-12,Hawks,S134,95.42,0.512,0.4,95.8
G2025081,2026-04-12,Hawks,S114,95.4,0.512,0.4,95.78
G2025081,2026-04-12,Hawks,S133,95.36,0.512,0.4,95.74
G2025081,2026-04-12,Hawks,S127,95.3,0.512,0.4,95.68
G2025081,2026-04-12,Hawks,S115,95.25,0.512,0.4,95.63
G2025081,2026-04-12,Hawks,S129,95.23,0.512,0.4,95.61
G2025081,2026-04-12,Hawks,S118,95.19,0.512,0.4,95.57
G2025081,2026-04-12,Hawks,S122,95.18,0.512,0.4,95.56
G2025081,2026-04-12,Hawks,S103,95.18,0.512,0.4,95.56
G2025081,2026-04-12,Hawks,S110,95.11,0.512,0.4,95.49
G2025081,2026-04-12,Hawks,S108,95.08,0.512,0.4,95.46
G2025081,2026-04-12,Hawks,S100,95.07,0.512,0.4,95.45
G2025081,2026-04-12,Hawks,S101,95.05,0.512,0.4,95.43
G2025081,2026-04-12,Hawks,S119,95.04,0.512,0.4,95.42
G2025081,2026-04-12,Hawks,S125,94.99,0.512,0.4,95.37
G2025081,2026-04-12,Hawks,S128,94.98,0.512,0.4,95.36
G2025081,2026-04-12,Hawks,S123,94.97,0.512,0.4,95.35
G2025081,2026-04-12,Hawks,S120,94.91,0.512,0.4,95.29
G2025081,2026-04-12,Hawks,S121,94.9,0.512,0.4,95.28
G2025081,2026-04-12,Hawks,S116,94.9,0.512,0.4,95.28
G2025081,2026-04-12,Hawks,S113,94.87,0.512,0.4,95.25
G2025081,2026-04-12,Hawks,S102,94.85,0.512,0.4,95.23
G2025081,2026-04-12,Hawks,S124,94.85,0.512,0.4,95.23
G2025081,2026-04-12,Hawks,S104,94.84,0.512,0.4,95.22
G2025081,2026-04-12,Hawks,S130,94.82,0.512,0.4,95.2
G2025081,2026-04-12,Hawks,S131,94.81,0.512,0.4,95.19
G2025081,2026-04-12,Hawks,S111,94.69,0.512,0.4,95.07
G2025081,2026-04-12,Hawks,S126,94.68,0.512,0.4,95.06
G2025081,2026-04-12,Hawks,S132,94.58,0.512,0.4,94.96
G2025081,2026-04-12,Hawks,S105,94.56,0.512,0.4,94.94
G2025081,2026-04-12,Hawks,S107,94.5,0.512,0.4,94.88
G2025081,2026-04-12,Hawks,S106,94.48,0.512,0.4,94.86
G2025081,2026-04-12,Hawks,S117,94.45,0.512,0.4,94.83
G2025081,2026-04-12,Hawks,S112,94.43,0.512,0.4,94.81
