sth_account_id,fan_id,churn_risk_score,reason_codes,prior_season_renewal_status
STH500789,TF102286,0.1,low email engagement,renewed
STH504669,TF113734,37.3,"low game attendance, low total spend",renewed
STH500603,TF101703,0.3,low spend per game,renewed
STH503763,TF110994,0.2,"few emails received, tenure",renewed
STH502909,TF108435,85.1,"low total spend, low game attendance",not_renewed
STH502263,TF106581,0.2,few emails received,renewed
STH506669,TF119792,0.0,low spend per game,renewed
STH501465,TF104269,0.2,low email engagement,renewed
STH506190,TF118352,0.1,low spend per game,renewed
STH506150,TF118248,0.1,low spend per game,renewed
STH503094,TF109000,0.1,few emails received,renewed
STH504695,TF113822,84.8,"low total spend, low game attendance",not_renewed
STH502544,TF107400,0.1,tenure,renewed
STH505714,TF117037,0.1,few emails received,renewed
STH501416,TF104148,0.2,"low spend per game, low email engagement",renewed
STH502770,TF108043,0.1,tenure,renewed
STH506103,TF118139,0.1,few emails received,renewed
STH503189,TF109281,0.1,no dominant single factor,renewed
STH501948,TF105718,0.3,"few emails received, tenure",renewed
STH507916,TF123280,0.5,tenure,renewed
STH500798,TF102305,0.2,low spend per game,renewed
STH504435,TF113035,12.3,"low total spend, tenure",renewed
STH505400,TF116067,0.2,few emails received,renewed
STH501294,TF103818,0.1,few emails received,renewed
STH506741,TF119979,0.1,no dominant single factor,renewed
STH508104,TF123829,0.1,"low email engagement, low spend per game",renewed
STH503371,TF109828,0.1,tenure,renewed
STH505982,TF117810,32.1,"low game attendance, low total spend",renewed
STH507729,TF122739,0.1,"long gap since last game attended, low spend per game",renewed
STH508251,TF124241,3.6,low email engagement,renewed
STH505389,TF116031,0.1,"tenure, low spend per game",renewed
STH504182,TF112242,0.6,low spend per game,renewed
STH500977,TF102865,0.1,"low email engagement, few emails received",renewed
STH503668,TF110737,0.1,no dominant single factor,renewed
STH502763,TF108022,0.1,low spend per game,renewed
STH500073,TF100233,1.9,low spend per game,renewed
STH502478,TF107238,0.2,"long gap since last game attended, tenure",renewed
STH504694,TF113816,0.1,tenure,renewed
STH507645,TF122514,0.2,"low email engagement, low spend per game",renewed
STH502322,TF106783,9.4,"low total spend, low game attendance",renewed
STH502226,TF106482,0.1,long gap since last game attended,renewed
STH508396,TF124673,0.4,"tenure, low email engagement",renewed
STH501384,TF104050,0.1,low spend per game,renewed
STH502889,TF108378,0.4,"low email engagement, tenure",renewed
STH507635,TF122478,0.2,"low email engagement, low spend per game",renewed
STH503277,TF109532,0.6,"long gap since last game attended, low email engagement",renewed
STH502094,TF106133,0.1,few emails received,renewed
STH505439,TF116198,4.9,low email engagement,renewed
STH505668,TF116921,0.1,no dominant single factor,renewed
STH505492,TF116355,0.0,no dominant single factor,renewed
STH501772,TF105195,0.2,tenure,renewed
STH501109,TF103245,7.7,"low total spend, long gap since last game attended",renewed
STH504177,TF112234,7.4,few emails received,renewed
STH504343,TF112744,7.2,low spend per game,renewed
STH500475,TF101367,0.1,"tenure, low spend per game",renewed
STH501366,TF104006,0.1,no dominant single factor,renewed
STH503274,TF109520,0.1,low email engagement,renewed
STH504673,TF113744,0.1,tenure,renewed
STH506835,TF120256,0.4,low email engagement,renewed
STH501410,TF104135,0.1,"tenure, long gap since last game attended",renewed
STH506304,TF118718,0.1,no dominant single factor,renewed
STH507737,TF122757,0.2,low email engagement,renewed
STH506295,TF118686,0.2,tenure,renewed
STH503043,TF108850,0.1,long gap since last game attended,renewed
STH507928,TF123313,0.4,tenure,renewed
STH505503,TF116391,0.5,low spend per game,renewed
STH504594,TF113534,0.2,low email engagement,renewed
STH505474,TF116304,0.4,tenure,renewed
STH503931,TF111498,36.4,"low total spend, low game attendance",renewed
STH501780,TF105216,0.4,"tenure, few emails received",renewed
STH504772,TF114106,0.1,tenure,renewed
STH501406,TF104123,2.7,no dominant single factor,renewed
STH504810,TF114209,0.4,"low email engagement, low spend per game",renewed
STH505524,TF116445,3.2,few emails received,renewed
STH503199,TF109303,0.1,tenure,renewed
STH507520,TF122187,0.1,"tenure, few emails received",renewed
STH504131,TF112098,0.0,no dominant single factor,renewed
STH501158,TF103409,0.1,"tenure, low email engagement",renewed
STH500153,TF100419,17.7,"low total spend, tenure",renewed
STH502030,TF105954,0.1,few emails received,renewed
STH502378,TF106923,0.1,low email engagement,renewed
STH501883,TF105542,0.1,no dominant single factor,renewed
STH505452,TF116238,0.1,low spend per game,renewed
STH504576,TF113477,0.5,low email engagement,renewed
STH503081,TF108960,45.4,"low total spend, low game attendance",renewed
STH504074,TF111947,0.1,no dominant single factor,renewed
STH502084,TF106110,0.1,tenure,renewed
STH504526,TF113316,0.3,tenure,renewed
STH501081,TF103168,0.2,low email engagement,renewed
STH500676,TF101909,0.0,no dominant single factor,renewed
STH507436,TF121943,0.2,few emails received,renewed
STH503809,TF111131,0.3,"few emails received, low spend per game",renewed
STH506342,TF118860,0.1,low spend per game,renewed
STH501699,TF104974,0.1,"tenure, low spend per game",renewed
STH508440,TF124811,0.2,tenure,renewed
STH502878,TF108357,5.1,"few emails received, low email engagement",renewed
STH500925,TF102692,0.1,no dominant single factor,renewed
STH503691,TF110797,0.2,"low email engagement, tenure",renewed
STH507537,TF122235,0.1,tenure,renewed
STH504245,TF112461,0.1,tenure,renewed
STH500663,TF101868,0.1,no dominant single factor,renewed
STH504208,TF112323,0.1,"low spend per game, few emails received",renewed
STH500914,TF102662,0.1,low email engagement,renewed
STH504262,TF112508,0.1,tenure,renewed
STH505448,TF116229,0.1,no dominant single factor,renewed
STH505976,TF117794,0.1,tenure,renewed
STH506973,TF120623,0.1,no dominant single factor,renewed
STH501205,TF103555,0.2,no dominant single factor,renewed
STH502079,TF106100,0.1,few emails received,renewed
STH500899,TF102629,97.7,"low total spend, low game attendance",not_renewed
STH505305,TF115757,45.7,"low total spend, low game attendance",renewed
STH502293,TF106686,1.7,"low email engagement, low spend per game",renewed
STH507344,TF121686,0.2,"low spend per game, low email engagement",renewed
STH500755,TF102189,0.1,low spend per game,renewed
STH503426,TF110013,0.1,no dominant single factor,renewed
STH501335,TF103923,0.1,no dominant single factor,renewed
STH503181,TF109263,0.3,low spend per game,renewed
STH507887,TF123198,0.1,low spend per game,renewed
STH500235,TF100640,0.1,"tenure, few emails received",renewed
STH502290,TF106670,0.4,low email engagement,renewed
STH503899,TF111410,0.1,tenure,renewed
STH507096,TF120985,0.1,low spend per game,renewed
STH504374,TF112864,0.9,low spend per game,renewed
STH504635,TF113641,0.1,no dominant single factor,renewed
STH506782,TF120096,96.3,"low total spend, low game attendance",not_renewed
STH505941,TF117687,96.3,"low total spend, low game attendance",not_renewed
STH500882,TF102577,0.1,low spend per game,renewed
STH507378,TF121781,0.1,low spend per game,renewed
STH501090,TF103194,0.2,few emails received,renewed
STH507805,TF122945,0.1,low email engagement,renewed
STH504254,TF112486,0.1,low email engagement,renewed
STH500192,TF100511,0.1,no dominant single factor,renewed
STH507004,TF120707,0.3,tenure,renewed
STH502719,TF107892,0.2,low spend per game,renewed
STH506292,TF118680,0.1,no dominant single factor,renewed
STH502811,TF108171,0.1,low email engagement,renewed
STH502617,TF107610,3.3,low game attendance,renewed
STH506867,TF120345,0.1,no dominant single factor,renewed
STH505155,TF115300,0.1,no dominant single factor,renewed
STH507612,TF122428,0.1,"few emails received, low email engagement",renewed
STH505084,TF115082,0.1,tenure,renewed
STH507071,TF120907,0.1,no dominant single factor,renewed
STH504411,TF112975,0.1,"tenure, low spend per game",renewed
STH505780,TF117200,2.7,tenure,renewed
STH506151,TF118249,0.1,few emails received,renewed
STH508353,TF124536,0.3,"low spend per game, tenure",renewed
STH506644,TF119720,0.1,no dominant single factor,renewed
STH500064,TF100204,68.5,"low total spend, low game attendance",not_renewed
STH504688,TF113793,0.2,tenure,renewed
STH506700,TF119863,2.4,tenure,renewed
STH501449,TF104237,0.1,no dominant single factor,renewed
STH504119,TF112066,0.3,"low spend per game, tenure",renewed
STH501653,TF104839,0.2,"few emails received, tenure",renewed
STH501966,TF105766,0.1,tenure,renewed
STH504551,TF113391,0.1,few emails received,renewed
STH502585,TF107516,0.2,low spend per game,renewed
STH505262,TF115648,0.3,"low email engagement, low spend per game",renewed
STH505727,TF117068,5.3,few emails received,renewed
STH502880,TF108359,0.1,no dominant single factor,renewed
STH508256,TF124254,0.1,low spend per game,renewed
STH504207,TF112322,0.2,low spend per game,renewed
STH506727,TF119934,2.4,low email engagement,renewed
STH504554,TF113398,68.9,"low total spend, low game attendance",not_renewed
STH505525,TF116449,0.1,"low spend per game, tenure",renewed
STH507912,TF123265,61.5,"low game attendance, low total spend",not_renewed
STH502735,TF107942,4.8,low email engagement,renewed
STH507386,TF121812,0.1,few emails received,renewed
STH501092,TF103199,0.1,no dominant single factor,renewed
STH500710,TF102055,97.9,"low total spend, low game attendance",not_renewed
STH507289,TF121514,0.1,no dominant single factor,renewed
STH506091,TF118115,0.1,"low email engagement, few emails received",renewed
STH505922,TF117631,0.1,few emails received,renewed
STH507811,TF122963,2.6,"low email engagement, tenure",renewed
STH506587,TF119545,0.3,low spend per game,renewed
STH502343,TF106849,0.6,"few emails received, tenure",renewed
STH506537,TF119414,2.7,low email engagement,renewed
STH508025,TF123610,0.2,no dominant single factor,renewed
STH505794,TF117248,0.0,no dominant single factor,renewed
STH502256,TF106556,0.2,tenure,renewed
STH505791,TF117237,0.2,tenure,renewed
STH505726,TF117067,0.4,low spend per game,renewed
STH501253,TF103697,0.2,low email engagement,renewed
STH501224,TF103605,0.2,few emails received,renewed
STH507582,TF122348,0.2,low email engagement,renewed
STH504722,TF113924,0.1,low email engagement,renewed
STH508024,TF123606,0.1,tenure,renewed
STH502997,TF108711,0.2,no dominant single factor,renewed
STH508204,TF124119,0.0,few emails received,renewed
STH503213,TF109353,96.3,"low total spend, low game attendance",not_renewed
STH508342,TF124505,0.1,"low spend per game, tenure",renewed
STH507100,TF121000,28.0,"low game attendance, low total spend",not_renewed
STH505224,TF115514,1.7,"tenure, few emails received",renewed
STH508468,TF124908,1.7,"long gap since last game attended, low email engagement",renewed
STH503934,TF111501,0.1,no dominant single factor,renewed
STH500172,TF100472,0.7,"low spend per game, tenure",renewed
STH505156,TF115302,59.1,"low email engagement, tenure",not_renewed
STH507405,TF121869,0.4,"low spend per game, tenure",renewed
STH500183,TF100494,53.7,"low game attendance, low total spend",not_renewed
STH506346,TF118871,9.8,"low game attendance, low total spend",renewed
STH507652,TF122528,0.3,tenure,renewed
STH500163,TF100444,0.1,low email engagement,renewed
STH507312,TF121595,2.2,"tenure, low spend per game",renewed
STH506907,TF120439,0.1,tenure,renewed
STH501429,TF104179,0.1,tenure,renewed
STH507730,TF122743,64.0,"low total spend, low game attendance",not_renewed
STH502342,TF106847,15.0,"low total spend, long gap since last game attended",renewed
STH502357,TF106884,0.2,"few emails received, low spend per game",renewed
STH505654,TF116883,0.2,"tenure, low email engagement",renewed
STH505606,TF116716,0.1,low spend per game,renewed
STH503119,TF109058,0.3,"few emails received, tenure",renewed
STH502149,TF106304,0.6,few emails received,renewed
STH500511,TF101457,0.3,low email engagement,renewed
STH500949,TF102762,0.6,"tenure, few emails received",renewed
STH503234,TF109403,1.0,no dominant single factor,renewed
STH504381,TF112888,0.2,long gap since last game attended,renewed
STH500103,TF100301,0.2,"tenure, low spend per game",renewed
STH506014,TF117912,0.3,no dominant single factor,renewed
STH504837,TF114282,0.4,tenure,renewed
STH501035,TF103035,4.1,"low email engagement, low spend per game",renewed
STH507570,TF122327,0.1,low email engagement,renewed
STH503524,TF110324,0.3,few emails received,renewed
STH506387,TF118981,0.1,no dominant single factor,renewed
STH502790,TF108098,7.6,"low email engagement, few emails received",renewed
STH501982,TF105822,0.0,no dominant single factor,renewed
STH505446,TF116221,0.2,"tenure, low spend per game",renewed
STH501403,TF104096,0.6,few emails received,renewed
STH507176,TF121227,0.1,no dominant single factor,renewed
STH504061,TF111905,0.2,low email engagement,renewed
STH507744,TF122780,0.1,low email engagement,renewed
STH507870,TF123135,8.9,low email engagement,renewed
STH501874,TF105511,0.0,tenure,renewed
STH500582,TF101644,0.1,low email engagement,renewed
STH504630,TF113625,1.7,low spend per game,renewed
STH500233,TF100636,0.1,long gap since last game attended,renewed
STH505589,TF116655,1.5,tenure,renewed
STH504216,TF112353,0.1,low spend per game,renewed
STH502007,TF105883,0.2,tenure,renewed
STH500580,TF101640,0.1,low spend per game,renewed
STH500276,TF100754,1.1,no dominant single factor,renewed
STH502409,TF107016,50.9,"low total spend, low game attendance",renewed
STH505825,TF117319,0.2,few emails received,renewed
STH504728,TF113942,0.1,"tenure, low spend per game",renewed
STH502524,TF107351,0.2,no dominant single factor,renewed
STH503635,TF110627,0.1,no dominant single factor,renewed
STH507223,TF121361,0.1,no dominant single factor,renewed
STH504834,TF114276,0.1,tenure,renewed
STH502577,TF107487,0.1,no dominant single factor,renewed
STH502942,TF108522,0.4,low spend per game,renewed
STH503702,TF110827,8.6,low total spend,renewed
STH506775,TF120075,1.4,tenure,renewed
STH504024,TF111807,0.3,"low email engagement, tenure",renewed
STH504077,TF111950,0.1,tenure,renewed
STH500249,TF100670,0.3,"low spend per game, low email engagement",renewed
STH503356,TF109779,0.1,tenure,renewed
STH500606,TF101708,0.9,"few emails received, low spend per game",renewed
STH502619,TF107612,2.9,"tenure, low spend per game",renewed
STH500351,TF100962,0.1,no dominant single factor,renewed
STH500721,TF102100,0.1,no dominant single factor,renewed
STH508217,TF124144,0.2,no dominant single factor,renewed
STH508361,TF124556,0.1,tenure,renewed
STH500562,TF101588,0.1,tenure,renewed
STH507778,TF122866,4.4,tenure,renewed
STH502758,TF108007,0.1,long gap since last game attended,renewed
STH505478,TF116309,0.2,"few emails received, tenure",renewed
STH500750,TF102174,0.2,low spend per game,renewed
STH500837,TF102439,0.1,tenure,renewed
STH504229,TF112378,90.6,"low total spend, low game attendance",not_renewed
STH502635,TF107650,36.7,"low game attendance, low total spend",renewed
STH504014,TF111764,0.3,no dominant single factor,renewed
STH502097,TF106136,2.6,"tenure, low email engagement",renewed
STH506158,TF118264,0.1,low spend per game,renewed
STH502054,TF106020,0.3,no dominant single factor,renewed
STH503638,TF110637,0.2,low email engagement,renewed
STH502131,TF106244,0.1,low email engagement,renewed
STH500354,TF100977,0.1,tenure,renewed
STH506119,TF118168,0.0,no dominant single factor,renewed
STH507484,TF122094,0.1,low email engagement,renewed
STH500778,TF102266,0.6,"tenure, low spend per game",renewed
STH502676,TF107778,11.0,"low game attendance, low total spend",renewed
STH501846,TF105411,0.1,tenure,renewed
STH500549,TF101550,0.1,tenure,renewed
STH504949,TF114668,2.0,long gap since last game attended,renewed
STH506147,TF118242,0.1,tenure,renewed
STH503354,TF109769,0.1,"low spend per game, low email engagement",renewed
STH502049,TF106012,0.3,low spend per game,renewed
STH501238,TF103643,0.1,no dominant single factor,renewed
STH506452,TF119156,0.1,no dominant single factor,renewed
STH503833,TF111207,97.4,"low total spend, low game attendance",not_renewed
STH507138,TF121097,0.1,low email engagement,renewed
STH508317,TF124433,21.3,"low email engagement, long gap since last game attended",renewed
STH501952,TF105734,2.4,long gap since last game attended,renewed
STH506601,TF119586,81.9,"low total spend, low game attendance",not_renewed
STH506941,TF120527,2.4,"low spend per game, low email engagement",renewed
STH504353,TF112776,0.1,"long gap since last game attended, low email engagement",renewed
STH501826,TF105354,16.4,"low game attendance, low email engagement",renewed
STH504945,TF114655,0.2,"low email engagement, tenure",renewed
STH507213,TF121327,1.3,no dominant single factor,renewed
STH504593,TF113528,0.1,no dominant single factor,renewed
STH507139,TF121101,0.3,"tenure, low email engagement",renewed
STH506590,TF119556,0.2,no dominant single factor,renewed
STH505765,TF117160,79.9,"low total spend, long gap since last game attended",not_renewed
STH502605,TF107576,0.1,no dominant single factor,renewed
STH506880,TF120375,7.7,"low total spend, low game attendance",renewed
STH507994,TF123476,0.1,no dominant single factor,renewed
STH506815,TF120203,0.1,no dominant single factor,renewed
STH506227,TF118486,40.2,"low game attendance, low total spend",not_renewed
STH500716,TF102087,0.1,low spend per game,renewed
STH507225,TF121365,92.2,"low total spend, low game attendance",not_renewed
STH502723,TF107901,0.2,tenure,renewed
STH501631,TF104776,0.1,no dominant single factor,renewed
STH506842,TF120269,0.2,"low email engagement, low spend per game",renewed
STH506864,TF120330,0.1,tenure,renewed
STH505058,TF115011,0.1,no dominant single factor,renewed
STH501413,TF104144,0.1,no dominant single factor,renewed
STH503332,TF109701,0.2,tenure,renewed
STH505430,TF116169,49.4,"low game attendance, low total spend",renewed
STH503334,TF109711,2.5,"low email engagement, few emails received",renewed
STH507760,TF122812,1.8,tenure,renewed
STH508297,TF124382,0.3,no dominant single factor,renewed
STH507126,TF121062,0.1,tenure,renewed
STH506499,TF119320,1.4,"low spend per game, few emails received",renewed
STH504729,TF113946,0.2,"tenure, low email engagement",renewed
STH506314,TF118746,0.1,few emails received,renewed
STH502116,TF106202,45.4,"low total spend, low game attendance",not_renewed
STH507376,TF121774,6.9,low game attendance,renewed
STH506055,TF118027,0.4,"few emails received, low email engagement",renewed
STH508149,TF123975,0.3,"low email engagement, tenure",renewed
STH505824,TF117317,3.5,tenure,renewed
STH503874,TF111330,0.3,"low email engagement, tenure",renewed
STH500503,TF101441,1.4,"tenure, low email engagement",not_renewed
STH500671,TF101899,1.2,"low email engagement, low game attendance",renewed
STH501318,TF103873,0.6,"low spend per game, low email engagement",renewed
STH504494,TF113214,0.1,long gap since last game attended,renewed
STH505937,TF117678,0.1,"low spend per game, tenure",renewed
STH507269,TF121474,0.1,tenure,renewed
STH506810,TF120191,0.1,tenure,renewed
STH505310,TF115783,98.0,"low total spend, low game attendance",not_renewed
STH502953,TF108561,0.1,few emails received,renewed
STH503061,TF108908,5.7,"low email engagement, low game attendance",renewed
STH500519,TF101478,0.2,"low spend per game, few emails received",renewed
STH504171,TF112220,0.1,low spend per game,renewed
STH501647,TF104819,0.1,low spend per game,renewed
STH507819,TF122985,0.1,no dominant single factor,renewed
STH508307,TF124410,0.3,no dominant single factor,renewed
STH501806,TF105285,0.3,no dominant single factor,renewed
STH505290,TF115717,0.1,low spend per game,renewed
STH504642,TF113649,0.6,long gap since last game attended,renewed
STH502326,TF106791,3.2,"low game attendance, low total spend",renewed
STH504748,TF114001,0.1,no dominant single factor,renewed
STH507786,TF122891,0.1,low spend per game,renewed
STH500904,TF102644,0.1,tenure,renewed
STH507686,TF122638,2.3,tenure,renewed
STH505154,TF115294,0.1,tenure,renewed
STH504928,TF114603,0.1,low spend per game,renewed
STH508218,TF124145,0.1,"low spend per game, tenure",renewed
STH504186,TF112253,0.6,low spend per game,renewed
STH501564,TF104579,0.2,tenure,renewed
STH505073,TF115047,1.6,"low spend per game, long gap since last game attended",renewed
STH504468,TF113129,1.1,no dominant single factor,renewed
STH507987,TF123457,0.1,tenure,renewed
STH503019,TF108768,1.8,few emails received,renewed
STH502492,TF107270,0.1,no dominant single factor,renewed
STH500918,TF102672,0.1,no dominant single factor,renewed
STH506800,TF120159,0.1,few emails received,renewed
STH505019,TF114898,0.1,tenure,renewed
STH502354,TF106874,0.1,low spend per game,renewed
STH500216,TF100590,0.1,tenure,renewed
STH508224,TF124163,0.1,few emails received,renewed
STH503909,TF111429,1.9,low spend per game,renewed
STH506869,TF120349,0.3,"tenure, low email engagement",renewed
STH507704,TF122686,0.1,low email engagement,renewed
STH506735,TF119964,0.4,"few emails received, low email engagement",renewed
STH503595,TF110516,0.9,low email engagement,renewed
STH505297,TF115728,0.4,"few emails received, tenure",renewed
STH501864,TF105488,1.3,"low spend per game, few emails received",renewed
STH502199,TF106407,0.1,low email engagement,renewed
STH501994,TF105861,2.2,no dominant single factor,renewed
STH505587,TF116651,0.5,few emails received,renewed
STH500701,TF102011,0.7,low spend per game,renewed
STH501020,TF103000,83.6,"low game attendance, low total spend",not_renewed
STH500200,TF100532,0.1,no dominant single factor,renewed
STH501494,TF104364,0.2,no dominant single factor,renewed
STH503232,TF109399,0.1,"tenure, low spend per game",renewed
STH507315,TF121603,3.6,"low game attendance, low total spend",renewed
STH508324,TF124464,30.4,"low email engagement, long gap since last game attended",renewed
STH500254,TF100686,71.0,"low total spend, low game attendance",renewed
STH505842,TF117372,0.3,"low spend per game, few emails received",renewed
STH500796,TF102300,0.3,few emails received,renewed
STH506801,TF120160,0.1,no dominant single factor,renewed
STH502421,TF107054,0.4,no dominant single factor,renewed
STH501872,TF105506,86.9,"low total spend, low game attendance",not_renewed
STH501349,TF103944,10.4,"low total spend, low game attendance",renewed
STH501408,TF104132,0.9,low spend per game,renewed
STH506347,TF118872,0.6,low email engagement,renewed
STH500728,TF102114,0.3,tenure,renewed
STH506668,TF119791,0.1,few emails received,renewed
STH505096,TF115119,0.7,"tenure, low email engagement",renewed
STH502766,TF108034,87.8,"low total spend, low game attendance",not_renewed
STH504490,TF113204,98.5,"low total spend, low game attendance",not_renewed
STH508212,TF124136,0.6,"tenure, low email engagement",renewed
STH503895,TF111401,0.1,low spend per game,renewed
STH501234,TF103633,0.1,no dominant single factor,renewed
STH505255,TF115630,0.2,"few emails received, tenure",renewed
STH508123,TF123878,0.0,no dominant single factor,renewed
STH506456,TF119170,0.1,"low email engagement, few emails received",renewed
STH505590,TF116658,6.8,"low game attendance, low total spend",renewed
STH500547,TF101548,0.2,low spend per game,renewed
STH501479,TF104322,28.1,"low game attendance, long gap since last game attended",renewed
STH501703,TF104990,0.1,tenure,renewed
STH502215,TF106459,0.1,tenure,renewed
STH502661,TF107730,1.0,"few emails received, low spend per game",renewed
STH505686,TF116981,0.1,low spend per game,renewed
STH503943,TF111548,0.2,"tenure, low spend per game",renewed
STH508388,TF124649,1.4,"few emails received, low email engagement",renewed
STH505243,TF115585,0.5,low spend per game,renewed
STH508197,TF124108,0.0,no dominant single factor,renewed
STH505728,TF117072,0.1,no dominant single factor,renewed
STH506297,TF118688,0.1,few emails received,renewed
STH506969,TF120607,1.5,tenure,renewed
STH506167,TF118291,0.1,low spend per game,renewed
STH501626,TF104769,0.2,low spend per game,renewed
STH505929,TF117650,0.2,tenure,renewed
STH506691,TF119833,0.1,no dominant single factor,renewed
STH501881,TF105537,4.4,"long gap since last game attended, low game attendance",renewed
STH505734,TF117089,40.6,"long gap since last game attended, low email engagement",not_renewed
STH507767,TF122833,0.4,"tenure, low email engagement",renewed
STH508400,TF124679,0.1,few emails received,renewed
STH504417,TF112988,0.1,tenure,renewed
STH502893,TF108389,7.1,"low game attendance, low total spend",not_renewed
STH507631,TF122472,0.4,"low spend per game, tenure",renewed
STH505435,TF116177,0.1,"low spend per game, low email engagement",renewed
STH500095,TF100278,0.4,low spend per game,renewed
STH500401,TF101114,0.1,tenure,renewed
STH500372,TF101043,0.2,"tenure, low spend per game",renewed
STH505803,TF117270,0.2,"tenure, low spend per game",renewed
STH504148,TF112151,1.1,low spend per game,renewed
STH501667,TF104890,0.1,no dominant single factor,renewed
STH505799,TF117258,0.2,low email engagement,renewed
STH500448,TF101285,0.0,no dominant single factor,renewed
STH504710,TF113866,5.4,"tenure, low spend per game",renewed
STH505358,TF115931,94.4,"low total spend, low game attendance",not_renewed
STH506155,TF118255,0.1,no dominant single factor,renewed
STH504001,TF111738,14.3,"low total spend, long gap since last game attended",renewed
STH508205,TF124120,0.2,low email engagement,renewed
STH501116,TF103263,0.1,tenure,renewed
STH506451,TF119155,1.1,no dominant single factor,renewed
STH502611,TF107592,0.1,low email engagement,renewed
STH504972,TF114754,0.1,low spend per game,renewed
STH500952,TF102791,0.1,low spend per game,renewed
STH504308,TF112627,0.1,no dominant single factor,renewed
STH508188,TF124072,0.2,"low email engagement, low spend per game",renewed
STH503429,TF110024,0.1,no dominant single factor,renewed
STH506051,TF118012,0.1,"tenure, low spend per game",renewed
STH505256,TF115631,0.6,low email engagement,renewed
STH502371,TF106911,0.5,"low spend per game, few emails received",renewed
STH502381,TF106926,0.1,low email engagement,renewed
STH501358,TF103973,0.1,no dominant single factor,renewed
STH507599,TF122379,0.8,tenure,renewed
STH506265,TF118606,0.1,no dominant single factor,renewed
STH500538,TF101524,59.7,"low total spend, low game attendance",renewed
STH502908,TF108426,0.1,no dominant single factor,renewed
STH507970,TF123422,0.2,low email engagement,renewed
STH506578,TF119523,0.2,low email engagement,renewed
STH501974,TF105793,8.8,low game attendance,renewed
STH507588,TF122355,0.3,"low email engagement, tenure",renewed
STH502824,TF108225,0.1,no dominant single factor,renewed
STH506743,TF119990,0.5,long gap since last game attended,renewed
STH504822,TF114240,1.1,tenure,renewed
STH500089,TF100266,0.5,no dominant single factor,renewed
STH502328,TF106796,0.1,low spend per game,renewed
STH501063,TF103108,6.8,long gap since last game attended,renewed
STH507201,TF121301,0.2,"low email engagement, few emails received",renewed
STH506431,TF119098,0.4,"few emails received, low email engagement",renewed
STH507532,TF122225,98.7,"low total spend, low game attendance",not_renewed
STH507111,TF121025,0.8,"low spend per game, low email engagement",not_renewed
STH500390,TF101089,96.0,"low total spend, low game attendance",not_renewed
STH501643,TF104811,0.5,few emails received,renewed
STH503982,TF111669,0.3,low spend per game,renewed
STH504192,TF112277,0.1,no dominant single factor,renewed
STH501646,TF104817,0.2,low spend per game,renewed
STH507167,TF121187,0.2,tenure,renewed
STH500461,TF101319,0.1,low email engagement,renewed
STH503069,TF108927,0.4,long gap since last game attended,renewed
STH505314,TF115792,0.1,low spend per game,renewed
STH504839,TF114285,1.8,tenure,renewed
STH504671,TF113739,0.1,no dominant single factor,renewed
STH505932,TF117666,0.2,"few emails received, tenure",renewed
STH500780,TF102271,0.4,low email engagement,renewed
STH504445,TF113064,0.2,low email engagement,renewed
STH502961,TF108592,2.3,no dominant single factor,renewed
STH507643,TF122508,0.2,"few emails received, low email engagement",renewed
STH504838,TF114283,0.3,low email engagement,renewed
STH504647,TF113661,0.1,tenure,renewed
STH506677,TF119806,0.1,no dominant single factor,renewed
STH507949,TF123364,0.1,"few emails received, tenure",renewed
STH503379,TF109843,0.2,no dominant single factor,renewed
STH505299,TF115734,0.4,"low spend per game, few emails received",renewed
STH500790,TF102289,3.9,"low spend per game, few emails received",renewed
STH508016,TF123581,1.8,low email engagement,renewed
STH507328,TF121635,0.4,few emails received,renewed
STH502483,TF107250,0.2,no dominant single factor,renewed
STH503811,TF111143,0.2,"low spend per game, tenure",renewed
STH500027,TF100069,0.1,no dominant single factor,renewed
STH508479,TF124942,0.2,tenure,renewed
STH505302,TF115748,0.3,no dominant single factor,renewed
STH505511,TF116417,0.2,low email engagement,renewed
STH502812,TF108176,0.5,tenure,renewed
STH507199,TF121298,0.2,tenure,renewed
STH501608,TF104727,95.9,"low total spend, low game attendance",not_renewed
STH504799,TF114179,0.3,tenure,renewed
STH507497,TF122119,0.1,low email engagement,renewed
STH501121,TF103278,0.3,"low spend per game, few emails received",renewed
STH505421,TF116140,1.1,tenure,renewed
STH507997,TF123489,14.1,"low game attendance, low total spend",renewed
STH504340,TF112733,0.3,low email engagement,renewed
STH505615,TF116746,0.1,tenure,renewed
STH503103,TF109027,0.1,few emails received,renewed
STH508130,TF123896,0.3,"low email engagement, tenure",renewed
STH503611,TF110552,0.6,"low email engagement, few emails received",renewed
STH505660,TF116900,0.1,no dominant single factor,renewed
STH507108,TF121020,0.3,few emails received,renewed
STH506795,TF120145,87.9,"low total spend, low game attendance",not_renewed
STH502756,TF108001,0.1,low spend per game,renewed
STH506957,TF120570,0.9,low spend per game,renewed
STH505969,TF117774,98.8,"low total spend, low game attendance",not_renewed
STH505935,TF117675,0.1,low spend per game,renewed
STH500611,TF101727,0.1,low spend per game,renewed
STH502822,TF108206,2.4,tenure,renewed
STH503518,TF110307,0.3,low email engagement,renewed
STH501270,TF103758,0.1,few emails received,renewed
STH504132,TF112101,0.5,"few emails received, tenure",renewed
STH504504,TF113265,0.1,low email engagement,renewed
STH501343,TF103935,16.7,"low game attendance, low total spend",renewed
STH500620,TF101761,3.8,"long gap since last game attended, low email engagement",renewed
STH503294,TF109590,98.6,"low total spend, low game attendance",not_renewed
STH506248,TF118558,6.5,"low spend per game, low total spend",renewed
STH504378,TF112883,91.7,"low total spend, low game attendance",not_renewed
STH501115,TF103258,0.3,"low spend per game, low email engagement",renewed
STH502817,TF108194,1.2,"low email engagement, low spend per game",renewed
STH501645,TF104816,0.0,tenure,renewed
STH507117,TF121042,0.1,no dominant single factor,renewed
STH505943,TF117692,77.0,"low total spend, low game attendance",not_renewed
STH508321,TF124449,0.1,tenure,renewed
STH501962,TF105757,0.2,low spend per game,renewed
STH503205,TF109320,0.1,no dominant single factor,renewed
STH502283,TF106650,0.2,"few emails received, tenure",renewed
STH505133,TF115235,0.1,no dominant single factor,renewed
STH502482,TF107248,0.2,tenure,renewed
STH504218,TF112355,0.1,low spend per game,renewed
STH507417,TF121893,0.2,tenure,renewed
STH503933,TF111500,0.1,no dominant single factor,renewed
STH507450,TF121978,0.2,tenure,renewed
STH501727,TF105053,0.1,low email engagement,renewed
STH502682,TF107789,0.1,no dominant single factor,renewed
STH501633,TF104785,65.4,"low game attendance, low total spend",not_renewed
STH506695,TF119845,54.7,"low game attendance, low total spend",not_renewed
STH504840,TF114289,2.2,low spend per game,renewed
STH502800,TF108140,0.2,"low email engagement, low spend per game",renewed
STH507763,TF122816,0.1,no dominant single factor,renewed
STH500590,TF101669,0.1,"tenure, long gap since last game attended",renewed
STH503749,TF110959,1.1,low email engagement,renewed
STH508012,TF123571,0.3,no dominant single factor,renewed
STH507266,TF121460,0.4,"low email engagement, low spend per game",renewed
STH506843,TF120272,0.2,"low email engagement, tenure",renewed
STH502099,TF106158,0.2,no dominant single factor,renewed
STH506010,TF117901,0.1,no dominant single factor,renewed
STH505095,TF115116,0.1,no dominant single factor,renewed
STH506345,TF118868,0.4,"low email engagement, low spend per game",renewed
STH501468,TF104277,0.1,no dominant single factor,renewed
STH506962,TF120585,0.1,tenure,renewed
STH507579,TF122342,0.1,no dominant single factor,renewed
STH505373,TF115985,0.1,low spend per game,renewed
STH508153,TF123983,3.1,no dominant single factor,renewed
STH506487,TF119277,0.3,"long gap since last game attended, tenure",renewed
STH508052,TF123683,0.1,no dominant single factor,renewed
STH500097,TF100280,58.7,"low total spend, low game attendance",not_renewed
STH504125,TF112081,1.2,long gap since last game attended,renewed
STH500726,TF102111,0.1,low email engagement,renewed
STH502152,TF106310,87.4,"low total spend, low game attendance",not_renewed
STH506540,TF119422,3.9,few emails received,renewed
STH500913,TF102659,0.2,tenure,renewed
STH501957,TF105749,0.1,tenure,renewed
STH501620,TF104756,1.4,"low email engagement, few emails received",renewed
STH506271,TF118627,0.1,"tenure, few emails received",renewed
STH501831,TF105370,0.1,long gap since last game attended,renewed
STH502658,TF107725,0.7,low spend per game,renewed
STH505559,TF116557,0.5,"long gap since last game attended, low email engagement",renewed
STH501637,TF104791,0.1,no dominant single factor,renewed
STH505132,TF115232,97.5,"low total spend, low game attendance",not_renewed
STH503386,TF109860,61.1,"low game attendance, low total spend",not_renewed
STH507659,TF122554,0.3,tenure,renewed
STH501295,TF103820,0.1,"tenure, low spend per game",renewed
STH502034,TF105961,0.2,"low email engagement, few emails received",renewed
STH500157,TF100430,0.3,no dominant single factor,renewed
STH503116,TF109054,0.2,long gap since last game attended,renewed
STH502786,TF108084,0.1,"low spend per game, tenure",renewed
STH503495,TF110238,6.9,"low game attendance, low spend per game",renewed
STH504700,TF113831,0.1,no dominant single factor,renewed
STH507586,TF122352,0.1,tenure,renewed
STH506937,TF120509,88.6,"low total spend, low game attendance",not_renewed
STH504624,TF113617,0.1,no dominant single factor,renewed
STH505087,TF115087,26.4,"low total spend, low game attendance",renewed
STH501607,TF104726,0.1,tenure,renewed
STH501039,TF103048,0.1,low spend per game,renewed
STH508478,TF124941,0.2,no dominant single factor,renewed
STH505545,TF116504,0.1,tenure,renewed
STH507594,TF122365,0.2,long gap since last game attended,renewed
STH505184,TF115402,1.9,"tenure, low email engagement",renewed
STH502750,TF107984,0.1,"low email engagement, low spend per game",renewed
STH505771,TF117182,0.3,low email engagement,renewed
STH506966,TF120597,0.1,no dominant single factor,renewed
STH501931,TF105667,0.2,low email engagement,renewed
STH503830,TF111197,0.3,long gap since last game attended,renewed
STH503175,TF109240,0.1,no dominant single factor,renewed
STH506362,TF118911,0.1,no dominant single factor,renewed
STH502175,TF106350,0.1,tenure,renewed
STH507470,TF122043,55.9,"low total spend, low game attendance",renewed
STH505035,TF114945,0.1,"tenure, low spend per game",renewed
STH504349,TF112765,0.1,low spend per game,renewed
STH501815,TF105313,0.1,tenure,renewed
STH508457,TF124874,0.1,low email engagement,renewed
STH500317,TF100883,7.0,low game attendance,renewed
STH502689,TF107817,1.4,"tenure, low email engagement",renewed
STH506709,TF119886,0.1,no dominant single factor,renewed
STH505902,TF117556,5.3,low game attendance,renewed
STH506745,TF120003,0.1,no dominant single factor,renewed
STH502479,TF107239,0.3,tenure,renewed
STH502247,TF106541,0.3,"few emails received, low email engagement",renewed
STH501150,TF103378,0.1,tenure,renewed
STH500909,TF102651,0.1,tenure,renewed
STH505914,TF117611,84.4,"low total spend, low game attendance",not_renewed
STH508368,TF124571,0.1,few emails received,renewed
STH501822,TF105329,0.7,low spend per game,renewed
STH506137,TF118200,4.2,long gap since last game attended,renewed
STH502590,TF107535,0.1,no dominant single factor,renewed
STH500490,TF101413,0.2,no dominant single factor,renewed
STH504419,TF112994,0.2,tenure,renewed
STH500114,TF100317,0.3,long gap since last game attended,renewed
STH505961,TF117755,0.2,"low email engagement, low spend per game",renewed
STH507224,TF121362,0.2,low email engagement,renewed
STH500827,TF102396,0.2,few emails received,renewed
STH504660,TF113699,0.1,few emails received,renewed
STH501789,TF105232,1.6,"tenure, long gap since last game attended",renewed
STH508168,TF124033,0.1,tenure,renewed
STH500897,TF102625,0.2,no dominant single factor,renewed
STH507701,TF122678,1.9,no dominant single factor,renewed
STH500784,TF102277,0.3,low spend per game,renewed
STH507731,TF122744,0.7,tenure,renewed
STH504320,TF112662,41.1,"low total spend, low game attendance",renewed
STH507439,TF121947,0.2,low email engagement,renewed
STH503111,TF109040,10.2,low game attendance,renewed
STH508245,TF124232,0.2,"low spend per game, low email engagement",renewed
STH501481,TF104326,0.4,"few emails received, tenure",renewed
STH500908,TF102650,0.4,"low spend per game, few emails received",renewed
STH508193,TF124090,0.1,tenure,renewed
STH507971,TF123423,0.1,no dominant single factor,renewed
STH504950,TF114669,1.3,no dominant single factor,renewed
STH501053,TF103077,0.0,no dominant single factor,renewed
STH505291,TF115720,1.4,long gap since last game attended,renewed
STH501927,TF105660,45.8,"low game attendance, low total spend",renewed
STH507338,TF121671,0.2,tenure,renewed
STH504088,TF111977,0.1,low email engagement,renewed
STH506281,TF118662,0.1,tenure,renewed
STH501209,TF103566,0.2,low spend per game,renewed
STH503414,TF109976,0.2,few emails received,renewed
STH505036,TF114946,0.1,low spend per game,renewed
STH508174,TF124046,95.9,"low total spend, low game attendance",not_renewed
STH501588,TF104643,0.3,tenure,renewed
STH507459,TF122000,0.4,"low spend per game, tenure",renewed
STH503010,TF108741,0.1,low email engagement,renewed
STH504759,TF114042,3.4,"tenure, low spend per game",renewed
STH504288,TF112574,4.1,low email engagement,renewed
STH504522,TF113310,2.3,"low email engagement, few emails received",renewed
STH507234,TF121377,1.9,"low email engagement, low spend per game",renewed
STH507789,TF122907,1.1,"long gap since last game attended, low spend per game",renewed
STH501200,TF103541,1.3,"low email engagement, tenure",renewed
STH505809,TF117287,4.4,long gap since last game attended,not_renewed
STH507227,TF121367,34.9,"low total spend, long gap since last game attended",renewed
STH503358,TF109784,0.1,"tenure, few emails received",renewed
STH507043,TF120829,0.1,tenure,renewed
STH501732,TF105071,5.3,"few emails received, low game attendance",renewed
STH504969,TF114741,0.0,no dominant single factor,renewed
STH505609,TF116726,0.2,low spend per game,renewed
STH503475,TF110169,0.1,no dominant single factor,renewed
STH507003,TF120704,1.0,"low email engagement, low spend per game",renewed
STH501894,TF105572,0.1,few emails received,renewed
STH506960,TF120576,0.2,tenure,renewed
STH505103,TF115137,0.1,no dominant single factor,renewed
STH502883,TF108367,0.0,no dominant single factor,renewed
STH504967,TF114736,0.1,tenure,renewed
STH501106,TF103231,0.1,no dominant single factor,renewed
STH503411,TF109961,0.1,tenure,renewed
STH506626,TF119659,0.0,no dominant single factor,renewed
STH504909,TF114523,0.1,tenure,renewed
STH503003,TF108724,0.4,low email engagement,renewed
STH500708,TF102043,0.2,low spend per game,renewed
STH503789,TF111087,0.1,"low email engagement, tenure",renewed
STH504430,TF113024,0.3,tenure,renewed
STH504440,TF113047,0.1,no dominant single factor,renewed
STH501338,TF103929,0.1,long gap since last game attended,renewed
STH504755,TF114025,0.1,tenure,renewed
STH500106,TF100306,1.7,"low total spend, long gap since last game attended",renewed
STH501689,TF104943,0.1,tenure,renewed
STH502062,TF106041,0.3,low spend per game,renewed
STH505521,TF116437,0.1,tenure,renewed
STH505603,TF116703,0.1,tenure,renewed
STH504462,TF113116,0.2,tenure,renewed
STH507722,TF122725,0.1,low email engagement,renewed
STH500724,TF102109,0.1,tenure,renewed
STH501583,TF104631,28.5,"low total spend, low game attendance",renewed
STH505022,TF114917,0.1,low email engagement,renewed
STH504312,TF112646,6.6,low game attendance,renewed
STH504090,TF111981,0.1,few emails received,renewed
STH500568,TF101599,1.2,no dominant single factor,renewed
STH502010,TF105891,0.1,low spend per game,renewed
STH501325,TF103889,4.4,"tenure, low email engagement",renewed
STH502831,TF108243,70.7,"low total spend, low game attendance",not_renewed
STH504015,TF111768,0.1,few emails received,renewed
STH504966,TF114735,0.1,tenure,renewed
STH505010,TF114874,0.2,"tenure, low email engagement",renewed
STH500657,TF101849,0.1,tenure,renewed
STH504244,TF112457,0.2,"low spend per game, few emails received",renewed
STH506535,TF119403,0.2,low email engagement,renewed
STH507527,TF122207,0.2,low email engagement,renewed
STH500468,TF101342,0.1,no dominant single factor,renewed
STH505003,TF114846,97.8,"low total spend, low game attendance",not_renewed
STH505370,TF115981,0.1,low spend per game,renewed
STH500774,TF102254,9.6,low total spend,renewed
STH508144,TF123954,0.2,tenure,renewed
STH504820,TF114237,1.4,few emails received,renewed
STH506938,TF120513,0.5,low email engagement,renewed
STH503097,TF109010,0.1,few emails received,renewed
STH501285,TF103793,1.9,long gap since last game attended,renewed
STH502856,TF108305,79.9,"low total spend, low game attendance",renewed
STH508302,TF124400,26.6,"low total spend, low game attendance",renewed
STH500841,TF102448,0.2,low spend per game,renewed
STH503385,TF109856,0.1,"low email engagement, few emails received",renewed
STH508102,TF123826,0.1,low spend per game,renewed
STH502181,TF106365,0.1,no dominant single factor,renewed
STH500878,TF102564,95.3,"low total spend, low game attendance",not_renewed
STH504689,TF113797,0.2,tenure,renewed
STH502289,TF106663,0.1,tenure,renewed
STH503416,TF109986,0.2,low email engagement,renewed
STH501064,TF103112,84.4,"low total spend, long gap since last game attended",not_renewed
STH506185,TF118337,0.1,no dominant single factor,renewed
STH506021,TF117937,0.1,no dominant single factor,renewed
STH504742,TF113985,0.3,low spend per game,renewed
STH504249,TF112478,0.6,"low email engagement, tenure",renewed
STH505594,TF116666,0.1,tenure,renewed
STH500146,TF100399,0.1,no dominant single factor,renewed
STH504988,TF114794,1.7,low email engagement,renewed
STH505948,TF117704,0.1,no dominant single factor,renewed
STH505059,TF115013,0.2,"tenure, low email engagement",renewed
STH505884,TF117498,0.1,no dominant single factor,renewed
STH501557,TF104550,0.1,no dominant single factor,renewed
STH506446,TF119138,13.2,"low game attendance, low total spend",renewed
STH503589,TF110491,94.3,"low total spend, low game attendance",not_renewed
STH505512,TF116418,0.2,"low spend per game, tenure",renewed
STH506883,TF120382,0.4,"few emails received, low email engagement",renewed
STH507741,TF122774,0.3,tenure,renewed
STH504874,TF114439,0.3,"tenure, low spend per game",renewed
STH503072,TF108934,0.1,no dominant single factor,renewed
STH505480,TF116313,0.1,low spend per game,renewed
STH500238,TF100648,0.1,no dominant single factor,renewed
STH505800,TF117260,0.2,no dominant single factor,renewed
STH503999,TF111729,0.2,low spend per game,renewed
STH500243,TF100654,0.2,"tenure, low spend per game",renewed
STH501925,TF105654,0.1,tenure,renewed
STH505147,TF115265,0.0,no dominant single factor,renewed
STH505874,TF117472,17.5,low total spend,renewed
STH500980,TF102874,0.1,"low spend per game, tenure",renewed
STH501269,TF103753,0.1,no dominant single factor,renewed
STH507133,TF121085,0.4,low spend per game,renewed
STH508358,TF124550,0.2,"tenure, few emails received",renewed
STH507919,TF123290,81.9,"low total spend, low game attendance",not_renewed
STH507137,TF121095,0.3,low spend per game,renewed
STH506602,TF119588,8.1,"long gap since last game attended, tenure",renewed
STH502823,TF108223,5.9,"few emails received, low email engagement",renewed
STH505661,TF116902,97.6,"low total spend, low game attendance",not_renewed
STH505506,TF116397,0.2,few emails received,renewed
STH503639,TF110639,18.2,"low game attendance, few emails received",renewed
STH506404,TF119026,0.0,no dominant single factor,renewed
STH504242,TF112448,0.1,no dominant single factor,renewed
STH501875,TF105520,0.1,no dominant single factor,renewed
STH502843,TF108269,0.6,tenure,renewed
STH500659,TF101856,1.1,"tenure, long gap since last game attended",renewed
STH500489,TF101412,0.1,tenure,renewed
STH507113,TF121028,0.0,no dominant single factor,renewed
STH505463,TF116269,0.1,no dominant single factor,renewed
STH501791,TF105235,0.1,no dominant single factor,renewed
STH500462,TF101323,0.1,low spend per game,renewed
STH503190,TF109282,0.1,low email engagement,renewed
STH503172,TF109235,6.2,"long gap since last game attended, low game attendance",renewed
STH508084,TF123785,0.2,"low email engagement, tenure",renewed
STH504629,TF113624,0.1,no dominant single factor,renewed
STH500964,TF102830,0.9,low game attendance,renewed
STH505079,TF115074,0.1,low spend per game,renewed
STH506246,TF118552,3.5,tenure,renewed
STH507084,TF120949,1.0,"few emails received, low email engagement",renewed
STH507303,TF121558,0.2,tenure,renewed
STH504252,TF112482,0.2,few emails received,renewed
STH501907,TF105606,1.9,no dominant single factor,renewed
STH505332,TF115849,95.9,"low total spend, low game attendance",not_renewed
STH504680,TF113759,0.1,no dominant single factor,renewed
STH505808,TF117285,0.1,low spend per game,renewed
STH502489,TF107262,5.9,low game attendance,renewed
STH500391,TF101090,0.1,low email engagement,renewed
STH508164,TF124023,19.8,"low total spend, low game attendance",renewed
STH501093,TF103200,0.3,no dominant single factor,renewed
STH504005,TF111749,0.1,tenure,renewed
STH501950,TF105732,2.5,low spend per game,renewed
STH500339,TF100938,63.5,"low total spend, low game attendance",not_renewed
STH506432,TF119099,1.4,"long gap since last game attended, few emails received",renewed
STH502978,TF108639,0.1,low spend per game,renewed
STH508132,TF123902,0.6,"long gap since last game attended, tenure",renewed
STH501054,TF103085,32.3,"low game attendance, low email engagement",not_renewed
STH502150,TF106305,0.1,low spend per game,renewed
STH506363,TF118917,0.1,no dominant single factor,renewed
STH506113,TF118155,98.6,"low total spend, low game attendance",not_renewed
STH502403,TF106994,97.8,"low total spend, low game attendance",not_renewed
STH504559,TF113411,0.1,no dominant single factor,renewed
STH505626,TF116792,0.2,tenure,renewed
STH501851,TF105445,0.1,tenure,renewed
STH505851,TF117392,0.2,no dominant single factor,renewed
STH507538,TF122245,0.1,no dominant single factor,renewed
STH503136,TF109110,0.1,tenure,renewed
STH506308,TF118730,0.1,no dominant single factor,renewed
STH507888,TF123201,15.2,"low total spend, low game attendance",renewed
STH503062,TF108909,7.5,"tenure, low total spend",renewed
STH502844,TF108274,82.6,"low total spend, low game attendance",renewed
STH505717,TF117043,0.1,low spend per game,renewed
STH503177,TF109246,76.6,"low total spend, low game attendance",not_renewed
STH507546,TF122265,0.2,tenure,renewed
STH506169,TF118294,0.1,low spend per game,renewed
STH505489,TF116343,0.3,low email engagement,renewed
STH501879,TF105535,0.1,low spend per game,renewed
STH500794,TF102296,0.4,"few emails received, tenure",renewed
STH502637,TF107656,0.1,no dominant single factor,renewed
STH500846,TF102462,0.2,no dominant single factor,renewed
STH506161,TF118269,1.1,low spend per game,renewed
STH502523,TF107350,4.2,"few emails received, tenure",renewed
STH503089,TF108984,0.1,"low spend per game, tenure",renewed
STH504338,TF112728,0.1,no dominant single factor,renewed
STH506946,TF120538,0.1,tenure,renewed
STH507647,TF122516,0.1,tenure,renewed
STH504285,TF112564,0.1,no dominant single factor,renewed
STH507996,TF123487,0.2,few emails received,renewed
STH501592,TF104657,0.1,low email engagement,renewed
STH505336,TF115876,0.1,no dominant single factor,renewed
STH505970,TF117776,0.2,no dominant single factor,renewed
STH502183,TF106367,0.1,tenure,renewed
STH508047,TF123674,0.1,low email engagement,renewed
STH501036,TF103040,0.2,tenure,renewed
STH504369,TF112839,0.1,no dominant single factor,renewed
STH501644,TF104815,96.4,"low total spend, low game attendance",not_renewed
STH503447,TF110075,0.3,tenure,renewed
STH507898,TF123234,0.1,tenure,renewed
STH505682,TF116969,0.4,"low email engagement, few emails received",renewed
STH501706,TF104998,0.1,tenure,renewed
STH507780,TF122873,0.1,low spend per game,renewed
STH503914,TF111441,0.2,low spend per game,renewed
STH500814,TF102350,97.4,"low total spend, low game attendance",not_renewed
STH501424,TF104162,0.0,no dominant single factor,renewed
STH506138,TF118209,0.1,"tenure, few emails received",renewed
STH503552,TF110396,0.1,few emails received,renewed
STH505321,TF115815,0.1,no dominant single factor,renewed
STH501676,TF104917,0.2,low spend per game,renewed
STH506291,TF118679,0.1,long gap since last game attended,renewed
STH503781,TF111053,0.1,no dominant single factor,renewed
STH505050,TF114977,0.3,low email engagement,renewed
STH505341,TF115894,12.7,low total spend,renewed
STH504532,TF113328,0.1,no dominant single factor,renewed
STH504350,TF112768,0.2,"low email engagement, tenure",renewed
STH502191,TF106391,7.3,low email engagement,renewed
STH502207,TF106430,0.1,few emails received,renewed
STH508354,TF124542,0.1,tenure,renewed
STH500800,TF102307,0.1,no dominant single factor,renewed
STH506217,TF118455,0.0,low spend per game,renewed
STH506903,TF120429,3.6,no dominant single factor,renewed
STH504804,TF114190,0.1,tenure,renewed
STH503112,TF109044,0.0,no dominant single factor,renewed
STH506208,TF118418,0.1,no dominant single factor,renewed
STH504620,TF113602,0.1,no dominant single factor,renewed
STH506322,TF118766,94.1,"low total spend, low game attendance",not_renewed
STH506160,TF118267,0.2,low email engagement,renewed
STH501058,TF103100,0.1,no dominant single factor,renewed
STH501575,TF104613,0.2,"low email engagement, tenure",renewed
STH508172,TF124041,0.1,no dominant single factor,renewed
STH504798,TF114170,23.4,"low game attendance, low total spend",renewed
STH503810,TF111141,0.3,"few emails received, long gap since last game attended",renewed
STH503986,TF111674,0.1,few emails received,renewed
STH504796,TF114166,1.1,"low email engagement, few emails received",renewed
STH501361,TF103981,2.1,tenure,renewed
STH507963,TF123407,92.4,"low total spend, low game attendance",not_renewed
STH502980,TF108647,0.7,tenure,renewed
STH500478,TF101379,0.4,low email engagement,renewed
STH501506,TF104400,0.0,no dominant single factor,renewed
STH504475,TF113151,0.1,"low email engagement, tenure",renewed
STH501162,TF103419,3.6,"tenure, low spend per game",renewed
STH506923,TF120482,0.1,no dominant single factor,renewed
STH505611,TF116728,0.1,no dominant single factor,renewed
STH500091,TF100271,0.1,"low spend per game, low email engagement",renewed
STH501363,TF103987,0.1,no dominant single factor,renewed
STH506567,TF119497,0.1,low spend per game,renewed
STH507700,TF122676,71.0,"low game attendance, low total spend",not_renewed
STH503664,TF110729,0.1,tenure,renewed
STH503866,TF111292,1.0,low email engagement,renewed
STH504003,TF111744,0.2,"few emails received, low email engagement",renewed
STH507857,TF123093,90.8,"low total spend, low game attendance",not_renewed
STH504824,TF114252,0.2,no dominant single factor,renewed
STH503390,TF109887,0.6,low game attendance,renewed
STH500915,TF102663,33.5,"low game attendance, low total spend",renewed
STH507366,TF121757,0.8,tenure,renewed
STH501944,TF105703,0.1,no dominant single factor,renewed
STH507024,TF120774,0.1,few emails received,renewed
STH502600,TF107567,0.1,low spend per game,renewed
STH507241,TF121396,0.2,tenure,renewed
STH501087,TF103189,0.1,tenure,renewed
STH507605,TF122395,0.3,no dominant single factor,renewed
STH506732,TF119958,42.3,"low total spend, low game attendance",not_renewed
STH503407,TF109948,2.6,low email engagement,renewed
STH500050,TF100161,0.1,low spend per game,renewed
STH500524,TF101487,0.8,"long gap since last game attended, low email engagement",renewed
STH503500,TF110251,42.5,"low total spend, low game attendance",not_renewed
STH502842,TF108266,0.8,low spend per game,renewed
STH507301,TF121546,0.1,tenure,renewed
STH506993,TF120675,0.1,low spend per game,renewed
STH507198,TF121297,0.6,tenure,renewed
STH507974,TF123429,59.1,"low total spend, low game attendance",renewed
STH504054,TF111895,0.5,"tenure, low email engagement",renewed
STH508048,TF123675,0.1,no dominant single factor,renewed
STH507545,TF122264,0.8,tenure,renewed
STH500834,TF102432,5.7,"low total spend, low game attendance",renewed
STH508476,TF124934,0.2,low email engagement,renewed
STH502520,TF107339,0.1,tenure,renewed
STH505276,TF115679,0.1,no dominant single factor,renewed
STH503641,TF110647,0.2,tenure,renewed
STH503055,TF108891,0.1,no dominant single factor,renewed
STH501736,TF105080,0.0,no dominant single factor,renewed
STH502794,TF108122,0.1,no dominant single factor,renewed
STH504428,TF113016,0.2,no dominant single factor,renewed
STH505477,TF116308,0.1,few emails received,renewed
STH500111,TF100313,43.8,"low game attendance, low total spend",not_renewed
STH502494,TF107278,0.2,low email engagement,renewed
STH508125,TF123884,1.4,"tenure, few emails received",renewed
STH502317,TF106756,0.8,no dominant single factor,renewed
STH507499,TF122123,0.1,long gap since last game attended,renewed
STH501762,TF105167,0.1,low spend per game,renewed
STH503987,TF111677,0.1,tenure,renewed
STH500548,TF101549,9.6,"low game attendance, low total spend",renewed
STH502954,TF108565,0.1,no dominant single factor,renewed
STH503547,TF110380,0.1,no dominant single factor,renewed
STH507671,TF122600,0.1,no dominant single factor,renewed
STH506532,TF119398,0.1,no dominant single factor,renewed
STH500537,TF101516,0.2,low spend per game,renewed
STH506797,TF120149,0.1,tenure,renewed
STH501337,TF103928,98.5,"low total spend, low game attendance",not_renewed
STH505663,TF116908,27.8,"low game attendance, low total spend",renewed
STH505077,TF115066,0.0,no dominant single factor,renewed
STH500979,TF102868,0.2,"low email engagement, low spend per game",renewed
STH501990,TF105852,2.2,few emails received,renewed
STH502936,TF108502,0.1,no dominant single factor,renewed
STH508231,TF124186,1.1,"tenure, long gap since last game attended",renewed
STH506556,TF119463,0.2,low spend per game,renewed
STH506699,TF119860,1.8,tenure,renewed
STH505176,TF115367,36.1,"low total spend, low game attendance",renewed
STH500453,TF101293,2.5,"low total spend, tenure",renewed
STH503894,TF111395,0.1,no dominant single factor,renewed
STH506459,TF119176,0.1,low spend per game,renewed
STH507663,TF122574,1.4,low spend per game,renewed
STH507542,TF122251,0.1,no dominant single factor,renewed
STH500169,TF100469,2.5,"low game attendance, low spend per game",renewed
STH506255,TF118572,0.0,low email engagement,renewed
STH502762,TF108021,47.3,"low game attendance, low total spend",renewed
STH505160,TF115314,0.1,tenure,renewed
STH507943,TF123344,0.1,"tenure, low spend per game",renewed
STH501117,TF103265,10.2,"low spend per game, few emails received",not_renewed
STH508289,TF124345,0.1,tenure,renewed
STH505009,TF114872,98.3,"low total spend, low game attendance",not_renewed
STH502855,TF108304,0.1,no dominant single factor,renewed
STH506746,TF120008,0.1,few emails received,renewed
STH506240,TF118523,95.5,"low total spend, low game attendance",not_renewed
STH503613,TF110562,0.1,few emails received,renewed
STH500474,TF101359,5.4,"tenure, low spend per game",renewed
STH506663,TF119773,0.0,no dominant single factor,renewed
STH503382,TF109852,0.1,few emails received,renewed
STH500615,TF101735,0.3,long gap since last game attended,renewed
STH501540,TF104513,0.1,tenure,renewed
STH500966,TF102835,0.2,"tenure, low email engagement",renewed
STH504563,TF113435,45.7,"low game attendance, low total spend",renewed
STH504519,TF113306,0.1,tenure,renewed
STH502451,TF107162,2.2,"tenure, low email engagement",renewed
STH506463,TF119201,0.5,"low email engagement, few emails received",renewed
STH502285,TF106655,1.1,"few emails received, low spend per game",renewed
STH502068,TF106052,0.0,few emails received,renewed
STH500986,TF102885,0.1,"low email engagement, low spend per game",renewed
STH504589,TF113517,63.0,"low total spend, low game attendance",renewed
STH507508,TF122150,0.2,"tenure, low spend per game",renewed
STH507617,TF122442,93.3,"low total spend, low game attendance",not_renewed
STH508367,TF124570,99.1,"low total spend, low game attendance",not_renewed
STH501568,TF104586,0.4,"low email engagement, low spend per game",renewed
STH501443,TF104218,3.8,"tenure, low email engagement",renewed
STH506495,TF119303,0.1,no dominant single factor,renewed
STH508230,TF124178,1.4,no dominant single factor,renewed
STH502211,TF106434,96.2,"low total spend, low game attendance",not_renewed
STH500976,TF102863,0.1,tenure,renewed
STH500933,TF102723,0.2,low email engagement,renewed
STH504623,TF113614,0.1,few emails received,renewed
STH502528,TF107361,5.5,"tenure, low game attendance",renewed
STH506790,TF120129,0.1,no dominant single factor,renewed
STH504499,TF113249,2.2,"tenure, few emails received",renewed
STH502051,TF106014,0.1,tenure,renewed
STH501254,TF103698,0.1,no dominant single factor,renewed
STH505931,TF117663,0.4,low email engagement,renewed
STH502309,TF106738,0.1,"tenure, few emails received",renewed
STH500929,TF102705,98.1,"low total spend, low game attendance",not_renewed
STH506876,TF120364,91.7,"low total spend, low game attendance",not_renewed
STH503434,TF110044,98.5,"low total spend, low game attendance",not_renewed
STH506820,TF120211,1.8,no dominant single factor,renewed
STH500653,TF101837,0.1,no dominant single factor,renewed
STH500700,TF102007,10.4,"low total spend, low game attendance",renewed
STH504225,TF112371,0.1,no dominant single factor,renewed
STH503886,TF111368,0.1,low spend per game,renewed
STH503078,TF108953,0.2,tenure,renewed
STH508066,TF123728,0.1,no dominant single factor,renewed
STH501478,TF104319,0.1,no dominant single factor,renewed
STH503946,TF111553,0.3,few emails received,renewed
STH507891,TF123211,0.1,few emails received,renewed
STH502279,TF106638,0.2,"few emails received, low spend per game",renewed
STH501428,TF104178,0.4,low email engagement,renewed
STH506593,TF119565,2.5,"low total spend, low email engagement",renewed
STH507353,TF121716,2.2,low total spend,renewed
STH500446,TF101278,0.1,no dominant single factor,renewed
STH501697,TF104967,3.6,tenure,renewed
STH506290,TF118678,0.1,low spend per game,renewed
STH501178,TF103455,88.1,"low total spend, low game attendance",renewed
STH505744,TF117117,3.4,"tenure, low email engagement",renewed
STH504936,TF114627,2.9,"low total spend, low game attendance",not_renewed
STH504466,TF113124,0.1,no dominant single factor,renewed
STH507640,TF122502,0.3,low spend per game,renewed
STH504004,TF111748,0.0,tenure,renewed
STH505313,TF115790,12.8,"low game attendance, low total spend",renewed
STH506520,TF119371,0.1,no dominant single factor,renewed
STH507215,TF121329,0.2,"tenure, low spend per game",renewed
STH500217,TF100593,0.2,low spend per game,renewed
STH505348,TF115907,0.7,low email engagement,renewed
STH502076,TF106076,0.1,few emails received,renewed
STH504228,TF112377,55.5,"low total spend, low game attendance",renewed
STH500775,TF102255,60.5,"low total spend, low game attendance",renewed
STH501243,TF103663,0.1,tenure,renewed
STH500805,TF102322,0.2,low email engagement,renewed
STH503708,TF110840,0.2,no dominant single factor,renewed
STH503768,TF111003,0.3,"few emails received, tenure",renewed
STH507320,TF121623,0.1,tenure,renewed
STH501086,TF103186,0.2,"low spend per game, low email engagement",renewed
STH501152,TF103388,0.1,long gap since last game attended,renewed
STH504974,TF114763,0.1,low spend per game,renewed
STH502113,TF106194,0.7,"low spend per game, low email engagement",renewed
STH500038,TF100110,5.5,no dominant single factor,renewed
STH508082,TF123783,0.2,tenure,renewed
STH502700,TF107849,1.1,"tenure, low email engagement",renewed
STH505828,TF117334,0.2,tenure,renewed
STH506384,TF118973,0.1,low spend per game,renewed
STH505556,TF116549,4.7,"low game attendance, low email engagement",renewed
STH501060,TF103104,2.2,"low spend per game, few emails received",renewed
STH503029,TF108798,0.2,low email engagement,renewed
STH507041,TF120826,0.0,low email engagement,renewed
STH503098,TF109015,0.1,low email engagement,renewed
STH505320,TF115814,0.1,low email engagement,renewed
STH507208,TF121311,0.1,tenure,renewed
STH503612,TF110557,0.0,no dominant single factor,renewed
STH501405,TF104104,0.1,"tenure, low spend per game",renewed
STH502006,TF105882,93.5,"low total spend, low game attendance",not_renewed
STH501536,TF104504,5.1,low email engagement,not_renewed
STH502405,TF107001,0.2,tenure,renewed
STH508333,TF124485,0.2,low spend per game,renewed
STH500801,TF102308,0.1,tenure,renewed
STH500272,TF100740,0.3,low email engagement,renewed
STH507773,TF122853,0.2,low spend per game,renewed
STH507074,TF120915,50.4,"low email engagement, low game attendance",not_renewed
STH502163,TF106326,0.1,no dominant single factor,renewed
STH502996,TF108708,0.1,"tenure, low email engagement",renewed
STH500132,TF100365,0.1,"low spend per game, tenure",renewed
STH502871,TF108341,0.1,tenure,renewed
STH500167,TF100458,0.1,"low spend per game, low email engagement",renewed
STH504103,TF112025,0.2,"low email engagement, long gap since last game attended",renewed
STH504311,TF112634,95.7,"low total spend, low game attendance",not_renewed
STH505576,TF116614,0.1,few emails received,renewed
STH501332,TF103916,0.1,no dominant single factor,renewed
STH505300,TF115739,0.6,"tenure, low email engagement",not_renewed
STH506939,TF120517,98.9,"low total spend, low game attendance",not_renewed
STH505889,TF117514,0.1,no dominant single factor,renewed
STH500024,TF100060,18.2,"low game attendance, low email engagement",renewed
STH502760,TF108016,0.1,no dominant single factor,renewed
STH507049,TF120844,0.1,tenure,renewed
STH506954,TF120560,0.2,"low email engagement, few emails received",renewed
STH503527,TF110331,0.2,no dominant single factor,renewed
STH500297,TF100808,0.1,no dominant single factor,renewed
STH507079,TF120930,0.7,low email engagement,renewed
STH500787,TF102284,0.1,no dominant single factor,renewed
STH502201,TF106418,2.2,"few emails received, tenure",renewed
STH502813,TF108178,0.2,"tenure, low spend per game",renewed
STH503486,TF110192,0.1,no dominant single factor,renewed
STH507170,TF121202,0.2,"few emails received, tenure",renewed
STH502829,TF108239,0.1,low spend per game,renewed
STH505837,TF117364,0.1,low spend per game,renewed
STH505438,TF116193,0.2,low email engagement,renewed
STH504891,TF114474,0.1,no dominant single factor,renewed
STH508171,TF124039,19.0,"low game attendance, low total spend",renewed
STH508415,TF124736,0.3,"low spend per game, few emails received",renewed
STH507131,TF121079,7.3,"few emails received, low spend per game",not_renewed
STH500126,TF100343,0.1,"tenure, low spend per game",renewed
STH504889,TF114471,0.1,tenure,renewed
STH503799,TF111109,0.1,long gap since last game attended,renewed
STH504944,TF114652,0.1,no dominant single factor,renewed
STH504951,TF114670,0.1,no dominant single factor,renewed
STH506595,TF119570,0.1,"low email engagement, low spend per game",renewed
STH506407,TF119033,0.2,no dominant single factor,renewed
STH504141,TF112136,0.1,tenure,renewed
STH508265,TF124274,0.1,no dominant single factor,renewed
STH504333,TF112711,3.5,"few emails received, low spend per game",renewed
STH505636,TF116822,0.1,tenure,renewed
STH508094,TF123812,0.1,low spend per game,renewed
STH503879,TF111343,0.2,"tenure, low spend per game",renewed
STH502748,TF107980,0.3,no dominant single factor,renewed
STH506164,TF118278,0.1,no dominant single factor,renewed
STH506720,TF119919,0.1,no dominant single factor,renewed
STH504711,TF113873,0.3,low email engagement,renewed
STH500598,TF101684,0.9,tenure,renewed
STH506359,TF118899,0.1,no dominant single factor,renewed
STH502956,TF108568,0.3,"low spend per game, long gap since last game attended",renewed
STH500822,TF102374,1.1,low spend per game,renewed
STH503101,TF109024,0.1,tenure,renewed
STH505450,TF116233,0.1,tenure,renewed
STH503974,TF111636,0.1,no dominant single factor,renewed
STH502928,TF108489,0.1,low email engagement,renewed
STH505012,TF114877,13.6,"low game attendance, low total spend",renewed
STH502395,TF106976,0.0,no dominant single factor,renewed
STH500533,TF101507,0.1,tenure,renewed
STH501884,TF105544,0.5,"tenure, low spend per game",renewed
STH505925,TF117641,0.1,tenure,renewed
STH506481,TF119253,0.7,"low email engagement, low spend per game",renewed
STH502690,TF107821,0.1,no dominant single factor,renewed
STH505177,TF115371,0.2,low email engagement,renewed
STH502551,TF107415,84.4,"low game attendance, low total spend",not_renewed
STH505921,TF117630,0.1,no dominant single factor,renewed
STH508383,TF124629,0.3,low email engagement,renewed
STH502325,TF106789,0.4,low email engagement,renewed
STH505986,TF117820,0.8,no dominant single factor,renewed
STH503424,TF110008,0.1,low spend per game,renewed
STH501855,TF105455,3.6,no dominant single factor,renewed
STH500957,TF102813,0.1,tenure,renewed
STH505429,TF116166,0.4,"long gap since last game attended, tenure",renewed
STH504357,TF112787,0.1,tenure,renewed
STH506738,TF119969,0.1,low spend per game,renewed
STH503298,TF109597,0.2,"low spend per game, low email engagement",renewed
STH504142,TF112138,0.1,tenure,renewed
STH507534,TF122230,0.2,tenure,renewed
STH501972,TF105782,0.2,tenure,renewed
STH506959,TF120575,0.1,few emails received,renewed
STH504677,TF113751,0.1,no dominant single factor,renewed
STH507332,TF121647,0.1,tenure,renewed
STH502568,TF107468,0.1,no dominant single factor,renewed
STH506256,TF118578,0.1,no dominant single factor,renewed
STH504359,TF112790,0.1,no dominant single factor,renewed
STH503892,TF111390,0.1,low spend per game,renewed
STH501555,TF104543,0.1,no dominant single factor,renewed
STH502252,TF106551,0.4,tenure,renewed
STH507400,TF121854,0.1,tenure,renewed
STH501490,TF104348,0.1,tenure,renewed
STH508195,TF124105,0.1,low email engagement,renewed
STH508201,TF124115,79.9,"low game attendance, low total spend",renewed
STH503060,TF108905,0.1,"low spend per game, tenure",renewed
STH506627,TF119660,0.1,low spend per game,renewed
STH505873,TF117460,0.2,"few emails received, tenure",renewed
STH504444,TF113063,96.4,"low total spend, low game attendance",not_renewed
STH505571,TF116596,0.5,"few emails received, low email engagement",renewed
STH506777,TF120085,0.1,no dominant single factor,renewed
STH501256,TF103705,94.2,"low total spend, low game attendance",not_renewed
STH505850,TF117387,0.1,tenure,renewed
STH505818,TF117304,0.1,"low spend per game, few emails received",renewed
STH504616,TF113595,0.2,low spend per game,renewed
STH501501,TF104387,8.4,"low game attendance, low total spend",renewed
STH505625,TF116789,0.1,no dominant single factor,renewed
STH506712,TF119902,31.5,"low game attendance, low total spend",not_renewed
STH507447,TF121970,43.8,"long gap since last game attended, low email engagement",not_renewed
STH504875,TF114440,0.3,tenure,renewed
STH502308,TF106736,0.1,low email engagement,renewed
STH500375,TF101051,0.4,long gap since last game attended,renewed
STH504190,TF112265,0.1,tenure,renewed
STH507263,TF121452,1.2,"low spend per game, low email engagement",renewed
STH506889,TF120406,0.2,low email engagement,renewed
STH506390,TF118988,0.1,no dominant single factor,renewed
STH500504,TF101442,0.2,no dominant single factor,renewed
STH503251,TF109455,0.1,low email engagement,renewed
STH508114,TF123856,0.1,no dominant single factor,renewed
STH501819,TF105323,0.1,no dominant single factor,renewed
STH505994,TF117846,0.1,no dominant single factor,renewed
STH506144,TF118235,0.1,low email engagement,renewed
STH506839,TF120265,0.1,no dominant single factor,renewed
STH508157,TF124003,2.2,"low email engagement, low spend per game",renewed
STH500066,TF100215,0.2,"tenure, low email engagement",renewed
STH506638,TF119702,0.2,tenure,renewed
STH505760,TF117146,0.4,low spend per game,renewed
STH507705,TF122689,0.1,no dominant single factor,renewed
STH500061,TF100197,0.1,tenure,renewed
STH500781,TF102273,0.4,tenure,renewed
STH504648,TF113662,0.1,no dominant single factor,renewed
STH502694,TF107831,0.0,no dominant single factor,renewed
STH507489,TF122102,99.0,"low total spend, low game attendance",not_renewed
STH506448,TF119143,0.1,no dominant single factor,renewed
STH504674,TF113745,0.0,no dominant single factor,renewed
STH505099,TF115128,0.1,tenure,renewed
STH507284,TF121504,0.2,few emails received,renewed
STH503509,TF110280,0.1,no dominant single factor,renewed
STH503482,TF110179,0.1,tenure,renewed
STH504590,TF113518,0.1,low spend per game,renewed
STH504044,TF111868,0.1,no dominant single factor,renewed
STH502506,TF107309,0.3,tenure,renewed
STH505100,TF115129,3.8,long gap since last game attended,renewed
STH502223,TF106478,0.1,"low spend per game, low email engagement",renewed
STH507349,TF121702,0.3,"low email engagement, tenure",renewed
STH507529,TF122211,0.3,no dominant single factor,renewed
STH507474,TF122050,1.3,no dominant single factor,renewed
STH500093,TF100274,0.3,tenure,renewed
STH506397,TF119012,0.2,no dominant single factor,renewed
STH500392,TF101092,0.1,no dominant single factor,renewed
STH505522,TF116440,0.1,no dominant single factor,renewed
STH501417,TF104149,0.2,low spend per game,renewed
STH503315,TF109652,16.7,"low total spend, low game attendance",renewed
STH504234,TF112404,0.1,no dominant single factor,renewed
STH504403,TF112946,3.2,"low email engagement, low game attendance",renewed
STH502796,TF108124,0.2,tenure,renewed
STH505995,TF117849,0.1,low email engagement,renewed
STH502772,TF108049,91.1,"low total spend, low game attendance",not_renewed
STH506551,TF119451,0.5,"long gap since last game attended, tenure",renewed
STH505494,TF116370,0.1,tenure,renewed
STH500922,TF102683,0.1,tenure,renewed
STH506024,TF117947,0.2,low email engagement,renewed
STH507494,TF122113,0.1,no dominant single factor,renewed
STH500012,TF100022,0.1,few emails received,renewed
STH503560,TF110419,0.1,long gap since last game attended,renewed
STH500386,TF101079,0.1,low email engagement,renewed
STH504191,TF112274,97.3,"low total spend, low game attendance",not_renewed
STH507761,TF122813,0.1,low spend per game,renewed
STH500035,TF100103,26.2,"low game attendance, low total spend",renewed
STH508150,TF123978,1.0,"low spend per game, tenure",renewed
STH505833,TF117348,4.3,low game attendance,renewed
STH501810,TF105292,1.0,no dominant single factor,renewed
STH506737,TF119967,0.5,low email engagement,renewed
STH503260,TF109486,12.7,"low email engagement, long gap since last game attended",renewed
STH507821,TF122992,0.8,tenure,renewed
STH501160,TF103416,0.1,no dominant single factor,renewed
STH502840,TF108260,0.3,"few emails received, tenure",renewed
STH502903,TF108413,0.1,"low spend per game, few emails received",renewed
STH507551,TF122272,14.9,"tenure, low total spend",renewed
STH501400,TF104092,98.0,"low total spend, low game attendance",not_renewed
STH508381,TF124616,0.0,no dominant single factor,renewed
STH506305,TF118726,1.8,long gap since last game attended,renewed
STH504317,TF112656,0.3,tenure,renewed
STH505912,TF117599,0.2,low spend per game,renewed
STH506077,TF118090,0.1,low spend per game,renewed
STH507458,TF121999,0.1,low spend per game,renewed
STH500190,TF100507,0.0,no dominant single factor,renewed
STH507724,TF122727,3.2,"low email engagement, low spend per game",renewed
STH500004,TF100007,0.7,long gap since last game attended,renewed
STH500645,TF101812,0.2,"low email engagement, low spend per game",renewed
STH502253,TF106552,0.1,low email engagement,renewed
STH502203,TF106424,0.1,low spend per game,renewed
STH506209,TF118421,1.7,"low spend per game, low email engagement",renewed
STH504189,TF112262,0.1,tenure,renewed
STH504110,TF112045,0.3,low spend per game,renewed
STH503176,TF109242,0.1,tenure,renewed
STH500579,TF101638,0.2,low spend per game,renewed
STH501140,TF103338,0.2,no dominant single factor,renewed
STH504585,TF113505,1.5,few emails received,renewed
STH502532,TF107368,0.2,"long gap since last game attended, low email engagement",renewed
STH507706,TF122690,1.1,long gap since last game attended,renewed
STH508177,TF124051,0.2,"tenure, few emails received",renewed
STH502646,TF107686,3.1,"few emails received, low spend per game",renewed
STH502185,TF106375,1.1,low spend per game,renewed
STH500577,TF101632,0.0,low email engagement,renewed
STH504816,TF114223,4.6,"low game attendance, low total spend",renewed
STH502609,TF107586,0.1,no dominant single factor,renewed
STH504981,TF114775,47.5,"low game attendance, low total spend",not_renewed
STH506100,TF118134,0.3,long gap since last game attended,renewed
STH502932,TF108497,13.2,"long gap since last game attended, low spend per game",renewed
STH505616,TF116749,0.1,"tenure, low spend per game",renewed
STH506667,TF119785,5.0,"low email engagement, low spend per game",renewed
STH507642,TF122506,2.5,"low email engagement, low spend per game",renewed
STH505415,TF116124,0.1,no dominant single factor,renewed
STH505940,TF117685,0.2,low spend per game,renewed
STH508013,TF123576,8.7,"low game attendance, low email engagement",renewed
STH501951,TF105733,41.4,"low total spend, low game attendance",renewed
STH501710,TF105008,0.2,low spend per game,renewed
STH505185,TF115403,0.1,no dominant single factor,renewed
STH506905,TF120437,90.8,"low total spend, low game attendance",not_renewed
STH503687,TF110780,0.1,tenure,renewed
STH506724,TF119930,0.1,tenure,renewed
STH506471,TF119232,0.0,no dominant single factor,renewed
STH508203,TF124118,0.1,low spend per game,renewed
STH502072,TF106060,0.1,tenure,renewed
STH502234,TF106514,0.4,low spend per game,renewed
STH506852,TF120296,43.2,"low game attendance, low total spend",renewed
STH506033,TF117971,98.7,"low total spend, low game attendance",not_renewed
STH503625,TF110596,0.1,"low spend per game, tenure",renewed
STH501095,TF103211,0.5,tenure,renewed
STH506063,TF118046,0.2,"few emails received, tenure",renewed
STH502115,TF106198,73.0,"low total spend, low game attendance",not_renewed
STH508158,TF124005,1.5,"tenure, low spend per game",renewed
STH500309,TF100853,0.1,tenure,renewed
STH506538,TF119417,0.1,no dominant single factor,renewed
STH500115,TF100319,0.1,"low email engagement, few emails received",renewed
STH508072,TF123746,0.1,low email engagement,renewed
STH506355,TF118893,0.7,"tenure, low email engagement",renewed
STH505822,TF117311,0.2,low spend per game,renewed
STH503224,TF109384,0.2,no dominant single factor,renewed
STH506857,TF120304,0.2,"tenure, long gap since last game attended",renewed
STH502785,TF108083,0.1,no dominant single factor,renewed
STH501934,TF105675,0.3,low email engagement,renewed
STH506030,TF117963,95.0,"low total spend, low game attendance",not_renewed
STH501259,TF103716,0.1,no dominant single factor,renewed
STH502036,TF105966,0.2,low email engagement,renewed
STH502517,TF107336,0.1,no dominant single factor,renewed
STH506461,TF119196,0.1,no dominant single factor,renewed
STH505762,TF117155,0.1,no dominant single factor,renewed
STH501649,TF104824,0.1,few emails received,renewed
STH504561,TF113420,0.1,no dominant single factor,renewed
STH503141,TF109123,6.8,"low email engagement, long gap since last game attended",renewed
STH500090,TF100268,0.8,no dominant single factor,renewed
STH507069,TF120901,0.2,low spend per game,renewed
STH503476,TF110171,0.2,"few emails received, tenure",renewed
STH505017,TF114889,0.4,"few emails received, low email engagement",renewed
STH507335,TF121658,96.6,"low total spend, low game attendance",not_renewed
STH502565,TF107456,22.9,"low game attendance, low total spend",renewed
STH505907,TF117574,0.2,low spend per game,renewed
STH501252,TF103696,0.2,no dominant single factor,renewed
STH506675,TF119802,47.0,"low total spend, low game attendance",not_renewed
STH503396,TF109914,0.2,low spend per game,renewed
STH502850,TF108286,0.3,few emails received,renewed
STH502895,TF108393,1.6,tenure,renewed
STH504730,TF113949,0.1,tenure,renewed
STH506640,TF119708,0.1,tenure,renewed
STH506747,TF120010,1.2,"tenure, low email engagement",renewed
STH501716,TF105020,0.1,no dominant single factor,renewed
STH506073,TF118084,1.2,low spend per game,renewed
STH503984,TF111671,0.1,long gap since last game attended,renewed
STH506335,TF118829,0.3,"low email engagement, low spend per game",renewed
STH506052,TF118013,0.2,low email engagement,renewed
STH506000,TF117858,54.8,"low email engagement, low total spend",not_renewed
STH504501,TF113254,1.2,low spend per game,renewed
STH502901,TF108409,0.7,"long gap since last game attended, low spend per game",renewed
STH503467,TF110142,0.1,tenure,renewed
STH502083,TF106108,43.2,"low game attendance, low total spend",renewed
STH504143,TF112140,1.1,"few emails received, tenure",renewed
STH505720,TF117053,0.1,"low email engagement, tenure",renewed
STH502277,TF106631,0.1,no dominant single factor,renewed
STH507453,TF121984,67.2,"low total spend, low game attendance",not_renewed
STH504749,TF114005,0.1,"tenure, few emails received",renewed
STH507231,TF121373,0.1,no dominant single factor,renewed
STH502554,TF107422,0.2,"low spend per game, low email engagement",renewed
STH501958,TF105751,95.2,"low total spend, low game attendance",not_renewed
STH500937,TF102730,0.4,low spend per game,renewed
STH504922,TF114576,0.3,"few emails received, tenure",renewed
STH502425,TF107064,0.2,low email engagement,renewed
STH500717,TF102088,0.2,no dominant single factor,renewed
STH507057,TF120864,87.4,"low total spend, low game attendance",not_renewed
STH502082,TF106106,0.1,low email engagement,renewed
STH506629,TF119670,0.1,tenure,renewed
STH505557,TF116552,40.7,"low game attendance, low total spend",renewed
STH506592,TF119564,0.2,no dominant single factor,renewed
STH503885,TF111367,0.0,no dominant single factor,renewed
STH505585,TF116646,0.2,"long gap since last game attended, low email engagement",renewed
STH502417,TF107037,0.1,no dominant single factor,renewed
STH503374,TF109831,0.6,no dominant single factor,renewed
STH504451,TF113081,0.1,tenure,renewed
STH501566,TF104582,47.1,"low total spend, low game attendance",not_renewed
STH506132,TF118190,1.6,low spend per game,renewed
STH502948,TF108539,0.1,no dominant single factor,renewed
STH505529,TF116459,0.1,few emails received,renewed
STH503270,TF109511,5.8,low email engagement,renewed
STH501287,TF103798,0.4,low spend per game,renewed
STH502732,TF107932,0.3,"tenure, few emails received",renewed
STH500248,TF100669,59.5,"low game attendance, low total spend",not_renewed
STH506323,TF118767,21.3,"low game attendance, low total spend",renewed
STH500773,TF102253,0.1,no dominant single factor,renewed
STH507624,TF122460,0.1,low spend per game,renewed
STH506466,TF119211,0.1,no dominant single factor,renewed
STH503452,TF110092,0.1,no dominant single factor,renewed
STH503877,TF111335,0.5,tenure,renewed
STH504923,TF114577,0.1,no dominant single factor,renewed
STH507462,TF122007,53.2,"low total spend, low game attendance",not_renewed
STH506111,TF118152,98.2,"low total spend, low game attendance",not_renewed
STH500578,TF101636,0.1,few emails received,renewed
STH503962,TF111597,1.3,no dominant single factor,renewed
STH506650,TF119736,0.1,tenure,renewed
STH503053,TF108888,1.8,"low spend per game, few emails received",renewed
STH502531,TF107367,0.1,"tenure, few emails received",renewed
STH505568,TF116591,0.1,tenure,renewed
STH504478,TF113160,0.2,"low spend per game, low email engagement",renewed
STH502336,TF106821,0.1,low spend per game,renewed
STH502688,TF107815,2.0,"low spend per game, few emails received",renewed
STH507776,TF122859,0.0,few emails received,renewed
STH507658,TF122551,0.0,no dominant single factor,renewed
STH506206,TF118412,1.3,low spend per game,renewed
STH504777,TF114117,0.1,long gap since last game attended,renewed
STH508033,TF123640,57.5,"low total spend, low game attendance",renewed
STH502729,TF107915,0.2,"long gap since last game attended, tenure",renewed
STH506442,TF119124,0.8,"tenure, low spend per game",renewed
STH500244,TF100655,0.1,tenure,renewed
STH507048,TF120843,0.0,no dominant single factor,renewed
STH500643,TF101810,0.1,low spend per game,renewed
STH501456,TF104248,95.3,"low total spend, low game attendance",not_renewed
STH504153,TF112169,0.1,low email engagement,renewed
STH503576,TF110451,0.7,low spend per game,renewed
STH503711,TF110848,0.1,no dominant single factor,renewed
STH501432,TF104185,0.1,tenure,renewed
STH500206,TF100554,0.1,no dominant single factor,renewed
STH508198,TF124109,0.1,no dominant single factor,renewed
STH505947,TF117703,0.2,low spend per game,renewed
STH501788,TF105231,0.1,"long gap since last game attended, tenure",renewed
STH508272,TF124295,0.2,no dominant single factor,renewed
STH502898,TF108402,0.0,no dominant single factor,renewed
STH503633,TF110616,0.1,tenure,renewed
STH500677,TF101911,0.1,low spend per game,renewed
STH503187,TF109277,0.5,no dominant single factor,renewed
STH503170,TF109232,0.5,tenure,renewed
STH506689,TF119831,1.9,few emails received,renewed
STH506981,TF120638,0.1,tenure,renewed
STH501556,TF104548,95.1,"low total spend, low game attendance",not_renewed
STH500100,TF100283,82.7,"low total spend, low game attendance",not_renewed
STH501113,TF103253,43.8,"low game attendance, low total spend",renewed
STH505471,TF116293,0.1,no dominant single factor,renewed
STH501157,TF103407,0.1,tenure,renewed
STH506582,TF119537,0.2,"few emails received, low email engagement",renewed
STH501842,TF105396,52.9,"low total spend, low game attendance",not_renewed
STH506377,TF118955,0.2,no dominant single factor,renewed
STH500105,TF100304,0.9,"low email engagement, low spend per game",renewed
STH502388,TF106948,0.1,tenure,renewed
STH506457,TF119174,64.5,"low total spend, low game attendance",renewed
STH501381,TF104046,0.0,no dominant single factor,renewed
STH506722,TF119926,0.2,"low spend per game, tenure",renewed
STH506562,TF119483,0.1,"low spend per game, few emails received",renewed
STH503865,TF111283,0.1,low email engagement,renewed
STH500697,TF101998,4.6,"low game attendance, long gap since last game attended",renewed
STH504758,TF114037,1.4,"few emails received, tenure",renewed
STH503778,TF111044,0.1,long gap since last game attended,renewed
STH508242,TF124223,98.5,"low total spend, low game attendance",not_renewed
STH500863,TF102525,0.2,low spend per game,renewed
STH505397,TF116056,0.1,no dominant single factor,renewed
STH503388,TF109871,4.6,tenure,renewed
STH502474,TF107231,0.2,tenure,renewed
STH503550,TF110389,13.6,"low game attendance, low total spend",renewed
STH506371,TF118940,1.3,"low spend per game, tenure",renewed
STH504954,TF114683,2.7,low email engagement,renewed
STH507720,TF122720,0.1,no dominant single factor,renewed
STH505913,TF117605,0.2,low email engagement,renewed
STH505973,TF117780,0.1,no dominant single factor,renewed
STH501077,TF103150,7.0,low spend per game,renewed
STH501734,TF105078,0.1,no dominant single factor,renewed
STH501749,TF105126,0.1,no dominant single factor,renewed
STH502139,TF106267,8.7,"long gap since last game attended, tenure",renewed
STH500324,TF100902,0.2,few emails received,renewed
STH507502,TF122130,1.0,tenure,renewed
STH502495,TF107279,0.1,no dominant single factor,renewed
STH502268,TF106598,1.5,"few emails received, low spend per game",renewed
STH508460,TF124888,29.8,"low game attendance, low email engagement",not_renewed
STH507637,TF122493,0.2,"tenure, low spend per game",renewed
STH507040,TF120825,0.1,no dominant single factor,renewed
STH504205,TF112316,19.7,"low game attendance, low total spend",renewed
STH502406,TF107002,98.8,"low total spend, low game attendance",not_renewed
STH508176,TF124049,0.5,no dominant single factor,renewed
STH502136,TF106259,0.1,no dominant single factor,renewed
STH507055,TF120861,0.5,low spend per game,renewed
STH500195,TF100517,0.1,no dominant single factor,renewed
STH500026,TF100064,0.1,low email engagement,renewed
STH504860,TF114398,0.1,tenure,renewed
STH506204,TF118407,0.1,no dominant single factor,renewed
STH501700,TF104976,0.1,no dominant single factor,renewed
STH504470,TF113142,0.5,"low email engagement, low spend per game",renewed
STH507715,TF122708,0.1,tenure,renewed
STH503936,TF111511,0.1,low spend per game,renewed
STH500416,TF101162,0.1,no dominant single factor,renewed
STH502741,TF107956,1.3,low email engagement,renewed
STH506659,TF119763,0.1,"low spend per game, tenure",renewed
STH507894,TF123223,6.2,low game attendance,renewed
STH506045,TF117993,0.1,no dominant single factor,renewed
STH500135,TF100370,0.4,low spend per game,renewed
STH505779,TF117197,0.0,no dominant single factor,renewed
STH505225,TF115516,0.2,"few emails received, low email engagement",renewed
STH501503,TF104393,0.1,low spend per game,renewed
STH500110,TF100312,0.3,"low spend per game, tenure",renewed
STH501508,TF104402,0.2,few emails received,renewed
STH502447,TF107149,78.1,"low total spend, low game attendance",not_renewed
STH504406,TF112959,0.1,"low spend per game, few emails received",renewed
STH502946,TF108531,45.8,"low total spend, low game attendance",not_renewed
STH501964,TF105762,0.1,no dominant single factor,renewed
STH502837,TF108253,0.7,"tenure, low spend per game",renewed
STH505534,TF116475,0.1,no dominant single factor,renewed
STH506411,TF119042,0.1,no dominant single factor,renewed
STH506087,TF118107,0.0,few emails received,renewed
STH503657,TF110706,1.4,tenure,renewed
STH500711,TF102062,0.2,tenure,renewed
STH500604,TF101704,0.1,tenure,renewed
STH502145,TF106284,0.2,low email engagement,renewed
STH501319,TF103875,0.3,"low spend per game, low email engagement",renewed
STH506897,TF120418,39.3,"low total spend, low game attendance",renewed
STH507543,TF122253,0.1,low spend per game,renewed
STH503355,TF109777,1.2,long gap since last game attended,renewed
STH507398,TF121841,2.7,"low email engagement, tenure",renewed
STH505122,TF115194,0.2,"tenure, few emails received",renewed
STH507944,TF123350,0.0,no dominant single factor,renewed
STH502490,TF107264,0.1,no dominant single factor,renewed
STH501669,TF104896,0.1,no dominant single factor,renewed
STH502356,TF106882,0.1,no dominant single factor,renewed
STH505975,TF117790,0.3,"low email engagement, tenure",renewed
STH502496,TF107289,9.0,"low total spend, tenure",not_renewed
STH500340,TF100940,0.1,no dominant single factor,renewed
STH505098,TF115127,0.2,"low email engagement, tenure",renewed
STH505295,TF115725,0.4,"tenure, low email engagement",renewed
STH504281,TF112559,1.6,low email engagement,renewed
STH501551,TF104531,2.3,low email engagement,renewed
STH505659,TF116899,0.1,few emails received,renewed
STH502872,TF108343,0.4,"low email engagement, low spend per game",renewed
STH500888,TF102593,56.1,"low total spend, low game attendance",renewed
STH500068,TF100217,0.2,"few emails received, low spend per game",renewed
STH503245,TF109444,0.1,"low email engagement, few emails received",renewed
STH506364,TF118919,0.3,few emails received,renewed
STH507808,TF122957,0.3,low spend per game,renewed
STH502070,TF106057,0.1,low spend per game,renewed
STH506420,TF119058,0.2,low spend per game,renewed
STH506046,TF117994,94.4,"low total spend, low game attendance",not_renewed
STH500912,TF102658,0.1,tenure,renewed
STH504763,TF114077,0.1,few emails received,renewed
STH502691,TF107822,0.1,tenure,renewed
STH503138,TF109117,0.1,low spend per game,renewed
STH505234,TF115556,0.1,"low spend per game, tenure",renewed
STH500730,TF102116,1.7,low game attendance,renewed
STH505468,TF116277,0.2,tenure,renewed
STH507330,TF121643,1.2,no dominant single factor,renewed
STH505371,TF115983,97.9,"low total spend, low game attendance",not_renewed
STH501328,TF103895,2.5,no dominant single factor,renewed
STH506475,TF119239,0.1,low spend per game,renewed
STH502148,TF106301,0.1,no dominant single factor,renewed
STH501809,TF105288,0.7,"few emails received, low email engagement",renewed
STH504069,TF111925,0.1,tenure,renewed
STH507318,TF121618,0.1,long gap since last game attended,renewed
STH503327,TF109687,0.1,low spend per game,renewed
STH503166,TF109211,0.1,tenure,renewed
STH505694,TF116992,0.2,low email engagement,renewed
STH506009,TF117896,85.1,"low total spend, low game attendance",not_renewed
STH501606,TF104725,0.1,low spend per game,renewed
STH501632,TF104781,94.8,"low total spend, low game attendance",not_renewed
STH502407,TF107003,0.1,few emails received,renewed
STH506541,TF119423,0.4,"tenure, low email engagement",renewed
STH501010,TF102971,0.1,"low email engagement, few emails received",renewed
STH505543,TF116501,0.9,long gap since last game attended,renewed
STH500702,TF102013,26.8,"low total spend, tenure",not_renewed
STH504116,TF112061,1.4,low spend per game,renewed
STH503719,TF110860,0.0,no dominant single factor,renewed
STH502029,TF105949,72.1,"low total spend, low game attendance",renewed
STH508398,TF124675,0.2,"tenure, low email engagement",renewed
STH506361,TF118907,45.3,"low game attendance, low total spend",renewed
STH501491,TF104351,0.1,few emails received,renewed
STH508220,TF124149,10.3,"low game attendance, low total spend",renewed
STH507124,TF121057,0.2,low email engagement,renewed
STH507734,TF122751,0.1,tenure,renewed
STH504807,TF114200,0.1,tenure,renewed
STH503834,TF111208,0.1,tenure,renewed
STH500715,TF102081,0.1,tenure,renewed
STH502743,TF107963,6.0,"few emails received, low spend per game",renewed
STH505867,TF117444,0.1,tenure,renewed
STH507610,TF122419,0.2,"low email engagement, tenure",renewed
STH508148,TF123972,8.9,"low total spend, low spend per game",renewed
STH500791,TF102290,0.2,"low email engagement, few emails received",renewed
STH508397,TF124674,0.2,few emails received,renewed
STH507905,TF123248,0.1,low email engagement,renewed
STH505709,TF117026,1.9,"tenure, long gap since last game attended",renewed
STH503458,TF110115,0.1,no dominant single factor,renewed
STH501082,TF103169,97.0,"low total spend, low game attendance",not_renewed
STH507083,TF120944,0.6,low spend per game,renewed
STH504852,TF114355,0.1,tenure,renewed
STH505048,TF114971,88.5,"low game attendance, low total spend",not_renewed
STH504484,TF113180,0.1,few emails received,renewed
STH503397,TF109917,0.1,low spend per game,renewed
STH502511,TF107324,0.1,no dominant single factor,renewed
STH500300,TF100827,5.0,tenure,renewed
STH503902,TF111419,0.1,low email engagement,renewed
STH507675,TF122618,0.1,no dominant single factor,renewed
STH502042,TF105991,1.9,no dominant single factor,renewed
STH504011,TF111760,9.4,low game attendance,renewed
STH504459,TF113101,0.8,tenure,renewed
STH502214,TF106442,0.4,low spend per game,renewed
STH504698,TF113827,0.7,tenure,renewed
STH503735,TF110912,15.4,"few emails received, low spend per game",not_renewed
STH501023,TF103003,33.6,"low game attendance, low total spend",renewed
STH502737,TF107947,0.2,no dominant single factor,renewed
STH506641,TF119715,0.1,low spend per game,renewed
STH505692,TF116989,0.6,"low email engagement, low spend per game",renewed
STH500630,TF101784,0.2,low spend per game,renewed
STH504867,TF114417,2.1,low spend per game,renewed
STH505097,TF115123,0.1,no dominant single factor,renewed
STH503645,TF110665,0.5,tenure,renewed
STH505685,TF116980,0.3,few emails received,renewed
STH504826,TF114258,0.3,tenure,renewed
STH504351,TF112771,74.9,"low total spend, low game attendance",not_renewed
STH507721,TF122721,0.2,no dominant single factor,renewed
STH501878,TF105533,0.1,tenure,renewed
STH502092,TF106131,0.1,low spend per game,renewed
STH501655,TF104845,0.1,no dominant single factor,renewed
STH501747,TF105115,0.1,no dominant single factor,renewed
STH506986,TF120648,1.0,"tenure, few emails received",renewed
STH507455,TF121987,93.0,"low total spend, low game attendance",not_renewed
STH500364,TF101010,0.3,low email engagement,renewed
STH502053,TF106017,0.1,no dominant single factor,renewed
STH503718,TF110859,4.3,"tenure, low spend per game",not_renewed
STH506756,TF120029,0.0,low spend per game,renewed
STH507990,TF123470,0.2,low email engagement,renewed
STH501918,TF105637,0.2,"low email engagement, tenure",renewed
STH500608,TF101711,0.2,"low spend per game, tenure",renewed
STH502475,TF107235,0.8,no dominant single factor,renewed
STH508103,TF123827,0.3,low spend per game,renewed
STH503964,TF111600,0.1,tenure,renewed
STH507281,TF121500,34.1,"low game attendance, low total spend",renewed
STH508017,TF123586,1.6,"few emails received, low spend per game",renewed
STH503064,TF108913,10.1,low game attendance,renewed
STH502545,TF107401,0.1,low spend per game,renewed
STH506029,TF117962,0.1,no dominant single factor,renewed
STH503059,TF108904,0.1,no dominant single factor,renewed
STH503471,TF110153,0.2,tenure,renewed
STH504183,TF112243,0.2,"tenure, low spend per game",renewed
STH506690,TF119832,0.1,tenure,renewed
STH506866,TF120343,0.1,no dominant single factor,renewed
STH507381,TF121798,0.2,"low email engagement, tenure",renewed
STH501550,TF104530,0.1,tenure,renewed
STH504893,TF114479,0.4,"tenure, few emails received",renewed
STH507964,TF123409,16.9,"low game attendance, low total spend",renewed
STH502926,TF108486,0.4,tenure,renewed
STH501639,TF104795,0.5,low spend per game,renewed
STH507393,TF121829,0.9,tenure,renewed
STH507286,TF121508,0.5,"low email engagement, low spend per game",renewed
STH500693,TF101991,1.4,"long gap since last game attended, low email engagement",renewed
STH506603,TF119590,2.9,long gap since last game attended,renewed
STH506261,TF118592,3.9,no dominant single factor,renewed
STH508382,TF124623,1.3,"low game attendance, low total spend",renewed
STH506149,TF118247,0.2,"few emails received, tenure",renewed
STH502239,TF106524,0.1,tenure,renewed
STH501303,TF103836,0.1,low email engagement,renewed
STH503721,TF110869,0.1,tenure,renewed
STH504658,TF113694,0.1,"low email engagement, tenure",renewed
STH506205,TF118408,0.2,"low spend per game, low email engagement",renewed
STH504971,TF114751,0.1,no dominant single factor,renewed
STH508058,TF123706,0.1,low spend per game,renewed
STH503018,TF108765,0.6,"low spend per game, low email engagement",renewed
STH502861,TF108317,0.0,no dominant single factor,renewed
STH507152,TF121143,0.1,"tenure, few emails received",renewed
STH503900,TF111412,3.4,"few emails received, tenure",renewed
STH507535,TF122232,0.3,low email engagement,renewed
STH507632,TF122473,0.2,few emails received,renewed
STH500326,TF100904,14.1,"low game attendance, low total spend",not_renewed
STH500891,TF102602,0.1,tenure,renewed
STH503489,TF110211,0.1,low email engagement,renewed
STH502580,TF107497,0.1,no dominant single factor,renewed
STH501572,TF104606,0.1,"low email engagement, few emails received",renewed
STH501774,TF105199,0.4,"low email engagement, low spend per game",renewed
STH506621,TF119647,42.5,"low game attendance, low total spend",not_renewed
STH505194,TF115429,0.2,no dominant single factor,renewed
STH500651,TF101828,0.0,tenure,renewed
STH507158,TF121156,0.2,no dominant single factor,renewed
STH500958,TF102814,0.0,no dominant single factor,renewed
STH502621,TF107614,2.2,few emails received,renewed
STH504271,TF112524,0.1,low email engagement,renewed
STH504863,TF114402,0.1,low email engagement,renewed
STH507294,TF121526,41.1,"low game attendance, low total spend",not_renewed
STH508411,TF124726,0.1,no dominant single factor,renewed
STH508441,TF124813,0.3,"few emails received, tenure",renewed
STH507222,TF121350,0.1,no dominant single factor,renewed
STH504489,TF113203,7.0,low email engagement,renewed
STH506143,TF118233,0.6,"low spend per game, low email engagement",renewed
STH505377,TF115990,0.1,tenure,renewed
STH508279,TF124314,0.1,low spend per game,renewed
STH501717,TF105026,0.1,long gap since last game attended,renewed
STH507030,TF120790,0.2,low email engagement,renewed
STH503340,TF109725,0.3,"low spend per game, few emails received",renewed
STH502088,TF106114,0.6,"low spend per game, low email engagement",renewed
STH506950,TF120548,98.2,"low total spend, low game attendance",not_renewed
STH505142,TF115255,0.1,low spend per game,renewed
STH504762,TF114068,0.1,few emails received,renewed
STH508060,TF123710,25.5,"low game attendance, long gap since last game attended",renewed
STH500161,TF100441,10.5,"low total spend, low game attendance",renewed
STH508118,TF123865,0.1,few emails received,renewed
STH502900,TF108406,28.9,"low total spend, low spend per game",not_renewed
STH505362,TF115944,0.1,no dominant single factor,renewed
STH506035,TF117973,44.0,"low game attendance, low total spend",renewed
STH505416,TF116125,0.3,"long gap since last game attended, tenure",renewed
STH508328,TF124478,0.2,low spend per game,renewed
STH501272,TF103764,0.5,no dominant single factor,renewed
STH507687,TF122641,4.2,"long gap since last game attended, few emails received",renewed
STH505689,TF116986,0.4,"long gap since last game attended, tenure",renewed
STH501442,TF104217,0.8,"low game attendance, tenure",renewed
STH503321,TF109671,0.2,few emails received,renewed
STH501932,TF105668,0.1,low spend per game,renewed
STH504156,TF112179,0.1,"tenure, low spend per game",renewed
STH502450,TF107161,0.1,few emails received,renewed
STH501461,TF104260,52.7,"long gap since last game attended, low total spend",not_renewed
STH506188,TF118345,0.1,no dominant single factor,renewed
STH507033,TF120810,0.2,no dominant single factor,renewed
STH500080,TF100242,0.1,tenure,renewed
STH503339,TF109722,0.2,"low spend per game, tenure",renewed
STH505672,TF116929,0.2,few emails received,renewed
STH506786,TF120116,0.4,low spend per game,renewed
STH508419,TF124754,0.1,few emails received,renewed
STH502836,TF108252,71.0,"low total spend, low game attendance",not_renewed
STH507936,TF123330,0.1,no dominant single factor,renewed
STH505981,TF117807,0.1,no dominant single factor,renewed
STH506878,TF120367,0.1,no dominant single factor,renewed
STH501057,TF103095,0.1,tenure,renewed
STH503975,TF111641,18.3,"low email engagement, low game attendance",renewed
STH505849,TF117385,0.5,low spend per game,renewed
STH501438,TF104203,0.2,low spend per game,renewed
STH506707,TF119882,0.1,no dominant single factor,renewed
STH507667,TF122589,2.9,"long gap since last game attended, tenure",renewed
STH508063,TF123716,0.1,tenure,renewed
STH502975,TF108621,0.1,no dominant single factor,renewed
STH505308,TF115779,0.1,tenure,renewed
STH505094,TF115115,0.2,low email engagement,renewed
STH505447,TF116224,0.4,no dominant single factor,renewed
STH504757,TF114033,0.4,"long gap since last game attended, low spend per game",renewed
STH507911,TF123259,2.9,tenure,renewed
STH508299,TF124388,0.1,few emails received,renewed
STH501353,TF103953,3.1,no dominant single factor,renewed
STH500229,TF100628,0.1,"tenure, low email engagement",renewed
STH507219,TF121341,73.6,"low total spend, low game attendance",not_renewed
STH506861,TF120318,0.1,low email engagement,renewed
STH500516,TF101469,0.1,"tenure, few emails received",renewed
STH500201,TF100534,0.2,"tenure, low email engagement",renewed
STH503444,TF110072,0.1,low email engagement,renewed
STH504521,TF113308,0.0,no dominant single factor,renewed
STH506548,TF119441,0.2,tenure,renewed
STH507975,TF123432,92.9,"low total spend, low game attendance",not_renewed
STH507977,TF123435,98.1,"low total spend, low game attendance",not_renewed
STH507060,TF120870,0.1,no dominant single factor,renewed
STH506818,TF120208,0.2,few emails received,renewed
STH502699,TF107846,0.9,tenure,renewed
STH500732,TF102118,0.7,tenure,renewed
STH507428,TF121927,0.2,low spend per game,renewed
STH502025,TF105941,91.9,"low total spend, low game attendance",not_renewed
STH503191,TF109283,0.2,tenure,renewed
STH501888,TF105553,74.6,"low game attendance, low total spend",not_renewed
STH502032,TF105959,0.3,low spend per game,renewed
STH500332,TF100926,0.2,low email engagement,renewed
STH506464,TF119203,0.1,no dominant single factor,renewed
STH502098,TF106146,0.1,long gap since last game attended,renewed
STH507402,TF121858,0.2,no dominant single factor,renewed
STH503212,TF109351,5.4,low email engagement,renewed
STH502154,TF106313,1.0,"tenure, low email engagement",renewed
STH503462,TF110134,0.1,no dominant single factor,renewed
STH503716,TF110857,0.4,tenure,renewed
STH506181,TF118325,0.1,few emails received,renewed
STH507906,TF123250,0.2,low spend per game,renewed
STH508283,TF124326,0.1,no dominant single factor,renewed
STH504097,TF112000,0.1,no dominant single factor,renewed
STH505183,TF115395,0.1,no dominant single factor,renewed
STH500498,TF101427,3.0,"low email engagement, low spend per game",renewed
STH501297,TF103826,0.1,low email engagement,renewed
STH504619,TF113600,14.7,"low total spend, tenure",not_renewed
STH500808,TF102331,2.3,tenure,renewed
STH503311,TF109643,0.2,"low spend per game, tenure",renewed
STH503281,TF109556,99.2,"low total spend, low game attendance",not_renewed
STH503323,TF109675,0.2,low email engagement,renewed
STH508303,TF124403,0.1,"few emails received, low email engagement",renewed
STH508495,TF124987,0.1,no dominant single factor,renewed
STH502779,TF108061,31.9,"low total spend, low game attendance",renewed
STH505827,TF117324,96.3,"low total spend, low game attendance",not_renewed
STH501993,TF105857,73.9,"low total spend, low game attendance",not_renewed
STH500982,TF102877,0.2,no dominant single factor,renewed
STH504691,TF113799,0.1,no dominant single factor,renewed
STH503619,TF110583,0.1,tenure,renewed
STH502103,TF106163,0.0,no dominant single factor,renewed
STH507556,TF122285,0.1,low spend per game,renewed
STH502186,TF106379,6.3,"tenure, low spend per game",renewed
STH506072,TF118082,0.1,no dominant single factor,renewed
STH507256,TF121440,52.1,"low total spend, low game attendance",not_renewed
STH505749,TF117131,0.1,no dominant single factor,renewed
STH505836,TF117363,0.4,no dominant single factor,renewed
STH505214,TF115482,0.0,no dominant single factor,renewed
STH505082,TF115080,49.6,"low game attendance, low total spend",renewed
STH508481,TF124945,1.7,tenure,renewed
STH506942,TF120531,0.1,tenure,renewed
STH508178,TF124052,35.2,"low game attendance, low total spend",not_renewed
STH503261,TF109488,0.1,low spend per game,renewed
STH504823,TF114249,95.1,"low total spend, low game attendance",not_renewed
STH500460,TF101313,0.1,low spend per game,renewed
STH502424,TF107062,16.5,low game attendance,renewed
STH506099,TF118133,0.1,"low email engagement, few emails received",renewed
STH508080,TF123776,0.1,"low email engagement, tenure",renewed
STH503805,TF111122,0.1,"tenure, low spend per game",renewed
STH501148,TF103375,0.1,low spend per game,renewed
STH503085,TF108975,39.3,"low game attendance, low email engagement",renewed
STH504009,TF111757,0.4,"low email engagement, tenure",renewed
STH504437,TF113039,0.1,no dominant single factor,renewed
STH507933,TF123322,0.1,low spend per game,renewed
STH505918,TF117623,67.0,"low game attendance, low total spend",renewed
STH506708,TF119883,0.1,tenure,renewed
STH507090,TF120968,0.1,few emails received,renewed
STH504325,TF112681,1.5,tenure,renewed
STH508293,TF124361,0.4,few emails received,renewed
STH501071,TF103130,0.1,low spend per game,renewed
STH506443,TF119126,0.3,no dominant single factor,renewed
STH504943,TF114651,0.2,low email engagement,renewed
STH503954,TF111580,0.5,low spend per game,renewed
STH503692,TF110800,0.1,no dominant single factor,renewed
STH507058,TF120866,0.5,"low email engagement, tenure",renewed
STH505514,TF116420,0.1,"few emails received, low email engagement",renewed
STH506005,TF117874,1.8,long gap since last game attended,renewed
STH504801,TF114181,0.1,tenure,renewed
STH505031,TF114940,0.1,"low spend per game, low email engagement",renewed
STH502160,TF106321,0.0,no dominant single factor,renewed
STH500431,TF101211,0.5,"low spend per game, tenure",renewed
STH503220,TF109370,1.1,no dominant single factor,renewed
STH503929,TF111488,2.8,tenure,renewed
STH502992,TF108687,0.4,low email engagement,not_renewed
STH502674,TF107775,0.2,no dominant single factor,renewed
STH500336,TF100934,11.9,low total spend,renewed
STH501844,TF105401,0.7,"low email engagement, low spend per game",renewed
STH506995,TF120679,0.2,long gap since last game attended,renewed
STH506245,TF118548,0.0,tenure,renewed
STH505232,TF115549,37.7,"low total spend, low game attendance",renewed
STH501072,TF103136,0.3,low spend per game,renewed
STH502968,TF108606,1.0,"few emails received, tenure",renewed
STH508159,TF124007,0.1,no dominant single factor,renewed
STH500342,TF100943,0.2,"long gap since last game attended, low email engagement",renewed
STH505145,TF115260,0.0,no dominant single factor,renewed
STH502679,TF107781,0.0,no dominant single factor,renewed
STH504517,TF113298,0.1,tenure,renewed
STH507841,TF123048,0.1,no dominant single factor,renewed
STH508227,TF124167,0.1,tenure,renewed
STH506825,TF120229,0.1,no dominant single factor,renewed
STH506173,TF118304,0.3,low spend per game,renewed
STH504442,TF113050,0.4,low spend per game,renewed
STH506518,TF119367,0.2,tenure,renewed
STH505460,TF116261,0.0,no dominant single factor,renewed
STH500222,TF100614,0.6,"low email engagement, long gap since last game attended",renewed
STH505172,TF115360,27.6,"low total spend, low game attendance",renewed
STH506890,TF120409,7.2,"low total spend, low game attendance",renewed
STH502455,TF107180,2.8,"low total spend, low game attendance",renewed
STH505648,TF116854,0.1,no dominant single factor,renewed
STH508111,TF123850,0.2,low email engagement,renewed
STH507710,TF122702,4.1,low email engagement,renewed
STH506522,TF119375,6.8,few emails received,not_renewed
STH501871,TF105504,67.5,"low total spend, low game attendance",renewed
STH500383,TF101073,0.1,no dominant single factor,renewed
STH508039,TF123663,3.6,no dominant single factor,renewed
STH507846,TF123064,0.1,"tenure, low spend per game",renewed
STH505196,TF115438,0.1,low spend per game,renewed
STH501311,TF103853,0.1,"long gap since last game attended, low spend per game",renewed
STH507129,TF121071,3.2,"low total spend, low game attendance",renewed
STH506116,TF118160,0.1,tenure,renewed
STH505879,TF117483,0.2,no dominant single factor,renewed
STH501760,TF105159,0.1,no dominant single factor,renewed
STH502869,TF108337,0.1,low spend per game,renewed
STH508232,TF124187,0.1,tenure,renewed
STH508275,TF124305,1.6,no dominant single factor,renewed
STH502121,TF106215,0.3,"low spend per game, low email engagement",renewed
STH501792,TF105236,0.0,no dominant single factor,renewed
STH506332,TF118804,0.3,"low spend per game, low email engagement",renewed
STH501289,TF103802,2.2,"tenure, low email engagement",renewed
STH503068,TF108926,0.1,tenure,renewed
STH504805,TF114191,0.1,low email engagement,renewed
STH504047,TF111874,0.1,no dominant single factor,renewed
STH505516,TF116423,0.5,low spend per game,renewed
STH507164,TF121180,5.1,low email engagement,renewed
STH506218,TF118457,69.7,"low game attendance, low total spend",renewed
STH502457,TF107183,0.1,no dominant single factor,renewed
STH505376,TF115989,1.3,"low email engagement, low spend per game",renewed
STH501281,TF103785,3.9,"tenure, low spend per game",renewed
STH501387,TF104057,0.1,no dominant single factor,renewed
STH503031,TF108801,2.7,"long gap since last game attended, few emails received",renewed
STH501185,TF103483,0.3,low email engagement,renewed
STH504258,TF112500,0.2,"low spend per game, low email engagement",renewed
STH507295,TF121530,2.1,tenure,renewed
STH500240,TF100651,0.2,long gap since last game attended,renewed
STH507310,TF121588,20.9,"tenure, low game attendance",renewed
STH500006,TF100011,0.1,few emails received,renewed
STH504516,TF113293,0.4,low email engagement,renewed
STH507327,TF121634,0.1,no dominant single factor,renewed
STH503567,TF110436,0.1,no dominant single factor,renewed
STH505579,TF116619,1.3,no dominant single factor,renewed
STH507856,TF123086,0.1,low email engagement,renewed
STH508051,TF123681,0.2,low spend per game,renewed
STH504727,TF113938,74.1,"low total spend, low game attendance",not_renewed
STH506760,TF120043,0.2,low email engagement,renewed
STH506129,TF118185,1.8,"low email engagement, few emails received",renewed
STH501341,TF103933,0.3,"tenure, low spend per game",renewed
STH507790,TF122908,0.1,tenure,renewed
STH506517,TF119364,0.1,no dominant single factor,renewed
STH506202,TF118397,0.1,low email engagement,renewed
STH501073,TF103137,16.9,"low total spend, low game attendance",renewed
STH503998,TF111715,0.2,low spend per game,renewed
STH502073,TF106062,0.2,tenure,renewed
STH507549,TF122269,0.1,no dominant single factor,renewed
STH506803,TF120164,0.2,tenure,renewed
STH508392,TF124654,0.1,tenure,renewed
STH504872,TF114432,0.2,few emails received,renewed
STH503875,TF111331,0.1,no dominant single factor,renewed
STH500839,TF102443,1.6,"tenure, few emails received",renewed
STH503016,TF108758,0.1,"tenure, low email engagement",renewed
STH500522,TF101483,0.2,low email engagement,renewed
STH506066,TF118051,0.8,few emails received,renewed
STH506750,TF120020,0.2,no dominant single factor,renewed
STH502266,TF106585,0.1,tenure,renewed
STH500014,TF100030,7.1,"low game attendance, low spend per game",renewed
STH502730,TF107918,0.1,tenure,renewed
STH502344,TF106850,96.5,"low total spend, low game attendance",not_renewed
STH501221,TF103601,4.3,tenure,renewed
STH503156,TF109172,0.2,low email engagement,renewed
STH506196,TF118373,0.2,tenure,renewed
STH501393,TF104077,0.7,low email engagement,renewed
STH506194,TF118365,93.0,"low total spend, low game attendance",not_renewed
STH504633,TF113637,0.1,tenure,renewed
STH505930,TF117654,0.1,no dominant single factor,renewed
STH501664,TF104873,1.2,tenure,renewed
STH504304,TF112618,0.1,low spend per game,renewed
STH505490,TF116345,98.7,"low total spend, low game attendance",not_renewed
STH507843,TF123053,0.2,"few emails received, tenure",renewed
STH502024,TF105940,0.6,"low email engagement, few emails received",renewed
STH503183,TF109266,0.2,"tenure, long gap since last game attended",renewed
STH502588,TF107528,1.3,no dominant single factor,renewed
STH500844,TF102457,2.0,low spend per game,renewed
STH501521,TF104431,0.4,"tenure, low spend per game",renewed
STH500945,TF102756,2.5,"low game attendance, tenure",renewed
STH503606,TF110538,92.7,"low total spend, low game attendance",not_renewed
STH505901,TF117552,0.1,few emails received,renewed
STH507779,TF122872,0.1,tenure,renewed
STH506826,TF120230,0.1,no dominant single factor,renewed
STH500162,TF100442,0.1,tenure,renewed
STH502065,TF106048,0.1,tenure,renewed
STH504106,TF112031,0.1,no dominant single factor,renewed
STH503838,TF111220,0.1,tenure,renewed
STH503769,TF111010,0.1,tenure,renewed
STH502286,TF106658,67.6,"low game attendance, low total spend",not_renewed
STH504409,TF112966,0.2,"low spend per game, few emails received",renewed
STH505053,TF114984,96.3,"low total spend, low game attendance",not_renewed
STH508035,TF123657,17.3,"low total spend, low game attendance",renewed
STH508088,TF123797,63.4,"low game attendance, low total spend",renewed
STH507746,TF122783,0.2,long gap since last game attended,renewed
STH506848,TF120288,0.4,tenure,renewed
STH505170,TF115356,1.2,"few emails received, low spend per game",renewed
STH508240,TF124220,36.8,"low total spend, low game attendance",not_renewed
STH506713,TF119905,0.1,low spend per game,renewed
STH500369,TF101032,0.2,"tenure, low spend per game",renewed
STH500559,TF101582,0.1,no dominant single factor,renewed
STH505123,TF115205,8.7,"tenure, low email engagement",renewed
STH504600,TF113546,0.3,low spend per game,renewed
STH500793,TF102295,0.1,tenure,renewed
STH508497,TF124990,0.1,no dominant single factor,renewed
STH500667,TF101882,0.2,"low email engagement, few emails received",renewed
STH508027,TF123617,0.1,"long gap since last game attended, tenure",renewed
STH501339,TF103930,0.2,no dominant single factor,renewed
STH502313,TF106743,1.5,no dominant single factor,renewed
STH500030,TF100075,0.2,few emails received,renewed
STH505712,TF117031,0.2,tenure,renewed
STH507412,TF121881,76.4,"low total spend, low game attendance",renewed
STH506523,TF119376,0.3,low spend per game,renewed
STH503436,TF110046,0.0,no dominant single factor,renewed
STH502924,TF108477,0.1,no dominant single factor,renewed
STH507666,TF122587,12.3,"low game attendance, low total spend",renewed
STH500889,TF102595,0.1,tenure,renewed
STH501600,TF104686,19.9,"low game attendance, low total spend",renewed
STH505268,TF115662,0.4,"low spend per game, low email engagement",renewed
STH503479,TF110175,0.1,no dominant single factor,renewed
STH504994,TF114826,0.1,few emails received,renewed
STH508463,TF124900,0.1,low spend per game,renewed
STH502431,TF107094,0.1,low email engagement,renewed
STH506833,TF120252,0.0,no dominant single factor,renewed
STH504460,TF113112,0.1,low email engagement,renewed
STH501130,TF103296,3.7,low total spend,renewed
STH500099,TF100282,0.2,no dominant single factor,renewed
STH503784,TF111069,0.1,tenure,renewed
STH508332,TF124484,0.1,tenure,renewed
STH504766,TF114085,0.1,no dominant single factor,renewed
STH504628,TF113623,0.2,"long gap since last game attended, low spend per game",renewed
STH502816,TF108193,0.1,tenure,renewed
STH502156,TF106315,49.2,"low game attendance, low total spend",not_renewed
STH504206,TF112317,5.8,tenure,renewed
STH503756,TF110972,2.4,"low total spend, low spend per game",renewed
STH505777,TF117195,0.1,"low spend per game, tenure",renewed
STH506509,TF119342,0.1,"tenure, low spend per game",renewed
STH505751,TF117134,0.1,tenure,renewed
STH503066,TF108920,1.1,few emails received,renewed
STH501577,TF104617,0.2,no dominant single factor,renewed
STH500214,TF100585,0.2,"low spend per game, long gap since last game attended",renewed
STH505637,TF116825,0.0,no dominant single factor,renewed
STH506268,TF118619,0.1,tenure,renewed
STH503684,TF110765,0.1,no dominant single factor,renewed
STH506090,TF118112,0.5,low spend per game,renewed
STH506386,TF118980,0.6,no dominant single factor,renewed
STH500294,TF100801,1.5,low email engagement,renewed
STH500444,TF101260,1.8,long gap since last game attended,renewed
STH502781,TF108071,1.1,"few emails received, low spend per game",renewed
STH502081,TF106105,0.1,tenure,renewed
STH501298,TF103829,0.1,no dominant single factor,renewed
STH506809,TF120188,0.1,no dominant single factor,renewed
STH505747,TF117128,0.3,low spend per game,renewed
STH504084,TF111963,0.4,low email engagement,renewed
STH501315,TF103863,0.1,no dominant single factor,renewed
STH505319,TF115811,0.2,few emails received,renewed
STH502190,TF106390,0.1,tenure,renewed
STH504232,TF112395,13.2,"low game attendance, low email engagement",renewed
STH503791,TF111090,0.6,tenure,renewed
STH500749,TF102169,0.1,few emails received,renewed
STH505619,TF116768,0.2,no dominant single factor,renewed
STH506785,TF120111,0.1,low email engagement,renewed
STH503919,TF111466,48.3,"low total spend, low game attendance",not_renewed
STH505575,TF116610,95.7,"low total spend, low game attendance",not_renewed
STH502484,TF107251,0.1,no dominant single factor,renewed
STH500496,TF101424,0.1,"tenure, few emails received",renewed
STH503193,TF109287,3.3,long gap since last game attended,renewed
STH507261,TF121449,0.5,low spend per game,renewed
STH500541,TF101531,0.1,low spend per game,renewed
STH507697,TF122669,0.1,tenure,renewed
STH503009,TF108739,94.8,"low total spend, low game attendance",not_renewed
STH506581,TF119536,14.2,"few emails received, low spend per game",renewed
STH506462,TF119200,2.3,"long gap since last game attended, low email engagement",not_renewed
STH508424,TF124760,0.1,"tenure, low spend per game",renewed
STH504199,TF112300,1.2,no dominant single factor,renewed
STH505815,TF117296,87.8,"low total spend, low game attendance",not_renewed
STH501376,TF104034,0.2,low spend per game,renewed
STH507611,TF122424,0.1,no dominant single factor,renewed
STH500852,TF102494,68.6,"low game attendance, low total spend",not_renewed
STH504842,TF114296,47.6,"low game attendance, low total spend",not_renewed
STH501977,TF105806,0.2,low email engagement,renewed
STH502628,TF107632,1.0,few emails received,renewed
STH500756,TF102191,0.2,low email engagement,renewed
STH500690,TF101983,0.1,no dominant single factor,renewed
STH505793,TF117242,0.1,no dominant single factor,renewed
STH501480,TF104325,0.1,no dominant single factor,renewed
STH505622,TF116784,0.1,"low spend per game, few emails received",renewed
STH500860,TF102514,90.5,"low total spend, low game attendance",not_renewed
STH505366,TF115954,0.2,no dominant single factor,renewed
STH504828,TF114261,16.8,low total spend,not_renewed
STH508437,TF124801,0.6,low spend per game,renewed
STH506860,TF120316,0.0,no dominant single factor,renewed
STH508366,TF124569,0.7,"low email engagement, low spend per game",renewed
STH507604,TF122392,0.3,"low email engagement, low spend per game",renewed
STH503546,TF110378,0.1,tenure,renewed
STH504166,TF112205,0.2,tenure,renewed
STH507182,TF121236,2.4,low email engagement,renewed
STH508393,TF124660,27.9,"low game attendance, few emails received",renewed
STH506467,TF119212,2.4,low email engagement,renewed
STH501759,TF105158,0.1,low spend per game,renewed
STH504780,TF114122,0.1,low spend per game,renewed
STH506604,TF119591,0.1,tenure,renewed
STH502486,TF107253,0.1,low email engagement,renewed
STH501139,TF103337,0.1,no dominant single factor,renewed
STH501777,TF105211,2.6,low email engagement,renewed
STH504117,TF112063,1.5,low email engagement,renewed
STH500810,TF102338,0.1,few emails received,renewed
STH508286,TF124335,25.4,"long gap since last game attended, low email engagement",not_renewed
STH507452,TF121981,0.2,tenure,renewed
STH505349,TF115908,3.1,"low spend per game, low game attendance",renewed
STH507097,TF120989,0.0,no dominant single factor,renewed
STH505412,TF116114,26.8,"long gap since last game attended, low email engagement",renewed
STH500829,TF102399,0.1,"low spend per game, tenure",renewed
STH504657,TF113693,6.5,"few emails received, low game attendance",not_renewed
STH508374,TF124593,23.8,"low total spend, low game attendance",renewed
STH506505,TF119335,0.4,"few emails received, tenure",renewed
STH505959,TF117746,0.1,low spend per game,renewed
STH501374,TF104029,23.4,"low game attendance, long gap since last game attended",renewed
STH502610,TF107588,0.0,tenure,renewed
STH502507,TF107314,0.1,"low spend per game, tenure",renewed
STH504327,TF112689,9.8,low game attendance,renewed
STH501880,TF105536,1.0,"low spend per game, low email engagement",renewed
STH502365,TF106898,0.1,no dominant single factor,renewed
STH505018,TF114892,0.1,no dominant single factor,renewed
STH506031,TF117965,1.1,tenure,renewed
STH501038,TF103046,0.4,low email engagement,renewed
STH507300,TF121544,2.8,"low total spend, tenure",renewed
STH505634,TF116818,0.1,tenure,renewed
STH503180,TF109259,0.4,tenure,renewed
STH501344,TF103938,0.2,long gap since last game attended,renewed
STH506557,TF119470,95.1,"low total spend, low game attendance",not_renewed
STH507202,TF121302,0.4,"low email engagement, low spend per game",renewed
STH504861,TF114399,3.3,long gap since last game attended,renewed
STH506366,TF118922,0.1,low spend per game,renewed
STH505782,TF117203,0.3,"few emails received, low spend per game",renewed
STH508009,TF123567,0.1,"low email engagement, tenure",renewed
STH500550,TF101553,0.1,tenure,renewed
STH500884,TF102581,0.1,tenure,renewed
STH506552,TF119453,1.2,no dominant single factor,renewed
STH501828,TF105360,14.8,"low total spend, low game attendance",renewed
STH505064,TF115022,0.1,low spend per game,renewed
STH508447,TF124834,0.6,no dominant single factor,renewed
STH507304,TF121561,0.2,tenure,renewed
STH501834,TF105374,0.2,"low email engagement, few emails received",renewed
STH504627,TF113621,0.1,no dominant single factor,renewed
STH507835,TF123030,0.1,tenure,renewed
STH505792,TF117240,0.1,"low email engagement, low spend per game",renewed
STH504322,TF112674,0.3,low spend per game,renewed
STH502579,TF107493,0.2,few emails received,renewed
STH502733,TF107940,1.8,"few emails received, tenure",renewed
STH507495,TF122115,0.4,tenure,renewed
STH503793,TF111096,0.3,"tenure, low email engagement",renewed
STH504978,TF114769,0.2,low spend per game,renewed
STH503503,TF110254,0.1,tenure,renewed
STH508061,TF123711,0.1,"low spend per game, tenure",renewed
STH502400,TF106985,0.2,low email engagement,renewed
STH505215,TF115483,5.0,low email engagement,renewed
STH508308,TF124411,0.1,no dominant single factor,renewed
STH504915,TF114552,0.1,no dominant single factor,renewed
STH503324,TF109679,0.5,"few emails received, low email engagement",renewed
STH505282,TF115700,97.1,"low total spend, low game attendance",not_renewed
STH506375,TF118951,0.2,"low spend per game, tenure",renewed
STH500941,TF102743,17.7,low total spend,not_renewed
STH501266,TF103738,0.1,no dominant single factor,renewed
STH508261,TF124268,2.2,tenure,renewed
STH503216,TF109359,3.3,low game attendance,renewed
STH508113,TF123854,0.1,no dominant single factor,renewed
STH503930,TF111497,0.6,"tenure, low email engagement",renewed
STH507413,TF121884,0.1,tenure,renewed
STH500927,TF102695,0.5,"low email engagement, few emails received",renewed
STH500449,TF101286,0.2,"low spend per game, low email engagement",renewed
STH504876,TF114441,80.2,"low total spend, low game attendance",renewed
STH505107,TF115149,0.1,"low spend per game, tenure",renewed
STH508330,TF124481,0.2,"low spend per game, tenure",renewed
STH504243,TF112450,0.1,no dominant single factor,renewed
STH501351,TF103946,0.1,tenure,renewed
STH505085,TF115083,0.1,"few emails received, tenure",renewed
STH506565,TF119486,0.3,low spend per game,renewed
STH506778,TF120087,0.1,tenure,renewed
STH500418,TF101170,0.6,low email engagement,renewed
STH505662,TF116906,95.2,"low total spend, low game attendance",not_renewed
STH501096,TF103214,0.1,low email engagement,renewed
STH505572,TF116601,0.1,"low spend per game, tenure",renewed
STH503316,TF109654,0.1,no dominant single factor,renewed
STH505420,TF116137,0.1,tenure,renewed
STH506921,TF120480,19.9,"low total spend, tenure",renewed
STH501097,TF103218,0.1,low email engagement,renewed
STH500070,TF100226,0.2,low spend per game,renewed
STH504591,TF113522,0.1,"few emails received, low spend per game",renewed
STH506660,TF119766,0.1,tenure,renewed
STH500109,TF100311,27.8,"long gap since last game attended, low game attendance",renewed
STH508243,TF124225,0.1,low spend per game,renewed
STH504666,TF113727,0.1,few emails received,renewed
STH502827,TF108234,4.5,no dominant single factor,not_renewed
STH500570,TF101608,0.1,no dominant single factor,renewed
STH502636,TF107653,6.0,"low email engagement, low spend per game",renewed
STH507868,TF123126,3.7,no dominant single factor,renewed
STH505315,TF115796,0.8,"low spend per game, few emails received",renewed
STH503380,TF109845,0.5,no dominant single factor,renewed
STH501433,TF104193,0.1,"low email engagement, few emails received",renewed
STH504491,TF113205,0.1,tenure,renewed
STH504048,TF111878,1.3,low email engagement,renewed
STH500866,TF102530,7.3,"low game attendance, low email engagement",not_renewed
STH500995,TF102907,0.1,tenure,renewed
STH504546,TF113370,0.2,tenure,renewed
STH503956,TF111587,0.1,tenure,renewed
STH503034,TF108816,30.4,"low total spend, low game attendance",renewed
STH502426,TF107070,0.1,tenure,renewed
STH505509,TF116409,0.1,tenure,renewed
STH504626,TF113620,1.6,tenure,renewed
STH507115,TF121031,0.1,low spend per game,renewed
STH503643,TF110650,0.1,no dominant single factor,renewed
STH507438,TF121945,0.2,"long gap since last game attended, few emails received",renewed
STH502480,TF107244,0.0,no dominant single factor,renewed
STH506574,TF119513,0.1,"low spend per game, low email engagement",renewed
STH507991,TF123471,0.5,low email engagement,renewed
STH502625,TF107624,0.2,tenure,renewed
STH503372,TF109829,0.2,low spend per game,renewed
STH504028,TF111814,0.1,no dominant single factor,renewed
STH505104,TF115140,2.4,no dominant single factor,renewed
STH505140,TF115248,8.7,"low game attendance, low total spend",renewed
STH501372,TF104023,0.1,no dominant single factor,renewed
STH508010,TF123568,0.1,"tenure, few emails received",renewed
STH505223,TF115511,0.1,no dominant single factor,renewed
STH500422,TF101183,0.1,"few emails received, tenure",renewed
STH504026,TF111812,0.2,"few emails received, low spend per game",renewed
STH508008,TF123563,0.2,tenure,renewed
STH500624,TF101769,0.1,low email engagement,renewed
STH502402,TF106991,0.1,few emails received,renewed
STH502896,TF108394,12.0,"low game attendance, low total spend",renewed
STH503742,TF110941,56.4,"low game attendance, low total spend",not_renewed
STH507427,TF121926,0.1,low spend per game,renewed
STH505701,TF117010,0.1,low email engagement,renewed
STH500600,TF101696,0.0,no dominant single factor,renewed
STH500632,TF101788,0.2,low spend per game,renewed
STH508292,TF124360,0.1,no dominant single factor,renewed
STH501685,TF104931,0.1,no dominant single factor,renewed
STH505673,TF116932,0.1,no dominant single factor,renewed
STH507173,TF121212,0.2,tenure,renewed
STH504283,TF112561,0.2,long gap since last game attended,renewed
STH507747,TF122785,0.2,low spend per game,renewed
STH504347,TF112759,0.1,no dominant single factor,renewed
STH506293,TF118683,65.5,"low email engagement, low game attendance",not_renewed
STH500981,TF102875,0.1,low email engagement,renewed
STH504577,TF113478,0.1,no dominant single factor,renewed
STH507511,TF122159,3.1,tenure,renewed
STH506178,TF118318,74.5,"low total spend, low game attendance",not_renewed
STH500288,TF100786,40.0,"low game attendance, long gap since last game attended",not_renewed
STH503508,TF110277,0.1,no dominant single factor,renewed
STH503113,TF109046,0.1,low spend per game,renewed
STH503591,TF110497,0.1,no dominant single factor,renewed
STH500323,TF100901,0.2,low spend per game,renewed
STH507876,TF123149,60.5,"low game attendance, low total spend",not_renewed
STH500223,TF100618,8.4,low total spend,renewed
STH506705,TF119876,0.1,low email engagement,renewed
STH506003,TF117869,0.2,low spend per game,renewed
STH500921,TF102682,0.1,no dominant single factor,renewed
STH503845,TF111238,0.3,"low spend per game, few emails received",renewed
STH507733,TF122748,0.2,"few emails received, tenure",renewed
STH505859,TF117412,10.1,low game attendance,renewed
STH500744,TF102158,0.2,tenure,renewed
STH502752,TF107989,0.3,no dominant single factor,renewed
STH503079,TF108954,0.0,no dominant single factor,renewed
STH508056,TF123691,0.7,long gap since last game attended,renewed
STH504535,TF113342,0.1,"low spend per game, tenure",renewed
STH508001,TF123511,0.1,low spend per game,renewed
STH504924,TF114580,5.8,"low game attendance, low total spend",renewed
STH500370,TF101033,41.6,"low total spend, low game attendance",renewed
STH503666,TF110732,0.2,no dominant single factor,renewed
STH503897,TF111405,0.1,no dominant single factor,renewed
STH503328,TF109693,0.1,low spend per game,renewed
STH508226,TF124165,0.1,tenure,renewed
STH503490,TF110217,0.2,low spend per game,renewed
STH502050,TF106013,0.5,"few emails received, long gap since last game attended",renewed
STH504662,TF113702,0.3,long gap since last game attended,renewed
STH501440,TF104212,0.1,low email engagement,renewed
STH506195,TF118371,0.1,no dominant single factor,renewed
STH501210,TF103568,0.2,"tenure, low email engagement",renewed
STH500558,TF101576,1.0,no dominant single factor,renewed
STH507922,TF123304,0.1,tenure,renewed
STH507524,TF122198,0.4,tenure,renewed
STH502576,TF107481,0.1,few emails received,renewed
STH503674,TF110748,0.2,"low email engagement, few emails received",renewed
STH507844,TF123054,0.1,no dominant single factor,renewed
STH504528,TF113322,0.1,no dominant single factor,renewed
STH500853,TF102495,0.2,tenure,renewed
STH500282,TF100772,0.2,"low spend per game, low email engagement",renewed
STH505391,TF116033,0.1,low spend per game,renewed
STH503780,TF111050,0.1,no dominant single factor,renewed
STH501104,TF103227,0.1,no dominant single factor,renewed
STH505911,TF117598,0.8,no dominant single factor,renewed
STH505784,TF117207,0.1,no dominant single factor,renewed
STH504625,TF113618,38.7,"low total spend, low game attendance",renewed
STH507296,TF121532,0.1,"tenure, few emails received",renewed
STH504980,TF114773,42.1,"low game attendance, low total spend",renewed
STH506550,TF119447,98.3,"low total spend, low game attendance",not_renewed
STH506513,TF119348,0.6,"few emails received, low spend per game",renewed
STH502665,TF107743,19.9,"low total spend, low email engagement",renewed
STH500845,TF102461,2.5,"low total spend, low spend per game",renewed
STH508192,TF124084,0.1,no dominant single factor,renewed
STH506881,TF120377,0.3,"few emails received, long gap since last game attended",renewed
STH507591,TF122362,0.2,low spend per game,renewed
STH507935,TF123326,82.7,"low total spend, low game attendance",not_renewed
STH505135,TF115239,0.1,low email engagement,renewed
STH500466,TF101337,0.1,tenure,renewed
STH505695,TF116993,0.0,no dominant single factor,renewed
STH507391,TF121827,97.3,"low total spend, low game attendance",not_renewed
STH505554,TF116539,0.2,low email engagement,renewed
STH503896,TF111404,0.1,low spend per game,renewed
STH503629,TF110603,0.1,"tenure, low spend per game",renewed
STH506104,TF118142,0.2,"low email engagement, few emails received",renewed
STH503114,TF109048,0.2,low email engagement,renewed
STH505861,TF117428,0.2,"low email engagement, few emails received",renewed
STH508493,TF124978,0.2,no dominant single factor,renewed
STH506053,TF118019,0.1,tenure,renewed
STH501247,TF103681,0.1,no dominant single factor,renewed
STH504588,TF113514,38.5,"low total spend, low game attendance",not_renewed
STH505046,TF114968,0.1,no dominant single factor,renewed
STH507596,TF122371,0.3,low email engagement,renewed
STH507989,TF123466,0.1,low spend per game,renewed
STH502832,TF108245,0.2,tenure,renewed
STH503347,TF109747,21.5,"low total spend, low game attendance",renewed
STH507236,TF121381,75.0,"low game attendance, low total spend",not_renewed
STH503600,TF110529,0.1,low spend per game,renewed
STH507307,TF121580,1.5,tenure,renewed
STH506536,TF119411,0.3,"low spend per game, low email engagement",renewed
STH505237,TF115561,0.1,low email engagement,renewed
STH504483,TF113178,0.1,long gap since last game attended,renewed
STH505220,TF115499,18.3,"low game attendance, low total spend",not_renewed
STH501327,TF103893,11.2,"low game attendance, low total spend",renewed
STH505783,TF117205,0.2,low spend per game,renewed
STH504812,TF114216,0.2,low email engagement,renewed
STH504843,TF114302,0.2,long gap since last game attended,renewed
STH501744,TF105102,0.2,"low email engagement, tenure",renewed
STH502397,TF106979,20.0,low game attendance,renewed
STH505987,TF117826,0.1,no dominant single factor,renewed
STH501293,TF103814,0.2,tenure,renewed
STH504361,TF112793,0.2,"few emails received, tenure",renewed
STH505613,TF116735,37.2,"low game attendance, low total spend",renewed
STH502744,TF107969,0.3,no dominant single factor,renewed
STH503642,TF110648,0.2,"low spend per game, few emails received",renewed
STH507468,TF122037,0.1,tenure,renewed
STH508300,TF124394,0.5,low email engagement,renewed
STH504400,TF112936,0.3,tenure,renewed
STH500741,TF102149,0.1,long gap since last game attended,renewed
STH504276,TF112547,50.3,"low game attendance, low total spend",not_renewed
STH507416,TF121890,0.1,tenure,renewed
STH507047,TF120842,93.8,"low total spend, low game attendance",not_renewed
STH502557,TF107427,0.7,no dominant single factor,renewed
STH504407,TF112961,0.2,few emails received,renewed
STH507008,TF120719,0.5,tenure,renewed
STH505710,TF117028,0.4,"low spend per game, low email engagement",renewed
STH507262,TF121450,0.5,"low email engagement, tenure",renewed
STH506544,TF119429,0.1,tenure,renewed
STH503075,TF108946,0.1,"low email engagement, low spend per game",renewed
STH501634,TF104787,0.1,no dominant single factor,renewed
STH502318,TF106757,2.6,"low game attendance, low email engagement",renewed
STH507639,TF122498,68.3,"low game attendance, low total spend",not_renewed
STH502369,TF106904,6.4,"low email engagement, few emails received",renewed
STH506534,TF119401,0.3,no dominant single factor,renewed
STH506764,TF120049,0.3,no dominant single factor,renewed
STH502291,TF106675,46.4,"low game attendance, low total spend",not_renewed
STH506943,TF120533,92.5,"low total spend, low game attendance",not_renewed
STH500876,TF102558,0.8,low email engagement,renewed
STH500641,TF101807,19.1,"low total spend, low game attendance",renewed
STH501847,TF105421,0.5,low spend per game,renewed
STH500094,TF100277,0.3,"low email engagement, few emails received",renewed
STH508190,TF124077,0.1,tenure,renewed
STH500467,TF101339,0.2,tenure,renewed
STH505733,TF117088,4.7,"low game attendance, long gap since last game attended",renewed
STH504733,TF113958,97.5,"low total spend, low game attendance",not_renewed
STH501102,TF103225,98.5,"low total spend, low game attendance",not_renewed
STH501820,TF105325,0.1,tenure,renewed
STH503979,TF111660,0.1,no dominant single factor,renewed
STH505598,TF116688,0.1,"few emails received, tenure",renewed
STH500028,TF100070,0.2,low email engagement,renewed
STH506328,TF118794,0.1,no dominant single factor,renewed
STH500988,TF102890,0.1,low email engagement,renewed
STH505653,TF116875,0.2,low spend per game,renewed
STH506276,TF118646,0.3,few emails received,renewed
STH506684,TF119822,0.1,no dominant single factor,renewed
STH505379,TF116003,0.0,no dominant single factor,renewed
STH506611,TF119613,8.8,"low total spend, low email engagement",renewed
STH500327,TF100911,0.8,no dominant single factor,renewed
STH507732,TF122746,0.1,low spend per game,renewed
STH503555,TF110401,1.4,few emails received,renewed
STH502648,TF107692,0.1,no dominant single factor,renewed
STH506381,TF118966,0.2,"tenure, few emails received",renewed
STH506596,TF119573,2.2,few emails received,renewed
STH501439,TF104207,11.4,low game attendance,renewed
STH505269,TF115664,2.9,"low total spend, low spend per game",renewed
STH506142,TF118221,0.1,low email engagement,renewed
STH507787,TF122902,0.6,no dominant single factor,renewed
STH507102,TF121005,0.1,tenure,renewed
STH501436,TF104201,0.1,no dominant single factor,renewed
STH504567,TF113452,0.1,no dominant single factor,renewed
STH505789,TF117228,0.1,low spend per game,renewed
STH501142,TF103350,6.3,tenure,renewed
STH503923,TF111479,0.1,"long gap since last game attended, low spend per game",renewed
STH503714,TF110853,0.4,low email engagement,renewed
STH506061,TF118043,0.1,tenure,renewed
STH501232,TF103628,0.1,low spend per game,renewed
STH506845,TF120277,0.2,tenure,renewed
STH500403,TF101121,0.2,no dominant single factor,renewed
STH503284,TF109564,0.2,"few emails received, tenure",renewed
STH501906,TF105603,0.3,low email engagement,renewed
STH506994,TF120678,95.2,"low total spend, low game attendance",not_renewed
STH501172,TF103443,1.1,low email engagement,renewed
STH501718,TF105028,0.1,low spend per game,renewed
STH504584,TF113503,22.6,"low game attendance, low email engagement",renewed
STH500694,TF101992,0.1,tenure,renewed
STH502100,TF106159,0.1,no dominant single factor,renewed
STH503832,TF111206,0.1,low spend per game,renewed
STH505216,TF115488,0.2,no dominant single factor,renewed
STH508032,TF123635,0.1,tenure,renewed
STH502854,TF108295,64.0,"low total spend, low game attendance",not_renewed
STH501163,TF103425,0.1,tenure,renewed
STH505137,TF115245,0.3,low email engagement,renewed
STH505752,TF117136,0.2,low spend per game,renewed
STH500596,TF101681,59.0,"low game attendance, low total spend",renewed
STH507270,TF121476,0.5,"low email engagement, tenure",renewed
STH502727,TF107910,0.3,low email engagement,renewed
STH500320,TF100890,19.5,"low game attendance, low email engagement",renewed
STH504331,TF112702,0.2,tenure,renewed
STH504644,TF113655,0.8,tenure,renewed
STH500062,TF100198,0.3,"low email engagement, low spend per game",renewed
STH502886,TF108372,0.7,low email engagement,renewed
STH501582,TF104630,0.2,low email engagement,renewed
STH501530,TF104477,2.3,"low email engagement, low spend per game",renewed
STH501452,TF104243,0.1,no dominant single factor,renewed
STH501199,TF103539,0.1,few emails received,renewed
STH500257,TF100700,0.4,low spend per game,renewed
STH507368,TF121761,0.1,low email engagement,renewed
STH505711,TF117030,85.4,"low total spend, low game attendance",not_renewed
STH507855,TF123083,0.1,low email engagement,renewed
STH501677,TF104918,61.0,"low total spend, low game attendance",not_renewed
STH501195,TF103525,0.2,low spend per game,renewed
STH507969,TF123418,1.7,low game attendance,renewed
STH504303,TF112617,1.5,"tenure, few emails received",renewed
STH505311,TF115785,1.4,"low email engagement, low spend per game",renewed
STH506059,TF118039,0.3,"tenure, low spend per game",renewed
STH502525,TF107357,1.8,low game attendance,renewed
STH502295,TF106695,0.2,low spend per game,renewed
STH505113,TF115177,0.3,low email engagement,renewed
STH507886,TF123196,0.1,tenure,renewed
STH505600,TF116693,0.3,"low email engagement, low spend per game",renewed
STH508085,TF123787,0.1,no dominant single factor,renewed
STH502237,TF106521,0.2,tenure,renewed
STH506832,TF120250,0.1,"low email engagement, tenure",renewed
STH503686,TF110778,0.1,long gap since last game attended,renewed
STH501567,TF104583,0.1,low email engagement,renewed
STH504545,TF113368,0.5,"low spend per game, long gap since last game attended",renewed
STH506230,TF118492,0.1,no dominant single factor,renewed
STH501595,TF104662,67.6,"low total spend, low game attendance",renewed
STH503790,TF111089,0.1,tenure,renewed
STH504533,TF113330,1.5,"few emails received, tenure",renewed
STH507273,TF121488,6.3,"low game attendance, low email engagement",renewed
STH505942,TF117688,0.2,tenure,renewed
STH505454,TF116244,0.0,no dominant single factor,renewed
STH504146,TF112145,0.1,low spend per game,renewed
STH502069,TF106056,0.4,tenure,renewed
STH506101,TF118137,8.2,low game attendance,renewed
STH507407,TF121875,0.4,low email engagement,renewed
STH507044,TF120831,0.0,tenure,renewed
STH507668,TF122590,84.1,"low total spend, low game attendance",not_renewed
STH502488,TF107258,0.1,no dominant single factor,renewed
STH507783,TF122879,0.1,few emails received,renewed
STH506696,TF119847,0.1,long gap since last game attended,renewed
STH505535,TF116478,1.4,low spend per game,renewed
STH507899,TF123239,0.1,few emails received,renewed
STH502984,TF108659,1.3,low spend per game,renewed
STH501763,TF105170,0.1,low spend per game,renewed
STH503129,TF109084,0.5,long gap since last game attended,renewed
STH502174,TF106347,0.3,low email engagement,renewed
STH506480,TF119248,88.4,"low total spend, low game attendance",not_renewed
STH500856,TF102504,0.2,tenure,renewed
STH501543,TF104519,1.4,tenure,renewed
STH500903,TF102637,0.3,low email engagement,renewed
STH503722,TF110873,79.6,"low game attendance, low total spend",not_renewed
STH500212,TF100582,0.0,no dominant single factor,renewed
STH503992,TF111705,0.5,tenure,renewed
STH507516,TF122179,0.1,no dominant single factor,renewed
STH503803,TF111120,0.1,tenure,renewed
STH507505,TF122135,0.1,no dominant single factor,renewed
STH500803,TF102314,0.1,"few emails received, low email engagement",renewed
STH501553,TF104537,3.0,tenure,renewed
STH500168,TF100465,3.6,low game attendance,renewed
STH507184,TF121239,1.4,low email engagement,renewed
STH508036,TF123658,0.2,"tenure, low email engagement",renewed
STH503289,TF109576,0.1,no dominant single factor,renewed
STH504566,TF113443,0.1,no dominant single factor,renewed
STH505841,TF117370,0.1,no dominant single factor,renewed
STH500613,TF101732,0.1,no dominant single factor,renewed
STH501737,TF105082,0.2,few emails received,renewed
STH508079,TF123774,0.1,no dominant single factor,renewed
STH501502,TF104389,6.7,"long gap since last game attended, low game attendance",renewed
STH507736,TF122756,35.3,"low total spend, low game attendance",renewed
STH503950,TF111570,0.7,"low spend per game, few emails received",renewed
STH500944,TF102754,0.1,low email engagement,renewed
STH507863,TF123115,0.1,tenure,renewed
STH504133,TF112103,0.1,no dominant single factor,renewed
STH506569,TF119499,0.1,low spend per game,renewed
STH506846,TF120283,86.1,"low game attendance, low total spend",not_renewed
STH501984,TF105829,0.2,low email engagement,renewed
STH505212,TF115480,90.7,"low total spend, low game attendance",not_renewed
STH500011,TF100021,0.2,low spend per game,renewed
STH503157,TF109178,0.2,"low spend per game, low email engagement",renewed
STH502852,TF108291,0.1,low email engagement,renewed
STH507600,TF122380,1.3,tenure,renewed
STH500445,TF101270,0.1,tenure,renewed
STH501444,TF104219,0.1,no dominant single factor,renewed
STH503073,TF108939,0.5,"few emails received, low email engagement",renewed
STH505569,TF116594,3.0,low game attendance,renewed
STH505905,TF117572,0.2,low spend per game,renewed
STH507662,TF122571,0.1,tenure,renewed
STH501404,TF104103,0.3,no dominant single factor,renewed
STH500850,TF102487,9.8,"low total spend, low game attendance",renewed
STH500084,TF100252,0.1,low spend per game,renewed
STH504366,TF112818,1.2,low spend per game,renewed
STH500681,TF101930,0.3,low spend per game,renewed
STH505716,TF117042,0.7,"few emails received, low email engagement",renewed
STH506673,TF119798,0.1,few emails received,renewed
STH508430,TF124778,60.4,"low total spend, low game attendance",not_renewed
STH504743,TF113988,0.2,"low spend per game, tenure",renewed
STH503002,TF108723,0.4,"low email engagement, low spend per game",renewed
STH506316,TF118751,0.2,"low spend per game, tenure",renewed
STH506502,TF119328,0.1,few emails received,renewed
STH502090,TF106129,0.1,few emails received,renewed
STH508090,TF123804,34.0,"low game attendance, low total spend",not_renewed
STH500121,TF100329,0.1,"low spend per game, tenure",renewed
STH507086,TF120956,0.3,"few emails received, low email engagement",renewed
STH503394,TF109902,93.5,"low total spend, low game attendance",not_renewed
STH500039,TF100112,0.9,no dominant single factor,renewed
STH500398,TF101108,84.4,"low total spend, low game attendance",not_renewed
STH505343,TF115897,0.1,no dominant single factor,renewed
STH505647,TF116852,0.1,low email engagement,renewed
STH504284,TF112563,2.0,low spend per game,renewed
STH508030,TF123629,79.5,"low total spend, low game attendance",renewed
STH507042,TF120828,0.3,low email engagement,renewed
STH504547,TF113371,0.0,no dominant single factor,renewed
STH503699,TF110820,0.2,no dominant single factor,renewed
STH500253,TF100682,0.4,low email engagement,renewed
STH500218,TF100596,0.1,no dominant single factor,renewed
STH504071,TF111933,0.0,no dominant single factor,renewed
STH504983,TF114782,0.2,no dominant single factor,renewed
STH505488,TF116342,0.1,no dominant single factor,renewed
STH505957,TF117730,3.3,low spend per game,renewed
STH505246,TF115597,0.1,tenure,renewed
STH504612,TF113585,0.3,low email engagement,renewed
STH503646,TF110666,0.7,"few emails received, tenure",renewed
STH506772,TF120066,4.1,low email engagement,renewed
STH503023,TF108782,0.1,"long gap since last game attended, few emails received",renewed
STH502846,TF108277,0.5,no dominant single factor,renewed
STH500486,TF101402,98.6,"low total spend, low game attendance",not_renewed
STH506634,TF119689,0.3,"low spend per game, low email engagement",renewed
STH505258,TF115634,3.2,few emails received,renewed
STH503096,TF109006,0.1,no dominant single factor,renewed
STH500152,TF100418,91.3,"low total spend, low game attendance",not_renewed
STH505870,TF117453,0.1,no dominant single factor,renewed
STH506312,TF118743,0.1,no dominant single factor,renewed
STH505644,TF116843,98.0,"low total spend, low game attendance",not_renewed
STH504438,TF113040,12.1,"low total spend, low game attendance",renewed
STH505201,TF115450,2.6,tenure,renewed
STH505746,TF117122,0.4,low email engagement,renewed
STH503231,TF109398,1.2,low email engagement,renewed
STH505558,TF116555,0.2,low spend per game,renewed
STH501296,TF103823,28.7,"low total spend, low game attendance",renewed
STH507369,TF121762,93.3,"low total spend, low game attendance",not_renewed
STH500555,TF101562,31.2,"low game attendance, low total spend",renewed
STH505328,TF115826,0.1,no dominant single factor,renewed
STH501852,TF105448,0.1,low email engagement,renewed
STH502615,TF107605,55.3,"low total spend, low game attendance",not_renewed
STH501531,TF104478,0.2,few emails received,renewed
STH508214,TF124140,0.4,tenure,renewed
STH501807,TF105286,0.4,tenure,renewed
STH507148,TF121133,0.6,no dominant single factor,renewed
STH501155,TF103396,0.1,no dominant single factor,renewed
STH504277,TF112551,0.7,"tenure, low spend per game",renewed
STH508410,TF124722,0.1,long gap since last game attended,renewed
STH505687,TF116982,0.1,low spend per game,renewed
STH500772,TF102247,0.1,low email engagement,renewed
STH505110,TF115157,0.0,no dominant single factor,renewed
STH506273,TF118634,0.1,low spend per game,renewed
STH502465,TF107201,0.1,no dominant single factor,renewed
STH507379,TF121783,0.2,no dominant single factor,renewed
STH502656,TF107722,0.4,low spend per game,renewed
STH500612,TF101731,0.1,tenure,renewed
STH502807,TF108161,0.1,tenure,renewed
STH503960,TF111594,0.4,tenure,renewed
STH506539,TF119418,0.4,no dominant single factor,renewed
STH506829,TF120245,0.1,no dominant single factor,renewed
STH506042,TF117983,47.5,"low game attendance, low total spend",renewed
STH500601,TF101697,1.0,no dominant single factor,renewed
STH503604,TF110536,0.4,tenure,renewed
STH504421,TF113000,0.2,low email engagement,renewed
STH502231,TF106496,0.1,no dominant single factor,renewed
STH501580,TF104622,0.1,few emails received,renewed
STH503039,TF108833,0.1,low email engagement,renewed
STH507791,TF122912,0.1,tenure,renewed
STH502914,TF108448,0.1,low spend per game,renewed
STH505848,TF117384,24.5,"long gap since last game attended, low game attendance",renewed
STH504581,TF113497,28.0,"low game attendance, low email engagement",renewed
STH501437,TF104202,0.0,no dominant single factor,renewed
STH507226,TF121366,0.1,no dominant single factor,renewed
STH507685,TF122634,68.9,"low total spend, low game attendance",not_renewed
STH503441,TF110059,0.2,low email engagement,renewed
STH506616,TF119635,0.1,low spend per game,renewed
STH501120,TF103277,0.2,low spend per game,renewed
STH502011,TF105893,26.9,"low total spend, low game attendance",renewed
STH505351,TF115916,0.1,few emails received,renewed
STH501000,TF102940,0.1,tenure,renewed
STH501682,TF104924,0.1,"low email engagement, low spend per game",renewed
STH506309,TF118737,0.3,low email engagement,renewed
STH505469,TF116278,0.2,low spend per game,renewed
STH501636,TF104790,65.8,"low game attendance, low total spend",not_renewed
STH508348,TF124526,0.4,"low spend per game, low email engagement",renewed
STH507509,TF122153,0.3,low spend per game,renewed
STH507440,TF121949,0.1,"low spend per game, tenure",renewed
STH504464,TF113121,0.3,low spend per game,renewed
STH506685,TF119825,0.0,low email engagement,renewed
STH505964,TF117766,0.6,few emails received,renewed
STH500171,TF100471,91.7,"low total spend, low game attendance",not_renewed
STH507406,TF121874,5.6,"low game attendance, low total spend",renewed
STH505272,TF115672,0.5,few emails received,renewed
STH508133,TF123903,0.0,no dominant single factor,renewed
STH502212,TF106437,0.1,no dominant single factor,renewed
STH505631,TF116811,4.8,"low game attendance, tenure",renewed
STH507909,TF123257,1.1,long gap since last game attended,renewed
STH501167,TF103434,0.2,"tenure, low spend per game",renewed
STH501868,TF105500,72.8,"low game attendance, low total spend",not_renewed
STH501729,TF105062,0.2,no dominant single factor,renewed
STH505393,TF116044,0.5,long gap since last game attended,renewed
STH504329,TF112692,0.1,tenure,renewed
STH506560,TF119479,1.2,low email engagement,renewed
STH500872,TF102548,28.0,"low email engagement, low spend per game",not_renewed
STH507130,TF121077,0.1,no dominant single factor,renewed
STH506327,TF118792,0.1,no dominant single factor,renewed
STH507646,TF122515,59.9,"low game attendance, low total spend",not_renewed
STH500691,TF101985,0.1,low email engagement,renewed
STH501581,TF104627,0.1,no dominant single factor,renewed
STH505127,TF115215,0.2,"low email engagement, tenure",renewed
STH501976,TF105796,0.1,low email engagement,renewed
STH500119,TF100324,74.2,"low game attendance, low total spend",not_renewed
STH507051,TF120847,0.2,tenure,renewed
STH507815,TF122968,0.7,tenure,renewed
STH504640,TF113647,0.2,low email engagement,renewed
STH507018,TF120755,2.8,low game attendance,renewed
STH501693,TF104959,0.3,low email engagement,renewed
STH505199,TF115445,0.3,"low spend per game, low email engagement",renewed
STH500459,TF101312,0.1,tenure,renewed
STH506917,TF120465,0.1,no dominant single factor,renewed
STH501397,TF104086,0.3,long gap since last game attended,renewed
STH507865,TF123119,96.5,"low total spend, low game attendance",not_renewed
STH502789,TF108091,61.2,"low game attendance, low total spend",not_renewed
STH501268,TF103744,0.4,"tenure, low email engagement",renewed
STH501466,TF104273,0.2,"tenure, low spend per game",renewed
STH506403,TF119024,3.5,no dominant single factor,renewed
STH504910,TF114528,0.0,no dominant single factor,renewed
STH507021,TF120761,0.4,"long gap since last game attended, low spend per game",renewed
STH500435,TF101227,0.3,tenure,renewed
STH500987,TF102888,0.1,"low spend per game, tenure",renewed
STH506726,TF119932,0.2,low email engagement,renewed
STH505963,TF117759,1.2,"tenure, few emails received",renewed
STH503944,TF111549,8.5,"low email engagement, low game attendance",renewed
STH507801,TF122932,64.7,"low total spend, low game attendance",not_renewed
STH500400,TF101113,9.8,low total spend,renewed
STH504573,TF113474,0.2,low email engagement,renewed
STH503076,TF108950,97.1,"low total spend, low game attendance",not_renewed
STH501250,TF103692,21.4,"low game attendance, low total spend",not_renewed
STH502650,TF107705,0.2,"low email engagement, low spend per game",renewed
STH506331,TF118800,0.3,low email engagement,renewed
STH502740,TF107950,1.0,tenure,renewed
STH500415,TF101161,0.1,no dominant single factor,renewed
STH506997,TF120690,0.0,no dominant single factor,renewed
STH503058,TF108901,97.3,"low total spend, low game attendance",not_renewed
STH506478,TF119245,5.9,low email engagement,renewed
STH507157,TF121154,0.3,no dominant single factor,renewed
STH506805,TF120173,0.1,low spend per game,renewed
STH506553,TF119456,0.2,tenure,renewed
STH503700,TF110821,0.2,"low email engagement, tenure",renewed
STH505564,TF116575,0.2,low email engagement,renewed
STH502330,TF106803,0.2,low spend per game,renewed
STH505834,TF117354,0.1,few emails received,renewed
STH505027,TF114928,0.2,low spend per game,renewed
STH507827,TF123006,0.2,low email engagement,renewed
STH500270,TF100738,0.6,"low email engagement, tenure",renewed
STH500337,TF100935,2.9,"low email engagement, few emails received",renewed
STH501545,TF104522,0.1,tenure,renewed
STH504603,TF113552,11.5,low game attendance,renewed
STH502548,TF107409,0.2,low spend per game,renewed
STH505519,TF116432,81.5,"low total spend, low game attendance",not_renewed
STH506344,TF118862,39.0,"low total spend, low game attendance",renewed
STH505195,TF115435,5.6,"low game attendance, low email engagement",renewed
STH504637,TF113643,0.1,no dominant single factor,renewed
STH503410,TF109957,0.9,low spend per game,renewed
STH500636,TF101793,0.2,long gap since last game attended,renewed
STH502292,TF106682,0.2,"tenure, low spend per game",renewed
STH501218,TF103596,0.1,"low spend per game, few emails received",renewed
STH504752,TF114013,10.1,"low game attendance, low total spend",renewed
STH500136,TF100371,0.1,long gap since last game attended,renewed
STH502725,TF107905,0.1,no dominant single factor,renewed
STH504769,TF114092,0.1,tenure,renewed
STH500835,TF102433,0.3,few emails received,renewed
STH507653,TF122530,0.1,few emails received,renewed
STH503052,TF108879,0.1,tenure,renewed
STH501938,TF105683,0.1,tenure,renewed
STH500236,TF100646,0.1,no dominant single factor,renewed
STH506406,TF119031,0.1,few emails received,renewed
STH504124,TF112080,0.1,tenure,renewed
STH504901,TF114499,0.1,no dominant single factor,renewed
STH505795,TF117250,0.1,low email engagement,renewed
STH502379,TF106924,0.1,no dominant single factor,renewed
STH502020,TF105923,0.1,no dominant single factor,renewed
STH504904,TF114504,0.1,no dominant single factor,renewed
STH507995,TF123485,0.5,"few emails received, low email engagement",renewed
STH505567,TF116589,0.3,low email engagement,renewed
STH500802,TF102312,0.2,"long gap since last game attended, few emails received",renewed
STH504078,TF111951,0.1,low email engagement,renewed
STH503337,TF109716,0.3,tenure,renewed
STH505424,TF116148,1.0,"tenure, low spend per game",renewed
STH501837,TF105382,0.2,"low email engagement, low spend per game",renewed
STH504985,TF114786,65.1,"low total spend, low game attendance",not_renewed
STH508249,TF124236,0.2,no dominant single factor,renewed
STH508211,TF124134,15.1,"long gap since last game attended, low total spend",renewed
STH503478,TF110173,0.4,tenure,renewed
STH506999,TF120693,0.1,low email engagement,renewed
STH502916,TF108461,0.3,"tenure, low email engagement",renewed
STH503027,TF108790,0.1,low spend per game,renewed
STH507424,TF121915,91.1,"low total spend, low game attendance",not_renewed
STH504256,TF112493,0.1,"low spend per game, tenure",renewed
STH504732,TF113957,0.1,no dominant single factor,renewed
STH505499,TF116378,98.9,"low total spend, low game attendance",not_renewed
STH506887,TF120395,0.1,no dominant single factor,renewed
STH501648,TF104820,0.1,tenure,renewed
STH500052,TF100167,0.2,low spend per game,renewed
STH501288,TF103799,0.1,no dominant single factor,renewed
STH505945,TF117700,0.3,"tenure, few emails received",renewed
STH501937,TF105682,0.1,long gap since last game attended,renewed
STH503757,TF110973,0.1,tenure,renewed
STH506853,TF120297,0.2,no dominant single factor,renewed
STH508185,TF124068,0.2,no dominant single factor,renewed
STH502176,TF106351,1.5,"low spend per game, few emails received",renewed
STH506870,TF120350,0.2,tenure,renewed
STH506083,TF118100,0.1,no dominant single factor,renewed
STH506884,TF120383,0.2,tenure,renewed
STH504502,TF113256,1.0,low email engagement,renewed
STH503280,TF109555,0.2,low email engagement,renewed
STH500545,TF101538,0.2,low email engagement,renewed
STH501460,TF104256,3.9,low spend per game,renewed
STH506511,TF119345,0.6,low email engagement,renewed
STH504427,TF113014,0.1,"tenure, long gap since last game attended",renewed
STH507979,TF123438,0.3,tenure,renewed
STH506585,TF119542,27.1,"low game attendance, low total spend",renewed
STH507390,TF121826,7.3,tenure,renewed
STH508465,TF124904,0.0,no dominant single factor,renewed
STH501029,TF103021,0.0,no dominant single factor,renewed
STH505149,TF115269,0.2,no dominant single factor,renewed
STH505641,TF116839,0.1,tenure,renewed
STH500267,TF100731,0.1,no dominant single factor,renewed
STH504913,TF114547,0.3,tenure,renewed
STH504198,TF112299,0.2,no dominant single factor,renewed
STH500626,TF101771,0.1,few emails received,renewed
STH502108,TF106183,0.1,low spend per game,renewed
STH500892,TF102606,84.5,"low game attendance, low total spend",not_renewed
STH506771,TF120062,0.4,"few emails received, tenure",renewed
STH508044,TF123670,0.1,few emails received,renewed
STH501070,TF103128,97.2,"low total spend, low game attendance",not_renewed
STH501496,TF104372,2.3,low spend per game,renewed
STH507654,TF122532,0.2,low email engagement,renewed
STH508138,TF123937,82.7,"low game attendance, low total spend",not_renewed
STH504450,TF113080,0.2,no dominant single factor,renewed
STH501043,TF103057,0.1,no dominant single factor,renewed
STH501955,TF105744,0.1,no dominant single factor,renewed
STH504038,TF111843,0.2,"few emails received, low email engagement",renewed
STH502595,TF107557,0.3,low email engagement,renewed
STH506449,TF119150,88.4,"low total spend, low game attendance",renewed
STH507135,TF121087,86.0,"low total spend, low game attendance",not_renewed
STH507806,TF122948,97.5,"low total spend, low game attendance",not_renewed
STH507385,TF121810,0.1,no dominant single factor,renewed
STH501471,TF104285,0.1,no dominant single factor,renewed
STH500928,TF102696,0.3,no dominant single factor,renewed
STH506555,TF119461,0.0,no dominant single factor,renewed
STH507032,TF120802,1.1,long gap since last game attended,renewed
STH506491,TF119291,36.4,"low total spend, low game attendance",not_renewed
STH505157,TF115304,0.1,few emails received,renewed
STH500873,TF102549,0.4,low email engagement,renewed
STH502460,TF107191,0.8,"tenure, few emails received",renewed
STH503198,TF109301,0.1,"low email engagement, low spend per game",renewed
STH505240,TF115574,6.3,low email engagement,renewed
STH507019,TF120756,0.1,"tenure, low spend per game",renewed
STH507907,TF123251,0.2,long gap since last game attended,renewed
STH502374,TF106915,0.2,"low email engagement, low spend per game",renewed
STH500160,TF100438,0.2,"low spend per game, tenure",renewed
STH506392,TF118991,0.4,no dominant single factor,renewed
STH502912,TF108445,0.2,low spend per game,renewed
STH504685,TF113773,0.2,"low spend per game, few emails received",renewed
STH506154,TF118253,0.1,no dominant single factor,renewed
STH501197,TF103530,81.0,"low total spend, low game attendance",not_renewed
STH505639,TF116835,0.1,low spend per game,renewed
STH505444,TF116213,0.2,"low email engagement, few emails received",renewed
STH502550,TF107414,0.9,"few emails received, tenure",renewed
STH500788,TF102285,0.1,low email engagement,renewed
STH503812,TF111146,21.9,"low game attendance, low email engagement",renewed
STH501482,TF104327,0.1,no dominant single factor,renewed
STH504641,TF113648,93.8,"low total spend, low game attendance",not_renewed
STH501334,TF103922,97.8,"low total spend, low game attendance",not_renewed
STH507871,TF123136,1.7,no dominant single factor,renewed
STH504152,TF112160,0.1,low spend per game,renewed
STH506247,TF118555,0.1,low spend per game,renewed
STH501114,TF103257,1.9,low spend per game,renewed
STH502302,TF106708,82.0,"low total spend, low game attendance",not_renewed
STH506752,TF120022,0.1,few emails received,renewed
STH508276,TF124306,0.1,few emails received,renewed
STH500363,TF101005,0.1,no dominant single factor,renewed
STH500102,TF100289,0.9,"tenure, low email engagement",renewed
STH504873,TF114438,0.2,long gap since last game attended,renewed
STH507976,TF123433,3.1,no dominant single factor,renewed
STH502578,TF107489,0.2,"tenure, low spend per game",renewed
STH508067,TF123732,94.9,"low game attendance, low total spend",not_renewed
STH500900,TF102630,0.1,low spend per game,renewed
STH507292,TF121522,0.1,no dominant single factor,renewed
STH500494,TF101422,0.2,"tenure, low spend per game",renewed
STH504815,TF114222,0.1,no dominant single factor,renewed
STH505890,TF117515,0.1,no dominant single factor,renewed
STH504560,TF113415,0.3,"low email engagement, long gap since last game attended",renewed
STH505230,TF115538,0.1,"long gap since last game attended, low spend per game",renewed
STH507430,TF121930,0.1,tenure,renewed
STH505467,TF116276,0.0,no dominant single factor,renewed
STH501333,TF103917,19.9,"low email engagement, long gap since last game attended",renewed
STH502902,TF108410,0.1,low email engagement,renewed
STH501638,TF104792,0.2,no dominant single factor,renewed
STH502375,TF106916,0.1,no dominant single factor,renewed
STH503690,TF110793,0.2,low email engagement,renewed
STH506470,TF119231,0.4,few emails received,renewed
STH501149,TF103377,80.8,"low game attendance, low total spend",not_renewed
STH507820,TF122986,0.0,low email engagement,renewed
STH502269,TF106600,0.0,no dominant single factor,renewed
STH504226,TF112372,0.5,no dominant single factor,renewed
STH503498,TF110245,0.1,no dominant single factor,renewed
STH502416,TF107033,0.0,no dominant single factor,renewed
STH502504,TF107306,97.2,"low total spend, low game attendance",not_renewed
STH503365,TF109801,50.6,"low total spend, low game attendance",not_renewed
STH500792,TF102294,0.1,low spend per game,renewed
STH500333,TF100927,97.5,"low total spend, low game attendance",not_renewed
STH506152,TF118250,0.2,no dominant single factor,renewed
STH507788,TF122904,0.2,no dominant single factor,renewed
STH503423,TF110007,0.2,no dominant single factor,renewed
STH506391,TF118990,0.4,"low spend per game, few emails received",renewed
STH500000,TF100000,1.5,no dominant single factor,renewed
STH504905,TF114507,23.1,"low total spend, low game attendance",renewed
STH505131,TF115231,0.1,low email engagement,renewed
STH500477,TF101377,0.3,"tenure, low spend per game",renewed
STH502216,TF106464,29.6,"low game attendance, low total spend",renewed
STH501137,TF103318,96.5,"low total spend, low game attendance",not_renewed
STH508034,TF123646,0.3,tenure,renewed
STH503162,TF109191,1.7,tenure,renewed
STH503262,TF109490,0.3,low spend per game,renewed
STH502287,TF106660,0.1,low email engagement,renewed
STH505316,TF115798,0.1,tenure,renewed
STH507336,TF121659,0.1,no dominant single factor,renewed
STH503994,TF111708,0.3,no dominant single factor,renewed
STH506013,TF117909,0.2,few emails received,renewed
STH502434,TF107108,0.2,"low spend per game, long gap since last game attended",renewed
STH504921,TF114575,0.2,no dominant single factor,renewed
STH503296,TF109595,0.2,no dominant single factor,renewed
STH502783,TF108076,4.3,tenure,renewed
STH501257,TF103707,0.2,low email engagement,renewed
STH500458,TF101303,3.2,"tenure, low email engagement",renewed
STH502255,TF106555,1.1,no dominant single factor,renewed
STH500481,TF101392,0.7,low spend per game,renewed
STH508049,TF123676,0.2,low email engagement,renewed
STH505593,TF116665,0.1,few emails received,renewed
STH500752,TF102181,0.2,no dominant single factor,renewed
STH502349,TF106866,2.4,"few emails received, low spend per game",renewed
STH503559,TF110410,0.2,low spend per game,renewed
STH506609,TF119604,0.1,few emails received,renewed
STH500499,TF101430,98.9,"low total spend, low game attendance",not_renewed
STH502614,TF107602,81.6,"low total spend, low game attendance",renewed
STH504746,TF113999,0.1,no dominant single factor,renewed
STH500954,TF102799,16.2,"low game attendance, tenure",renewed
STH501125,TF103286,0.6,"few emails received, tenure",renewed
STH505933,TF117668,0.2,long gap since last game attended,renewed
STH502884,TF108368,0.1,no dominant single factor,renewed
STH500055,TF100180,0.5,"few emails received, low spend per game",renewed
STH503492,TF110226,1.0,few emails received,renewed
STH503542,TF110365,0.1,no dominant single factor,renewed
STH500264,TF100725,0.0,no dominant single factor,renewed
STH504718,TF113909,0.2,low spend per game,renewed
STH504930,TF114607,0.1,no dominant single factor,renewed
STH502192,TF106394,0.3,"tenure, low email engagement",renewed
STH506177,TF118314,0.2,tenure,renewed
STH508011,TF123570,3.3,"tenure, low spend per game",renewed
STH501401,TF104093,0.1,no dominant single factor,renewed
STH506506,TF119338,0.1,no dominant single factor,renewed
STH507322,TF121626,0.1,"low spend per game, low email engagement",renewed
STH500203,TF100538,0.1,tenure,renewed
STH504261,TF112507,0.1,low email engagement,renewed
STH503391,TF109889,2.0,"low game attendance, low spend per game",renewed
STH506788,TF120125,0.0,no dominant single factor,renewed
STH502208,TF106431,14.7,"few emails received, low spend per game",not_renewed
STH501019,TF102996,69.7,"low total spend, low game attendance",not_renewed
STH502137,TF106262,28.8,"low game attendance, low total spend",renewed
STH507149,TF121135,0.3,long gap since last game attended,renewed
STH506315,TF118747,0.1,few emails received,renewed
STH503404,TF109931,8.0,long gap since last game attended,renewed
STH506379,TF118964,2.5,low email engagement,renewed
STH503733,TF110904,0.1,no dominant single factor,renewed
STH504663,TF113713,0.1,low spend per game,renewed
STH501926,TF105657,0.0,no dominant single factor,renewed
STH505570,TF116595,1.4,few emails received,renewed
STH505821,TF117310,50.1,"low total spend, low spend per game",not_renewed
STH500821,TF102368,0.1,few emails received,renewed
STH507918,TF123288,0.1,no dominant single factor,renewed
STH505563,TF116574,0.3,"few emails received, low email engagement",renewed
STH503303,TF109617,0.2,few emails received,renewed
STH505866,TF117443,4.3,low email engagement,renewed
STH502606,TF107578,0.3,few emails received,renewed
STH504645,TF113658,2.3,low game attendance,renewed
STH505293,TF115722,0.1,low email engagement,renewed
STH505244,TF115590,24.3,"low game attendance, low total spend",not_renewed
STH507948,TF123362,0.1,"low spend per game, tenure",renewed
STH506070,TF118076,0.1,no dominant single factor,renewed
STH501533,TF104493,0.3,"few emails received, tenure",renewed
STH505750,TF117132,0.1,no dominant single factor,renewed
STH506888,TF120400,0.1,no dominant single factor,renewed
STH501943,TF105698,0.2,no dominant single factor,renewed
STH506776,TF120083,0.1,low email engagement,renewed
STH504997,TF114830,0.1,low email engagement,renewed
STH500082,TF100249,0.2,"tenure, low spend per game",renewed
STH506441,TF119119,0.1,low spend per game,renewed
STH507926,TF123308,0.0,no dominant single factor,renewed
STH504179,TF112239,0.2,"few emails received, low spend per game",renewed
STH503837,TF111219,0.3,low spend per game,renewed
STH507147,TF121132,0.2,tenure,renewed
STH506310,TF118741,0.2,tenure,renewed
STH507331,TF121646,3.6,no dominant single factor,renewed
STH508384,TF124630,4.8,"low game attendance, low total spend",renewed
STH507951,TF123373,0.3,low email engagement,renewed
STH500265,TF100726,26.7,"low game attendance, low total spend",renewed
STH504134,TF112107,0.7,no dominant single factor,renewed
STH508386,TF124640,0.1,"low spend per game, tenure",renewed
STH500051,TF100165,0.1,low email engagement,renewed
STH507325,TF121632,0.9,"tenure, low email engagement",renewed
STH503564,TF110426,19.7,"low game attendance, low total spend",renewed
STH505919,TF117624,0.2,no dominant single factor,renewed
STH500287,TF100784,0.1,tenure,renewed
STH507613,TF122431,0.1,tenure,renewed
STH506486,TF119275,0.2,"low spend per game, tenure",renewed
STH503238,TF109419,0.3,"low email engagement, few emails received",renewed
STH505264,TF115653,65.2,"low game attendance, low total spend",not_renewed
STH507426,TF121925,97.9,"low total spend, low game attendance",not_renewed
STH506670,TF119794,0.1,no dominant single factor,renewed
STH507881,TF123175,6.2,"low game attendance, low email engagement",renewed
STH508363,TF124560,3.8,low email engagement,renewed
STH506174,TF118307,0.1,low email engagement,renewed
STH503343,TF109731,0.2,few emails received,renewed
STH508450,TF124842,0.1,no dominant single factor,renewed
STH500120,TF100326,30.9,"low total spend, low game attendance",renewed
STH503658,TF110708,0.1,tenure,renewed
STH505657,TF116896,0.1,low email engagement,renewed
STH504814,TF114219,12.8,"low game attendance, low total spend",renewed
STH505857,TF117405,1.6,tenure,renewed
STH501730,TF105065,86.6,"low total spend, low game attendance",not_renewed
STH502382,TF106931,0.4,"low email engagement, low spend per game",renewed
STH504556,TF113400,0.2,"low spend per game, tenure",renewed
STH506398,TF119014,0.1,no dominant single factor,renewed
STH502358,TF106885,0.1,"long gap since last game attended, tenure",renewed
STH507321,TF121625,0.1,no dominant single factor,renewed
STH503485,TF110189,0.1,no dominant single factor,renewed
STH507603,TF122386,0.1,"tenure, low spend per game",renewed
STH502959,TF108578,0.1,tenure,renewed
STH508488,TF124968,0.8,no dominant single factor,renewed
STH507217,TF121336,2.3,no dominant single factor,renewed
STH504794,TF114163,0.5,low email engagement,renewed
STH506824,TF120228,0.1,tenure,renewed
STH501755,TF105146,9.2,"low game attendance, tenure",renewed
STH504745,TF113997,0.8,few emails received,renewed
STH507641,TF122503,0.4,few emails received,renewed
STH502709,TF107870,8.6,"low game attendance, low email engagement",renewed
STH504606,TF113561,0.1,no dominant single factor,renewed
STH507828,TF123008,0.1,no dominant single factor,renewed
STH500436,TF101232,0.3,tenure,renewed
STH507472,TF122047,2.5,tenure,renewed
STH500290,TF100793,1.0,low spend per game,renewed
STH503510,TF110284,0.1,low email engagement,renewed
STH508405,TF124701,0.1,no dominant single factor,renewed
STH500938,TF102740,0.1,low spend per game,renewed
STH507695,TF122667,43.6,"low game attendance, low total spend",renewed
STH504512,TF113282,0.1,low spend per game,renewed
STH501728,TF105055,0.0,no dominant single factor,renewed
STH507809,TF122959,0.1,"tenure, low spend per game",renewed
STH504968,TF114738,0.1,no dominant single factor,renewed
STH503040,TF108837,55.2,"low game attendance, low total spend",renewed
STH504636,TF113642,4.1,low email engagement,renewed
STH501220,TF103600,0.2,low spend per game,renewed
STH503556,TF110402,2.5,no dominant single factor,renewed
STH504371,TF112848,0.3,low email engagement,renewed
STH504237,TF112418,1.1,"few emails received, low spend per game",renewed
STH502396,TF106978,0.1,no dominant single factor,renewed
STH503169,TF109230,0.0,no dominant single factor,renewed
STH500032,TF100086,0.4,no dominant single factor,renewed
STH504035,TF111836,0.2,tenure,renewed
STH501949,TF105726,1.3,low spend per game,renewed
STH507853,TF123081,0.2,tenure,renewed
STH500665,TF101877,0.1,long gap since last game attended,renewed
STH502251,TF106550,5.4,low spend per game,renewed
STH508312,TF124418,1.1,low game attendance,renewed
STH500209,TF100566,0.1,low spend per game,renewed
STH501740,TF105095,0.1,no dominant single factor,renewed
STH500224,TF100619,0.1,few emails received,renewed
STH506808,TF120183,0.1,no dominant single factor,renewed
STH508423,TF124758,0.1,tenure,renewed
STH506044,TF117989,0.1,low spend per game,renewed
STH502639,TF107666,10.5,"few emails received, low email engagement",renewed
STH503312,TF109645,0.3,tenure,renewed
STH502686,TF107811,0.1,no dominant single factor,renewed
STH504506,TF113270,6.4,"low total spend, tenure",renewed
STH505409,TF116111,1.8,"long gap since last game attended, low email engagement",renewed
STH501698,TF104968,0.2,tenure,renewed
STH504897,TF114490,0.2,low spend per game,renewed
STH508422,TF124757,95.4,"low total spend, low game attendance",not_renewed
STH500565,TF101593,0.1,tenure,renewed
STH501122,TF103279,3.9,low email engagement,renewed
STH504925,TF114586,0.1,tenure,renewed
STH505972,TF117779,0.7,tenure,renewed
STH500975,TF102861,0.1,no dominant single factor,renewed
STH508146,TF123961,70.0,"low total spend, low game attendance",not_renewed
STH502977,TF108628,97.2,"low total spend, low game attendance",not_renewed
STH505381,TF116007,0.1,no dominant single factor,renewed
STH503164,TF109194,1.0,"few emails received, low spend per game",renewed
STH504310,TF112632,0.1,"low spend per game, tenure",renewed
STH501418,TF104152,0.1,no dominant single factor,renewed
STH502755,TF107998,1.4,low game attendance,renewed
STH502899,TF108403,0.1,tenure,renewed
STH502751,TF107986,0.1,few emails received,renewed
STH503788,TF111086,10.3,"low total spend, low game attendance",renewed
STH503214,TF109354,61.9,"low total spend, low game attendance",renewed
STH506716,TF119910,0.1,"tenure, few emails received",renewed
STH508117,TF123864,0.1,no dominant single factor,renewed
STH504520,TF113307,0.7,"tenure, low spend per game",renewed
STH505580,TF116621,96.7,"low total spend, low game attendance",not_renewed
STH502264,TF106583,0.2,tenure,renewed
STH508298,TF124383,0.0,no dominant single factor,renewed
STH504279,TF112556,0.1,no dominant single factor,renewed
STH507528,TF122210,15.8,"low total spend, tenure",renewed
STH505601,TF116698,0.3,tenure,renewed
STH507829,TF123013,0.2,no dominant single factor,renewed
STH502362,TF106892,16.7,"long gap since last game attended, low email engagement",renewed
STH501538,TF104508,84.4,"low game attendance, low total spend",not_renewed
STH505984,TF117818,0.1,no dominant single factor,renewed
STH500658,TF101850,1.1,"few emails received, low spend per game",renewed
STH503631,TF110612,98.4,"low total spend, low game attendance",not_renewed
STH507065,TF120884,0.6,low spend per game,renewed
STH500734,TF102126,0.1,tenure,renewed
STH500967,TF102845,0.1,tenure,renewed
STH500252,TF100681,0.5,low spend per game,renewed
STH502973,TF108618,0.1,low spend per game,renewed
STH504497,TF113246,0.1,few emails received,renewed
STH502232,TF106506,0.1,tenure,renewed
STH500056,TF100183,7.3,"low game attendance, low total spend",renewed
STH505854,TF117396,0.2,low spend per game,renewed
STH500419,TF101174,0.1,"tenure, low spend per game",renewed
STH508442,TF124816,2.4,tenure,renewed
STH507782,TF122878,0.2,few emails received,renewed
STH500723,TF102107,0.5,long gap since last game attended,renewed
STH503662,TF110723,0.1,few emails received,renewed
STH506438,TF119114,0.3,"low spend per game, tenure",renewed
STH502860,TF108315,0.2,no dominant single factor,renewed
STH505852,TF117393,0.2,few emails received,renewed
STH505916,TF117617,2.9,low spend per game,renewed
STH502012,TF105898,0.1,no dominant single factor,renewed
STH505944,TF117693,0.7,tenure,renewed
STH500379,TF101062,13.7,"low game attendance, low total spend",renewed
STH501979,TF105809,0.1,tenure,renewed
STH500357,TF100985,0.2,tenure,renewed
STH503336,TF109715,0.1,no dominant single factor,renewed
STH504081,TF111957,0.4,"low spend per game, few emails received",renewed
STH501153,TF103391,0.1,tenure,renewed
STH501967,TF105769,0.1,no dominant single factor,renewed
STH508076,TF123768,0.2,no dominant single factor,renewed
STH506477,TF119242,92.7,"low total spend, low game attendance",not_renewed
STH507795,TF122919,98.6,"low total spend, low game attendance",not_renewed
STH502022,TF105933,98.7,"low total spend, low game attendance",not_renewed
STH505725,TF117066,0.0,no dominant single factor,renewed
STH502235,TF106515,0.2,no dominant single factor,renewed
STH501124,TF103284,0.1,no dominant single factor,renewed
STH503597,TF110521,10.9,"low game attendance, low total spend",renewed
STH502945,TF108530,0.4,no dominant single factor,renewed
STH500556,TF101566,0.0,no dominant single factor,renewed
STH501833,TF105373,0.2,low email engagement,renewed
STH502933,TF108499,2.6,long gap since last game attended,renewed
STH504137,TF112114,0.1,tenure,renewed
STH504114,TF112053,0.2,no dominant single factor,renewed
STH505025,TF114924,0.1,no dominant single factor,renewed
STH500283,TF100776,0.1,tenure,renewed
STH508260,TF124267,98.1,"low total spend, low game attendance",not_renewed
STH505731,TF117082,0.1,low email engagement,renewed
STH500855,TF102502,0.1,no dominant single factor,renewed
STH501946,TF105712,0.1,tenure,renewed
STH505739,TF117104,0.9,no dominant single factor,renewed
STH500943,TF102746,0.1,no dominant single factor,renewed
STH505875,TF117473,0.1,no dominant single factor,renewed
STH506977,TF120632,0.1,low spend per game,renewed
STH507005,TF120714,0.3,"tenure, low spend per game",renewed
STH500277,TF100756,7.1,low game attendance,renewed
STH501773,TF105198,0.1,no dominant single factor,renewed
STH506844,TF120273,0.2,no dominant single factor,renewed
STH502284,TF106651,0.1,no dominant single factor,renewed
STH503798,TF111107,0.2,tenure,renewed
STH502321,TF106776,29.4,"low total spend, low game attendance",not_renewed
STH504030,TF111821,3.4,low email engagement,renewed
STH503310,TF109640,0.1,few emails received,renewed
STH500769,TF102239,1.2,few emails received,renewed
STH500672,TF101900,0.1,no dominant single factor,renewed
STH506529,TF119389,0.1,few emails received,renewed
STH502680,TF107783,0.1,"tenure, low email engagement",renewed
STH501088,TF103192,0.1,low email engagement,renewed
STH502298,TF106702,0.0,no dominant single factor,renewed
STH502198,TF106404,2.3,"tenure, low email engagement",renewed
STH503501,TF110252,86.2,"low game attendance, low total spend",not_renewed
STH507924,TF123306,0.1,no dominant single factor,renewed
STH503093,TF108994,0.3,"low email engagement, low spend per game",renewed
STH507822,TF122993,0.1,low email engagement,renewed
STH501680,TF104921,7.7,"low email engagement, tenure",renewed
STH508404,TF124699,0.1,long gap since last game attended,renewed
STH506200,TF118394,0.1,long gap since last game attended,renewed
STH508139,TF123938,0.1,few emails received,renewed
STH508137,TF123932,0.1,low spend per game,renewed
STH505060,TF115016,0.1,few emails received,renewed
STH501589,TF104647,0.1,no dominant single factor,renewed
STH504787,TF114138,0.1,low email engagement,renewed
STH503237,TF109416,2.6,few emails received,renewed
STH501900,TF105581,0.2,no dominant single factor,renewed
STH503278,TF109538,1.5,"low spend per game, tenure",renewed
STH504240,TF112441,0.1,no dominant single factor,renewed
STH507981,TF123444,0.2,no dominant single factor,renewed
STH507717,TF122714,0.3,tenure,renewed
STH502862,TF108321,0.1,no dominant single factor,renewed
STH507862,TF123110,98.7,"low total spend, low game attendance",not_renewed
STH504887,TF114469,0.1,tenure,renewed
STH505965,TF117768,0.2,"tenure, few emails received",renewed
STH500591,TF101670,0.7,long gap since last game attended,renewed
STH506913,TF120454,0.1,few emails received,renewed
STH501843,TF105397,0.1,no dominant single factor,renewed
STH503736,TF110915,44.1,"low total spend, low game attendance",renewed
STH504178,TF112235,0.5,"low spend per game, few emails received",renewed
STH506278,TF118654,0.6,low email engagement,renewed
STH500118,TF100323,0.2,no dominant single factor,renewed
STH500360,TF101000,0.2,low spend per game,renewed
STH506974,TF120626,0.1,tenure,renewed
STH504220,TF112357,0.1,"low spend per game, tenure",renewed
STH505395,TF116051,0.1,few emails received,renewed
STH501604,TF104707,97.0,"low total spend, low game attendance",not_renewed
STH500535,TF101510,0.3,low email engagement,renewed
STH506754,TF120025,0.1,tenure,renewed
STH505891,TF117516,17.9,"low total spend, low spend per game",renewed
STH506774,TF120073,12.0,low game attendance,renewed
STH507583,TF122349,0.2,low spend per game,renewed
STH505906,TF117573,0.1,no dominant single factor,renewed
STH501886,TF105548,98.8,"low total spend, low game attendance",not_renewed
STH500932,TF102722,0.1,"few emails received, low spend per game",renewed
STH505614,TF116740,1.9,no dominant single factor,renewed
STH508131,TF123898,0.0,no dominant single factor,renewed
STH507414,TF121887,0.1,few emails received,renewed
STH504248,TF112474,0.3,no dominant single factor,renewed
STH505898,TF117542,0.1,low spend per game,renewed
STH504790,TF114148,5.2,"long gap since last game attended, few emails received",renewed
STH503032,TF108804,0.2,no dominant single factor,renewed
STH508277,TF124308,0.1,low spend per game,renewed
STH506987,TF120652,0.1,low email engagement,renewed
STH502971,TF108615,0.4,"low spend per game, few emails received",renewed
STH501145,TF103364,0.1,no dominant single factor,renewed
STH504984,TF114784,35.5,"low game attendance, low total spend",renewed
STH504233,TF112398,0.1,low email engagement,renewed
STH506267,TF118617,0.1,low spend per game,renewed
STH503797,TF111105,0.3,"low email engagement, long gap since last game attended",renewed
STH501757,TF105152,0.1,tenure,renewed
STH506554,TF119459,0.1,tenure,renewed
STH500743,TF102156,91.2,"low total spend, low game attendance",not_renewed
STH503938,TF111521,76.7,"low game attendance, low total spend",not_renewed
STH506004,TF117873,0.3,tenure,renewed
STH501915,TF105629,0.1,low email engagement,renewed
STH508461,TF124897,15.1,"low total spend, low game attendance",renewed
STH507098,TF120991,0.1,"few emails received, low email engagement",renewed
STH506439,TF119115,81.9,"low total spend, low game attendance",not_renewed
STH502814,TF108179,0.1,tenure,renewed
STH505538,TF116483,0.1,"low email engagement, few emails received",renewed
STH506730,TF119951,0.1,no dominant single factor,renewed
STH505044,TF114961,0.1,"long gap since last game attended, low email engagement",renewed
STH504829,TF114264,0.2,tenure,renewed
STH506121,TF118172,0.1,few emails received,renewed
STH508335,TF124491,0.1,no dominant single factor,renewed
STH504264,TF112511,0.1,no dominant single factor,renewed
STH503743,TF110942,20.7,"low game attendance, low total spend",renewed
STH508291,TF124351,0.1,tenure,renewed
STH504324,TF112678,0.1,few emails received,renewed
STH502572,TF107475,0.5,tenure,renewed
STH508486,TF124960,1.5,low spend per game,renewed
STH505028,TF114933,0.1,no dominant single factor,renewed
STH501105,TF103230,0.1,tenure,renewed
STH506211,TF118430,7.2,low game attendance,not_renewed
STH500353,TF100967,0.1,tenure,renewed
STH500376,TF101052,1.0,no dominant single factor,renewed
STH504415,TF112984,35.4,"low game attendance, low total spend",not_renewed
STH506525,TF119382,0.1,low email engagement,renewed
STH504334,TF112712,86.4,"low total spend, low game attendance",not_renewed
STH505238,TF115570,16.0,"low game attendance, low total spend",renewed
STH508180,TF124058,0.2,low spend per game,renewed
STH506721,TF119924,0.2,"tenure, low email engagement",renewed
STH505650,TF116864,0.1,low spend per game,renewed
STH501396,TF104083,0.2,"few emails received, low spend per game",renewed
STH502077,TF106078,0.1,low email engagement,renewed
STH504773,TF114109,0.2,"low email engagement, low spend per game",renewed
STH502586,TF107524,0.7,long gap since last game attended,renewed
STH500116,TF100320,0.1,tenure,renewed
STH506834,TF120253,0.1,low spend per game,renewed
STH507777,TF122862,0.1,"low spend per game, tenure",renewed
STH505737,TF117099,3.9,no dominant single factor,renewed
STH500377,TF101053,0.4,no dominant single factor,renewed
STH500688,TF101975,5.9,"low total spend, low spend per game",renewed
STH504341,TF112737,0.1,no dominant single factor,renewed
STH500413,TF101146,0.1,"low email engagement, tenure",renewed
STH504705,TF113843,0.0,tenure,renewed
STH502641,TF107673,93.7,"low total spend, low game attendance",not_renewed
STH505306,TF115769,0.1,low email engagement,renewed
STH506405,TF119030,4.4,"tenure, low spend per game",renewed
STH504293,TF112586,0.0,tenure,renewed
STH502452,TF107168,2.1,"low game attendance, long gap since last game attended",renewed
STH505560,TF116558,0.1,low spend per game,renewed
STH500071,TF100229,0.8,"low spend per game, few emails received",renewed
STH501513,TF104415,0.1,"low spend per game, tenure",renewed
STH504536,TF113345,0.2,tenure,renewed
STH500184,TF100495,55.0,"low total spend, low game attendance",not_renewed
STH501876,TF105523,2.5,few emails received,renewed
STH506264,TF118605,2.6,"few emails received, low email engagement",renewed
STH504318,TF112658,0.3,"tenure, low email engagement",renewed
STH503247,TF109446,0.3,tenure,renewed
STH504939,TF114643,1.3,low spend per game,renewed
STH500886,TF102588,0.2,"low email engagement, low spend per game",renewed
STH501489,TF104347,1.1,"low spend per game, tenure",renewed
STH508154,TF123992,0.5,long gap since last game attended,renewed
STH506023,TF117942,0.1,no dominant single factor,renewed
STH507816,TF122974,93.5,"low total spend, low game attendance",not_renewed
STH501903,TF105596,0.0,no dominant single factor,renewed
STH504485,TF113182,0.1,low spend per game,renewed
STH504241,TF112447,0.2,few emails received,renewed
STH504195,TF112292,0.2,no dominant single factor,renewed
STH505039,TF114953,0.1,low email engagement,renewed
STH503264,TF109493,0.1,"few emails received, tenure",renewed
STH505002,TF114844,0.3,"low email engagement, tenure",renewed
STH500457,TF101301,0.1,no dominant single factor,renewed
STH505977,TF117796,0.1,low spend per game,renewed
STH508166,TF124028,20.9,low game attendance,renewed
STH506277,TF118652,93.2,"low total spend, low game attendance",not_renewed
STH501107,TF103242,0.1,no dominant single factor,renewed
STH504145,TF112144,1.6,"low email engagement, low game attendance",renewed
STH505360,TF115938,0.3,"low email engagement, low spend per game",renewed
STH502360,TF106888,0.1,tenure,renewed
STH506257,TF118581,1.2,"low email engagement, few emails received",renewed
STH500543,TF101536,0.1,tenure,renewed
STH501787,TF105228,0.1,tenure,renewed
STH502273,TF106613,0.2,low spend per game,renewed
STH501709,TF105007,0.2,tenure,renewed
STH502095,TF106134,0.1,no dominant single factor,renewed
STH507237,TF121389,0.5,low email engagement,renewed
STH500432,TF101212,0.1,no dominant single factor,renewed
STH502830,TF108241,16.9,"low spend per game, long gap since last game attended",not_renewed
STH502126,TF106225,0.1,tenure,renewed
STH500330,TF100922,0.5,"low email engagement, low spend per game",renewed
STH506474,TF119238,18.0,"low game attendance, low total spend",renewed
STH507890,TF123207,0.0,no dominant single factor,renewed
STH501969,TF105771,0.1,long gap since last game attended,renewed
STH505178,TF115384,0.1,no dominant single factor,renewed
STH507037,TF120820,0.2,low email engagement,renewed
STH500002,TF100004,6.3,"long gap since last game attended, low game attendance",renewed
STH506711,TF119901,0.0,no dominant single factor,renewed
STH507768,TF122834,0.1,no dominant single factor,renewed
STH501312,TF103854,0.1,no dominant single factor,renewed
STH507191,TF121273,0.2,no dominant single factor,renewed
STH500464,TF101331,0.1,low spend per game,renewed
STH500597,TF101682,0.1,no dominant single factor,renewed
STH501856,TF105457,0.2,low spend per game,renewed
STH500999,TF102935,0.2,low email engagement,renewed
STH503100,TF109023,0.1,"few emails received, tenure",renewed
STH506571,TF119509,0.0,no dominant single factor,renewed
STH503973,TF111634,48.5,"low game attendance, low total spend",not_renewed
STH506140,TF118217,26.8,"low game attendance, low total spend",renewed
STH504472,TF113144,79.4,"low total spend, low game attendance",not_renewed
STH501215,TF103591,1.5,few emails received,renewed
STH505838,TF117365,0.1,tenure,renewed
STH504473,TF113148,0.0,long gap since last game attended,renewed
STH504531,TF113326,0.2,low spend per game,renewed
STH505886,TF117502,0.1,no dominant single factor,renewed
STH500023,TF100055,0.2,long gap since last game attended,renewed
STH501463,TF104265,0.2,tenure,renewed
STH501225,TF103607,0.1,no dominant single factor,renewed
STH505303,TF115750,0.2,low spend per game,renewed
STH501783,TF105223,0.1,no dominant single factor,renewed
STH505443,TF116209,0.3,long gap since last game attended,renewed
STH506498,TF119317,0.1,no dominant single factor,renewed
STH508438,TF124807,0.1,few emails received,renewed
STH503817,TF111159,0.1,"low spend per game, tenure",renewed
STH508352,TF124534,0.7,"few emails received, low spend per game",renewed
STH501371,TF104021,0.2,low email engagement,renewed
STH506421,TF119062,0.2,no dominant single factor,renewed
STH505298,TF115731,68.0,"low total spend, low game attendance",not_renewed
STH503764,TF110996,0.1,few emails received,renewed
STH501271,TF103761,0.3,"tenure, low spend per game",renewed
STH503154,TF109166,0.1,low spend per game,renewed
STH500044,TF100138,0.1,tenure,renewed
STH507932,TF123321,0.1,no dominant single factor,renewed
STH508095,TF123815,0.4,low email engagement,renewed
STH503723,TF110874,6.0,"low game attendance, low total spend",renewed
STH504149,TF112153,0.3,"low email engagement, long gap since last game attended",renewed
STH502589,TF107531,0.2,"low spend per game, low email engagement",renewed
STH507239,TF121392,0.3,low spend per game,renewed
STH502147,TF106297,0.2,"low spend per game, low email engagement",renewed
STH504962,TF114711,0.1,no dominant single factor,renewed
STH505323,TF115819,0.1,no dominant single factor,renewed
STH506652,TF119738,0.1,few emails received,renewed
STH502620,TF107613,0.7,tenure,renewed
STH502505,TF107308,0.1,low email engagement,renewed
STH504315,TF112653,92.5,"low total spend, low game attendance",not_renewed
STH506473,TF119235,0.1,no dominant single factor,renewed
STH503624,TF110595,0.1,"low spend per game, few emails received",renewed
STH502138,TF106265,0.2,"low spend per game, few emails received",renewed
STH500384,TF101077,0.1,low spend per game,renewed
STH503465,TF110137,0.8,few emails received,renewed
STH501622,TF104763,0.2,no dominant single factor,renewed
STH506098,TF118129,0.1,no dominant single factor,renewed
STH504098,TF112005,0.1,"low email engagement, tenure",renewed
STH502453,TF107169,0.1,tenure,renewed
STH505344,TF115899,0.1,low spend per game,renewed
STH500443,TF101257,0.9,no dominant single factor,renewed
STH508018,TF123587,4.2,tenure,renewed
STH501640,TF104799,0.1,no dominant single factor,renewed
STH502930,TF108492,0.3,"few emails received, low email engagement",renewed
STH506389,TF118987,0.3,"low email engagement, tenure",renewed
STH502863,TF108322,0.2,"tenure, low spend per game",renewed
STH503488,TF110210,1.1,no dominant single factor,renewed
STH508347,TF124525,2.3,long gap since last game attended,renewed
STH506105,TF118143,0.1,low spend per game,renewed
STH506779,TF120090,69.3,"low total spend, low game attendance",renewed
STH502472,TF107225,0.1,no dominant single factor,renewed
STH502300,TF106705,16.9,"low total spend, long gap since last game attended",renewed
STH508199,TF124113,0.3,"tenure, low spend per game",renewed
STH500060,TF100196,59.3,"low total spend, low game attendance",not_renewed
STH506678,TF119807,2.9,"few emails received, low spend per game",renewed
STH505186,TF115404,0.1,low spend per game,renewed
STH507869,TF123128,0.1,"tenure, low email engagement",renewed
STH500452,TF101291,2.3,few emails received,renewed
STH500705,TF102020,15.7,low game attendance,renewed
STH506758,TF120038,0.0,no dominant single factor,renewed
STH506749,TF120018,0.0,no dominant single factor,renewed
STH505221,TF115501,0.1,tenure,renewed
STH508257,TF124257,0.1,tenure,renewed
STH508360,TF124552,0.1,low spend per game,renewed
STH502462,TF107193,54.0,"low game attendance, low total spend",not_renewed
STH504764,TF114079,0.5,"low email engagement, low spend per game",renewed
STH506383,TF118969,0.3,no dominant single factor,renewed
STH507920,TF123298,0.1,no dominant single factor,renewed
STH503297,TF109596,0.1,low spend per game,renewed
STH506836,TF120258,0.1,tenure,renewed
STH500686,TF101965,0.1,tenure,renewed
STH503395,TF109908,0.1,low spend per game,renewed
STH502436,TF107112,0.1,few emails received,renewed
STH507541,TF122250,0.1,low email engagement,renewed
STH501628,TF104772,2.9,no dominant single factor,renewed
STH508202,TF124116,97.9,"low total spend, low game attendance",not_renewed
STH500961,TF102827,0.2,low email engagement,renewed
STH502086,TF106112,0.5,"tenure, low spend per game",renewed
STH503440,TF110054,23.4,"low game attendance, tenure",renewed
STH503926,TF111484,1.7,tenure,renewed
STH501694,TF104960,0.4,"low spend per game, tenure",renewed
STH503647,TF110668,0.1,tenure,renewed
STH508338,TF124498,0.2,"tenure, low spend per game",renewed
STH503995,TF111709,0.2,no dominant single factor,renewed
STH508436,TF124790,0.4,"low spend per game, few emails received",renewed
STH503549,TF110388,24.3,"low email engagement, tenure",not_renewed
STH500088,TF100263,0.5,low spend per game,renewed
STH506812,TF120197,0.2,few emails received,renewed
STH505112,TF115163,0.8,"long gap since last game attended, low game attendance",renewed
STH506483,TF119265,7.9,"long gap since last game attended, low email engagement",renewed
STH504476,TF113152,0.2,tenure,renewed
STH504002,TF111742,0.1,no dominant single factor,renewed
STH500587,TF101661,0.1,"tenure, low spend per game",renewed
STH502458,TF107187,0.1,"tenure, few emails received",renewed
STH506951,TF120549,0.3,"tenure, low spend per game",renewed
STH506874,TF120356,0.3,tenure,renewed
STH505707,TF117024,0.4,low email engagement,renewed
STH502074,TF106065,0.2,no dominant single factor,renewed
STH502708,TF107869,0.1,no dominant single factor,renewed
STH505507,TF116401,0.1,no dominant single factor,renewed
STH506654,TF119744,1.2,"low spend per game, few emails received",renewed
STH501781,TF105218,0.1,tenure,renewed
STH504537,TF113347,0.1,tenure,renewed
STH507372,TF121768,0.0,no dominant single factor,renewed
STH503305,TF109619,0.3,"tenure, low email engagement",renewed
STH501201,TF103542,0.1,"low spend per game, tenure",renewed
STH505741,TF117113,0.2,low spend per game,renewed
STH504121,TF112071,31.8,"long gap since last game attended, tenure",not_renewed
STH503384,TF109855,0.0,no dominant single factor,renewed
STH503942,TF111546,0.1,no dominant single factor,renewed
STH501552,TF104532,0.1,"tenure, low spend per game",renewed
STH506259,TF118589,0.1,low email engagement,renewed
STH501006,TF102961,0.8,no dominant single factor,renewed
STH507232,TF121374,0.1,tenure,renewed
STH504496,TF113237,0.2,"low spend per game, tenure",renewed
STH501518,TF104422,0.1,tenure,renewed
STH507752,TF122795,0.3,no dominant single factor,renewed
STH502638,TF107665,0.6,tenure,renewed
STH502064,TF106046,1.1,low email engagement,renewed
STH504434,TF113034,7.8,low game attendance,renewed
STH506739,TF119973,0.3,no dominant single factor,renewed
STH506850,TF120293,0.4,long gap since last game attended,renewed
STH500189,TF100505,0.1,low spend per game,renewed
STH506902,TF120428,0.1,no dominant single factor,renewed
STH500117,TF100322,0.0,no dominant single factor,renewed
STH502238,TF106523,0.1,"tenure, low spend per game",renewed
STH503381,TF109847,0.1,low spend per game,renewed
STH501917,TF105636,0.4,low spend per game,renewed
STH505086,TF115086,0.3,"low email engagement, low spend per game",renewed
STH505441,TF116201,0.2,tenure,renewed
STH507957,TF123394,11.0,"low game attendance, low total spend",renewed
STH508378,TF124606,0.1,low email engagement,renewed
STH506976,TF120631,98.0,"low total spend, low game attendance",not_renewed
STH502469,TF107212,0.1,few emails received,renewed
STH507649,TF122518,6.4,few emails received,renewed
STH502546,TF107402,0.1,low spend per game,renewed
STH507274,TF121491,0.4,"low spend per game, few emails received",renewed
STH506983,TF120642,2.3,tenure,renewed
STH503282,TF109561,0.2,tenure,renewed
STH505312,TF115788,0.3,low spend per game,renewed
STH503688,TF110781,4.3,"low total spend, low game attendance",renewed
STH501887,TF105549,0.1,"low email engagement, low spend per game",renewed
STH500316,TF100879,0.1,tenure,renewed
STH501848,TF105426,0.2,low spend per game,renewed
STH502672,TF107761,0.1,no dominant single factor,renewed
STH501227,TF103615,0.2,"tenure, low spend per game",renewed
STH502553,TF107419,1.5,"low email engagement, few emails received",renewed
STH508458,TF124876,0.4,"low spend per game, tenure",renewed
STH505493,TF116367,88.1,"low game attendance, low total spend",not_renewed
STH502502,TF107301,0.1,no dominant single factor,renewed
STH504587,TF113511,0.2,tenure,renewed
STH502499,TF107295,0.1,low email engagement,renewed
STH505283,TF115703,1.1,tenure,renewed
STH504223,TF112364,0.2,tenure,renewed
STH506664,TF119776,7.6,"tenure, low spend per game",renewed
STH501474,TF104292,2.6,low spend per game,renewed
STH500764,TF102230,0.2,no dominant single factor,renewed
STH503108,TF109036,0.4,low spend per game,renewed
STH504380,TF112887,0.1,tenure,renewed
STH502765,TF108031,0.2,tenure,renewed
STH501012,TF102980,0.1,tenure,renewed
STH504060,TF111904,0.3,"low email engagement, tenure",renewed
STH500813,TF102348,5.1,"low spend per game, tenure",renewed
STH501021,TF103001,0.2,low spend per game,renewed
STH502347,TF106854,0.1,no dominant single factor,renewed
STH500842,TF102452,7.8,"long gap since last game attended, low total spend",not_renewed
STH502031,TF105956,0.0,no dominant single factor,renewed
STH501956,TF105746,15.4,low total spend,renewed
STH504082,TF111958,0.1,no dominant single factor,renewed
STH506417,TF119051,0.1,low spend per game,renewed
STH505520,TF116435,16.6,"low total spend, low spend per game",not_renewed
STH502713,TF107879,0.1,tenure,renewed
STH504855,TF114366,47.1,"low total spend, low game attendance",renewed
STH505766,TF117166,8.0,"low total spend, low game attendance",renewed
STH506110,TF118151,2.0,"low spend per game, tenure",renewed
STH505280,TF115697,0.1,"few emails received, low email engagement",renewed
STH502574,TF107479,1.3,no dominant single factor,renewed
STH504684,TF113772,0.1,long gap since last game attended,renewed
STH501753,TF105137,3.2,"long gap since last game attended, low game attendance",renewed
STH503652,TF110679,1.2,few emails received,renewed
STH504041,TF111856,0.1,tenure,renewed
STH507240,TF121394,0.1,low spend per game,renewed
STH504402,TF112942,0.1,no dominant single factor,renewed
STH507764,TF122820,85.2,"low total spend, low game attendance",not_renewed
STH501542,TF104518,0.1,no dominant single factor,renewed
STH502473,TF107229,0.1,low spend per game,renewed
STH505257,TF115633,33.0,"low total spend, low game attendance",renewed
STH504388,TF112903,0.1,low spend per game,renewed
STH503523,TF110323,0.1,"low email engagement, tenure",renewed
STH507498,TF122122,9.9,low game attendance,renewed
STH502654,TF107720,72.3,"low total spend, low game attendance",not_renewed
STH502782,TF108073,0.2,low email engagement,renewed
STH502044,TF106002,1.0,low game attendance,renewed
STH505367,TF115956,0.2,no dominant single factor,renewed
STH506524,TF119381,0.2,low spend per game,renewed
STH504029,TF111815,0.1,"low spend per game, few emails received",renewed
STH502205,TF106427,0.1,tenure,renewed
STH505047,TF114969,0.0,no dominant single factor,renewed
STH504739,TF113980,0.2,no dominant single factor,renewed
STH506648,TF119734,0.2,"tenure, low spend per game",renewed
STH501724,TF105042,0.1,few emails received,renewed
STH500423,TF101184,0.1,few emails received,renewed
STH506796,TF120148,18.2,"low game attendance, low total spend",renewed
STH506222,TF118468,98.0,"low total spend, low game attendance",not_renewed
STH503822,TF111166,0.3,tenure,renewed
STH500771,TF102245,0.2,no dominant single factor,renewed
STH503028,TF108795,0.1,"tenure, low email engagement",renewed
STH505410,TF116112,0.1,"low spend per game, tenure",renewed
STH504895,TF114487,15.6,"low game attendance, low email engagement",renewed
STH500047,TF100155,0.1,low email engagement,renewed
STH500345,TF100952,0.1,no dominant single factor,renewed
STH502497,TF107292,0.1,no dominant single factor,renewed
STH507280,TF121499,0.1,tenure,renewed
STH502359,TF106887,0.1,few emails received,renewed
STH507837,TF123033,0.1,low spend per game,renewed
STH507875,TF123148,0.1,no dominant single factor,renewed
STH508106,TF123836,0.2,"low email engagement, long gap since last game attended",renewed
STH500140,TF100377,0.2,low email engagement,renewed
STH503969,TF111625,36.9,"low total spend, low game attendance",renewed
STH503940,TF111532,0.1,low spend per game,renewed
STH504862,TF114401,56.3,"low total spend, low game attendance",not_renewed
STH504072,TF111937,0.1,tenure,renewed
STH501909,TF105608,0.1,low spend per game,renewed
STH502140,TF106269,4.0,no dominant single factor,renewed
STH507784,TF122881,0.1,no dominant single factor,renewed
STH505677,TF116951,0.1,tenure,renewed
STH507554,TF122283,0.2,tenure,renewed
STH504046,TF111873,0.0,no dominant single factor,renewed
STH502498,TF107294,6.3,"low email engagement, few emails received",renewed
STH501103,TF103226,2.4,tenure,renewed
STH503152,TF109163,0.1,long gap since last game attended,renewed
STH501015,TF102987,0.1,low email engagement,renewed
STH501656,TF104850,29.5,"low game attendance, low total spend",not_renewed
STH504122,TF112073,0.4,low spend per game,renewed
STH506579,TF119534,0.2,"tenure, low email engagement",renewed
STH504105,TF112030,72.1,"low total spend, low game attendance",not_renewed
STH503696,TF110810,89.9,"low total spend, low game attendance",not_renewed
STH504360,TF112791,0.1,low spend per game,renewed
STH506007,TF117887,2.8,few emails received,renewed
STH501291,TF103805,41.9,"low game attendance, low total spend",not_renewed
STH504386,TF112900,1.1,"long gap since last game attended, low spend per game",renewed
STH506054,TF118026,0.6,tenure,renewed
STH502681,TF107786,0.1,no dominant single factor,renewed
STH502879,TF108358,0.2,"tenure, long gap since last game attended",renewed
STH505386,TF116021,0.3,low email engagement,renewed
STH500246,TF100661,0.1,no dominant single factor,renewed
STH503044,TF108851,0.1,tenure,renewed
STH507145,TF121121,5.3,"few emails received, low email engagement",renewed
STH504564,TF113436,0.1,no dominant single factor,renewed
STH502386,TF106942,5.1,low spend per game,renewed
STH502540,TF107385,72.4,"low game attendance, low total spend",renewed
STH500469,TF101343,0.2,"low email engagement, low spend per game",renewed
STH507038,TF120822,1.1,tenure,renewed
STH502904,TF108415,0.1,no dominant single factor,renewed
STH507177,TF121228,0.1,low spend per game,renewed
STH500185,TF100497,92.1,"low total spend, low game attendance",not_renewed
STH503300,TF109602,0.2,tenure,renewed
STH504661,TF113701,0.1,no dominant single factor,renewed
STH505089,TF115092,0.3,low spend per game,renewed
STH502363,TF106893,0.1,tenure,renewed
STH500518,TF101474,0.4,low email engagement,renewed
STH504094,TF111988,1.0,no dominant single factor,renewed
STH501414,TF104145,0.2,"low spend per game, tenure",renewed
STH507707,TF122691,0.1,no dominant single factor,renewed
STH501080,TF103164,1.2,low email engagement,renewed
STH500628,TF101779,0.1,no dominant single factor,renewed
STH506426,TF119072,0.8,low email engagement,renewed
STH505134,TF115236,0.1,no dominant single factor,renewed
STH504938,TF114641,1.3,"low game attendance, low total spend",renewed
STH503519,TF110310,0.9,no dominant single factor,renewed
STH501919,TF105638,0.2,tenure,renewed
STH503777,TF111042,0.1,long gap since last game attended,renewed
STH506841,TF120268,0.9,low game attendance,renewed
STH507608,TF122414,0.4,low email engagement,renewed
STH507279,TF121498,0.4,"few emails received, low spend per game",renewed
STH503200,TF109304,0.1,tenure,renewed
STH508343,TF124506,0.1,no dominant single factor,renewed
STH503090,TF108986,0.1,no dominant single factor,renewed
STH500560,TF101583,85.9,"low total spend, low game attendance",not_renewed
STH507877,TF123158,0.1,no dominant single factor,renewed
STH507154,TF121146,4.0,"low email engagement, low game attendance",renewed
STH502487,TF107254,0.2,"low email engagement, few emails received",renewed
STH503449,TF110081,2.2,long gap since last game attended,renewed
STH504900,TF114496,0.1,few emails received,renewed
STH508121,TF123874,0.1,few emails received,renewed
STH506868,TF120346,0.2,low email engagement,renewed
STH501630,TF104775,0.2,low spend per game,renewed
STH502057,TF106025,0.2,low email engagement,renewed
STH502651,TF107706,0.1,"tenure, low email engagement",renewed
STH505855,TF117402,0.1,tenure,renewed
STH502795,TF108123,6.9,"few emails received, low email engagement",renewed
STH505917,TF117618,0.2,"tenure, low spend per game",renewed
STH500072,TF100231,0.1,tenure,renewed
STH500133,TF100366,0.1,low spend per game,renewed
STH505860,TF117417,97.9,"low total spend, low game attendance",not_renewed
STH504000,TF111732,0.2,"low email engagement, tenure",renewed
STH504355,TF112783,0.1,low email engagement,renewed
STH503124,TF109066,2.0,long gap since last game attended,renewed
STH501246,TF103675,0.6,"tenure, low email engagement",renewed
STH502218,TF106468,0.1,tenure,renewed
STH501173,TF103444,3.9,"long gap since last game attended, low spend per game",renewed
STH506613,TF119621,0.1,low email engagement,renewed
STH502601,TF107568,0.7,tenure,renewed
STH503491,TF110221,2.1,"low game attendance, low total spend",renewed
STH508083,TF123784,0.1,no dominant single factor,renewed
STH500487,TF101404,0.1,low spend per game,renewed
STH507558,TF122290,0.1,tenure,renewed
STH504851,TF114354,0.2,low email engagement,renewed
STH506336,TF118838,0.1,low spend per game,renewed
STH504505,TF113266,0.2,tenure,renewed
STH503145,TF109134,0.2,no dominant single factor,renewed
STH502994,TF108701,8.7,"tenure, long gap since last game attended",renewed
STH506219,TF118461,0.1,low spend per game,renewed
STH500965,TF102833,0.2,"few emails received, low email engagement",renewed
STH507559,TF122293,2.9,no dominant single factor,renewed
STH508237,TF124210,0.2,"long gap since last game attended, low email engagement",renewed
STH503824,TF111180,0.7,few emails received,renewed
STH502535,TF107375,0.1,"low spend per game, tenure",renewed
STH500785,TF102279,0.1,few emails received,renewed
STH508453,TF124850,0.1,low email engagement,renewed
STH502696,TF107836,0.1,"low email engagement, tenure",renewed
STH500629,TF101781,0.8,no dominant single factor,renewed
STH503968,TF111613,98.1,"low total spend, low game attendance",not_renewed
STH505091,TF115097,0.1,no dominant single factor,renewed
STH504869,TF114420,21.9,"low total spend, low game attendance",renewed
STH500065,TF100210,0.1,"low spend per game, few emails received",renewed
STH502254,TF106554,0.1,tenure,renewed
STH500471,TF101347,0.1,tenure,renewed
STH504865,TF114406,55.9,"low game attendance, low total spend",renewed
STH505642,TF116840,0.1,no dominant single factor,renewed
STH506694,TF119841,0.1,tenure,renewed
STH505304,TF115752,0.1,no dominant single factor,renewed
STH503971,TF111627,0.1,tenure,renewed
STH508042,TF123667,0.1,no dominant single factor,renewed
STH500685,TF101962,1.2,few emails received,renewed
STH501037,TF103043,0.1,no dominant single factor,renewed
STH506270,TF118626,0.1,low email engagement,renewed
STH504196,TF112296,7.1,"low total spend, low game attendance",renewed
STH507422,TF121912,0.1,low spend per game,renewed
STH507807,TF122956,0.1,"long gap since last game attended, low spend per game",renewed
STH508452,TF124845,0.1,few emails received,renewed
STH505402,TF116079,0.1,low spend per game,renewed
STH502949,TF108541,0.4,low spend per game,renewed
STH500585,TF101653,0.2,"tenure, low email engagement",renewed
STH507968,TF123417,0.1,no dominant single factor,renewed
STH505753,TF117137,98.2,"low total spend, low game attendance",not_renewed
STH500242,TF100653,0.9,few emails received,renewed
STH500278,TF100758,0.1,no dominant single factor,renewed
STH505700,TF117009,0.1,no dominant single factor,renewed
STH505128,TF115224,0.2,low email engagement,renewed
STH502260,TF106571,0.4,few emails received,renewed
STH503497,TF110243,14.4,"low game attendance, low total spend",renewed
STH501824,TF105343,0.1,no dominant single factor,renewed
STH500230,TF100631,0.2,low spend per game,renewed
STH502560,TF107435,0.3,long gap since last game attended,renewed
STH501206,TF103563,0.1,low spend per game,renewed
STH508414,TF124731,85.1,"low total spend, low game attendance",not_renewed
STH500356,TF100982,0.0,low email engagement,renewed
STH502444,TF107140,0.1,low email engagement,renewed
STH505440,TF116200,2.6,low email engagement,renewed
STH506102,TF118138,0.1,low spend per game,renewed
STH501578,TF104619,83.9,"low total spend, low game attendance",not_renewed
STH502448,TF107151,2.2,tenure,renewed
STH500795,TF102299,2.1,"tenure, few emails received",renewed
STH500936,TF102729,92.3,"low total spend, low game attendance",not_renewed
STH503286,TF109566,0.1,no dominant single factor,renewed
STH506012,TF117908,0.0,no dominant single factor,renewed
STH507718,TF122716,0.1,no dominant single factor,renewed
STH500022,TF100052,0.2,low spend per game,renewed
STH500950,TF102767,1.3,"few emails received, low email engagement",renewed
STH504370,TF112845,0.4,"tenure, long gap since last game attended",renewed
STH501229,TF103619,90.6,"low total spend, low game attendance",not_renewed
STH500709,TF102053,1.1,low email engagement,not_renewed
STH500414,TF101157,29.9,"low game attendance, low total spend",not_renewed
STH501754,TF105144,0.1,few emails received,renewed
STH504172,TF112223,0.1,"low email engagement, tenure",renewed
STH501818,TF105321,0.3,"low spend per game, low email engagement",renewed
STH506814,TF120202,0.1,no dominant single factor,renewed
STH504452,TF113082,0.5,"low email engagement, low spend per game",renewed
STH501497,TF104377,1.3,long gap since last game attended,renewed
STH503161,TF109189,0.1,tenure,renewed
STH505706,TF117023,0.3,few emails received,renewed
STH501524,TF104445,2.5,no dominant single factor,renewed
STH507593,TF122364,1.3,"low email engagement, tenure",renewed
STH505307,TF115775,0.1,few emails received,renewed
STH503438,TF110050,0.1,tenure,renewed
STH500009,TF100019,0.4,long gap since last game attended,renewed
STH507046,TF120837,0.0,no dominant single factor,renewed
STH504679,TF113755,0.1,no dominant single factor,renewed
STH507025,TF120777,87.1,"low total spend, low game attendance",not_renewed
STH507169,TF121198,0.2,no dominant single factor,renewed
STH500895,TF102622,0.7,"few emails received, low spend per game",renewed
STH508315,TF124428,0.3,"low email engagement, tenure",renewed
STH505967,TF117770,0.1,low spend per game,renewed
STH501624,TF104765,0.1,low spend per game,renewed
STH502632,TF107642,99.0,"low total spend, low game attendance",not_renewed
STH508280,TF124315,0.1,low email engagement,renewed
STH508270,TF124289,0.9,tenure,renewed
STH505735,TF117094,0.1,tenure,renewed
STH508026,TF123616,17.3,"low email engagement, tenure",renewed
STH506134,TF118192,14.5,"low spend per game, few emails received",not_renewed
STH503063,TF108910,0.1,long gap since last game attended,renewed
STH500758,TF102207,0.5,low spend per game,renewed
STH503541,TF110363,0.2,"tenure, low spend per game",renewed
STH507309,TF121586,0.1,"low email engagement, tenure",renewed
STH502178,TF106358,2.2,no dominant single factor,renewed
STH505378,TF115991,0.9,"tenure, few emails received",renewed
STH505118,TF115188,0.2,low email engagement,renewed
STH501458,TF104251,0.0,no dominant single factor,renewed
STH503614,TF110565,1.7,no dominant single factor,renewed
STH500970,TF102851,8.3,tenure,renewed
STH504164,TF112203,28.4,"low game attendance, low total spend",renewed
STH505633,TF116817,98.6,"low total spend, low game attendance",not_renewed
STH501616,TF104741,0.1,"low spend per game, low email engagement",renewed
STH504292,TF112582,0.2,no dominant single factor,renewed
STH503683,TF110764,4.8,low email engagement,renewed
STH502853,TF108293,1.4,long gap since last game attended,renewed
STH502728,TF107911,0.1,low spend per game,renewed
STH501356,TF103968,0.2,"long gap since last game attended, low email engagement",renewed
STH502647,TF107687,0.9,no dominant single factor,renewed
STH507275,TF121493,80.8,"low total spend, low game attendance",not_renewed
STH505411,TF116113,2.2,few emails received,renewed
STH504465,TF113123,0.5,low email engagement,renewed
STH507329,TF121636,0.3,low spend per game,renewed
STH507513,TF122167,6.8,"few emails received, low total spend",renewed
STH505338,TF115878,0.3,"long gap since last game attended, low spend per game",renewed
STH505759,TF117145,5.8,"low game attendance, low total spend",renewed
STH503796,TF111102,0.1,tenure,renewed
STH501412,TF104141,0.3,long gap since last game attended,renewed
STH506863,TF120326,13.9,"low game attendance, low total spend",renewed
STH501838,TF105384,3.2,low email engagement,renewed
STH507622,TF122450,0.1,no dominant single factor,renewed
STH505146,TF115263,0.1,low email engagement,renewed
STH507380,TF121795,1.0,long gap since last game attended,renewed
STH500166,TF100457,7.8,"low game attendance, low total spend",renewed
STH502319,TF106759,1.4,"low email engagement, tenure",renewed
STH503511,TF110285,0.3,"few emails received, low email engagement",renewed
STH505610,TF116727,0.1,no dominant single factor,renewed
STH506858,TF120305,0.1,tenure,renewed
STH508216,TF124143,0.1,no dominant single factor,renewed
STH503056,TF108897,0.1,low email engagement,renewed
STH504215,TF112352,0.1,no dominant single factor,renewed
STH507175,TF121217,0.2,few emails received,renewed
STH500220,TF100608,4.0,"low total spend, tenure",renewed
STH508326,TF124471,0.1,no dominant single factor,renewed
STH508006,TF123546,1.3,no dominant single factor,renewed
STH505289,TF115715,0.6,"low spend per game, tenure",renewed
STH506563,TF119484,0.1,no dominant single factor,renewed
STH502848,TF108279,0.3,no dominant single factor,renewed
STH507249,TF121419,0.1,no dominant single factor,renewed
STH507277,TF121496,0.4,no dominant single factor,renewed
STH501446,TF104232,0.8,no dominant single factor,renewed
STH504785,TF114131,13.6,"low game attendance, low email engagement",renewed
STH500719,TF102095,0.2,tenure,renewed
STH504503,TF113259,6.2,"low spend per game, tenure",not_renewed
STH500046,TF100144,39.2,"long gap since last game attended, low total spend",not_renewed
STH502784,TF108082,0.1,no dominant single factor,renewed
STH501584,TF104633,0.2,low email engagement,renewed
STH503571,TF110445,0.2,low spend per game,renewed
STH502815,TF108188,0.2,tenure,renewed
STH503012,TF108745,0.0,no dominant single factor,renewed
STH501398,TF104088,0.1,no dominant single factor,renewed
STH505101,TF115130,1.1,few emails received,renewed
STH504917,TF114562,0.1,low email engagement,renewed
STH501275,TF103767,0.2,no dominant single factor,renewed
STH505958,TF117731,0.1,no dominant single factor,renewed
STH504918,TF114564,0.2,"low spend per game, tenure",renewed
STH505152,TF115286,90.8,"low total spend, low game attendance",not_renewed
STH505388,TF116030,0.3,"few emails received, low email engagement",renewed
STH503359,TF109785,0.0,no dominant single factor,renewed
STH505487,TF116341,0.5,low spend per game,renewed
STH503223,TF109377,0.1,no dominant single factor,renewed
STH505475,TF116305,0.1,low spend per game,renewed
STH502306,TF106730,2.5,"few emails received, low spend per game",renewed
STH504108,TF112038,0.1,low spend per game,renewed
STH500178,TF100482,1.0,"few emails received, low game attendance",renewed
STH501425,TF104165,0.2,low spend per game,renewed
STH503765,TF110997,0.1,low spend per game,renewed
STH504779,TF114120,0.1,no dominant single factor,renewed
STH501131,TF103298,0.1,low spend per game,renewed
STH507127,TF121063,0.1,no dominant single factor,renewed
STH500296,TF100806,0.2,no dominant single factor,renewed
STH500920,TF102680,0.1,low email engagement,renewed
STH508471,TF124911,0.1,no dominant single factor,renewed
STH502118,TF106206,98.2,"low total spend, low game attendance",not_renewed
STH504383,TF112894,53.3,"low total spend, low game attendance",not_renewed
STH502130,TF106237,0.2,low email engagement,renewed
STH501194,TF103524,0.2,tenure,renewed
STH506496,TF119308,0.1,low email engagement,renewed
STH503732,TF110901,0.1,low spend per game,renewed
STH502391,TF106957,0.1,no dominant single factor,renewed
STH505479,TF116311,0.1,few emails received,renewed
STH500902,TF102636,0.2,few emails received,renewed
STH505748,TF117129,0.2,low spend per game,renewed
STH502629,TF107635,0.0,no dominant single factor,renewed
STH505674,TF116934,0.1,low email engagement,renewed
STH502778,TF108060,6.3,"low email engagement, low game attendance",renewed
STH500807,TF102325,0.0,no dominant single factor,renewed
STH507544,TF122262,4.1,low total spend,renewed
STH508435,TF124789,1.3,"low spend per game, low email engagement",renewed
STH502920,TF108473,0.3,few emails received,renewed
STH507265,TF121456,0.1,low email engagement,renewed
STH508446,TF124831,0.3,"few emails received, long gap since last game attended",renewed
STH502866,TF108328,7.6,"long gap since last game attended, low game attendance",renewed
STH500476,TF101369,0.3,low spend per game,renewed
STH504495,TF113230,0.1,no dominant single factor,renewed
STH506984,TF120643,5.9,long gap since last game attended,renewed
STH504653,TF113682,48.7,"low total spend, low email engagement",not_renewed
STH501786,TF105227,0.1,no dominant single factor,renewed
STH502819,TF108201,0.1,no dominant single factor,renewed
STH505785,TF117210,0.1,no dominant single factor,renewed
STH504395,TF112918,0.3,"few emails received, tenure",renewed
STH502274,TF106617,60.2,"low game attendance, low total spend",not_renewed
STH506313,TF118745,0.2,tenure,renewed
STH506912,TF120451,0.1,low email engagement,renewed
STH506757,TF120036,0.1,tenure,renewed
STH503512,TF110286,0.0,no dominant single factor,renewed
STH504845,TF114314,1.8,long gap since last game attended,renewed
STH504362,TF112800,95.5,"low total spend, low game attendance",not_renewed
STH507355,TF121718,0.1,tenure,renewed
STH504753,TF114020,0.1,low spend per game,renewed
STH502704,TF107861,38.5,"low total spend, low game attendance",not_renewed
STH506519,TF119370,0.3,no dominant single factor,renewed
STH500637,TF101796,23.4,"low game attendance, low total spend",renewed
STH504235,TF112407,0.2,"low spend per game, tenure",renewed
STH504607,TF113563,31.1,"low game attendance, low total spend",not_renewed
STH502631,TF107640,0.1,low spend per game,renewed
STH501473,TF104291,0.2,low spend per game,renewed
STH504079,TF111952,0.3,"low spend per game, few emails received",renewed
STH507411,TF121880,0.1,no dominant single factor,renewed
STH502659,TF107727,0.2,tenure,renewed
STH507723,TF122726,0.1,no dominant single factor,renewed
STH505384,TF116015,0.1,"low email engagement, few emails received",renewed
STH506978,TF120633,0.2,"low spend per game, tenure",renewed
STH504480,TF113163,0.1,tenure,renewed
STH502435,TF107109,0.1,no dominant single factor,renewed
STH503783,TF111066,0.2,low spend per game,renewed
STH500832,TF102426,0.2,"tenure, few emails received",renewed
STH500610,TF101723,0.1,"low spend per game, tenure",renewed
STH506681,TF119811,0.1,no dominant single factor,renewed
STH501711,TF105010,0.2,"low spend per game, tenure",renewed
STH502767,TF108037,3.2,"low email engagement, tenure",renewed
STH507602,TF122385,0.0,tenure,renewed
STH501898,TF105579,0.4,low spend per game,renewed
STH505546,TF116505,0.1,tenure,renewed
STH502640,TF107672,0.1,no dominant single factor,renewed
STH501695,TF104962,0.1,tenure,renewed
STH503399,TF109920,0.1,"tenure, few emails received",renewed
STH503412,TF109966,0.1,"tenure, few emails received",renewed
STH501326,TF103890,28.2,"low game attendance, low total spend",renewed
STH503335,TF109712,0.3,low email engagement,renewed
STH504934,TF114618,4.9,no dominant single factor,renewed
STH501033,TF103030,1.6,no dominant single factor,renewed
STH508023,TF123602,0.1,low spend per game,renewed
STH508271,TF124290,0.9,few emails received,renewed
STH500619,TF101754,0.6,no dominant single factor,renewed
STH508262,TF124270,92.1,"low total spend, low game attendance",not_renewed
STH507792,TF122913,0.2,few emails received,renewed
STH501785,TF105226,0.1,low email engagement,renewed
STH503741,TF110940,0.1,no dominant single factor,renewed
STH507337,TF121662,0.2,low email engagement,renewed
STH506192,TF118356,0.6,"few emails received, long gap since last game attended",renewed
STH505612,TF116730,0.1,tenure,renewed
STH500321,TF100896,0.7,low spend per game,renewed
STH501486,TF104341,7.0,"low email engagement, few emails received",renewed
STH500660,TF101863,0.1,no dominant single factor,renewed
STH500525,TF101489,0.1,no dominant single factor,renewed
STH505015,TF114883,0.2,low email engagement,renewed
STH502122,TF106217,0.1,no dominant single factor,renewed
STH501369,TF104011,4.5,low game attendance,renewed
STH507552,TF122278,0.1,tenure,renewed
STH507001,TF120696,0.4,few emails received,renewed
STH502485,TF107252,0.1,no dominant single factor,renewed
STH500868,TF102532,0.3,"low spend per game, few emails received",renewed
STH504286,TF112570,0.1,"low spend per game, tenure",renewed
STH507395,TF121838,0.1,no dominant single factor,renewed
STH501539,TF104512,0.5,few emails received,renewed
STH504613,TF113586,0.1,"low spend per game, tenure",renewed
STH501799,TF105264,1.2,no dominant single factor,renewed
STH503630,TF110609,0.7,tenure,renewed
STH502633,TF107646,0.1,no dominant single factor,renewed
STH504247,TF112472,0.1,tenure,renewed
STH507020,TF120759,0.1,tenure,renewed
STH502262,TF106573,2.3,"low game attendance, low spend per game",renewed
STH502470,TF107217,0.5,low spend per game,renewed
STH506625,TF119657,0.1,few emails received,renewed
STH505182,TF115394,0.4,no dominant single factor,renewed
STH500609,TF101717,0.1,tenure,renewed
STH506615,TF119625,0.2,long gap since last game attended,renewed
STH506393,TF118997,96.4,"low total spend, low game attendance",not_renewed
STH503636,TF110628,10.1,"long gap since last game attended, low email engagement",renewed
STH500036,TF100108,0.1,low spend per game,renewed
STH502958,TF108570,0.2,low email engagement,renewed
STH508443,TF124818,0.1,no dominant single factor,renewed
STH504314,TF112650,2.2,low game attendance,renewed
STH503728,TF110889,0.2,few emails received,renewed
STH508235,TF124206,0.1,tenure,renewed
STH503967,TF111607,0.2,low spend per game,renewed
STH503575,TF110450,0.1,tenure,renewed
STH501301,TF103834,0.1,tenure,renewed
STH500830,TF102410,0.1,no dominant single factor,renewed
STH505599,TF116690,0.2,"low email engagement, low spend per game",renewed
STH504672,TF113743,0.5,"low email engagement, low spend per game",renewed
STH502986,TF108665,0.2,low email engagement,renewed
STH503168,TF109227,0.2,low spend per game,renewed
STH500751,TF102180,0.2,low spend per game,renewed
STH503651,TF110675,0.1,no dominant single factor,renewed
STH503963,TF111598,0.1,low spend per game,renewed
STH503755,TF110970,0.0,no dominant single factor,renewed
STH502361,TF106890,2.5,low email engagement,renewed
STH503650,TF110672,2.0,long gap since last game attended,renewed
STH508496,TF124988,0.1,no dominant single factor,renewed
STH507082,TF120940,92.1,"low total spend, low game attendance",not_renewed
STH506097,TF118123,4.6,"low game attendance, tenure",renewed
STH503123,TF109063,57.2,"low total spend, low game attendance",not_renewed
STH508451,TF124844,0.1,low email engagement,renewed
STH500616,TF101736,0.1,no dominant single factor,renewed
STH506221,TF118466,0.2,"tenure, few emails received",renewed
STH501048,TF103067,0.2,"low email engagement, low spend per game",renewed
STH504147,TF112147,0.1,low spend per game,renewed
STH501674,TF104912,0.8,tenure,renewed
STH501236,TF103636,98.0,"low total spend, low game attendance",not_renewed
STH505502,TF116382,0.1,tenure,renewed
STH501472,TF104289,0.1,tenure,renewed
STH504332,TF112710,0.1,tenure,renewed
STH501188,TF103502,0.3,"low spend per game, tenure",renewed
STH500302,TF100839,0.3,"low email engagement, low spend per game",renewed
STH504848,TF114330,0.9,"low spend per game, low email engagement",renewed
STH504500,TF113251,0.1,tenure,renewed
STH502337,TF106824,0.9,"tenure, low email engagement",renewed
STH501493,TF104360,9.2,"few emails received, low spend per game",renewed
STH504197,TF112297,85.1,"low total spend, low game attendance",not_renewed
STH501663,TF104868,0.2,"few emails received, tenure",renewed
STH508340,TF124502,0.1,low spend per game,renewed
STH500470,TF101346,0.1,low spend per game,renewed
STH500869,TF102537,0.2,tenure,renewed
STH506238,TF118519,0.1,low spend per game,renewed
STH501336,TF103924,0.1,low spend per game,renewed
STH507028,TF120784,0.1,no dominant single factor,renewed
STH500669,TF101889,0.1,no dominant single factor,renewed
STH500507,TF101451,0.1,tenure,renewed
STH504290,TF112576,0.2,low email engagement,renewed
STH506213,TF118439,2.8,low game attendance,renewed
STH501045,TF103063,0.1,few emails received,renewed
STH506050,TF118010,57.3,"low game attendance, low total spend",not_renewed
STH503460,TF110127,0.8,low email engagement,renewed
STH505592,TF116663,0.8,low spend per game,renewed
STH503481,TF110178,1.9,"low game attendance, low spend per game",renewed
STH504990,TF114806,57.1,"low total spend, low game attendance",renewed
STH500173,TF100475,0.1,"few emails received, low email engagement",renewed
STH502340,TF106839,0.1,low email engagement,renewed
STH502162,TF106324,0.2,low spend per game,renewed
STH503553,TF110398,0.1,no dominant single factor,renewed
STH503941,TF111536,0.0,no dominant single factor,renewed
STH501707,TF105001,0.2,long gap since last game attended,renewed
STH506062,TF118045,0.1,tenure,renewed
STH507769,TF122835,0.1,no dominant single factor,renewed
STH502701,TF107851,0.2,"tenure, low spend per game",renewed
STH500926,TF102693,0.1,tenure,renewed
STH502603,TF107571,0.1,low spend per game,renewed
STH504227,TF112376,2.1,"tenure, low email engagement",renewed
STH503494,TF110237,10.2,low game attendance,renewed
STH507797,TF122922,0.1,"low spend per game, tenure",renewed
STH505207,TF115464,0.1,no dominant single factor,renewed
STH502759,TF108013,12.4,"low total spend, low game attendance",renewed
STH501049,TF103068,0.1,no dominant single factor,renewed
STH505757,TF117143,0.2,few emails received,renewed
STH506898,TF120421,0.1,no dominant single factor,renewed
STH505988,TF117829,0.1,no dominant single factor,renewed
STH502315,TF106748,1.7,"tenure, low spend per game",renewed
STH501177,TF103453,1.6,low email engagement,renewed
STH503918,TF111458,0.1,tenure,renewed
STH503263,TF109492,0.1,low spend per game,renewed
STH502736,TF107945,0.5,no dominant single factor,renewed
STH505798,TF117257,0.1,low spend per game,renewed
STH502033,TF105960,0.1,long gap since last game attended,renewed
STH501770,TF105188,0.2,"few emails received, tenure",renewed
STH503548,TF110383,0.1,low spend per game,renewed
STH505679,TF116962,0.1,no dominant single factor,renewed
STH502668,TF107747,0.1,no dominant single factor,renewed
STH508439,TF124808,0.3,low spend per game,renewed
STH505117,TF115187,6.3,low total spend,renewed
STH506787,TF120117,3.1,long gap since last game attended,renewed
STH504033,TF111831,5.8,"few emails received, low spend per game",renewed
STH501865,TF105490,0.8,"long gap since last game attended, tenure",renewed
STH502187,TF106383,0.1,low spend per game,renewed
STH501675,TF104913,0.1,low spend per game,renewed
STH504744,TF113994,0.1,low spend per game,renewed
STH502877,TF108354,0.1,tenure,renewed
STH505797,TF117255,0.2,"few emails received, low email engagement",renewed
STH503287,TF109568,8.7,low game attendance,renewed
STH501248,TF103685,0.1,tenure,renewed
STH505253,TF115621,0.1,no dominant single factor,renewed
STH504390,TF112907,15.6,"low game attendance, low email engagement",not_renewed
STH501889,TF105558,0.1,no dominant single factor,renewed
STH504113,TF112052,0.3,"tenure, low spend per game",renewed
STH506081,TF118098,0.1,no dominant single factor,renewed
STH504558,TF113410,0.2,"tenure, few emails received",renewed
STH503496,TF110240,0.3,"low spend per game, tenure",renewed
STH502355,TF106877,0.0,no dominant single factor,renewed
STH505387,TF116028,3.4,low email engagement,renewed
STH501305,TF103840,5.7,"low game attendance, low total spend",renewed
STH500679,TF101917,0.1,low email engagement,renewed
STH503572,TF110446,0.1,low spend per game,renewed
STH505169,TF115355,0.1,no dominant single factor,renewed
STH501089,TF103193,5.6,low spend per game,renewed
STH500602,TF101699,0.1,low spend per game,renewed
STH502943,TF108528,0.1,no dominant single factor,renewed
STH507956,TF123387,0.3,few emails received,renewed
STH500123,TF100336,0.9,low spend per game,renewed
STH505030,TF114939,1.6,no dominant single factor,renewed
STH502775,TF108055,0.4,"low email engagement, tenure",renewed
STH507389,TF121822,0.1,low spend per game,renewed
STH502721,TF107894,66.2,"low game attendance, low total spend",not_renewed
STH507757,TF122806,0.4,"low email engagement, low spend per game",renewed
STH501245,TF103674,0.3,tenure,renewed
STH502270,TF106601,0.1,"low spend per game, low email engagement",renewed
STH506199,TF118386,0.2,no dominant single factor,renewed
STH506653,TF119743,0.1,tenure,renewed
STH503577,TF110453,0.1,few emails received,renewed
STH500675,TF101906,0.4,"tenure, few emails received",renewed
STH507228,TF121368,0.2,no dominant single factor,renewed
STH505495,TF116371,66.0,"low total spend, low game attendance",renewed
STH500797,TF102304,57.8,"low game attendance, low total spend",renewed
STH505888,TF117506,0.3,"long gap since last game attended, few emails received",renewed
STH506048,TF117998,0.3,no dominant single factor,renewed
STH501708,TF105002,2.5,low email engagement,renewed
STH502227,TF106483,0.2,"tenure, low email engagement",renewed
STH501011,TF102974,0.1,no dominant single factor,renewed
STH505742,TF117114,0.1,tenure,renewed
STH501857,TF105463,0.1,low email engagement,renewed
STH505899,TF117543,0.8,no dominant single factor,renewed
STH500544,TF101537,0.3,low email engagement,renewed
STH508499,TF124998,0.2,no dominant single factor,renewed
STH508021,TF123595,0.1,no dominant single factor,renewed
STH507921,TF123302,0.5,low spend per game,renewed
STH503565,TF110427,0.6,tenure,renewed
STH506656,TF119756,0.1,tenure,renewed
STH506608,TF119600,96.9,"low total spend, low game attendance",not_renewed
STH508225,TF124164,71.8,"low total spend, low game attendance",not_renewed
STH507293,TF121525,13.7,"low total spend, low game attendance",renewed
STH508364,TF124561,0.1,no dominant single factor,renewed
STH508409,TF124721,0.1,no dominant single factor,renewed
STH507879,TF123169,0.1,few emails received,renewed
STH507420,TF121905,3.0,long gap since last game attended,renewed
STH502630,TF107638,1.3,no dominant single factor,renewed
STH501013,TF102982,0.7,no dominant single factor,renewed
STH503873,TF111327,0.1,"tenure, low spend per game",renewed
STH507035,TF120816,0.1,no dominant single factor,renewed
STH502364,TF106894,2.2,"few emails received, low spend per game",renewed
STH503644,TF110653,49.1,"low total spend, low game attendance",renewed
STH502939,TF108510,0.2,few emails received,renewed
STH508455,TF124860,0.1,no dominant single factor,renewed
STH504144,TF112143,0.2,low spend per game,renewed
STH501500,TF104384,95.1,"low game attendance, low total spend",not_renewed
STH505518,TF116425,0.1,no dominant single factor,renewed
STH506201,TF118396,65.3,"low game attendance, low email engagement",not_renewed
STH507866,TF123120,0.0,no dominant single factor,renewed
STH502881,TF108362,3.4,tenure,renewed
STH505322,TF115816,11.0,"low total spend, low game attendance",renewed
STH507794,TF122917,0.2,low spend per game,renewed
STH504280,TF112557,0.2,"tenure, low spend per game",renewed
STH504093,TF111987,0.1,no dominant single factor,renewed
STH501609,TF104729,0.1,low spend per game,renewed
STH508416,TF124740,0.4,low email engagement,renewed
STH500033,TF100096,0.1,"tenure, low spend per game",renewed
STH500956,TF102810,5.0,"tenure, low game attendance",renewed
STH502332,TF106809,0.1,"tenure, low spend per game",renewed
STH502245,TF106533,0.2,long gap since last game attended,renewed
STH503760,TF110979,0.3,"tenure, low email engagement",renewed
STH506531,TF119397,5.4,"low total spend, low game attendance",renewed
STH504469,TF113139,1.7,no dominant single factor,renewed
STH508325,TF124468,0.1,low email engagement,renewed
STH503932,TF111499,0.0,no dominant single factor,renewed
STH505790,TF117234,0.0,no dominant single factor,renewed
STH507441,TF121952,0.1,no dominant single factor,renewed
STH504844,TF114304,0.1,low spend per game,renewed
STH507983,TF123451,0.1,few emails received,renewed
STH502013,TF105907,0.0,no dominant single factor,renewed
STH501517,TF104421,0.1,few emails received,renewed
STH504323,TF112677,0.1,no dominant single factor,renewed
STH506748,TF120015,0.1,"low email engagement, few emails received",renewed
STH501170,TF103441,0.1,"tenure, few emails received",renewed
STH507059,TF120868,1.7,"low spend per game, low email engagement",renewed
STH506647,TF119731,0.1,tenure,renewed
STH500553,TF101557,92.6,"low total spend, low game attendance",not_renewed
STH503751,TF110963,0.1,tenure,renewed
STH507077,TF120921,0.1,no dominant single factor,renewed
STH507984,TF123454,0.8,"few emails received, low email engagement",renewed
STH505772,TF117183,0.6,"low email engagement, low spend per game",renewed
STH505045,TF114966,0.1,no dominant single factor,renewed
STH502132,TF106245,0.2,tenure,renewed
STH505222,TF115510,0.1,no dominant single factor,renewed
STH506822,TF120223,0.1,no dominant single factor,renewed
STH507288,TF121512,0.3,tenure,renewed
STH501691,TF104955,0.1,no dominant single factor,renewed
STH502808,TF108166,45.7,"low game attendance, low total spend",renewed
STH504701,TF113832,0.1,low spend per game,renewed
STH508434,TF124784,0.2,tenure,renewed
STH508147,TF123964,0.1,"tenure, low spend per game",renewed
STH506504,TF119333,0.1,no dominant single factor,renewed
STH506231,TF118496,0.4,low spend per game,renewed
STH501098,TF103219,86.3,"low total spend, low game attendance",not_renewed
STH505231,TF115540,42.1,"low game attendance, low total spend",not_renewed
STH507565,TF122311,0.1,long gap since last game attended,renewed
STH504453,TF113085,3.3,few emails received,renewed
STH508116,TF123860,60.4,"low game attendance, low total spend",not_renewed
STH500704,TF102016,0.4,"few emails received, low email engagement",renewed
STH508086,TF123792,0.0,no dominant single factor,renewed
STH506765,TF120050,0.2,"tenure, low spend per game",renewed
STH503734,TF110908,0.1,tenure,renewed
STH503725,TF110877,0.1,low spend per game,renewed
STH500349,TF100960,89.8,"low total spend, low game attendance",not_renewed
STH503991,TF111699,0.3,"few emails received, tenure",renewed
STH500919,TF102676,0.4,no dominant single factor,renewed
STH501074,TF103141,0.1,no dominant single factor,renewed
STH504063,TF111911,1.1,no dominant single factor,renewed
STH506657,TF119757,9.7,"tenure, long gap since last game attended",renewed
STH507619,TF122445,0.1,few emails received,renewed
STH506080,TF118097,98.8,"low total spend, low game attendance",not_renewed
STH500303,TF100842,0.1,long gap since last game attended,renewed
STH505251,TF115614,97.5,"low total spend, low game attendance",not_renewed
STH506127,TF118182,0.4,low email engagement,renewed
STH502593,TF107544,0.2,low email engagement,renewed
STH500005,TF100009,7.7,"tenure, low email engagement",renewed
STH500213,TF100584,0.4,tenure,renewed
STH500539,TF101528,0.5,"tenure, low email engagement",renewed
STH505515,TF116421,0.1,no dominant single factor,renewed
STH506516,TF119362,0.1,low email engagement,renewed
STH501217,TF103594,0.9,long gap since last game attended,renewed
STH500833,TF102429,0.5,"low email engagement, tenure",renewed
STH504021,TF111798,0.1,no dominant single factor,renewed
STH508129,TF123891,97.6,"low total spend, low game attendance",not_renewed
STH501902,TF105595,0.0,no dominant single factor,renewed
STH503158,TF109183,0.1,low spend per game,renewed
STH501529,TF104471,0.2,no dominant single factor,renewed
STH500881,TF102575,0.2,low spend per game,renewed
STH504562,TF113422,0.2,low spend per game,renewed
STH504714,TF113881,50.0,"low total spend, low game attendance",renewed
STH506915,TF120457,0.5,no dominant single factor,renewed
STH502998,TF108713,0.1,"low spend per game, low email engagement",renewed
STH500500,TF101434,0.3,tenure,renewed
STH506294,TF118685,0.2,low spend per game,renewed
STH503997,TF111713,0.1,long gap since last game attended,renewed
STH506791,TF120130,0.1,no dominant single factor,renewed
STH503754,TF110969,0.2,tenure,renewed
STH501435,TF104199,0.3,low email engagement,renewed
STH507758,TF122807,1.6,no dominant single factor,renewed
STH507105,TF121010,0.3,low email engagement,renewed
STH501065,TF103113,0.2,"low email engagement, low spend per game",renewed
STH507817,TF122978,0.1,no dominant single factor,renewed
STH504965,TF114734,3.7,long gap since last game attended,renewed
STH501733,TF105074,0.1,no dominant single factor,renewed
STH503800,TF111111,0.1,no dominant single factor,renewed
STH507689,TF122648,0.2,no dominant single factor,renewed
STH507429,TF121928,0.6,"low email engagement, low spend per game",renewed
STH500021,TF100049,0.3,"low spend per game, tenure",renewed
STH501722,TF105040,0.1,tenure,renewed
STH507214,TF121328,0.1,few emails received,renewed
STH503539,TF110360,0.3,"low email engagement, few emails received",renewed
STH506794,TF120142,0.0,no dominant single factor,renewed
STH500594,TF101679,0.3,low email engagement,renewed
STH501816,TF105315,0.1,"tenure, low spend per game",renewed
STH500861,TF102517,4.8,"low total spend, low email engagement",renewed
STH506367,TF118924,0.4,"low email engagement, few emails received",renewed
STH507374,TF121772,0.4,"tenure, long gap since last game attended",renewed
STH502133,TF106246,0.2,low spend per game,renewed
STH502972,TF108617,0.1,few emails received,renewed
STH507080,TF120934,96.7,"low total spend, low game attendance",not_renewed
STH500584,TF101647,0.3,"low email engagement, tenure",renewed
STH503935,TF111509,30.8,"low total spend, low game attendance",renewed
STH507702,TF122679,1.2,no dominant single factor,renewed
STH508288,TF124338,81.3,"low total spend, low game attendance",not_renewed
STH502566,TF107462,0.0,no dominant single factor,renewed
STH506260,TF118591,0.1,low email engagement,renewed
STH500174,TF100476,0.2,low spend per game,renewed
STH505541,TF116495,0.3,tenure,renewed
STH505602,TF116699,0.2,"few emails received, tenure",renewed
STH503206,TF109335,0.2,"low email engagement, tenure",renewed
STH504053,TF111894,0.3,tenure,renewed
STH508311,TF124417,0.1,no dominant single factor,renewed
STH506197,TF118381,80.1,"low total spend, low game attendance",not_renewed
STH500075,TF100236,97.4,"low total spend, low game attendance",not_renewed
STH507775,TF122857,1.3,low spend per game,renewed
STH507676,TF122621,0.1,no dominant single factor,renewed
STH504723,TF113926,2.3,few emails received,renewed
STH500388,TF101086,0.6,long gap since last game attended,renewed
STH506244,TF118542,92.1,"low total spend, low game attendance",not_renewed
STH500049,TF100158,95.4,"low total spend, low game attendance",not_renewed
STH508387,TF124646,0.2,low spend per game,renewed
STH503349,TF109753,1.0,low email engagement,renewed
STH503659,TF110712,0.1,few emails received,renewed
STH504888,TF114470,0.1,low email engagement,renewed
STH502439,TF107127,28.8,"low game attendance, low total spend",renewed
STH508170,TF124037,0.7,low email engagement,renewed
STH502172,TF106342,0.1,no dominant single factor,renewed
STH504979,TF114771,0.1,few emails received,renewed
STH503036,TF108824,0.3,low email engagement,renewed
STH500862,TF102518,0.1,no dominant single factor,renewed
STH504651,TF113670,0.4,tenure,renewed
STH505491,TF116348,2.0,"low game attendance, low total spend",renewed
STH502372,TF106912,0.1,low spend per game,renewed
STH504761,TF114064,0.1,tenure,renewed
STH504686,TF113786,0.2,"low spend per game, tenure",renewed
STH501670,TF104899,84.9,"low game attendance, low total spend",not_renewed
STH504703,TF113841,0.1,"tenure, few emails received",renewed
STH507569,TF122326,9.7,"low email engagement, long gap since last game attended",renewed
STH502711,TF107876,0.5,"few emails received, tenure",renewed
STH502194,TF106399,0.8,"few emails received, low email engagement",renewed
STH504941,TF114646,0.6,long gap since last game attended,renewed
STH500857,TF102505,0.0,no dominant single factor,renewed
STH501803,TF105276,21.5,"low total spend, low game attendance",renewed
STH502217,TF106465,0.9,tenure,renewed
STH500258,TF100702,2.2,"long gap since last game attended, low email engagement",renewed
STH504821,TF114238,0.1,low spend per game,renewed
STH506489,TF119283,0.5,"low email engagement, low spend per game",renewed
STH504056,TF111898,56.5,"low total spend, low game attendance",not_renewed
STH501912,TF105619,0.8,"tenure, low email engagement",renewed
STH500018,TF100043,0.1,low email engagement,renewed
STH503352,TF109763,0.7,"low spend per game, tenure",renewed
STH505192,TF115418,0.2,"few emails received, tenure",renewed
STH504429,TF113021,0.1,low spend per game,renewed
STH500085,TF100255,0.1,"low spend per game, tenure",renewed
STH501399,TF104091,13.0,"low total spend, low game attendance",renewed
STH504808,TF114206,1.9,tenure,renewed
STH505551,TF116528,0.4,low spend per game,renewed
STH503398,TF109919,2.3,tenure,renewed
STH504039,TF111844,0.4,"low email engagement, low spend per game",renewed
STH507950,TF123367,0.1,no dominant single factor,renewed
STH500942,TF102744,0.1,few emails received,renewed
STH506549,TF119442,6.4,"low game attendance, low total spend",renewed
STH506851,TF120294,0.1,low spend per game,renewed
STH507384,TF121806,0.1,no dominant single factor,renewed
STH503338,TF109719,0.1,low email engagement,renewed
STH500058,TF100190,5.8,"tenure, low email engagement",renewed
STH506766,TF120051,22.6,"low game attendance, low total spend",renewed
STH504321,TF112666,0.1,low spend per game,renewed
STH506251,TF118565,0.1,low spend per game,renewed
STH500145,TF100398,0.1,no dominant single factor,renewed
STH504305,TF112619,0.1,tenure,renewed
STH508155,TF123997,0.4,"few emails received, low spend per game",renewed
STH500520,TF101480,0.2,no dominant single factor,renewed
STH505197,TF115442,0.1,low spend per game,renewed
STH501619,TF104754,0.2,tenure,renewed
STH503361,TF109790,0.3,few emails received,renewed
STH504410,TF112968,0.1,low spend per game,renewed
STH501579,TF104621,0.0,no dominant single factor,renewed
STH507479,TF122076,0.1,long gap since last game attended,renewed
STH505666,TF116916,0.1,no dominant single factor,renewed
STH507517,TF122180,87.0,"low total spend, low game attendance",not_renewed
STH506736,TF119966,0.3,"few emails received, low email engagement",renewed
STH502834,TF108248,2.0,"low email engagement, few emails received",renewed
STH502931,TF108494,0.1,no dominant single factor,renewed
STH500959,TF102825,91.7,"low game attendance, low total spend",not_renewed
STH506680,TF119809,0.1,"long gap since last game attended, tenure",renewed
STH502981,TF108648,43.0,"low total spend, low game attendance",renewed
STH503446,TF110074,0.1,tenure,renewed
STH500007,TF100013,0.1,long gap since last game attended,renewed
STH506402,TF119023,0.1,low email engagement,renewed
STH506280,TF118660,0.3,low spend per game,renewed
STH503140,TF109120,55.8,"low total spend, long gap since last game attended",not_renewed
STH508467,TF124906,0.2,low email engagement,renewed
STH503473,TF110164,0.8,"tenure, low email engagement",renewed
STH501211,TF103578,0.9,low game attendance,renewed
STH506572,TF119511,0.1,low spend per game,renewed
STH503249,TF109448,0.1,no dominant single factor,renewed
STH501357,TF103970,19.8,"low game attendance, low total spend",renewed
STH503959,TF111592,0.1,low email engagement,renewed
STH503450,TF110089,0.1,low spend per game,renewed
STH504115,TF112058,0.1,no dominant single factor,renewed
STH508126,TF123885,10.2,"tenure, low spend per game",renewed
STH508038,TF123662,0.9,"few emails received, low spend per game",renewed
STH505404,TF116089,0.0,no dominant single factor,renewed
STH501434,TF104194,83.2,"low total spend, low game attendance",not_renewed
STH501594,TF104660,1.0,"tenure, low email engagement",renewed
STH504104,TF112027,0.1,no dominant single factor,renewed
STH505805,TF117277,0.1,few emails received,renewed
STH507986,TF123456,0.1,tenure,renewed
STH508254,TF124248,0.3,low spend per game,renewed
STH502500,TF107296,0.1,tenure,renewed
STH500720,TF102098,0.1,tenure,renewed
STH507186,TF121245,0.1,tenure,renewed
STH500747,TF102165,5.2,low total spend,renewed
STH505517,TF116424,0.1,no dominant single factor,renewed
STH502982,TF108657,0.1,low email engagement,renewed
STH501219,TF103599,5.9,low game attendance,renewed
STH500680,TF101919,10.3,"low total spend, low game attendance",renewed
STH500344,TF100949,0.1,few emails received,renewed
STH504032,TF111827,3.3,no dominant single factor,renewed
STH506706,TF119879,0.6,"few emails received, low email engagement",renewed
STH501617,TF104748,0.1,tenure,renewed
STH507564,TF122309,0.2,low spend per game,renewed
STH506254,TF118571,2.5,long gap since last game attended,renewed
STH502249,TF106543,94.1,"low total spend, low game attendance",not_renewed
STH504615,TF113590,0.4,"few emails received, tenure",renewed
STH501621,TF104760,0.2,few emails received,renewed
STH501101,TF103224,2.4,no dominant single factor,renewed
STH501914,TF105626,0.1,long gap since last game attended,renewed
STH505040,TF114955,0.1,no dominant single factor,renewed
STH505075,TF115059,97.4,"low total spend, low game attendance",not_renewed
STH508062,TF123715,0.1,no dominant single factor,renewed
STH506798,TF120154,7.5,"low game attendance, low email engagement",renewed
STH501310,TF103852,14.2,low total spend,renewed
STH503110,TF109039,0.2,"few emails received, tenure",renewed
STH500513,TF101464,0.1,no dominant single factor,renewed
STH508318,TF124440,0.1,no dominant single factor,renewed
STH504836,TF114279,21.2,"low game attendance, low total spend",renewed
STH501189,TF103503,0.4,low spend per game,renewed
STH508322,TF124455,0.1,tenure,renewed
STH502320,TF106769,0.1,tenure,renewed
STH507140,TF121106,43.3,"low total spend, low game attendance",renewed
STH503341,TF109726,0.1,tenure,renewed
STH507053,TF120850,0.5,"low email engagement, tenure",renewed
STH504639,TF113645,0.1,low email engagement,renewed
STH504911,TF114532,0.1,tenure,renewed
STH504527,TF113318,0.1,few emails received,renewed
STH506761,TF120044,0.3,no dominant single factor,renewed
STH504203,TF112312,0.7,"low email engagement, tenure",renewed
STH502564,TF107455,0.1,few emails received,renewed
STH500352,TF100966,0.1,no dominant single factor,renewed
STH501352,TF103950,0.2,tenure,renewed
STH503504,TF110264,0.2,low spend per game,renewed
STH501316,TF103869,0.3,low spend per game,renewed
STH503584,TF110477,0.2,tenure,renewed
STH506751,TF120021,0.1,tenure,renewed
STH504952,TF114673,0.2,tenure,renewed
STH503330,TF109697,0.2,low spend per game,renewed
STH503807,TF111128,24.7,"low total spend, low game attendance",renewed
STH506558,TF119473,0.1,no dominant single factor,renewed
STH501573,TF104608,0.2,tenure,renewed
STH503422,TF110005,0.1,no dominant single factor,renewed
STH505484,TF116332,27.6,"low game attendance, low total spend",renewed
STH504126,TF112082,0.1,low spend per game,renewed
STH503863,TF111280,2.9,"low spend per game, low game attendance",renewed
STH505722,TF117058,5.4,"tenure, low game attendance",renewed
STH505187,TF115406,0.2,long gap since last game attended,renewed
STH504319,TF112661,3.1,"low email engagement, few emails received",renewed
STH504423,TF113004,0.2,few emails received,renewed
STH503680,TF110759,0.3,"low spend per game, tenure",renewed
STH505043,TF114960,0.3,low spend per game,renewed
STH506862,TF120322,0.1,no dominant single factor,renewed
STH507448,TF121973,0.3,"tenure, low email engagement",renewed
STH501447,TF104233,6.3,"low game attendance, low total spend",renewed
STH505004,TF114849,5.1,low email engagement,not_renewed
STH507419,TF121899,0.1,no dominant single factor,renewed
STH505624,TF116788,0.1,no dominant single factor,renewed
STH501797,TF105262,0.6,long gap since last game attended,renewed
STH507903,TF123246,0.6,"low spend per game, tenure",renewed
STH503745,TF110949,0.1,no dominant single factor,renewed
STH507471,TF122044,0.1,low spend per game,renewed
STH503953,TF111575,1.3,low email engagement,renewed
STH506157,TF118259,0.0,no dominant single factor,renewed
STH506324,TF118768,0.1,no dominant single factor,renewed
STH507034,TF120813,0.1,no dominant single factor,renewed
STH502206,TF106428,0.1,tenure,renewed
STH503804,TF111121,0.1,long gap since last game attended,renewed
STH503887,TF111370,0.1,no dominant single factor,renewed
STH502642,TF107678,5.2,tenure,renewed
STH501916,TF105631,1.3,"few emails received, low email engagement",renewed
STH507626,TF122464,63.8,"low total spend, low game attendance",not_renewed
STH501547,TF104526,0.1,no dominant single factor,renewed
STH504230,TF112386,0.2,low spend per game,renewed
STH502377,TF106922,0.2,low spend per game,renewed
STH504481,TF113167,98.7,"low total spend, low game attendance",not_renewed
STH502166,TF106333,0.2,low spend per game,renewed
STH500154,TF100426,0.1,low spend per game,renewed
STH505715,TF117041,0.1,no dominant single factor,renewed
STH503273,TF109519,0.0,no dominant single factor,renewed
STH508316,TF124429,89.0,"low total spend, low game attendance",not_renewed
STH505200,TF115447,0.1,tenure,renewed
STH500599,TF101687,0.1,long gap since last game attended,renewed
STH503215,TF109358,75.8,"low game attendance, low total spend",not_renewed
STH506166,TF118285,0.1,no dominant single factor,renewed
STH503345,TF109738,0.3,"tenure, low spend per game",renewed
STH505939,TF117683,1.2,"tenure, low spend per game",renewed
STH505532,TF116465,0.1,tenure,renewed
STH500817,TF102357,0.4,tenure,renewed
STH507056,TF120863,0.1,low email engagement,renewed
STH505433,TF116172,0.1,tenure,renewed
STH503225,TF109388,0.2,tenure,renewed
STH507258,TF121442,0.3,low email engagement,renewed
STH502771,TF108047,0.2,low spend per game,renewed
STH506813,TF120201,0.1,no dominant single factor,renewed
STH504092,TF111986,0.1,no dominant single factor,renewed
STH505151,TF115283,94.7,"low game attendance, low total spend",not_renewed
STH508402,TF124685,0.1,"low email engagement, few emails received",renewed
STH503360,TF109786,0.1,tenure,renewed
STH503920,TF111472,0.1,"low email engagement, low spend per game",renewed
STH506148,TF118244,0.2,"low spend per game, tenure",renewed
STH507917,TF123284,0.2,no dominant single factor,renewed
STH507839,TF123041,0.1,"long gap since last game attended, low spend per game",renewed
STH503171,TF109233,28.5,"low game attendance, low total spend",not_renewed
STH504586,TF113506,4.6,tenure,renewed
STH501686,TF104932,0.7,tenure,renewed
STH505396,TF116054,0.3,"few emails received, tenure",renewed
STH503229,TF109392,0.1,low email engagement,renewed
STH506365,TF118920,0.1,low email engagement,renewed
STH507772,TF122852,4.5,"low email engagement, few emails received",renewed
STH504274,TF112536,2.5,few emails received,renewed
STH500992,TF102894,0.1,tenure,renewed
STH504717,TF113906,99.3,"low total spend, low game attendance",not_renewed
STH504017,TF111772,11.5,"low email engagement, tenure",renewed
STH508313,TF124423,0.2,low spend per game,renewed
STH502940,TF108517,0.0,few emails received,renewed
STH501973,TF105787,80.9,"low total spend, low game attendance",renewed
STH505481,TF116323,0.1,no dominant single factor,renewed
STH500706,TF102029,0.1,tenure,renewed
STH506963,TF120586,0.2,"few emails received, tenure",renewed
STH506414,TF119047,0.1,tenure,renewed
STH505908,TF117583,1.7,tenure,renewed
STH506001,TF117859,0.1,no dominant single factor,renewed
STH507872,TF123141,0.2,"low email engagement, few emails received",renewed
STH508294,TF124365,15.3,"long gap since last game attended, low game attendance",renewed
STH502459,TF107189,4.5,"low total spend, tenure",renewed
STH507576,TF122337,8.2,"low game attendance, few emails received",renewed
STH502413,TF107030,2.1,"tenure, low spend per game",renewed
STH503828,TF111192,0.4,tenure,renewed
STH507183,TF121238,0.3,low spend per game,renewed
STH500127,TF100344,0.2,low spend per game,renewed
STH505432,TF116171,13.3,"low game attendance, low total spend",renewed
STH500451,TF101289,0.1,no dominant single factor,renewed
STH502749,TF107981,0.2,"low spend per game, tenure",renewed
STH503566,TF110435,33.0,"low game attendance, low email engagement",not_renewed
STH503729,TF110890,0.3,tenure,renewed
STH500739,TF102145,0.0,no dominant single factor,renewed
STH500380,TF101064,0.1,no dominant single factor,renewed
STH506949,TF120546,0.1,no dominant single factor,renewed
STH503209,TF109342,0.2,"low spend per game, tenure",renewed
STH501422,TF104159,0.1,no dominant single factor,renewed
STH505001,TF114841,0.1,no dominant single factor,renewed
STH502004,TF105879,0.1,no dominant single factor,renewed
STH501771,TF105189,0.2,no dominant single factor,renewed
STH503675,TF110752,0.2,low spend per game,renewed
STH507490,TF122103,1.2,"long gap since last game attended, low email engagement",renewed
STH502805,TF108156,0.1,tenure,renewed
STH506409,TF119035,0.1,low spend per game,renewed
STH504736,TF113970,0.1,no dominant single factor,renewed
STH506237,TF118514,11.2,"long gap since last game attended, low total spend",renewed
STH503211,TF109349,0.5,low spend per game,renewed
STH501499,TF104382,0.2,low email engagement,renewed
STH508472,TF124913,0.2,no dominant single factor,renewed
STH501464,TF104267,0.5,"low spend per game, few emails received",renewed
STH501794,TF105246,0.3,low email engagement,renewed
STH500180,TF100491,97.0,"low total spend, low game attendance",not_renewed
STH503970,TF111626,95.7,"low total spend, low game attendance",not_renewed
STH502096,TF106135,46.0,"low game attendance, low total spend",not_renewed
STH500530,TF101498,0.1,tenure,renewed
STH507081,TF120938,0.2,few emails received,renewed
STH502390,TF106955,0.8,long gap since last game attended,renewed
STH502718,TF107891,0.1,tenure,renewed
STH501061,TF103105,0.1,no dominant single factor,renewed
STH505273,TF115673,0.1,tenure,renewed
STH507272,TF121487,0.1,tenure,renewed
STH506179,TF118322,0.4,"low email engagement, tenure",renewed
STH504073,TF111942,82.6,"low total spend, low game attendance",not_renewed
STH500640,TF101801,0.1,low spend per game,renewed
STH504655,TF113687,95.5,"low total spend, low game attendance",not_renewed
STH506006,TF117877,0.1,low email engagement,renewed
STH502052,TF106016,0.2,"tenure, few emails received",renewed
STH504511,TF113281,0.1,no dominant single factor,renewed
STH503457,TF110107,0.1,no dominant single factor,renewed
STH505356,TF115928,96.7,"low total spend, low game attendance",not_renewed
STH504541,TF113358,0.3,"few emails received, low email engagement",renewed
STH507756,TF122805,2.9,"low spend per game, tenure",renewed
STH506075,TF118086,0.1,no dominant single factor,renewed
STH505217,TF115489,0.1,no dominant single factor,renewed
STH506008,TF117890,0.1,no dominant single factor,renewed
STH505761,TF117154,1.0,tenure,renewed
STH502243,TF106529,0.1,tenure,renewed
STH508337,TF124496,93.1,"low total spend, low game attendance",not_renewed
STH506306,TF118727,0.2,low spend per game,renewed
STH505021,TF114914,0.1,tenure,renewed
STH505425,TF116152,7.2,"low game attendance, low total spend",renewed
STH501599,TF104679,2.0,"low game attendance, low email engagement",renewed
STH508320,TF124444,0.2,no dominant single factor,renewed
STH507634,TF122476,0.2,no dominant single factor,renewed
STH501290,TF103803,0.3,"tenure, low email engagement",renewed
STH500996,TF102913,0.1,low email engagement,renewed
STH501769,TF105186,0.1,no dominant single factor,renewed
STH508186,TF124070,0.2,low email engagement,renewed
STH500493,TF101418,0.1,no dominant single factor,renewed
STH507244,TF121401,0.1,no dominant single factor,renewed
STH501133,TF103304,1.2,"few emails received, low spend per game",renewed
STH507150,TF121140,0.4,low email engagement,renewed
STH507061,TF120873,0.3,no dominant single factor,renewed
STH505239,TF115572,52.6,"low game attendance, long gap since last game attended",not_renewed
STH507363,TF121753,0.2,low spend per game,renewed
STH506792,TF120131,0.5,few emails received,renewed
STH503146,TF109135,0.3,low spend per game,renewed
STH500437,TF101234,0.4,tenure,renewed
STH507681,TF122628,0.1,tenure,renewed
STH502481,TF107246,0.6,no dominant single factor,renewed
STH500614,TF101734,0.3,tenure,renewed
STH505382,TF116011,0.1,no dominant single factor,renewed
STH506330,TF118798,0.2,low email engagement,renewed
STH506039,TF117977,0.1,no dominant single factor,renewed
STH505830,TF117337,0.2,"tenure, few emails received",renewed
STH507324,TF121629,0.1,low spend per game,renewed
STH500592,TF101673,0.1,no dominant single factor,renewed
STH503173,TF109237,95.7,"low total spend, low game attendance",not_renewed
STH504675,TF113747,12.4,"low total spend, tenure",renewed
STH502773,TF108053,0.1,no dominant single factor,renewed
STH503243,TF109433,0.1,no dominant single factor,renewed
STH506964,TF120590,0.1,tenure,renewed
STH508109,TF123845,0.1,"tenure, low spend per game",renewed
STH503074,TF108942,0.1,no dominant single factor,renewed
STH502527,TF107360,7.8,"long gap since last game attended, low game attendance",renewed
STH500198,TF100523,0.1,tenure,renewed
STH502726,TF107908,1.1,few emails received,renewed
STH505623,TF116785,1.7,no dominant single factor,renewed
STH507443,TF121964,8.7,"low email engagement, low spend per game",renewed
STH508305,TF124407,1.9,low email engagement,renewed
STH505681,TF116965,0.1,no dominant single factor,renewed
STH502522,TF107342,0.1,"few emails received, low email engagement",renewed
STH506071,TF118080,0.7,"tenure, low email engagement",renewed
STH505993,TF117844,2.7,low game attendance,renewed
STH502341,TF106841,0.1,tenure,renewed
STH506394,TF118998,54.1,"low total spend, long gap since last game attended",not_renewed
STH501659,TF104856,2.3,low game attendance,renewed
STH508091,TF123807,0.5,"tenure, few emails received",renewed
STH500514,TF101465,1.0,"low spend per game, low email engagement",renewed
STH503850,TF111247,0.1,tenure,renewed
STH502003,TF105878,0.3,"low email engagement, tenure",renewed
STH507931,TF123320,0.2,low email engagement,renewed
STH506528,TF119387,0.2,"low email engagement, tenure",renewed
STH507229,TF121369,0.1,tenure,renewed
STH507339,TF121675,0.2,low email engagement,renewed
STH503246,TF109445,0.1,no dominant single factor,renewed
STH503621,TF110591,0.1,no dominant single factor,renewed
STH502703,TF107853,10.9,"low total spend, low email engagement",renewed
STH502230,TF106493,2.0,long gap since last game attended,renewed
STH501714,TF105015,0.1,tenure,renewed
STH500306,TF100847,0.1,low email engagement,renewed
STH500312,TF100863,0.2,low spend per game,renewed
STH508222,TF124155,0.1,no dominant single factor,renewed
STH507742,TF122776,0.1,no dominant single factor,renewed
STH506299,TF118698,0.1,no dominant single factor,renewed
STH504498,TF113247,0.1,low spend per game,renewed
STH501431,TF104183,0.2,low spend per game,renewed
STH503818,TF111161,0.4,low email engagement,renewed
STH501920,TF105640,0.1,no dominant single factor,renewed
STH506510,TF119344,0.9,no dominant single factor,renewed
STH507221,TF121347,3.3,"low spend per game, few emails received",renewed
STH503195,TF109291,0.1,no dominant single factor,renewed
STH504912,TF114539,0.0,no dominant single factor,renewed
STH500130,TF100358,0.2,"few emails received, low email engagement",renewed
STH504173,TF112225,0.1,no dominant single factor,renewed
STH500382,TF101072,0.2,no dominant single factor,renewed
STH508494,TF124979,0.1,tenure,renewed
STH507388,TF121821,0.1,no dominant single factor,renewed
STH508074,TF123763,11.5,low total spend,renewed
STH503826,TF111189,0.1,no dominant single factor,renewed
STH503483,TF110181,0.2,no dominant single factor,renewed
STH507446,TF121969,0.1,"low spend per game, low email engagement",renewed
STH506990,TF120663,2.1,"few emails received, low email engagement",renewed
STH501027,TF103016,0.3,"long gap since last game attended, low spend per game",renewed
STH502066,TF106049,0.1,low spend per game,renewed
STH505983,TF117817,95.8,"low total spend, low game attendance",not_renewed
STH504127,TF112083,0.9,few emails received,renewed
STH501681,TF104922,0.1,long gap since last game attended,renewed
STH503038,TF108831,0.7,"low spend per game, tenure",renewed
STH500015,TF100034,21.0,"low game attendance, low total spend",renewed
STH503318,TF109661,0.1,few emails received,renewed
STH504236,TF112412,92.6,"low total spend, low game attendance",not_renewed
STH501590,TF104650,0.1,tenure,renewed
STH507965,TF123411,0.1,tenure,renewed
STH500366,TF101021,0.0,no dominant single factor,renewed
STH504958,TF114695,0.7,"few emails received, low email engagement",renewed
STH500263,TF100724,0.0,no dominant single factor,renewed
STH504213,TF112336,0.3,low email engagement,renewed
STH506136,TF118199,0.5,low email engagement,renewed
STH505708,TF117025,10.7,"long gap since last game attended, few emails received",renewed
STH502278,TF106633,0.1,tenure,renewed
STH503848,TF111244,0.1,no dominant single factor,renewed
STH505843,TF117375,0.1,low spend per game,renewed
STH507375,TF121773,5.2,low email engagement,renewed
STH500191,TF100509,0.1,no dominant single factor,renewed
STH502299,TF106703,0.1,low spend per game,renewed
STH500439,TF101243,0.1,no dominant single factor,renewed
STH508105,TF123834,41.9,"low game attendance, low total spend",renewed
STH507804,TF122943,0.1,no dominant single factor,renewed
STH503825,TF111182,0.1,no dominant single factor,renewed
STH503105,TF109031,0.1,low spend per game,renewed
STH505865,TF117439,76.6,"low total spend, low game attendance",not_renewed
STH505840,TF117368,0.4,low email engagement,renewed
STH502604,TF107572,77.1,"low email engagement, low game attendance",not_renewed
STH505596,TF116675,0.1,no dominant single factor,renewed
STH507923,TF123305,0.5,low spend per game,renewed
STH507180,TF121232,0.4,no dominant single factor,renewed
STH507029,TF120786,0.1,long gap since last game attended,renewed
STH506928,TF120490,0.1,no dominant single factor,renewed
STH505702,TF117012,0.1,no dominant single factor,renewed
STH506235,TF118507,0.1,no dominant single factor,renewed
STH502510,TF107323,0.1,"low email engagement, tenure",renewed
STH507103,TF121006,0.1,few emails received,renewed
STH506025,TF117949,0.7,tenure,renewed
STH502503,TF107303,0.1,low spend per game,renewed
STH500077,TF100239,0.2,low email engagement,renewed
STH501942,TF105697,0.3,low email engagement,renewed
STH506187,TF118340,6.6,low email engagement,renewed
STH503442,TF110065,4.6,low email engagement,renewed
STH502111,TF106189,0.2,low spend per game,renewed
STH501587,TF104640,0.1,no dominant single factor,renewed
STH505285,TF115708,0.2,no dominant single factor,renewed
STH505655,TF116886,0.3,low email engagement,renewed
STH507356,TF121721,13.5,low game attendance,renewed
STH506770,TF120059,0.1,few emails received,renewed
STH501362,TF103986,0.0,no dominant single factor,renewed
STH500699,TF102004,0.4,few emails received,renewed
STH505414,TF116123,0.8,"low spend per game, low email engagement",renewed
STH501514,TF104416,0.6,"low email engagement, low spend per game",renewed
STH502056,TF106024,0.3,"low email engagement, tenure",renewed
STH506124,TF118179,0.4,"low spend per game, few emails received",renewed
STH501817,TF105316,0.1,few emails received,renewed
STH504899,TF114493,0.4,"tenure, low spend per game",renewed
STH502543,TF107393,0.3,"few emails received, low email engagement",renewed
STH506693,TF119840,0.1,no dominant single factor,renewed
STH503758,TF110976,0.1,long gap since last game attended,renewed
STH506811,TF120192,0.1,no dominant single factor,renewed
STH505465,TF116274,96.1,"low total spend, low game attendance",not_renewed
STH503000,TF108719,0.2,long gap since last game attended,renewed
STH506714,TF119908,0.2,no dominant single factor,renewed
STH502324,TF106787,0.1,no dominant single factor,renewed
STH501394,TF104079,0.1,no dominant single factor,renewed
STH502821,TF108205,0.1,tenure,renewed
STH506372,TF118943,0.8,"tenure, long gap since last game attended",renewed
STH502947,TF108538,0.1,no dominant single factor,renewed
STH503142,TF109126,2.5,tenure,renewed
STH502401,TF106988,0.5,tenure,renewed
STH506049,TF118000,0.1,no dominant single factor,renewed
STH507109,TF121021,0.2,tenure,renewed
STH507929,TF123315,0.1,long gap since last game attended,renewed
STH505949,TF117706,0.7,few emails received,renewed
STH505823,TF117314,0.1,no dominant single factor,renewed
STH503217,TF109360,0.3,low spend per game,renewed
STH506252,TF118568,0.1,no dominant single factor,renewed
STH505105,TF115141,0.2,low email engagement,renewed
STH503689,TF110782,0.1,no dominant single factor,renewed
STH503174,TF109238,2.4,no dominant single factor,renewed
STH506918,TF120466,0.2,tenure,renewed
STH504049,TF111879,0.3,few emails received,renewed
STH503901,TF111418,34.3,"low game attendance, low total spend",not_renewed
STH505092,TF115102,0.1,tenure,renewed
STH501187,TF103494,87.4,"low total spend, low game attendance",not_renewed
STH503574,TF110449,0.0,no dominant single factor,renewed
STH503533,TF110345,0.1,tenure,renewed
STH501841,TF105395,7.2,"low spend per game, few emails received",renewed
STH506875,TF120361,0.2,low spend per game,renewed
STH506927,TF120487,0.1,no dominant single factor,renewed
STH501559,TF104559,0.1,tenure,renewed
STH505076,TF115061,0.2,tenure,renewed
STH500389,TF101088,0.0,no dominant single factor,renewed
STH504059,TF111902,0.3,"low email engagement, tenure",renewed
STH506118,TF118166,0.8,low email engagement,renewed
STH504529,TF113324,0.1,long gap since last game attended,renewed
STH504101,TF112012,0.2,"tenure, low spend per game",renewed
STH507719,TF122717,0.2,low spend per game,renewed
STH503267,TF109506,4.7,low email engagement,renewed
STH501485,TF104339,0.5,"few emails received, tenure",renewed
STH505810,TF117288,0.1,"few emails received, low email engagement",renewed
STH500081,TF100248,29.4,"low total spend, long gap since last game attended",renewed
STH508418,TF124753,1.8,low spend per game,renewed
STH508194,TF124093,0.9,tenure,renewed
STH502196,TF106401,0.1,tenure,renewed
STH501702,TF104988,0.2,"few emails received, tenure",renewed
STH505037,TF114948,77.6,"low total spend, low game attendance",not_renewed
STH507314,TF121602,0.1,"few emails received, low email engagement",renewed
STH508485,TF124952,94.7,"low total spend, low game attendance",not_renewed
STH503210,TF109346,0.3,low spend per game,renewed
STH506311,TF118742,0.1,"tenure, low spend per game",renewed
STH501554,TF104538,0.1,tenure,renewed
STH502671,TF107760,0.7,no dominant single factor,renewed
STH504781,TF114124,0.1,tenure,renewed
STH505951,TF117709,0.1,no dominant single factor,renewed
STH501123,TF103281,0.1,tenure,renewed
STH504947,TF114658,26.6,"low total spend, low game attendance",renewed
STH502870,TF108339,0.1,no dominant single factor,renewed
STH505032,TF114942,0.1,tenure,renewed
STH507621,TF122448,0.1,tenure,renewed
STH504719,TF113911,0.1,low email engagement,renewed
STH507664,TF122576,0.4,no dominant single factor,renewed
STH508075,TF123764,0.3,"low spend per game, tenure",renewed
STH502809,TF108168,0.1,no dominant single factor,renewed
STH506873,TF120355,2.4,low spend per game,renewed
STH506901,TF120425,0.1,low email engagement,renewed
STH506991,TF120670,2.3,"low email engagement, few emails received",renewed
STH504549,TF113375,0.1,no dominant single factor,renewed
STH506212,TF118438,0.1,no dominant single factor,renewed
STH501488,TF104346,2.0,tenure,renewed
STH507192,TF121278,0.1,no dominant single factor,renewed
STH508022,TF123596,0.1,no dominant single factor,renewed
STH501859,TF105469,4.4,"few emails received, low game attendance",renewed
STH504342,TF112743,0.1,low email engagement,renewed
STH508408,TF124710,0.1,tenure,renewed
STH500221,TF100609,0.1,tenure,renewed
STH508014,TF123579,1.6,low game attendance,renewed
STH501002,TF102949,0.1,low email engagement,renewed
STH507091,TF120969,0.1,low email engagement,renewed
STH506607,TF119598,0.1,tenure,renewed
STH500786,TF102283,0.2,low spend per game,renewed
STH501445,TF104229,1.0,"tenure, low email engagement",renewed
STH508449,TF124841,1.6,few emails received,renewed
STH506936,TF120507,0.1,no dominant single factor,renewed
STH501896,TF105574,87.8,"low total spend, low game attendance",not_renewed
STH507089,TF120964,0.1,"low email engagement, few emails received",renewed
STH502213,TF106439,0.2,tenure,renewed
STH500329,TF100918,0.1,low spend per game,renewed
STH507748,TF122786,2.8,low spend per game,renewed
STH501980,TF105812,1.4,few emails received,renewed
STH505233,TF115551,27.2,"low game attendance, low total spend",renewed
STH503594,TF110504,1.3,low game attendance,renewed
STH503470,TF110151,0.1,tenure,renewed
STH507793,TF122916,3.6,low game attendance,renewed
STH503649,TF110671,0.1,low email engagement,renewed
STH504412,TF112980,0.6,"tenure, low spend per game",renewed
STH505350,TF115912,0.2,"low spend per game, tenure",renewed
STH505915,TF117614,7.9,"tenure, long gap since last game attended",renewed
STH501936,TF105681,0.2,low email engagement,renewed
STH505457,TF116254,4.4,low email engagement,renewed
STH501230,TF103622,0.1,few emails received,renewed
STH500707,TF102035,0.8,low email engagement,renewed
STH501078,TF103154,0.1,no dominant single factor,renewed
STH502134,TF106247,0.1,low spend per game,renewed
STH501216,TF103593,0.1,low spend per game,renewed
STH500617,TF101741,1.5,"low spend per game, low email engagement",renewed
STH506570,TF119502,1.3,no dominant single factor,renewed
STH501068,TF103123,83.9,"low total spend, low game attendance",not_renewed
STH506837,TF120259,0.1,no dominant single factor,renewed
STH503269,TF109510,0.1,no dominant single factor,renewed
STH503937,TF111513,0.3,no dominant single factor,renewed
STH504509,TF113279,0.1,no dominant single factor,renewed
STH507644,TF122509,0.6,no dominant single factor,renewed
STH500031,TF100083,78.0,"low game attendance, low total spend",not_renewed
STH502976,TF108625,0.1,few emails received,renewed
STH502774,TF108054,0.7,"few emails received, low spend per game",renewed
STH506239,TF118520,34.7,"low total spend, low game attendance",renewed
STH504375,TF112871,0.1,tenure,renewed
STH506370,TF118935,0.1,no dominant single factor,renewed
STH500738,TF102138,0.1,tenure,renewed
STH506989,TF120661,0.5,"low spend per game, low email engagement",renewed
STH501030,TF103025,0.1,low email engagement,renewed
STH503852,TF111251,0.2,"few emails received, low spend per game",renewed
STH504709,TF113863,1.8,"low spend per game, few emails received",renewed
STH501022,TF103002,92.6,"low total spend, low game attendance",not_renewed
STH501613,TF104737,0.1,tenure,renewed
STH501701,TF104986,0.1,few emails received,renewed
STH505597,TF116680,0.8,"low spend per game, low game attendance",renewed
STH506672,TF119797,21.5,"low game attendance, low total spend",renewed
STH502944,TF108529,0.1,"low spend per game, tenure",renewed
STH503921,TF111474,21.9,"low total spend, low game attendance",renewed
STH506038,TF117976,0.1,low spend per game,renewed
STH503279,TF109549,25.4,"long gap since last game attended, low total spend",renewed
STH507196,TF121287,0.1,tenure,renewed
STH504159,TF112184,12.4,"low email engagement, low game attendance",not_renewed
STH506947,TF120544,6.8,low game attendance,renewed
STH506326,TF118790,37.9,"low game attendance, low total spend",renewed
STH507437,TF121944,0.5,"low email engagement, low spend per game",renewed
STH505109,TF115156,17.3,"low total spend, low game attendance",renewed
STH505227,TF115520,0.1,no dominant single factor,renewed
STH505074,TF115053,0.5,no dominant single factor,renewed
STH502265,TF106584,0.0,tenure,renewed
STH508445,TF124826,0.1,no dominant single factor,renewed
STH503250,TF109451,0.1,no dominant single factor,renewed
STH503182,TF109264,0.0,no dominant single factor,renewed
STH500176,TF100480,5.6,low total spend,renewed
STH501750,TF105127,0.1,no dominant single factor,renewed
STH504382,TF112893,0.1,"low email engagement, few emails received",renewed
STH501576,TF104615,0.3,"low spend per game, tenure",renewed
STH505920,TF117629,0.1,few emails received,renewed
STH502297,TF106699,0.4,tenure,renewed
STH508070,TF123739,3.0,"few emails received, low spend per game",renewed
STH501712,TF105011,0.1,no dominant single factor,renewed
STH502028,TF105946,0.1,no dominant single factor,renewed
STH503045,TF108858,0.1,low spend per game,renewed
STH507099,TF120997,7.3,"low total spend, low email engagement",renewed
STH506058,TF118036,0.4,no dominant single factor,renewed
STH506396,TF119007,0.2,"low spend per game, few emails received",renewed
STH502327,TF106793,0.2,low spend per game,renewed
STH504948,TF114664,0.1,low spend per game,renewed
STH506460,TF119193,2.0,"long gap since last game attended, low email engagement",renewed
STH502757,TF108004,0.2,"tenure, low spend per game",renewed
STH507580,TF122346,0.1,few emails received,renewed
STH500208,TF100564,0.2,no dominant single factor,renewed
STH501179,TF103460,0.1,tenure,renewed
STH505591,TF116660,0.8,"low email engagement, low spend per game",renewed
STH505368,TF115957,2.9,no dominant single factor,renewed
STH504384,TF112895,0.2,no dominant single factor,renewed
STH501383,TF104048,0.1,few emails received,renewed
STH508050,TF123679,0.3,"low spend per game, few emails received",renewed
STH507867,TF123125,0.1,tenure,renewed
STH507119,TF121049,2.6,"low game attendance, low total spend",renewed
STH504765,TF114080,96.5,"low total spend, low game attendance",not_renewed
STH503620,TF110586,0.1,low email engagement,renewed
STH508267,TF124279,0.1,no dominant single factor,renewed
STH500840,TF102445,0.1,few emails received,renewed
STH504783,TF114128,0.1,no dominant single factor,renewed
STH507435,TF121940,0.1,few emails received,renewed
STH503417,TF109987,0.0,no dominant single factor,renewed
STH503654,TF110682,1.6,"tenure, low email engagement",renewed
STH504055,TF111897,3.2,"tenure, low spend per game",renewed
STH500521,TF101481,0.4,low spend per game,renewed
STH501127,TF103288,0.0,low spend per game,renewed
STH505249,TF115602,0.1,tenure,renewed
STH506781,TF120094,0.1,tenure,renewed
STH505417,TF116132,0.1,low spend per game,renewed
STH507365,TF121756,98.7,"low total spend, low game attendance",not_renewed
STH504713,TF113880,0.3,low spend per game,renewed
STH502221,TF106474,0.1,low spend per game,renewed
STH504932,TF114612,98.9,"low total spend, low game attendance",not_renewed
STH504721,TF113921,15.4,"low total spend, tenure",renewed
STH503977,TF111648,0.3,low spend per game,renewed
STH501008,TF102969,0.2,tenure,renewed
STH508323,TF124458,3.0,low email engagement,renewed
STH502547,TF107406,0.3,low spend per game,renewed
STH502338,TF106832,0.1,tenure,renewed
STH507242,TF121398,0.5,tenure,renewed
STH508429,TF124777,6.9,"low email engagement, few emails received",renewed
STH507496,TF122118,1.6,no dominant single factor,renewed
STH500008,TF100015,1.3,low email engagement,renewed
STH502534,TF107374,0.6,no dominant single factor,renewed
STH504446,TF113069,0.3,low email engagement,renewed
STH505814,TF117294,0.1,few emails received,renewed
STH501766,TF105175,2.6,low email engagement,renewed
STH505080,TF115075,0.2,"tenure, low spend per game",renewed
STH504168,TF112208,0.6,tenure,renewed
STH507418,TF121894,91.3,"low total spend, low game attendance",not_renewed
STH508444,TF124824,7.9,low game attendance,renewed
STH504109,TF112044,0.4,few emails received,renewed
STH500634,TF101791,0.1,tenure,renewed
STH507480,TF122082,0.1,no dominant single factor,renewed
STH507271,TF121483,0.1,no dominant single factor,renewed
STH506762,TF120046,0.1,low spend per game,renewed
STH507434,TF121938,47.6,"low total spend, low game attendance",renewed
STH502818,TF108200,2.2,low email engagement,renewed
STH508043,TF123669,0.1,few emails received,renewed
STH508474,TF124919,0.1,tenure,renewed
STH507694,TF122660,14.4,low game attendance,renewed
STH503291,TF109581,0.1,no dominant single factor,renewed
STH503001,TF108721,0.6,no dominant single factor,renewed
STH505927,TF117644,0.1,few emails received,renewed
STH507012,TF120728,0.1,"tenure, few emails received",renewed
STH503705,TF110835,0.1,no dominant single factor,renewed
STH501534,TF104497,0.4,"low email engagement, low spend per game",renewed
STH507423,TF121914,0.1,low spend per game,renewed
STH505632,TF116815,0.2,tenure,renewed
STH506385,TF118979,0.1,no dominant single factor,renewed
STH507142,TF121111,0.1,"tenure, low email engagement",renewed
STH500480,TF101386,0.1,tenure,renewed
STH507713,TF122705,1.8,long gap since last game attended,renewed
STH507243,TF121399,0.1,no dominant single factor,renewed
STH504432,TF113032,0.1,"low spend per game, low email engagement",renewed
STH500275,TF100750,98.6,"low total spend, low game attendance",not_renewed
STH503958,TF111591,0.1,low spend per game,renewed
STH500410,TF101136,14.6,"low total spend, low game attendance",not_renewed
STH500318,TF100884,0.2,tenure,renewed
STH508189,TF124075,0.1,no dominant single factor,renewed
STH504335,TF112716,0.2,"low spend per game, low email engagement",renewed
STH504246,TF112469,0.3,low spend per game,renewed
STH502105,TF106167,5.5,low game attendance,renewed
STH505565,TF116581,0.1,tenure,renewed
STH500753,TF102182,94.4,"low total spend, low game attendance",not_renewed
STH506635,TF119695,0.1,tenure,renewed
STH508372,TF124583,0.1,tenure,renewed
STH502250,TF106549,0.7,"few emails received, tenure",renewed
STH500664,TF101876,22.1,"low game attendance, low total spend",renewed
STH500656,TF101846,0.1,no dominant single factor,renewed
STH507267,TF121463,0.0,few emails received,renewed
STH504250,TF112479,0.1,no dominant single factor,renewed
STH502859,TF108314,0.5,"tenure, low spend per game",renewed
STH503015,TF108755,0.2,"few emails received, tenure",renewed
STH506573,TF119512,0.1,low spend per game,renewed
STH501477,TF104308,0.2,few emails received,renewed
STH508098,TF123821,54.1,"low total spend, low game attendance",not_renewed
STH500510,TF101456,0.1,tenure,renewed
STH500911,TF102654,0.2,tenure,renewed
STH500186,TF100498,0.2,few emails received,renewed
STH500760,TF102222,0.3,tenure,renewed
STH502373,TF106914,0.1,tenure,renewed
STH503505,TF110267,0.2,tenure,renewed
STH500374,TF101048,0.1,no dominant single factor,renewed
STH506351,TF118880,0.2,"tenure, low spend per game",renewed
STH507485,TF122095,1.7,no dominant single factor,renewed
STH500836,TF102437,0.1,low spend per game,renewed
STH506886,TF120393,0.1,"low spend per game, tenure",renewed
STH502202,TF106420,0.3,"low email engagement, low spend per game",renewed
STH501083,TF103175,0.1,low spend per game,renewed
STH503617,TF110575,44.1,"low total spend, low game attendance",renewed
STH504405,TF112958,4.7,low game attendance,renewed
STH504266,TF112513,0.1,no dominant single factor,renewed
STH507500,TF122125,0.1,no dominant single factor,renewed
STH504599,TF113542,0.2,"few emails received, tenure",renewed
STH502692,TF107827,89.4,"low total spend, low game attendance",not_renewed
STH502233,TF106509,61.3,"low game attendance, low total spend",not_renewed
STH505026,TF114926,0.4,"low spend per game, low email engagement",renewed
STH504076,TF111949,0.1,tenure,renewed
STH500561,TF101584,0.1,long gap since last game attended,renewed
STH500880,TF102574,14.1,low game attendance,renewed
STH505271,TF115666,0.2,tenure,renewed
STH503667,TF110733,1.6,few emails received,renewed
STH504991,TF114807,8.4,"low email engagement, low game attendance",renewed
STH503570,TF110444,0.1,tenure,renewed
STH506971,TF120621,32.3,"low game attendance, few emails received",not_renewed
STH501602,TF104693,0.2,"few emails received, tenure",renewed
STH505210,TF115472,98.8,"low total spend, low game attendance",not_renewed
STH505618,TF116764,90.5,"low total spend, low game attendance",not_renewed
STH503319,TF109666,0.5,"few emails received, low email engagement",renewed
STH502712,TF107878,2.5,no dominant single factor,renewed
STH507590,TF122359,0.1,few emails received,renewed
STH505229,TF115527,0.1,no dominant single factor,renewed
STH506220,TF118465,0.1,no dominant single factor,renewed
STH504010,TF111759,0.3,"tenure, low spend per game",renewed
STH503165,TF109206,0.1,tenure,renewed
STH504898,TF114492,0.4,"low email engagement, tenure",renewed
STH502745,TF107970,0.7,no dominant single factor,renewed
STH500362,TF101004,0.2,"low email engagement, tenure",renewed
STH508228,TF124175,31.0,"low total spend, low game attendance",not_renewed
STH503904,TF111421,0.4,"long gap since last game attended, tenure",renewed
STH506125,TF118180,0.1,low email engagement,renewed
STH504385,TF112899,0.2,tenure,renewed
STH507849,TF123069,0.2,low spend per game,renewed
STH505062,TF115019,3.2,"few emails received, low spend per game",renewed
STH501665,TF104879,9.2,"low spend per game, few emails received",not_renewed
STH500426,TF101191,0.1,tenure,renewed
STH507122,TF121054,1.2,low email engagement,renewed
STH507810,TF122960,0.2,no dominant single factor,renewed
STH507771,TF122848,26.0,"low email engagement, few emails received",renewed
STH504287,TF112572,0.2,low spend per game,renewed
STH505533,TF116467,83.7,"low game attendance, low total spend",not_renewed
STH505893,TF117523,0.0,no dominant single factor,renewed
STH507165,TF121182,0.2,no dominant single factor,renewed
STH502329,TF106802,0.2,"tenure, low spend per game",not_renewed
STH504957,TF114690,64.6,"low total spend, low game attendance",not_renewed
STH500843,TF102453,0.7,tenure,renewed
STH507112,TF121026,98.4,"low total spend, low game attendance",not_renewed
STH503134,TF109104,0.1,no dominant single factor,renewed
STH502791,TF108106,45.7,"low game attendance, low total spend",renewed
STH508167,TF124029,0.2,low spend per game,renewed
STH507703,TF122681,0.0,no dominant single factor,renewed
STH503095,TF109004,2.0,"tenure, long gap since last game attended",renewed
STH502952,TF108559,0.1,"low spend per game, few emails received",renewed
STH504257,TF112495,0.4,no dominant single factor,renewed
STH503201,TF109311,0.1,low spend per game,renewed
STH506298,TF118693,0.2,"low email engagement, tenure",renewed
STH505228,TF115526,0.5,"few emails received, low email engagement",renewed
STH503543,TF110369,0.3,tenure,renewed
STH500020,TF100048,0.1,tenure,renewed
STH507759,TF122809,74.0,"low total spend, low game attendance",not_renewed
STH500328,TF100914,0.3,"low spend per game, long gap since last game attended",renewed
STH500197,TF100521,0.1,tenure,renewed
STH501635,TF104788,4.1,"long gap since last game attended, tenure",renewed
STH503916,TF111449,0.2,no dominant single factor,renewed
STH506992,TF120673,0.5,"low game attendance, few emails received",renewed
STH508128,TF123890,0.2,no dominant single factor,renewed
STH505500,TF116380,97.6,"low total spend, low game attendance",not_renewed
STH507486,TF122096,0.1,tenure,renewed
STH508059,TF123707,0.1,no dominant single factor,renewed
STH504253,TF112485,0.1,low spend per game,renewed
STH505071,TF115039,0.1,low email engagement,renewed
STH502275,TF106620,0.1,no dominant single factor,renewed
STH506605,TF119593,0.1,tenure,renewed
STH508334,TF124488,0.4,"low email engagement, tenure",renewed
STH503720,TF110863,0.2,tenure,renewed
STH504524,TF113314,70.7,"low game attendance, low total spend",not_renewed
STH502200,TF106415,0.1,no dominant single factor,renewed
STH505042,TF114958,31.8,"low game attendance, low email engagement",not_renewed
STH502934,TF108500,3.1,"tenure, low spend per game",renewed
STH502788,TF108090,18.8,"low total spend, low game attendance",renewed
STH502423,TF107061,0.1,tenure,renewed
STH506380,TF118965,0.1,no dominant single factor,renewed
STH500546,TF101544,0.1,few emails received,renewed
STH501911,TF105611,11.3,"few emails received, tenure",renewed
STH504344,TF112750,52.5,"low game attendance, long gap since last game attended",not_renewed
STH502720,TF107893,0.5,few emails received,renewed
STH504540,TF113356,0.2,low spend per game,renewed
STH502974,TF108620,0.2,tenure,renewed
STH502716,TF107886,0.2,low spend per game,renewed
STH505832,TF117347,81.4,"low game attendance, low total spend",not_renewed
STH505111,TF115158,1.0,"low spend per game, few emails received",renewed
STH505159,TF115312,0.1,no dominant single factor,renewed
STH503285,TF109565,0.0,no dominant single factor,renewed
STH505165,TF115336,0.0,no dominant single factor,renewed
STH500307,TF100850,0.1,tenure,renewed
STH503762,TF110992,0.3,low email engagement,renewed
STH500280,TF100768,0.1,low spend per game,renewed
STH502581,TF107499,88.1,"low total spend, low game attendance",not_renewed
STH503801,TF111118,0.3,"few emails received, low spend per game",renewed
STH504222,TF112362,0.1,no dominant single factor,renewed
STH504580,TF113496,60.1,"low game attendance, long gap since last game attended",not_renewed
STH500990,TF102892,0.1,low email engagement,renewed
STH501615,TF104740,0.2,no dominant single factor,renewed
STH503703,TF110828,0.1,no dominant single factor,renewed
STH500563,TF101589,11.2,"low total spend, low game attendance",renewed
STH503308,TF109628,0.1,no dominant single factor,renewed
STH504140,TF112135,0.2,low spend per game,renewed
STH501028,TF103018,65.7,"low total spend, low game attendance",not_renewed
STH504767,TF114086,0.1,tenure,renewed
STH504295,TF112594,0.1,no dominant single factor,renewed
STH505989,TF117831,0.0,no dominant single factor,renewed
STH502109,TF106186,2.2,tenure,renewed
STH506933,TF120504,0.2,no dominant single factor,renewed
STH500334,TF100928,0.1,tenure,renewed
STH501118,TF103269,0.0,tenure,renewed
STH501853,TF105450,92.6,"low total spend, low game attendance",not_renewed
STH507833,TF123028,1.0,"low email engagement, tenure",renewed
STH501839,TF105386,0.3,"low email engagement, low spend per game",renewed
STH502739,TF107949,68.1,"low total spend, low game attendance",not_renewed
STH501469,TF104280,15.6,"tenure, low email engagement",not_renewed
STH504903,TF114502,0.2,"low email engagement, few emails received",renewed
STH503208,TF109340,4.0,few emails received,renewed
STH503966,TF111605,0.2,tenure,renewed
STH506120,TF118169,7.2,"few emails received, low spend per game",renewed
STH503610,TF110544,0.1,no dominant single factor,renewed
STH502411,TF107028,0.1,no dominant single factor,renewed
STH501184,TF103482,3.8,"low game attendance, low total spend",renewed
STH503233,TF109401,0.1,no dominant single factor,renewed
STH503179,TF109258,11.7,long gap since last game attended,renewed
STH505952,TF117720,1.2,"low spend per game, tenure",renewed
STH501018,TF102992,92.9,"low total spend, low game attendance",not_renewed
STH502913,TF108446,0.1,tenure,renewed
STH502626,TF107625,0.3,low spend per game,renewed
STH501651,TF104828,0.3,low spend per game,renewed
STH505049,TF114974,0.3,low email engagement,renewed
STH505020,TF114913,0.1,no dominant single factor,renewed
STH505950,TF117708,0.0,few emails received,renewed
STH500196,TF100519,0.2,few emails received,renewed
STH502420,TF107052,2.4,low email engagement,renewed
STH504268,TF112515,0.4,"low spend per game, few emails received",renewed
STH504868,TF114419,3.7,"low game attendance, low email engagement",renewed
STH506488,TF119279,0.1,low email engagement,renewed
STH503628,TF110600,97.1,"low total spend, low game attendance",not_renewed
STH500226,TF100624,0.3,"few emails received, long gap since last game attended",renewed
STH501014,TF102984,0.3,tenure,renewed
STH502539,TF107382,2.4,tenure,renewed
STH503301,TF109606,0.1,few emails received,renewed
STH506317,TF118752,0.1,no dominant single factor,renewed
STH506082,TF118099,0.2,"tenure, low spend per game",renewed
STH500404,TF101124,0.1,no dominant single factor,renewed
STH500259,TF100708,0.4,"few emails received, long gap since last game attended",renewed
STH500633,TF101789,0.1,no dominant single factor,renewed
STH504818,TF114229,0.2,low spend per game,renewed
STH508175,TF124048,0.1,"few emails received, low spend per game",renewed
STH500811,TF102342,38.6,"low game attendance, low total spend",renewed
STH505261,TF115644,1.0,tenure,renewed
STH504896,TF114488,0.1,no dominant single factor,renewed
STH500572,TF101616,5.0,"low spend per game, tenure",renewed
STH505845,TF117378,0.3,low spend per game,renewed
STH507002,TF120701,0.2,long gap since last game attended,renewed
STH507854,TF123082,1.0,"low spend per game, low email engagement",renewed
STH507851,TF123075,0.1,tenure,renewed
STH501528,TF104466,0.1,no dominant single factor,renewed
STH502685,TF107810,0.2,no dominant single factor,renewed
STH505676,TF116950,6.3,"low total spend, low email engagement",renewed
STH500916,TF102666,0.2,low spend per game,renewed
STH506047,TF117996,0.2,"few emails received, tenure",renewed
STH504792,TF114158,2.4,"low spend per game, few emails received",renewed
STH501890,TF105563,0.2,"tenure, low spend per game",renewed
STH507460,TF122001,0.1,few emails received,renewed
STH500112,TF100314,0.1,low spend per game,renewed
STH500170,TF100470,10.5,"long gap since last game attended, tenure",renewed
STH502089,TF106119,0.1,tenure,renewed
STH507259,TF121444,85.0,"low total spend, low game attendance",not_renewed
STH500776,TF102259,0.1,no dominant single factor,renewed
STH501282,TF103789,59.3,"low game attendance, low total spend",renewed
STH508359,TF124551,0.1,low email engagement,renewed
STH500875,TF102555,0.1,low spend per game,renewed
STH501286,TF103797,0.1,no dominant single factor,renewed
STH502368,TF106903,25.9,"low total spend, low game attendance",renewed
STH506369,TF118933,0.0,no dominant single factor,renewed
STH502634,TF107648,96.4,"low total spend, low game attendance",not_renewed
STH501453,TF104244,0.1,no dominant single factor,renewed
STH507291,TF121517,0.2,few emails received,renewed
STH503184,TF109267,9.3,"few emails received, low email engagement",renewed
STH507563,TF122306,88.3,"low total spend, low game attendance",not_renewed
STH507254,TF121432,0.1,tenure,renewed
STH502598,TF107563,0.2,low spend per game,renewed
STH501141,TF103339,0.1,no dominant single factor,renewed
STH507825,TF123001,80.7,"low game attendance, low total spend",not_renewed
STH508420,TF124755,0.1,no dominant single factor,renewed
STH506500,TF119321,0.1,low spend per game,renewed
STH500971,TF102856,0.0,tenure,renewed
STH507521,TF122190,0.5,"tenure, long gap since last game attended",renewed
STH502678,TF107780,0.2,"low spend per game, low email engagement",renewed
STH500010,TF100020,14.7,"long gap since last game attended, low game attendance",renewed
STH508040,TF123664,0.2,few emails received,renewed
STH503522,TF110317,0.1,low spend per game,renewed
STH505398,TF116063,4.6,"low total spend, low game attendance",renewed
STH502048,TF106009,0.2,"tenure, low spend per game",renewed
STH503593,TF110503,0.1,low spend per game,renewed
STH500076,TF100238,94.0,"low total spend, low game attendance",not_renewed
STH505369,TF115968,58.3,"low total spend, low game attendance",renewed
STH505033,TF114943,0.8,no dominant single factor,renewed
STH500424,TF101188,0.1,no dominant single factor,renewed
STH502316,TF106753,0.1,low spend per game,renewed
STH501863,TF105486,0.3,"low spend per game, low email engagement",renewed
STH500041,TF100117,0.1,few emails received,renewed
STH502989,TF108677,0.1,no dominant single factor,renewed
STH507618,TF122444,0.2,no dominant single factor,renewed
STH500411,TF101139,54.5,"low total spend, low game attendance",renewed
STH501614,TF104738,0.4,low email engagement,renewed
STH502415,TF107032,1.7,"low email engagement, low game attendance",renewed
STH507456,TF121993,1.0,low email engagement,renewed
STH500512,TF101462,0.6,"low spend per game, low email engagement",renewed
STH502561,TF107440,0.3,low email engagement,renewed
STH501804,TF105278,0.1,no dominant single factor,renewed
STH500428,TF101194,5.5,tenure,renewed
STH500674,TF101905,0.9,tenure,renewed
STH503387,TF109861,0.2,tenure,renewed
STH504618,TF113597,0.0,no dominant single factor,renewed
STH501830,TF105369,0.1,no dominant single factor,renewed
STH501309,TF103849,0.1,no dominant single factor,renewed
STH501746,TF105114,0.1,tenure,renewed
STH505016,TF114885,0.1,low spend per game,renewed
STH500304,TF100843,0.1,no dominant single factor,renewed
STH502963,TF108596,0.1,tenure,renewed
STH500338,TF100936,94.5,"low total spend, low game attendance",not_renewed
STH500394,TF101099,44.0,"low game attendance, low total spend",not_renewed
STH507799,TF122929,0.7,tenure,renewed
STH506388,TF118983,0.2,few emails received,renewed
STH505340,TF115893,0.2,low spend per game,renewed
STH505894,TF117526,4.5,low email engagement,renewed
STH507566,TF122312,0.1,low spend per game,renewed
STH507587,TF122354,5.7,"low total spend, low game attendance",renewed
STH502643,TF107679,0.2,low email engagement,renewed
STH506018,TF117930,0.1,no dominant single factor,renewed
STH502366,TF106901,0.1,no dominant single factor,renewed
STH501941,TF105694,0.1,no dominant single factor,renewed
STH500989,TF102891,0.1,tenure,renewed
STH501985,TF105836,0.1,no dominant single factor,renewed
STH502102,TF106161,14.4,"low game attendance, low total spend",renewed
STH501056,TF103093,0.2,"low spend per game, few emails received",renewed
STH502120,TF106213,99.0,"low total spend, low game attendance",not_renewed
STH504307,TF112625,0.2,tenure,renewed
STH505826,TF117322,0.1,"low email engagement, tenure",renewed
STH501725,TF105045,0.1,no dominant single factor,renewed
STH506799,TF120157,0.2,tenure,renewed
STH507754,TF122798,0.2,no dominant single factor,renewed
STH503928,TF111487,97.9,"low total spend, low game attendance",not_renewed
STH502801,TF108145,48.5,"low total spend, low game attendance",not_renewed
STH507206,TF121308,0.1,no dominant single factor,renewed
STH506382,TF118968,0.1,no dominant single factor,renewed
STH504916,TF114554,18.7,"low game attendance, low email engagement",renewed
STH505539,TF116484,7.9,"tenure, low email engagement",renewed
STH500838,TF102442,0.3,low email engagement,renewed
STH506223,TF118473,15.5,"low game attendance, low email engagement",renewed
STH505119,TF115190,0.3,"low spend per game, low email engagement",renewed
STH500625,TF101770,0.1,few emails received,renewed
STH503846,TF111239,0.5,"low spend per game, few emails received",renewed
STH501813,TF105306,0.2,"tenure, low email engagement",renewed
STH502164,TF106328,2.4,no dominant single factor,renewed
STH506821,TF120220,99.3,"low total spend, low game attendance",not_renewed
STH502887,TF108374,0.2,tenure,renewed
STH507657,TF122549,0.1,few emails received,renewed
STH503563,TF110424,0.2,tenure,renewed
STH504418,TF112990,0.1,no dominant single factor,renewed
STH507370,TF121763,0.1,no dominant single factor,renewed
STH500655,TF101841,1.5,low spend per game,renewed
STH504530,TF113325,0.6,tenure,renewed
STH507691,TF122651,0.1,tenure,renewed
STH505436,TF116182,0.2,"low spend per game, tenure",renewed
STH505333,TF115853,6.7,tenure,renewed
STH503106,TF109034,0.2,low email engagement,renewed
STH508069,TF123735,0.1,tenure,renewed
STH500819,TF102362,3.8,"low spend per game, tenure",not_renewed
STH507585,TF122351,0.3,tenure,renewed
STH506437,TF119111,0.2,low email engagement,renewed
STH505934,TF117672,0.1,no dominant single factor,renewed
STH501003,TF102952,84.5,"low total spend, low game attendance",not_renewed
STH503573,TF110447,0.1,low spend per game,renewed
STH501307,TF103843,99.0,"low total spend, low game attendance",not_renewed
STH502918,TF108471,0.7,"low spend per game, low email engagement",renewed
STH504377,TF112880,2.1,"low email engagement, low spend per game",renewed
STH507457,TF121998,0.2,no dominant single factor,renewed
STH504398,TF112928,2.6,"few emails received, low email engagement",renewed
STH500806,TF102323,0.1,tenure,renewed
STH506479,TF119247,0.1,low spend per game,renewed
STH506341,TF118855,2.2,"long gap since last game attended, low email engagement",renewed
STH507937,TF123331,0.2,low email engagement,renewed
STH503785,TF111070,0.1,tenure,renewed
STH503859,TF111272,1.0,few emails received,renewed
STH503840,TF111224,0.2,low spend per game,renewed
STH501009,TF102970,0.1,no dominant single factor,renewed
STH502267,TF106592,0.4,"low spend per game, low email engagement",renewed
STH503551,TF110393,0.1,tenure,renewed
STH503955,TF111583,0.1,tenure,renewed
STH507357,TF121727,1.8,long gap since last game attended,renewed
STH503042,TF108844,99.1,"low total spend, low game attendance",not_renewed
STH504857,TF114373,0.1,"long gap since last game attended, tenure",renewed
STH501623,TF104764,0.1,"few emails received, low email engagement",renewed
STH502670,TF107759,0.1,tenure,renewed
STH506356,TF118896,0.1,low email engagement,renewed
STH507766,TF122827,0.3,"low spend per game, low email engagement",renewed
STH501430,TF104180,0.1,no dominant single factor,renewed
STH502128,TF106233,0.2,low spend per game,renewed
STH506632,TF119684,0.2,low email engagement,renewed
STH507178,TF121229,0.1,low email engagement,renewed
STH502607,TF107579,0.2,"few emails received, tenure",renewed
STH504858,TF114374,0.2,tenure,renewed
STH508110,TF123847,85.9,"low total spend, low game attendance",not_renewed
STH500816,TF102356,0.1,no dominant single factor,renewed
STH502613,TF107600,0.1,tenure,renewed
STH504942,TF114647,0.3,tenure,renewed
STH504326,TF112684,0.4,"tenure, long gap since last game attended",renewed
STH507910,TF123258,0.1,"low spend per game, tenure",renewed
STH506740,TF119976,0.8,tenure,renewed
STH503913,TF111438,0.2,low email engagement,renewed
STH501526,TF104449,0.2,"low spend per game, few emails received",renewed
STH503487,TF110202,1.5,tenure,renewed
STH501965,TF105765,0.1,tenure,renewed
STH505578,TF116618,3.9,"low game attendance, low spend per game",renewed
STH501171,TF103442,0.5,tenure,renewed
STH506575,TF119519,0.2,few emails received,renewed
STH502612,TF107593,0.1,low spend per game,renewed
STH505954,TF117726,0.1,low spend per game,renewed
STH504597,TF113539,2.9,low email engagement,renewed
STH501650,TF104826,0.0,no dominant single factor,renewed
STH502724,TF107903,0.2,"low spend per game, low email engagement",renewed
STH507095,TF120984,1.2,tenure,renewed
STH506358,TF118898,0.3,low email engagement,renewed
STH500187,TF100499,0.1,no dominant single factor,renewed
STH505024,TF114922,0.3,tenure,renewed
STH501901,TF105592,0.2,tenure,renewed
STH503322,TF109672,0.4,"low spend per game, low email engagement",renewed
STH502018,TF105920,0.1,low spend per game,renewed
STH501845,TF105410,22.9,"low game attendance, low total spend",renewed
STH508427,TF124775,0.2,no dominant single factor,renewed
STH504273,TF112532,0.1,no dominant single factor,renewed
STH507774,TF122854,0.1,no dominant single factor,renewed
STH506068,TF118059,0.4,"tenure, low spend per game",renewed
STH506348,TF118873,5.2,"long gap since last game attended, low game attendance",renewed
STH503829,TF111196,0.3,low spend per game,renewed
STH507449,TF121976,87.1,"low game attendance, low total spend",not_renewed
STH508304,TF124405,0.3,"low email engagement, few emails received",renewed
STH503461,TF110132,0.1,"tenure, low spend per game",renewed
STH505829,TF117336,0.3,low spend per game,renewed
STH507873,TF123143,0.1,few emails received,renewed
STH505250,TF115603,84.3,"low game attendance, long gap since last game attended",not_renewed
STH501574,TF104611,0.2,"tenure, low email engagement",renewed
STH501795,TF105250,0.1,"low spend per game, low email engagement",renewed
STH506133,TF118191,0.1,no dominant single factor,renewed
STH501612,TF104735,0.1,low email engagement,renewed
STH505696,TF117003,0.1,low email engagement,renewed
STH506597,TF119574,0.1,no dominant single factor,renewed
STH504289,TF112575,0.0,no dominant single factor,renewed
STH508096,TF123816,10.0,few emails received,renewed
STH501721,TF105035,1.1,few emails received,renewed
STH506243,TF118536,0.1,low email engagement,renewed
STH503353,TF109766,0.1,no dominant single factor,renewed
STH508431,TF124780,21.2,"low total spend, long gap since last game attended",renewed
STH501240,TF103648,2.0,tenure,renewed
STH504699,TF113828,0.1,no dominant single factor,renewed
STH501873,TF105510,98.2,"low total spend, low game attendance",not_renewed
STH508266,TF124278,98.5,"low total spend, low game attendance",not_renewed
STH508081,TF123778,97.2,"low total spend, low game attendance",not_renewed
STH500962,TF102828,0.1,tenure,renewed
STH505171,TF115359,3.6,few emails received,renewed
STH502236,TF106519,0.1,low spend per game,renewed
STH502419,TF107049,85.2,"low total spend, low game attendance",not_renewed
STH506289,TF118676,0.0,no dominant single factor,renewed
STH507623,TF122451,0.1,no dominant single factor,renewed
STH504959,TF114700,0.5,"low spend per game, tenure",renewed
STH500652,TF101829,0.1,no dominant single factor,renewed
STH504788,TF114139,0.1,no dominant single factor,renewed
STH507421,TF121907,0.1,no dominant single factor,renewed
STH503255,TF109466,0.1,no dominant single factor,renewed
STH500395,TF101102,0.0,no dominant single factor,renewed
STH505801,TF117264,0.5,tenure,renewed
STH508029,TF123628,0.1,tenure,renewed
STH508339,TF124501,0.5,"low spend per game, few emails received",renewed
STH504185,TF112250,2.8,few emails received,renewed
STH506633,TF119685,0.1,no dominant single factor,renewed
STH501812,TF105304,0.1,low spend per game,renewed
STH503443,TF110066,0.2,low email engagement,renewed
STH505138,TF115246,2.3,no dominant single factor,renewed
STH505029,TF114934,10.6,"long gap since last game attended, low total spend",renewed
STH500848,TF102464,1.2,tenure,renewed
STH503841,TF111225,0.2,tenure,renewed
STH506515,TF119357,0.1,low spend per game,renewed
STH504963,TF114712,95.0,"low game attendance, low total spend",not_renewed
STH504454,TF113093,0.1,low email engagement,renewed
STH502847,TF108278,0.0,no dominant single factor,renewed
STH502993,TF108695,0.2,tenure,renewed
STH503554,TF110400,0.1,low email engagement,renewed
STH507257,TF121441,0.3,tenure,renewed
STH506094,TF118119,0.1,tenure,renewed
STH506649,TF119735,0.1,low email engagement,renewed
STH501800,TF105266,1.0,low email engagement,renewed
STH508425,TF124768,0.0,no dominant single factor,renewed
STH505057,TF115010,0.1,low spend per game,renewed
STH504456,TF113095,0.2,tenure,renewed
STH504800,TF114180,0.1,low spend per game,renewed
STH503304,TF109618,6.5,long gap since last game attended,renewed
STH502446,TF107147,0.1,low spend per game,renewed
STH500968,TF102848,0.4,"tenure, long gap since last game attended",renewed
STH505461,TF116262,0.1,no dominant single factor,renewed
STH502061,TF106039,0.2,tenure,renewed
STH505787,TF117220,0.1,"low spend per game, tenure",renewed
STH506717,TF119914,0.1,tenure,renewed
STH507860,TF123105,0.3,"low email engagement, low spend per game",renewed
STH505665,TF116914,0.1,"low spend per game, few emails received",renewed
STH508369,TF124577,0.1,low spend per game,renewed
STH508344,TF124510,0.1,low email engagement,renewed
STH506807,TF120179,0.1,"few emails received, tenure",renewed
STH500890,TF102597,68.2,"low game attendance, low total spend",not_renewed
STH505204,TF115458,13.6,"low email engagement, low game attendance",not_renewed
STH507326,TF121633,0.5,low email engagement,renewed
STH508119,TF123866,0.1,"low email engagement, tenure",renewed
STH502039,TF105987,0.2,low email engagement,renewed
STH507655,TF122541,0.1,no dominant single factor,renewed
STH503908,TF111427,0.1,no dominant single factor,renewed
STH503794,TF111097,98.2,"low total spend, low game attendance",not_renewed
STH503121,TF109061,0.1,no dominant single factor,renewed
STH504214,TF112348,67.9,"low game attendance, long gap since last game attended",renewed
STH503507,TF110276,0.2,low spend per game,renewed
STH503065,TF108919,0.2,low spend per game,renewed
STH508250,TF124238,0.3,tenure,renewed
STH500678,TF101912,31.8,"low total spend, tenure",renewed
STH507345,TF121692,0.2,low email engagement,renewed
STH502987,TF108666,0.2,tenure,renewed
STH501778,TF105212,13.1,"low total spend, low email engagement",renewed
STH507824,TF122999,0.1,no dominant single factor,renewed
STH507714,TF122706,1.7,no dominant single factor,renewed
STH501156,TF103401,0.1,tenure,renewed
STH507584,TF122350,0.3,long gap since last game attended,renewed
STH507408,TF121876,0.2,low spend per game,renewed
STH502168,TF106336,0.1,no dominant single factor,renewed
STH503750,TF110962,0.1,no dominant single factor,renewed
STH503656,TF110700,0.6,no dominant single factor,renewed
STH504724,TF113929,0.3,no dominant single factor,renewed
STH507260,TF121448,0.1,no dominant single factor,renewed
STH501484,TF104336,0.1,tenure,renewed
STH505513,TF116419,0.1,tenure,renewed
STH504299,TF112600,0.3,low spend per game,renewed
STH502376,TF106921,0.1,long gap since last game attended,renewed
STH502193,TF106398,0.1,low email engagement,renewed
STH500147,TF100403,0.1,"low spend per game, tenure",renewed
STH505462,TF116266,1.2,"few emails received, tenure",renewed
STH503844,TF111237,0.1,low spend per game,renewed
STH500529,TF101496,0.2,no dominant single factor,renewed
STH503005,TF108726,0.1,low spend per game,renewed
STH507278,TF121497,0.1,no dominant single factor,renewed
STH502938,TF108508,18.7,"low game attendance, low total spend",renewed
STH507571,TF122328,0.2,few emails received,renewed
STH503868,TF111302,98.9,"low total spend, low game attendance",not_renewed
STH507461,TF122003,0.2,"low email engagement, long gap since last game attended",renewed
STH508161,TF124019,8.9,low total spend,renewed
STH503392,TF109894,0.1,tenure,renewed
STH503713,TF110852,0.1,no dominant single factor,renewed
STH503144,TF109132,0.2,long gap since last game attended,renewed
STH505422,TF116144,48.6,"low total spend, low game attendance",not_renewed
STH502693,TF107829,0.3,low spend per game,renewed
STH501470,TF104283,0.4,no dominant single factor,renewed
STH505758,TF117144,0.1,no dominant single factor,renewed
STH502509,TF107321,0.1,no dominant single factor,renewed
STH503275,TF109523,0.3,low email engagement,renewed
STH507893,TF123222,2.9,low game attendance,renewed
STH501775,TF105201,0.2,"low spend per game, low email engagement",renewed
STH504854,TF114361,0.1,no dominant single factor,renewed
STH500148,TF100409,2.4,"low email engagement, low spend per game",renewed
STH506580,TF119535,0.7,"few emails received, low spend per game",renewed
STH507483,TF122089,54.7,"low total spend, low game attendance",renewed
STH505693,TF116991,0.2,"low email engagement, low spend per game",renewed
STH500378,TF101061,2.8,low spend per game,renewed
STH502242,TF106528,1.7,"low spend per game, few emails received",renewed
STH500682,TF101936,18.0,"long gap since last game attended, low email engagement",renewed
STH506415,TF119048,0.1,no dominant single factor,renewed
STH506908,TF120443,0.1,tenure,renewed
STH506958,TF120574,11.0,"low total spend, low game attendance",not_renewed
STH504259,TF112502,43.8,"low game attendance, low total spend",not_renewed
STH504919,TF114566,0.1,tenure,renewed
STH507125,TF121059,0.1,no dominant single factor,renewed
STH508258,TF124264,2.0,tenure,renewed
STH500286,TF100781,0.0,no dominant single factor,renewed
STH505966,TF117769,0.2,tenure,renewed
STH503626,TF110598,1.0,low spend per game,renewed
STH504487,TF113197,89.7,"low total spend, low game attendance",not_renewed
STH504365,TF112816,0.2,low spend per game,renewed
STH505839,TF117366,7.8,"long gap since last game attended, low email engagement",renewed
STH503369,TF109814,0.1,no dominant single factor,renewed
STH503477,TF110172,0.5,tenure,renewed
STH502210,TF106433,0.1,tenure,renewed
STH500483,TF101396,0.1,low email engagement,renewed
STH503368,TF109810,0.2,tenure,renewed
STH502167,TF106334,6.2,low total spend,renewed
STH507394,TF121837,20.1,"low total spend, long gap since last game attended",not_renewed
STH501273,TF103765,0.1,no dominant single factor,renewed
STH508163,TF124021,0.2,no dominant single factor,renewed
STH503320,TF109667,0.1,no dominant single factor,renewed
STH504007,TF111755,0.5,low email engagement,renewed
STH502248,TF106542,39.1,"low total spend, long gap since last game attended",not_renewed
STH507785,TF122885,0.2,tenure,renewed
STH505732,TF117087,0.2,low spend per game,renewed
STH500016,TF100038,2.5,no dominant single factor,renewed
STH501320,TF103876,0.1,tenure,renewed
STH503167,TF109225,0.3,tenure,renewed
STH501735,TF105079,0.1,low spend per game,renewed
STH502026,TF105942,0.2,few emails received,renewed
STH508356,TF124544,0.1,low email engagement,renewed
STH500429,TF101204,94.7,"low total spend, low game attendance",not_renewed
STH508145,TF123956,0.1,"low spend per game, low email engagement",renewed
STH504129,TF112088,0.1,low email engagement,renewed
STH505148,TF115267,0.1,no dominant single factor,renewed
STH501454,TF104246,0.1,tenure,renewed
STH502950,TF108552,0.3,low email engagement,renewed
STH503004,TF108725,0.2,tenure,renewed
STH503609,TF110542,11.8,low email engagement,renewed
STH501378,TF104039,0.2,"low email engagement, low spend per game",renewed
STH502516,TF107335,0.1,"tenure, few emails received",renewed
STH505337,TF115877,0.2,"low email engagement, tenure",renewed
STH505649,TF116858,0.2,"long gap since last game attended, low spend per game",renewed
STH504525,TF113315,0.4,low email engagement,renewed
STH502988,TF108669,0.1,few emails received,renewed
STH507859,TF123103,0.1,"tenure, few emails received",renewed
STH505530,TF116461,95.8,"low total spend, low game attendance",not_renewed
STH504447,TF113070,0.1,no dominant single factor,renewed
STH501382,TF104047,17.1,"low game attendance, tenure",not_renewed
STH507665,TF122582,4.7,"low spend per game, low email engagement",renewed
STH507745,TF122781,12.2,"low total spend, low game attendance",renewed
STH504036,TF111839,0.1,low spend per game,renewed
STH506444,TF119132,0.1,"low spend per game, few emails received",renewed
STH507927,TF123311,0.1,tenure,renewed
STH501042,TF103056,0.8,tenure,renewed
STH500017,TF100040,0.2,no dominant single factor,renewed
STH504167,TF112207,11.0,low game attendance,renewed
STH502303,TF106718,92.6,"low total spend, low game attendance",not_renewed
STH504154,TF112172,0.3,low spend per game,renewed
STH502652,TF107707,1.1,no dominant single factor,renewed
STH506285,TF118671,12.0,"low game attendance, long gap since last game attended",renewed
STH506982,TF120640,0.1,few emails received,renewed
STH504391,TF112908,0.5,no dominant single factor,renewed
STH507952,TF123376,0.1,no dominant single factor,renewed
STH504436,TF113036,0.1,no dominant single factor,renewed
STH507396,TF121839,0.4,no dominant single factor,renewed
STH507101,TF121002,0.1,"few emails received, low spend per game",renewed
STH506131,TF118189,1.0,"tenure, low spend per game",renewed
STH506723,TF119929,0.1,no dominant single factor,renewed
STH503241,TF109426,0.4,"tenure, low spend per game",renewed
STH503118,TF109057,0.1,"low spend per game, tenure",renewed
STH502037,TF105975,0.2,tenure,renewed
STH502563,TF107449,2.8,long gap since last game attended,renewed
STH500143,TF100389,99.0,"low total spend, low game attendance",not_renewed
STH504387,TF112902,0.2,"low spend per game, tenure",renewed
STH501509,TF104404,0.1,low spend per game,renewed
STH503464,TF110136,0.4,low email engagement,renewed
STH506476,TF119240,0.1,low email engagement,renewed
STH500654,TF101839,0.1,tenure,renewed
STH503893,TF111393,0.3,tenure,renewed
STH501459,TF104253,0.0,no dominant single factor,renewed
STH508433,TF124783,0.1,no dominant single factor,renewed
STH507738,TF122767,0.1,no dominant single factor,renewed
STH503972,TF111632,0.1,no dominant single factor,renewed
STH505527,TF116452,0.1,tenure,renewed
STH501208,TF103565,97.7,"low total spend, low game attendance",not_renewed
STH506658,TF119761,0.1,no dominant single factor,renewed
STH507163,TF121173,1.4,no dominant single factor,renewed
STH506929,TF120495,98.8,"low total spend, low game attendance",not_renewed
STH500463,TF101324,3.6,low email engagement,renewed
STH502983,TF108658,0.4,tenure,renewed
STH500029,TF100074,0.1,"low spend per game, tenure",renewed
STH500205,TF100550,0.1,tenure,renewed
STH505776,TF117192,0.7,"tenure, long gap since last game attended",renewed
STH505978,TF117798,0.1,no dominant single factor,renewed
STH507601,TF122381,0.1,low spend per game,renewed
STH501392,TF104071,0.3,low email engagement,renewed
STH504306,TF112622,0.5,low spend per game,renewed
STH502841,TF108261,0.3,"few emails received, low email engagement",renewed
STH505863,TF117432,0.1,tenure,renewed
STH507323,TF121628,4.2,"low game attendance, low total spend",renewed
STH502747,TF107976,0.1,no dominant single factor,renewed
STH505985,TF117819,0.1,no dominant single factor,renewed
STH504803,TF114183,0.1,no dominant single factor,renewed
STH506191,TF118355,98.4,"low total spend, low game attendance",not_renewed
STH502110,TF106188,0.1,no dominant single factor,renewed
STH504534,TF113332,0.5,tenure,renewed
STH500268,TF100733,0.0,low email engagement,renewed
STH502793,TF108116,0.1,no dominant single factor,renewed
STH505324,TF115821,0.4,"low email engagement, tenure",renewed
STH508482,TF124946,0.3,"low email engagement, tenure",renewed
STH500593,TF101675,47.3,"low total spend, low game attendance",renewed
STH505697,TF117004,89.3,"low total spend, low game attendance",not_renewed
STH503976,TF111645,0.1,no dominant single factor,renewed
STH500924,TF102690,92.7,"low total spend, low game attendance",not_renewed
STH502923,TF108476,0.1,no dominant single factor,renewed
STH501112,TF103252,0.1,low spend per game,renewed
STH501758,TF105154,0.3,"low spend per game, low email engagement",renewed
STH501262,TF103732,0.0,no dominant single factor,renewed
STH500725,TF102110,0.2,low email engagement,renewed
STH505325,TF115822,9.6,low spend per game,renewed
STH503466,TF110138,1.7,"tenure, low spend per game",renewed
STH507350,TF121704,0.1,no dominant single factor,renewed
STH504960,TF114701,4.3,"low spend per game, low email engagement",renewed
STH502219,TF106470,96.7,"low total spend, low game attendance",not_renewed
STH500997,TF102915,0.1,no dominant single factor,renewed
STH507690,TF122650,0.1,few emails received,renewed
STH503221,TF109372,0.3,no dominant single factor,renewed
STH500331,TF100924,0.7,low spend per game,renewed
STH507506,TF122147,0.2,low email engagement,renewed
STH506492,TF119296,0.4,no dominant single factor,renewed
STH506109,TF118149,0.0,tenure,renewed
STH503883,TF111350,0.1,no dominant single factor,renewed
STH505955,TF117727,0.1,few emails received,renewed
STH502675,TF107777,48.4,"low total spend, low game attendance",not_renewed
STH505813,TF117293,0.1,no dominant single factor,renewed
STH505877,TF117476,0.1,no dominant single factor,renewed
STH504683,TF113769,0.1,no dominant single factor,renewed
STH505235,TF115557,0.1,tenure,renewed
STH501047,TF103066,0.1,low email engagement,renewed
STH501548,TF104528,42.8,"low game attendance, low total spend",not_renewed
STH506373,TF118945,0.1,low spend per game,renewed
STH508375,TF124601,0.1,no dominant single factor,renewed
STH502385,TF106941,0.1,no dominant single factor,renewed
STH500319,TF100889,0.1,low email engagement,renewed
STH501379,TF104040,0.3,low spend per game,renewed
STH508377,TF124605,3.4,low email engagement,renewed
STH502335,TF106820,0.6,tenure,renewed
STH503451,TF110091,0.4,low spend per game,renewed
STH507960,TF123400,0.1,low spend per game,renewed
STH508143,TF123951,0.2,"low spend per game, tenure",renewed
STH502937,TF108504,0.2,tenure,renewed
STH502261,TF106572,0.4,no dominant single factor,renewed
STH504859,TF114384,0.2,low email engagement,renewed
STH506671,TF119796,0.2,low email engagement,renewed
STH507677,TF122623,0.1,tenure,renewed
STH501212,TF103581,0.3,"low email engagement, few emails received",renewed
STH501611,TF104733,0.2,no dominant single factor,renewed
STH501704,TF104995,0.2,low spend per game,renewed
STH502169,TF106337,0.1,few emails received,renewed
STH507068,TF120898,1.0,"low email engagement, low spend per game",renewed
STH501007,TF102965,4.2,"low game attendance, low email engagement",renewed
STH508357,TF124546,0.1,low spend per game,renewed
STH507526,TF122203,0.1,no dominant single factor,renewed
STH503528,TF110333,0.2,few emails received,renewed
STH502941,TF108521,0.6,tenure,not_renewed
STH504883,TF114457,1.3,low spend per game,renewed
STH502142,TF106273,0.1,low spend per game,renewed
STH503288,TF109571,0.1,no dominant single factor,renewed
STH504455,TF113094,0.1,"few emails received, tenure",renewed
STH500815,TF102351,0.1,low email engagement,renewed
STH507488,TF122099,0.2,few emails received,renewed
STH505667,TF116917,85.6,"low total spend, low game attendance",not_renewed
STH505198,TF115443,0.2,tenure,renewed
STH503406,TF109943,0.2,low email engagement,renewed
STH500417,TF101165,0.1,no dominant single factor,renewed
STH500237,TF100647,0.3,low spend per game,renewed
STH506338,TF118850,0.2,"tenure, low spend per game",renewed
STH505068,TF115033,0.1,low email engagement,renewed
STH502228,TF106491,0.4,"few emails received, low spend per game",renewed
STH504617,TF113596,0.3,no dominant single factor,renewed
STH502380,TF106925,0.1,"tenure, low spend per game",renewed
STH506283,TF118665,0.1,few emails received,renewed
STH506526,TF119384,4.8,"low spend per game, low game attendance",renewed
STH505181,TF115393,2.1,"tenure, few emails received",renewed
STH503915,TF111442,0.3,low spend per game,renewed
STH500557,TF101570,28.1,"low game attendance, low total spend",renewed
STH505408,TF116103,0.1,no dominant single factor,renewed
STH500879,TF102571,0.0,tenure,renewed
STH500668,TF101888,0.0,no dominant single factor,renewed
STH502616,TF107609,0.2,low spend per game,renewed
STH500367,TF101022,0.1,tenure,renewed
STH504902,TF114501,0.1,few emails received,renewed
STH505023,TF114918,0.1,tenure,renewed
STH506320,TF118762,0.1,no dominant single factor,renewed
STH503670,TF110740,0.5,"tenure, low spend per game",renewed
STH503420,TF109997,9.8,"low total spend, low game attendance",renewed
STH507961,TF123403,0.1,low spend per game,renewed
STH500870,TF102541,0.2,few emails received,renewed
STH504309,TF112628,0.1,tenure,renewed
STH508255,TF124253,97.7,"low total spend, low game attendance",not_renewed
STH506189,TF118348,0.1,low spend per game,renewed
STH504864,TF114403,0.4,"few emails received, tenure",renewed
STH500083,TF100251,0.1,no dominant single factor,renewed
STH501331,TF103905,0.3,no dominant single factor,renewed
STH506128,TF118183,0.2,tenure,renewed
STH504291,TF112577,5.6,few emails received,renewed
STH508207,TF124125,0.2,"low email engagement, few emails received",renewed
STH505067,TF115030,0.1,low spend per game,renewed
STH507007,TF120718,11.4,"low spend per game, low email engagement",not_renewed
STH502990,TF108682,15.4,"low total spend, low game attendance",not_renewed
STH506620,TF119645,3.2,"low game attendance, low total spend",renewed
STH507054,TF120856,0.1,long gap since last game attended,renewed
STH501055,TF103089,0.2,"tenure, long gap since last game attended",renewed
STH501300,TF103833,6.0,tenure,renewed
STH503425,TF110012,0.8,low spend per game,renewed
STH502530,TF107365,0.1,no dominant single factor,renewed
STH500905,TF102645,74.7,"low total spend, low game attendance",not_renewed
STH505252,TF115617,0.1,no dominant single factor,renewed
STH506926,TF120485,0.1,tenure,renewed
STH505897,TF117539,0.1,no dominant single factor,renewed
STH500635,TF101792,2.7,tenure,renewed
STH506576,TF119520,45.9,"low total spend, low game attendance",renewed
STH504964,TF114721,0.1,no dominant single factor,renewed
STH508259,TF124265,0.1,no dominant single factor,renewed
STH508268,TF124282,0.1,tenure,renewed
STH507306,TF121573,0.1,tenure,renewed
STH506445,TF119136,0.8,"few emails received, tenure",renewed
STH503582,TF110475,0.1,tenure,renewed
STH501672,TF104903,0.3,"few emails received, low spend per game",renewed
STH500552,TF101555,1.4,"few emails received, low spend per game",renewed
STH501441,TF104215,35.6,"low total spend, low game attendance",renewed
STH502660,TF107729,0.2,low email engagement,renewed
STH502123,TF106218,0.1,"tenure, low spend per game",renewed
STH506612,TF119614,1.7,no dominant single factor,renewed
STH505466,TF116275,0.1,no dominant single factor,renewed
STH501161,TF103418,0.1,tenure,renewed
STH504880,TF114446,0.1,tenure,renewed
STH502806,TF108159,0.2,low email engagement,renewed
STH507630,TF122471,76.2,"low game attendance, low total spend",not_renewed
STH504670,TF113737,0.1,long gap since last game attended,renewed
STH508391,TF124653,0.1,no dominant single factor,renewed
STH506614,TF119624,0.1,tenure,renewed
STH503080,TF108957,0.6,tenure,renewed
STH502714,TF107880,0.1,no dominant single factor,renewed
STH502281,TF106647,97.0,"low total spend, low game attendance",not_renewed
STH503854,TF111260,3.0,tenure,renewed
STH502367,TF106902,0.3,"tenure, low email engagement",renewed
STH501193,TF103519,0.1,low spend per game,renewed
STH501827,TF105356,0.1,no dominant single factor,renewed
STH504064,TF111912,0.1,low spend per game,renewed
STH506891,TF120410,0.1,low spend per game,renewed
STH503730,TF110894,0.3,low email engagement,renewed
STH504725,TF113931,0.1,"tenure, few emails received",renewed
STH504849,TF114333,0.2,low email engagement,renewed
STH504914,TF114549,0.5,no dominant single factor,renewed
STH503706,TF110837,0.2,"tenure, low spend per game",renewed
STH507874,TF123147,0.1,low email engagement,renewed
STH502754,TF107991,0.1,few emails received,renewed
STH500812,TF102343,85.5,"low total spend, low game attendance",not_renewed
STH503990,TF111698,0.3,"low email engagement, tenure",renewed
STH507939,TF123336,0.5,low spend per game,renewed
STH504738,TF113975,0.4,no dominant single factor,renewed
STH502008,TF105886,0.1,"low spend per game, tenure",renewed
STH501044,TF103061,0.1,few emails received,renewed
STH505582,TF116632,0.3,"long gap since last game attended, low spend per game",renewed
STH501198,TF103535,0.1,"tenure, long gap since last game attended",renewed
STH504175,TF112230,0.1,no dominant single factor,renewed
STH503071,TF108932,0.3,low spend per game,renewed
STH506952,TF120557,0.2,tenure,renewed
STH500373,TF101045,61.4,"low total spend, low game attendance",renewed
STH501138,TF103333,1.4,low spend per game,renewed
STH504138,TF112118,0.2,"low email engagement, long gap since last game attended",renewed
STH506645,TF119723,0.2,few emails received,renewed
STH508002,TF123526,2.0,no dominant single factor,renewed
STH505011,TF114875,0.4,few emails received,renewed
STH504300,TF112604,13.0,"long gap since last game attended, low email engagement",renewed
STH507616,TF122439,99.1,"low total spend, low game attendance",not_renewed
STH503484,TF110183,92.3,"low total spend, low game attendance",not_renewed
STH506153,TF118252,0.1,low spend per game,renewed
STH504239,TF112440,0.1,"low email engagement, tenure",renewed
STH502970,TF108613,0.1,no dominant single factor,renewed
STH506965,TF120592,95.7,"low total spend, low game attendance",not_renewed
STH501546,TF104523,0.2,"low spend per game, few emails received",renewed
STH501136,TF103317,0.1,no dominant single factor,renewed
STH503309,TF109637,0.2,few emails received,renewed
STH503710,TF110845,0.8,low email engagement,renewed
STH501798,TF105263,98.4,"low total spend, low game attendance",not_renewed
STH500930,TF102716,53.2,"low game attendance, low total spend",not_renewed
STH502224,TF106480,0.7,low email engagement,renewed
STH503561,TF110421,0.1,few emails received,renewed
STH505581,TF116627,0.2,low spend per game,renewed
STH503258,TF109479,0.1,no dominant single factor,renewed
STH501450,TF104239,0.1,low email engagement,renewed
STH507383,TF121804,8.4,low game attendance,renewed
STH505928,TF117647,0.2,few emails received,renewed
STH500714,TF102073,1.1,"low spend per game, low email engagement",renewed
STH507938,TF123333,0.2,few emails received,renewed
STH503196,TF109294,0.1,no dominant single factor,renewed
STH502456,TF107182,0.2,no dominant single factor,renewed
STH505292,TF115721,0.1,tenure,renewed
STH500974,TF102860,2.9,"low email engagement, few emails received",renewed
STH504298,TF112599,2.5,few emails received,renewed
STH503747,TF110955,0.1,no dominant single factor,renewed
STH503033,TF108807,2.7,no dominant single factor,renewed
STH506423,TF119067,32.4,"low email engagement, long gap since last game attended",renewed
STH508282,TF124321,77.1,"low total spend, low game attendance",not_renewed
STH503153,TF109165,0.2,"few emails received, low spend per game",renewed
STH507553,TF122280,6.9,low total spend,renewed
STH500631,TF101786,6.7,low game attendance,renewed
STH503107,TF109035,1.7,"tenure, low email engagement",renewed
STH507341,TF121680,0.1,no dominant single factor,renewed
STH500575,TF101627,0.3,few emails received,renewed
STH501016,TF102989,0.0,no dominant single factor,renewed
STH501678,TF104919,0.0,no dominant single factor,renewed
STH507861,TF123108,0.1,no dominant single factor,renewed
STH502885,TF108369,98.3,"low total spend, low game attendance",not_renewed
STH504682,TF113765,0.4,low spend per game,renewed
STH504013,TF111763,0.2,tenure,renewed
STH504408,TF112963,0.1,"tenure, low spend per game",renewed
STH500528,TF101492,0.2,low email engagement,renewed
STH502352,TF106871,0.1,low email engagement,renewed
STH501244,TF103673,1.4,tenure,renewed
STH506433,TF119101,0.3,no dominant single factor,renewed
STH501793,TF105242,83.5,"low total spend, low game attendance",not_renewed
STH508331,TF124482,0.3,low spend per game,renewed
STH503761,TF110984,0.7,"long gap since last game attended, low spend per game",renewed
STH505896,TF117538,0.1,no dominant single factor,renewed
STH508156,TF124002,98.4,"low total spend, low game attendance",not_renewed
STH502339,TF106835,6.6,few emails received,renewed
STH501516,TF104420,53.0,"low game attendance, low total spend",renewed
STH500181,TF100492,67.4,"low total spend, low game attendance",not_renewed
STH500456,TF101299,0.2,"few emails received, low email engagement",renewed
STH503219,TF109367,0.1,no dominant single factor,renewed
STH500053,TF100171,0.1,tenure,renewed
STH503030,TF108799,0.1,tenure,renewed
STH506146,TF118239,0.1,low spend per game,renewed
STH505831,TF117343,86.8,"low total spend, low game attendance",not_renewed
STH508470,TF124910,0.1,no dominant single factor,renewed
STH503087,TF108982,0.3,low spend per game,renewed
STH501427,TF104169,0.3,"low email engagement, tenure",renewed
STH504426,TF113013,0.1,tenure,renewed
STH504128,TF112085,8.1,low total spend,renewed
STH505498,TF116377,0.1,"tenure, low email engagement",renewed
STH505279,TF115696,0.2,low spend per game,renewed
STH505055,TF114995,0.8,"low email engagement, tenure",renewed
STH503678,TF110756,0.1,tenure,renewed
STH504982,TF114777,0.2,no dominant single factor,renewed
STH500194,TF100516,0.1,tenure,renewed
STH500175,TF100479,0.6,"low spend per game, low email engagement",renewed
STH500358,TF100991,0.1,no dominant single factor,renewed
STH506022,TF117939,0.1,tenure,renewed
STH505775,TF117190,0.1,tenure,renewed
STH506507,TF119339,4.5,"low spend per game, few emails received",renewed
STH504016,TF111770,86.3,"low total spend, low game attendance",not_renewed
STH507078,TF120922,95.2,"low total spend, low game attendance",not_renewed
STH501388,TF104058,0.0,"long gap since last game attended, low spend per game",renewed
STH508413,TF124729,0.2,no dominant single factor,renewed
STH503806,TF111124,71.5,"low total spend, low game attendance",not_renewed
STH504068,TF111921,0.1,low spend per game,renewed
STH503665,TF110731,0.1,no dominant single factor,renewed
STH505051,TF114980,0.4,"low email engagement, low spend per game",renewed
STH506701,TF119868,0.1,no dominant single factor,renewed
STH508213,TF124138,0.4,low email engagement,renewed
STH502101,TF106160,98.3,"low total spend, low game attendance",not_renewed
STH500408,TF101133,0.1,no dominant single factor,renewed
STH502331,TF106808,0.1,no dominant single factor,renewed
STH503077,TF108952,65.1,"low game attendance, low total spend",not_renewed
STH500250,TF100672,0.1,no dominant single factor,renewed
STH504782,TF114125,0.2,low spend per game,renewed
STH500001,TF100001,0.7,few emails received,renewed
STH507104,TF121009,0.7,no dominant single factor,renewed
STH504251,TF112481,0.2,no dominant single factor,renewed
STH501756,TF105148,0.2,"low email engagement, tenure",renewed
STH503513,TF110287,0.1,tenure,renewed
STH501175,TF103449,0.1,low spend per game,renewed
STH501046,TF103064,2.8,tenure,renewed
STH500649,TF101822,0.0,no dominant single factor,renewed
STH508046,TF123672,16.3,low game attendance,not_renewed
STH504089,TF111978,0.1,no dominant single factor,renewed
STH504927,TF114591,0.3,tenure,renewed
STH507233,TF121376,0.3,no dominant single factor,renewed
STH507803,TF122938,0.1,"low spend per game, low email engagement",renewed
STH503207,TF109339,0.1,no dominant single factor,renewed
STH503463,TF110135,0.1,no dominant single factor,renewed
STH501991,TF105853,10.4,"low game attendance, long gap since last game attended",renewed
STH501627,TF104771,0.4,no dominant single factor,renewed
STH504404,TF112947,0.4,"tenure, low email engagement",renewed
STH501214,TF103589,0.2,"low email engagement, low spend per game",renewed
STH504356,TF112784,1.2,no dominant single factor,renewed
STH502114,TF106196,0.1,low email engagement,renewed
STH504572,TF113468,0.1,low email engagement,renewed
STH502873,TF108346,0.6,"low email engagement, few emails received",renewed
STH505329,TF115830,4.7,"low spend per game, tenure",renewed
STH502461,TF107192,0.4,no dominant single factor,renewed
STH500824,TF102378,4.3,low spend per game,renewed
STH504449,TF113076,10.5,"low email engagement, few emails received",renewed
STH505083,TF115081,96.8,"low total spend, low game attendance",not_renewed
STH504379,TF112885,0.2,no dominant single factor,renewed
STH506676,TF119805,0.1,no dominant single factor,renewed
STH506855,TF120302,0.2,"low email engagement, tenure",renewed
STH500527,TF101491,1.6,low game attendance,renewed
STH504458,TF113099,2.5,few emails received,renewed
STH505962,TF117758,0.1,no dominant single factor,renewed
STH507166,TF121186,63.0,"low total spend, low game attendance",not_renewed
STH506661,TF119767,1.5,tenure,renewed
STH503083,TF108962,0.2,"tenure, low email engagement",renewed
STH500940,TF102742,0.1,tenure,renewed
STH502526,TF107358,0.9,low email engagement,renewed
STH503869,TF111303,1.2,low email engagement,renewed
STH505078,TF115073,0.1,no dominant single factor,renewed
STH503317,TF109658,1.7,no dominant single factor,not_renewed
STH507027,TF120781,0.2,tenure,renewed
STH504461,TF113114,0.0,no dominant single factor,renewed
STH506924,TF120483,0.1,low email engagement,renewed
STH504817,TF114228,0.1,no dominant single factor,renewed
STH501625,TF104768,0.1,low email engagement,renewed
STH505168,TF115348,0.1,few emails received,renewed
STH505125,TF115211,0.1,no dominant single factor,renewed
STH505887,TF117505,0.1,low email engagement,renewed
STH505756,TF117141,0.1,"tenure, low email engagement",renewed
STH505153,TF115289,0.7,tenure,renewed
STH504414,TF112983,97.4,"low total spend, low game attendance",not_renewed
STH502518,TF107337,0.1,"low spend per game, few emails received",renewed
STH505093,TF115109,2.5,low email engagement,renewed
STH504747,TF114000,0.3,no dominant single factor,renewed
STH502515,TF107333,0.1,no dominant single factor,renewed
STH507699,TF122673,82.0,"low total spend, low game attendance",not_renewed
STH508290,TF124350,0.2,low spend per game,renewed
STH507188,TF121256,0.3,tenure,renewed
STH504027,TF111813,0.1,tenure,renewed
STH508122,TF123877,0.1,long gap since last game attended,renewed
STH502761,TF108020,31.4,"long gap since last game attended, low game attendance",not_renewed
STH507798,TF122924,0.2,"low email engagement, tenure",renewed
STH505811,TF117289,2.8,low email engagement,renewed
STH500434,TF101219,5.3,"tenure, low email engagement",not_renewed
STH506203,TF118399,0.1,low spend per game,renewed
STH508490,TF124970,0.1,low spend per game,renewed
STH500804,TF102317,0.3,"tenure, long gap since last game attended",renewed
STH503819,TF111162,0.2,"low spend per game, tenure",renewed
STH507410,TF121879,14.5,"low game attendance, low email engagement",renewed
STH505065,TF115024,0.1,tenure,renewed
STH500138,TF100375,0.3,"low email engagement, few emails received",renewed
STH507209,TF121318,0.1,tenure,renewed
STH501995,TF105864,0.1,few emails received,renewed
STH503759,TF110977,0.3,tenure,renewed
STH503126,TF109076,0.3,low spend per game,renewed
STH507561,TF122297,18.3,"low game attendance, low email engagement",not_renewed
STH502558,TF107431,1.8,low email engagement,renewed
STH505090,TF115093,0.1,no dominant single factor,renewed
STH506079,TF118093,0.4,"tenure, low email engagement",renewed
STH504819,TF114233,7.0,"low spend per game, few emails received",renewed
STH507595,TF122366,0.1,tenure,renewed
STH500440,TF101245,0.6,no dominant single factor,renewed
STH501255,TF103704,92.5,"low game attendance, low total spend",not_renewed
STH506002,TF117862,0.1,low spend per game,renewed
STH503681,TF110761,0.3,tenure,renewed
STH508390,TF124652,0.2,low email engagement,renewed
STH500574,TF101626,0.1,no dominant single factor,renewed
STH501570,TF104594,0.1,long gap since last game attended,renewed
STH507399,TF121847,0.2,low spend per game,renewed
STH501970,TF105772,50.3,"low total spend, low game attendance",not_renewed
STH507682,TF122630,0.4,"low email engagement, tenure",renewed
STH507636,TF122491,0.9,"low spend per game, few emails received",renewed
STH501598,TF104677,0.2,few emails received,renewed
STH503989,TF111689,0.1,low email engagement,renewed
STH503709,TF110842,0.1,few emails received,renewed
STH503545,TF110375,0.1,low email engagement,renewed
STH500501,TF101435,0.1,low spend per game,renewed
STH500551,TF101554,0.1,no dominant single factor,renewed
STH507204,TF121306,0.3,low spend per game,renewed
STH502014,TF105908,0.1,no dominant single factor,renewed
STH503389,TF109880,2.8,no dominant single factor,renewed
STH503117,TF109055,0.1,"low email engagement, few emails received",renewed
STH505904,TF117566,0.1,low spend per game,renewed
STH507993,TF123474,0.1,low spend per game,renewed
STH500299,TF100825,25.3,"low total spend, low game attendance",renewed
STH502112,TF106193,0.1,no dominant single factor,renewed
STH500733,TF102125,99.3,"low total spend, low game attendance",not_renewed
STH503268,TF109508,61.8,"low total spend, low game attendance",not_renewed
STH505960,TF117748,0.1,low email engagement,renewed
STH505526,TF116451,0.1,no dominant single factor,renewed
STH506340,TF118854,0.1,no dominant single factor,renewed
STH503024,TF108784,0.1,no dominant single factor,renewed
STH508403,TF124687,0.1,few emails received,renewed
STH501999,TF105873,30.2,"low email engagement, low game attendance",renewed
STH502477,TF107237,0.1,tenure,renewed
STH501283,TF103790,9.7,"long gap since last game attended, low email engagement",renewed
STH504441,TF113048,99.1,"low total spend, low game attendance",not_renewed
STH505508,TF116403,0.1,no dominant single factor,renewed
STH507194,TF121284,0.1,few emails received,renewed
STH500736,TF102133,0.5,low spend per game,renewed
STH502468,TF107211,0.1,no dominant single factor,renewed
STH508238,TF124214,27.2,"low game attendance, long gap since last game attended",renewed
STH503306,TF109621,0.1,no dominant single factor,renewed
STH504297,TF112597,0.1,no dominant single factor,renewed
STH506186,TF118339,0.0,no dominant single factor,renewed
STH503529,TF110338,21.9,"low total spend, long gap since last game attended",renewed
STH505335,TF115871,0.5,low email engagement,renewed
STH504401,TF112941,57.9,"low total spend, low game attendance",not_renewed
STH501380,TF104045,0.2,low spend per game,renewed
STH503401,TF109928,90.7,"low total spend, low game attendance",not_renewed
STH502797,TF108125,1.2,low spend per game,renewed
STH502556,TF107424,0.2,tenure,renewed
STH505553,TF116534,0.1,tenure,renewed
STH500365,TF101012,0.2,low spend per game,renewed
STH504352,TF112774,0.0,tenure,renewed
STH505226,TF115517,0.1,long gap since last game attended,renewed
STH504970,TF114744,0.3,"tenure, low email engagement",renewed
STH504187,TF112254,0.1,tenure,renewed
STH507299,TF121543,0.2,"low spend per game, tenure",renewed
STH506232,TF118498,1.3,long gap since last game attended,renewed
STH504389,TF112906,0.1,few emails received,renewed
STH500960,TF102826,0.3,long gap since last game attended,renewed
STH501314,TF103861,0.1,tenure,renewed
STH508107,TF123839,0.1,low email engagement,renewed
STH507901,TF123241,0.1,no dominant single factor,renewed
STH507092,TF120972,0.1,few emails received,renewed
STH503445,TF110073,0.1,low email engagement,renewed
STH505629,TF116801,4.8,"low spend per game, tenure",renewed
STH501421,TF104157,0.1,no dominant single factor,renewed
STH500703,TF102015,20.3,low game attendance,renewed
STH507333,TF121652,0.2,"low email engagement, low spend per game",renewed
STH502177,TF106354,0.1,no dominant single factor,renewed
STH501715,TF105018,0.1,no dominant single factor,renewed
STH506879,TF120370,0.3,"tenure, low email engagement",renewed
STH502798,TF108135,0.4,low email engagement,renewed
STH506802,TF120163,32.4,"low total spend, low game attendance",renewed
STH505562,TF116572,0.2,tenure,renewed
STH500695,TF101993,0.3,low spend per game,renewed
STH501671,TF104900,97.0,"low total spend, low game attendance",not_renewed
STH501024,TF103004,3.0,"low email engagement, low spend per game",renewed
STH503772,TF111020,58.5,"low total spend, low game attendance",renewed
STH508456,TF124868,13.9,"low email engagement, tenure",renewed
STH507444,TF121965,0.1,no dominant single factor,renewed
STH504996,TF114829,0.1,no dominant single factor,renewed
STH500247,TF100666,97.0,"low total spend, low game attendance",not_renewed
STH504012,TF111762,3.1,"low email engagement, tenure",renewed
STH504977,TF114768,50.5,"low game attendance, low total spend",renewed
STH507340,TF121678,0.2,low spend per game,renewed
STH503857,TF111265,0.1,no dominant single factor,renewed
STH503186,TF109270,0.5,low email engagement,renewed
STH506773,TF120070,1.4,tenure,renewed
STH507017,TF120747,0.1,no dominant single factor,renewed
STH504031,TF111824,3.0,low email engagement,renewed
STH504726,TF113934,0.7,low spend per game,renewed
STH500348,TF100959,1.3,no dominant single factor,renewed
STH501586,TF104639,0.2,"few emails received, tenure",renewed
STH503400,TF109927,0.1,"low email engagement, low spend per game",renewed
STH506395,TF119001,0.3,"few emails received, tenure",renewed
STH507735,TF122754,0.3,long gap since last game attended,renewed
STH507536,TF122233,73.0,"low total spend, low game attendance",renewed
STH507442,TF121962,0.3,"few emails received, tenure",renewed
STH502906,TF108420,14.2,"low total spend, low game attendance",renewed
STH503660,TF110713,0.2,low spend per game,renewed
STH506095,TF118120,0.2,low spend per game,renewed
STH501389,TF104060,0.1,low email engagement,renewed
STH505459,TF116256,0.1,low email engagement,renewed
STH500526,TF101490,0.1,no dominant single factor,renewed
STH507016,TF120735,0.1,low spend per game,renewed
STH500295,TF100802,1.8,low email engagement,renewed
STH503367,TF109804,63.1,"low game attendance, low total spend",renewed
STH501782,TF105219,0.4,long gap since last game attended,renewed
STH505179,TF115385,2.0,tenure,renewed
STH504345,TF112753,0.2,long gap since last game attended,renewed
STH503880,TF111345,0.5,tenure,renewed
STH507346,TF121693,0.1,few emails received,renewed
STH505357,TF115929,0.1,no dominant single factor,renewed
STH506360,TF118900,1.9,low email engagement,renewed
STH503957,TF111588,0.2,"low spend per game, tenure",renewed
STH505767,TF117172,0.1,tenure,renewed
STH503163,TF109192,4.2,low email engagement,renewed
STH500910,TF102652,0.8,"low spend per game, tenure",renewed
STH505464,TF116270,0.1,"low spend per game, tenure",renewed
STH502463,TF107195,0.1,tenure,renewed
STH505034,TF114944,0.1,tenure,renewed
STH502429,TF107082,0.1,few emails received,renewed
STH503013,TF108748,0.1,tenure,renewed
STH501953,TF105741,0.1,low spend per game,renewed
STH502035,TF105964,0.5,low email engagement,renewed
STH507305,TF121572,0.1,no dominant single factor,renewed
STH501242,TF103660,2.2,no dominant single factor,renewed
STH503493,TF110229,0.2,low spend per game,renewed
STH503020,TF108772,0.1,low spend per game,renewed
STH500885,TF102585,0.1,few emails received,renewed
STH502969,TF108609,0.1,no dominant single factor,renewed
STH503583,TF110476,26.5,"low game attendance, low total spend",renewed
STH507581,TF122347,0.1,no dominant single factor,renewed
STH506759,TF120039,0.1,low email engagement,renewed
STH504750,TF114006,0.1,"tenure, low spend per game",renewed
STH506034,TF117972,0.2,tenure,renewed
STH505583,TF116634,0.1,"low email engagement, few emails received",renewed
STH500239,TF100649,0.1,no dominant single factor,renewed
STH505206,TF115463,0.1,no dominant single factor,renewed
STH501251,TF103693,0.1,tenure,renewed
STH507515,TF122176,5.3,tenure,renewed
STH503265,TF109501,92.8,"low total spend, low game attendance",not_renewed
STH500298,TF100816,0.1,low spend per game,renewed
STH502466,TF107205,1.4,"low spend per game, few emails received",renewed
STH505066,TF115025,6.1,low email engagement,renewed
STH504992,TF114824,3.6,tenure,renewed
STH501823,TF105342,91.8,"low total spend, low game attendance",not_renewed
STH503808,TF111129,21.8,"low email engagement, low game attendance",renewed
STH503115,TF109051,0.1,no dominant single factor,renewed
STH503661,TF110718,0.1,long gap since last game attended,renewed
STH503242,TF109429,0.1,low email engagement,renewed
STH502240,TF106526,3.4,"tenure, low game attendance",renewed
STH501004,TF102953,0.2,"long gap since last game attended, few emails received",renewed
STH500025,TF100061,0.1,tenure,renewed
STH500087,TF100262,0.2,low spend per game,renewed
STH507614,TF122432,88.7,"low total spend, low game attendance",not_renewed
STH505144,TF115259,0.4,low spend per game,renewed
STH504574,TF113475,0.1,few emails received,renewed
STH500887,TF102592,43.0,"low game attendance, low total spend",renewed
STH507283,TF121503,8.6,"tenure, low email engagement",renewed
STH508184,TF124065,0.2,low email engagement,renewed
STH504813,TF114218,0.1,no dominant single factor,renewed
STH501832,TF105371,0.1,no dominant single factor,renewed
STH501961,TF105756,0.3,tenure,renewed
STH500662,TF101866,3.0,few emails received,renewed
STH503881,TF111348,0.3,"tenure, low spend per game",renewed
STH500917,TF102670,0.1,few emails received,renewed
STH505505,TF116395,0.1,long gap since last game attended,renewed
STH506435,TF119104,39.1,"low game attendance, low total spend",renewed
STH505807,TF117281,6.1,"few emails received, tenure",renewed
STH503259,TF109480,0.1,no dominant single factor,renewed
STH500770,TF102240,8.0,long gap since last game attended,renewed
STH506057,TF118030,0.1,"long gap since last game attended, low spend per game",renewed
STH502592,TF107540,0.1,no dominant single factor,renewed
STH506503,TF119331,0.5,"low email engagement, few emails received",renewed
STH504397,TF112923,2.3,no dominant single factor,renewed
STH504392,TF112914,0.1,low spend per game,renewed
STH500554,TF101559,1.1,long gap since last game attended,renewed
STH505286,TF115710,19.8,"low total spend, few emails received",renewed
STH501866,TF105494,2.1,few emails received,renewed
STH501801,TF105270,0.1,no dominant single factor,renewed
STH500335,TF100932,0.4,"low email engagement, tenure",renewed
STH508140,TF123939,1.4,no dominant single factor,renewed
STH503006,TF108728,0.1,few emails received,renewed
STH506877,TF120365,60.1,"low total spend, low game attendance",not_renewed
STH500261,TF100710,23.7,"low game attendance, low total spend",not_renewed
STH507302,TF121557,0.2,low spend per game,renewed
STH507197,TF121295,0.4,tenure,renewed
STH506117,TF118163,0.1,no dominant single factor,renewed
STH502454,TF107176,25.5,"low total spend, low game attendance",renewed
STH501885,TF105545,0.4,low email engagement,renewed
STH506682,TF119814,0.1,long gap since last game attended,renewed
STH502738,TF107948,0.0,tenure,renewed
STH505005,TF114854,0.3,no dominant single factor,renewed
STH507533,TF122229,0.1,"tenure, low spend per game",renewed
STH501280,TF103783,0.1,no dominant single factor,renewed
STH506896,TF120417,1.2,"tenure, low spend per game",renewed
STH500898,TF102627,0.2,no dominant single factor,renewed
STH504665,TF113718,3.9,few emails received,renewed
STH506135,TF118193,0.2,long gap since last game attended,renewed
STH504933,TF114614,86.7,"low total spend, low game attendance",not_renewed
STH500315,TF100874,0.1,low email engagement,renewed
STH508092,TF123808,0.1,low spend per game,renewed
STH504569,TF113463,0.2,"tenure, few emails received",renewed
STH503945,TF111550,0.1,low spend per game,renewed
STH505054,TF114988,1.8,"tenure, low email engagement",renewed
STH502715,TF107883,0.1,tenure,renewed
STH502041,TF105990,0.4,"few emails received, low spend per game",renewed
STH505573,TF116602,5.7,"low email engagement, tenure",renewed
STH508310,TF124416,0.1,tenure,renewed
STH501279,TF103780,3.9,"low game attendance, low email engagement",renewed
STH501143,TF103356,5.7,tenure,renewed
STH505081,TF115079,0.1,"tenure, low spend per game",renewed
STH501558,TF104556,0.3,low spend per game,renewed
STH506594,TF119566,0.1,low spend per game,renewed
STH505880,TF117485,2.2,low email engagement,renewed
STH505189,TF115408,0.3,"tenure, low email engagement",renewed
STH502282,TF106648,0.2,"low spend per game, tenure",renewed
STH505167,TF115343,92.4,"low total spend, low game attendance",not_renewed
STH507313,TF121597,0.1,tenure,renewed
STH506932,TF120502,33.4,"low game attendance, low total spend",renewed
STH504870,TF114421,0.1,no dominant single factor,renewed
STH504832,TF114269,0.3,low email engagement,renewed
STH504791,TF114154,0.1,no dominant single factor,renewed
STH504827,TF114259,20.4,"low total spend, low game attendance",renewed
STH503125,TF109073,0.2,"low email engagement, low spend per game",renewed
STH507187,TF121254,1.7,no dominant single factor,renewed
STH502016,TF105913,0.1,tenure,renewed
STH501169,TF103439,0.1,low spend per game,renewed
STH507882,TF123176,0.2,tenure,renewed
STH505769,TF117176,0.3,low spend per game,renewed
STH504096,TF111998,0.0,no dominant single factor,renewed
STH505640,TF116837,0.1,tenure,renewed
STH503906,TF111425,0.2,tenure,renewed
STH501373,TF104028,0.1,no dominant single factor,renewed
STH500777,TF102265,5.0,no dominant single factor,renewed
STH503813,TF111148,0.1,few emails received,renewed
STH505114,TF115181,0.1,no dominant single factor,renewed
STH505804,TF117272,0.1,tenure,renewed
STH508376,TF124603,0.1,no dominant single factor,renewed
STH507727,TF122737,2.0,tenure,renewed
STH506885,TF120384,0.1,tenure,renewed
STH502851,TF108288,0.2,few emails received,renewed
STH501945,TF105707,5.6,"low spend per game, low email engagement",renewed
STH507347,TF121696,97.6,"low total spend, low game attendance",not_renewed
STH501228,TF103617,0.1,low spend per game,renewed
STH500683,TF101952,0.2,"tenure, low spend per game",renewed
STH506207,TF118415,0.2,no dominant single factor,renewed
STH505014,TF114881,5.0,"low email engagement, few emails received",not_renewed
STH500984,TF102881,77.6,"low total spend, low game attendance",not_renewed
STH508206,TF124121,0.1,tenure,renewed
STH501203,TF103548,0.3,"tenure, few emails received",renewed
STH508071,TF123744,0.2,low spend per game,renewed
STH506530,TF119393,61.1,"low game attendance, low total spend",not_renewed
STH501005,TF102956,0.1,no dominant single factor,renewed
STH501423,TF104160,0.1,no dominant single factor,renewed
STH503727,TF110883,0.1,low email engagement,renewed
STH501882,TF105539,0.0,no dominant single factor,renewed
STH505476,TF116307,0.5,"low spend per game, few emails received",renewed
STH502591,TF107538,0.1,"low spend per game, tenure",renewed
STH502179,TF106359,0.1,tenure,renewed
STH507683,TF122632,0.2,long gap since last game attended,renewed
STH505317,TF115799,3.5,no dominant single factor,renewed
STH501191,TF103510,0.2,low spend per game,renewed
STH505399,TF116064,1.6,low spend per game,renewed
STH504086,TF111972,0.1,few emails received,renewed
STH506665,TF119780,84.6,"low game attendance, low total spend",not_renewed
STH505406,TF116098,46.9,"low total spend, low game attendance",not_renewed
STH503836,TF111212,0.5,"low spend per game, few emails received",renewed
STH503439,TF110051,0.1,no dominant single factor,renewed
STH503048,TF108871,0.2,"few emails received, low spend per game",renewed
STH505882,TF117491,0.1,no dominant single factor,renewed
STH500536,TF101512,0.5,long gap since last game attended,renewed
STH507298,TF121534,0.4,tenure,renewed
STH505869,TF117451,3.7,"low email engagement, long gap since last game attended",renewed
STH503679,TF110758,0.1,few emails received,renewed
STH503430,TF110026,1.4,"few emails received, long gap since last game attended",renewed
STH508412,TF124727,0.1,no dominant single factor,renewed
STH502408,TF107009,12.1,"low game attendance, low total spend",renewed
STH506334,TF118821,99.2,"low total spend, low game attendance",not_renewed
STH505608,TF116724,97.8,"low total spend, low game attendance",not_renewed
STH500923,TF102686,0.1,no dominant single factor,renewed
STH504067,TF111919,58.1,"low total spend, low game attendance",renewed
STH507942,TF123343,0.1,tenure,renewed
STH508135,TF123922,5.6,low game attendance,renewed
STH508073,TF123747,0.5,tenure,renewed
STH501978,TF105808,0.1,tenure,renewed
STH500199,TF100525,10.0,"low spend per game, low email engagement",renewed
STH507218,TF121339,0.3,"few emails received, long gap since last game attended",renewed
STH504908,TF114522,32.1,"low game attendance, low total spend",renewed
STH500346,TF100953,0.1,"few emails received, tenure",renewed
STH503746,TF110951,0.1,low spend per game,renewed
STH504373,TF112852,0.1,no dominant single factor,renewed
STH507015,TF120732,0.2,"few emails received, long gap since last game attended",renewed
STH507555,TF122284,0.1,tenure,renewed
STH501854,TF105451,0.4,long gap since last game attended,renewed
STH502541,TF107388,0.1,low spend per game,renewed
STH502430,TF107090,0.3,low game attendance,renewed
STH506527,TF119385,98.8,"low total spend, low game attendance",not_renewed
STH501462,TF104261,89.3,"low total spend, low game attendance",not_renewed
STH502241,TF106527,13.9,"low game attendance, tenure",renewed
STH507838,TF123039,0.2,tenure,renewed
STH504057,TF111899,0.1,few emails received,renewed
STH507478,TF122067,0.2,tenure,renewed
STH504937,TF114635,0.2,"low spend per game, few emails received",renewed
STH503026,TF108789,35.6,"low game attendance, low total spend",not_renewed
STH503531,TF110342,0.1,no dominant single factor,renewed
STH506333,TF118819,0.2,low spend per game,renewed
STH502935,TF108501,0.5,"low email engagement, tenure",renewed
STH503753,TF110968,0.3,tenure,renewed
STH506702,TF119869,0.1,"low email engagement, few emails received",renewed
STH502314,TF106747,0.2,few emails received,renewed
STH502155,TF106314,0.2,low spend per game,renewed
STH507522,TF122195,0.2,"long gap since last game attended, tenure",renewed
STH503122,TF109062,0.1,few emails received,renewed
STH501213,TF103583,0.1,few emails received,renewed
STH507360,TF121743,0.1,no dominant single factor,renewed
STH506914,TF120456,0.1,few emails received,renewed
STH502608,TF107580,0.1,low email engagement,renewed
STH502529,TF107364,0.2,low email engagement,renewed
STH506226,TF118484,4.2,"tenure, few emails received",renewed
STH507973,TF123427,22.9,"long gap since last game attended, low email engagement",not_renewed
STH505061,TF115018,0.1,tenure,renewed
STH507661,TF122566,0.1,few emails received,renewed
STH507840,TF123043,0.2,no dominant single factor,renewed
STH503947,TF111555,0.2,low spend per game,renewed
STH501947,TF105715,99.1,"low total spend, low game attendance",not_renewed
STH508329,TF124480,0.2,"low email engagement, tenure",renewed
STH506514,TF119356,0.1,low email engagement,renewed
STH505664,TF116911,44.3,"low game attendance, low total spend",renewed
STH505774,TF117185,4.5,no dominant single factor,renewed
STH503299,TF109599,98.5,"low total spend, low game attendance",not_renewed
STH508389,TF124651,0.2,few emails received,renewed
STH507850,TF123073,0.1,no dominant single factor,renewed
STH504712,TF113876,93.6,"low total spend, low game attendance",not_renewed
STH504058,TF111900,0.2,no dominant single factor,renewed
STH501768,TF105183,15.0,"low email engagement, low game attendance",renewed
STH507660,TF122562,0.1,no dominant single factor,renewed
STH507359,TF121734,0.1,low spend per game,renewed
STH503607,TF110539,0.1,tenure,renewed
STH504170,TF112219,0.1,no dominant single factor,renewed
STH507540,TF122248,0.1,tenure,renewed
STH500310,TF100857,0.2,tenure,renewed
STH503150,TF109159,1.4,low spend per game,renewed
STH502804,TF108153,0.2,tenure,renewed
STH501996,TF105865,30.0,"low email engagement, tenure",not_renewed
STH502399,TF106984,0.1,few emails received,renewed
STH506729,TF119946,0.4,"low game attendance, long gap since last game attended",renewed
STH507141,TF121110,4.4,tenure,renewed
STH502445,TF107142,0.1,tenure,renewed
STH500644,TF101811,0.2,low email engagement,renewed
STH503983,TF111670,3.0,"low total spend, low game attendance",renewed
STH506016,TF117920,0.3,"low email engagement, tenure",renewed
STH507351,TF121707,0.1,no dominant single factor,renewed
STH501507,TF104401,0.1,no dominant single factor,renewed
STH504907,TF114521,0.1,low email engagement,renewed
STH508200,TF124114,0.1,no dominant single factor,renewed
STH505549,TF116511,0.1,low spend per game,renewed
STH505442,TF116204,2.8,"few emails received, low spend per game",renewed
STH501668,TF104893,0.4,no dominant single factor,renewed
STH506543,TF119425,0.2,"low email engagement, tenure",renewed
STH503996,TF111711,0.2,low spend per game,renewed
STH501340,TF103931,22.8,"low game attendance, low email engagement",not_renewed
STH507116,TF121038,0.3,low spend per game,renewed
STH505550,TF116519,0.1,tenure,renewed
STH500124,TF100341,0.2,low spend per game,renewed
STH502910,TF108439,0.5,low email engagement,renewed
STH504806,TF114196,0.2,low email engagement,renewed
STH507144,TF121120,0.1,low email engagement,renewed
STH501515,TF104419,7.7,"low email engagement, few emails received",renewed
STH504754,TF114022,0.1,low spend per game,renewed
STH507739,TF122770,37.0,"low total spend, low game attendance",renewed
STH506882,TF120380,12.6,"low game attendance, low email engagement",renewed
STH507568,TF122325,0.1,low spend per game,renewed
STH503534,TF110347,0.1,no dominant single factor,renewed
STH500096,TF100279,2.3,no dominant single factor,renewed
STH506216,TF118445,6.2,tenure,renewed
STH506040,TF117978,0.1,no dominant single factor,renewed
STH507753,TF122796,0.1,tenure,renewed
STH506069,TF118068,13.4,"low total spend, low game attendance",renewed
STH503435,TF110045,0.0,no dominant single factor,renewed
STH507633,TF122475,0.1,no dominant single factor,renewed
STH503776,TF111032,0.1,no dominant single factor,renewed
STH501128,TF103290,0.1,tenure,renewed
STH504364,TF112808,0.0,no dominant single factor,renewed
STH505407,TF116101,0.1,tenure,renewed
STH507592,TF122363,0.2,low spend per game,renewed
STH502197,TF106403,0.9,long gap since last game attended,renewed
STH506469,TF119222,0.1,no dominant single factor,renewed
STH502695,TF107835,0.1,"low spend per game, tenure",renewed
STH501968,TF105770,0.1,low email engagement,renewed
STH500647,TF101819,0.1,"low spend per game, tenure",renewed
STH501062,TF103106,0.1,no dominant single factor,renewed
STH500063,TF100200,50.2,"low game attendance, low total spend",not_renewed
STH501790,TF105233,2.1,low spend per game,renewed
STH507252,TF121429,1.0,tenure,renewed
STH508346,TF124521,7.9,tenure,not_renewed
STH501368,TF104009,0.1,no dominant single factor,renewed
STH505211,TF115479,0.1,tenure,renewed
STH502536,TF107378,0.1,tenure,renewed
STH504354,TF112782,0.1,low email engagement,renewed
STH501017,TF102990,0.5,"low spend per game, few emails received",renewed
STH507609,TF122417,14.3,"low game attendance, low total spend",renewed
STH508284,TF124328,26.7,"low game attendance, low total spend",renewed
STH501495,TF104369,0.1,"low spend per game, tenure",renewed
STH507168,TF121195,0.2,no dominant single factor,renewed
STH504091,TF111984,98.1,"low total spend, low game attendance",not_renewed
STH501660,TF104857,0.2,low spend per game,renewed
STH505219,TF115496,0.1,low email engagement,renewed
STH504676,TF113748,0.1,low email engagement,renewed
STH501930,TF105666,0.1,no dominant single factor,renewed
STH501094,TF103203,0.1,tenure,renewed
STH505892,TF117519,0.1,no dominant single factor,renewed
STH502412,TF107029,0.1,low email engagement,renewed
STH501448,TF104235,2.0,few emails received,renewed
STH506408,TF119034,0.2,"tenure, low spend per game",renewed
STH502697,TF107837,1.0,tenure,renewed
STH505180,TF115390,0.2,low email engagement,renewed
STH503536,TF110351,2.8,"tenure, low email engagement",renewed
STH501451,TF104241,79.6,"low game attendance, long gap since last game attended",not_renewed
STH500762,TF102227,3.0,no dominant single factor,renewed
STH502799,TF108139,0.8,no dominant single factor,renewed
STH500225,TF100621,0.3,no dominant single factor,renewed
STH501134,TF103308,1.2,no dominant single factor,renewed
STH501742,TF105098,2.0,tenure,renewed
STH505781,TF117202,0.1,tenure,renewed
STH504184,TF112248,41.0,"low game attendance, low total spend",renewed
STH507106,TF121015,0.1,low email engagement,renewed
STH500273,TF100745,0.1,no dominant single factor,renewed
STH501258,TF103715,0.1,tenure,renewed
STH502833,TF108247,0.1,tenure,renewed
STH504614,TF113588,17.0,"low game attendance, low total spend",renewed
STH502383,TF106933,0.2,tenure,renewed
STH501313,TF103855,0.2,no dominant single factor,renewed
STH501796,TF105260,94.0,"low total spend, low game attendance",not_renewed
STH505496,TF116372,32.1,"low total spend, low game attendance",renewed
STH502845,TF108275,0.3,"low email engagement, low spend per game",renewed
STH503889,TF111381,34.1,"low total spend, low game attendance",renewed
STH506165,TF118282,0.2,few emails received,renewed
STH502244,TF106530,0.1,low spend per game,renewed
STH502583,TF107512,0.1,low spend per game,renewed
STH501304,TF103838,0.1,tenure,renewed
STH506176,TF118311,0.2,low spend per game,renewed
STH508112,TF123851,63.8,"low total spend, low game attendance",not_renewed
STH505523,TF116441,0.2,low spend per game,renewed
STH502512,TF107325,0.1,tenure,renewed
STH505208,TF115466,0.3,"tenure, low spend per game",renewed
STH504202,TF112310,0.3,"low spend per game, low email engagement",renewed
STH508484,TF124951,0.6,no dominant single factor,renewed
STH506892,TF120412,0.1,no dominant single factor,renewed
STH507088,TF120961,0.7,few emails received,renewed
STH508477,TF124935,0.1,no dominant single factor,renewed
STH506401,TF119017,0.1,no dominant single factor,renewed
STH505778,TF117196,8.4,"low email engagement, few emails received",renewed
STH506988,TF120658,0.2,no dominant single factor,renewed
STH507567,TF122318,0.1,no dominant single factor,renewed
STH503673,TF110746,7.3,"tenure, low email engagement",renewed
STH504022,TF111805,1.2,low spend per game,renewed
STH505254,TF115625,63.2,"low game attendance, low total spend",not_renewed
STH506935,TF120506,4.7,tenure,renewed
STH507143,TF121114,63.0,"low total spend, low game attendance",renewed
STH500985,TF102882,0.1,tenure,renewed
STH501541,TF104514,0.2,"low email engagement, low spend per game",renewed
STH503202,TF109312,0.1,no dominant single factor,renewed
STH500607,TF101710,89.7,"low total spend, low game attendance",not_renewed
STH504463,TF113120,0.1,long gap since last game attended,renewed
STH501913,TF105625,0.1,"low spend per game, tenure",renewed
STH504062,TF111907,0.2,"tenure, long gap since last game attended",renewed
STH500569,TF101603,0.2,tenure,renewed
STH502276,TF106623,0.1,no dominant single factor,renewed
STH501260,TF103719,0.1,low email engagement,renewed
STH506916,TF120458,0.1,no dominant single factor,renewed
STH507076,TF120919,0.2,low spend per game,renewed
STH506769,TF120056,15.7,low game attendance,renewed
STH501720,TF105034,0.2,tenure,renewed
STH504255,TF112487,4.8,low spend per game,renewed
STH505359,TF115936,0.2,low spend per game,renewed
STH503697,TF110813,0.4,"tenure, low spend per game",renewed
STH504835,TF114277,0.1,no dominant single factor,renewed
STH504120,TF112067,6.4,tenure,renewed
STH504610,TF113581,92.3,"low total spend, low game attendance",not_renewed
STH508428,TF124776,0.1,few emails received,renewed
STH503192,TF109284,0.5,"low email engagement, tenure",renewed
STH505796,TF117252,0.1,"low spend per game, tenure",renewed
STH503677,TF110754,5.5,"low email engagement, long gap since last game attended",renewed
STH501597,TF104672,2.4,"low game attendance, low total spend",renewed
STH506180,TF118324,0.1,no dominant single factor,renewed
STH504443,TF113058,0.3,"tenure, low email engagement",renewed
STH502664,TF107741,0.1,tenure,renewed
STH500245,TF100657,89.0,"low total spend, low game attendance",not_renewed
STH505130,TF115226,0.1,few emails received,renewed
STH503151,TF109162,0.1,tenure,renewed
STH507620,TF122447,0.1,low email engagement,renewed
STH505991,TF117837,0.6,few emails received,renewed
STH507011,TF120727,0.5,"low email engagement, few emails received",renewed
STH503088,TF108983,0.4,"low email engagement, low spend per game",renewed
STH506859,TF120310,0.1,tenure,renewed
STH508365,TF124567,0.1,no dominant single factor,renewed
STH501687,TF104933,8.6,"long gap since last game attended, low total spend",renewed
STH500289,TF100791,0.1,low spend per game,renewed
STH505191,TF115417,0.2,few emails received,renewed
STH508087,TF123793,93.6,"low total spend, low game attendance",not_renewed
STH507930,TF123319,0.2,long gap since last game attended,renewed
STH501323,TF103885,0.3,"low email engagement, tenure",renewed
STH502825,TF108230,0.1,few emails received,renewed
STH501426,TF104168,0.6,"low spend per game, tenure",renewed
STH506424,TF119069,2.9,"low game attendance, low total spend",not_renewed
STH503655,TF110695,0.1,tenure,renewed
STH500231,TF100633,96.7,"low total spend, low game attendance",not_renewed
STH504337,TF112727,2.5,no dominant single factor,renewed
STH501390,TF104068,0.1,no dominant single factor,renewed
STH507512,TF122161,98.5,"low total spend, low game attendance",not_renewed
STH503787,TF111082,0.1,no dominant single factor,renewed
STH507525,TF122201,0.1,no dominant single factor,renewed
STH507573,TF122332,0.1,low spend per game,renewed
STH506447,TF119142,0.2,low spend per game,renewed
STH503640,TF110646,0.1,no dominant single factor,renewed
STH505903,TF117563,16.8,"low total spend, low spend per game",renewed
STH505263,TF115649,0.2,"low email engagement, low spend per game",renewed
STH506793,TF120134,92.9,"low total spend, low game attendance",not_renewed
STH504708,TF113852,0.2,long gap since last game attended,renewed
STH500859,TF102509,0.1,"low email engagement, few emails received",renewed
STH505577,TF116617,0.1,tenure,renewed
STH507250,TF121420,0.7,low email engagement,renewed
STH500271,TF100739,0.2,tenure,renewed
STH500935,TF102726,6.4,"low game attendance, low total spend",renewed
STH507572,TF122330,0.5,"few emails received, low email engagement",renewed
STH501321,TF103880,0.3,no dominant single factor,renewed
STH507238,TF121391,0.1,"low email engagement, few emails received",renewed
STH506806,TF120178,0.1,few emails received,renewed
STH503357,TF109781,15.0,"low email engagement, low game attendance",renewed
STH505990,TF117836,13.2,"low game attendance, low total spend",renewed
STH504204,TF112315,0.4,"low email engagement, low spend per game",renewed
STH507750,TF122790,0.2,"low spend per game, low email engagement",renewed
STH500128,TF100347,0.1,tenure,renewed
STH506979,TF120634,37.5,"low game attendance, low total spend",renewed
STH501924,TF105653,64.4,"low total spend, low game attendance",not_renewed
STH500907,TF102649,0.4,low spend per game,renewed
STH500825,TF102383,0.1,no dominant single factor,renewed
STH500034,TF100098,0.1,low email engagement,renewed
STH508263,TF124272,0.2,no dominant single factor,renewed
STH502125,TF106224,0.4,tenure,renewed
STH507190,TF121268,67.5,"low game attendance, low total spend",not_renewed
STH500219,TF100600,0.5,"low email engagement, few emails received",renewed
STH501563,TF104569,0.1,tenure,renewed
STH504019,TF111790,0.1,no dominant single factor,renewed
STH502957,TF108569,0.1,low spend per game,renewed
STH501908,TF105607,0.1,tenure,renewed
STH505868,TF117446,0.3,low spend per game,renewed
STH502046,TF106006,0.1,low email engagement,renewed
STH504552,TF113393,0.1,low spend per game,renewed
STH506854,TF120300,0.2,"low spend per game, few emails received",renewed
STH503851,TF111250,0.0,no dominant single factor,renewed
STH500409,TF101134,0.1,low spend per game,renewed
STH504376,TF112877,0.2,low email engagement,renewed
STH502702,TF107852,0.1,tenure,renewed
STH507087,TF120958,0.1,"few emails received, tenure",renewed
STH507172,TF121211,0.1,low email engagement,renewed
STH505536,TF116479,0.1,no dominant single factor,renewed
STH505458,TF116255,96.8,"low total spend, low game attendance",not_renewed
STH505453,TF116239,9.2,"low total spend, low game attendance",renewed
STH508241,TF124222,0.1,low spend per game,renewed
STH500605,TF101707,0.2,"low email engagement, tenure",renewed
STH504706,TF113847,0.9,no dominant single factor,renewed
STH507181,TF121234,0.1,tenure,renewed
STH506703,TF119871,0.1,low email engagement,renewed
STH502467,TF107210,1.0,"low spend per game, few emails received",renewed
STH503682,TF110763,0.1,no dominant single factor,renewed
STH501743,TF105100,0.8,tenure,renewed
STH504422,TF113001,0.2,long gap since last game attended,renewed
STH502890,TF108383,0.1,few emails received,renewed
STH500433,TF101213,0.1,low spend per game,renewed
STH504802,TF114182,0.1,no dominant single factor,renewed
STH502966,TF108602,0.1,low email engagement,renewed
STH502093,TF106132,0.2,tenure,renewed
STH505418,TF116134,0.6,"tenure, low email engagement",renewed
STH500488,TF101411,4.4,tenure,renewed
STH500740,TF102148,0.1,tenure,renewed
STH505652,TF116871,1.6,few emails received,renewed
STH507998,TF123494,97.3,"low total spend, low game attendance",not_renewed
STH503307,TF109624,4.6,"low email engagement, few emails received",renewed
STH500809,TF102337,0.1,tenure,renewed
STH508278,TF124309,0.2,no dominant single factor,renewed
STH506032,TF117969,18.7,"low total spend, tenure",not_renewed
STH502571,TF107474,0.5,no dominant single factor,renewed
STH507075,TF120918,0.1,low spend per game,renewed
STH502143,TF106275,21.9,"low total spend, low game attendance",renewed
STH507915,TF123268,0.4,"low email engagement, low spend per game",renewed
STH505669,TF116924,0.1,no dominant single factor,renewed
STH504052,TF111889,0.1,tenure,renewed
STH505354,TF115924,1.6,low spend per game,renewed
STH505247,TF115599,0.1,"tenure, long gap since last game attended",renewed
STH505038,TF114952,0.7,"low email engagement, low spend per game",renewed
STH506945,TF120536,1.1,low email engagement,renewed
STH502153,TF106312,0.1,tenure,renewed
STH500484,TF101397,0.2,low email engagement,renewed
STH500482,TF101395,0.2,"low email engagement, few emails received",renewed
STH504282,TF112560,0.1,no dominant single factor,renewed
STH505537,TF116480,0.2,"tenure, low spend per game",renewed
STH500684,TF101959,1.2,"tenure, long gap since last game attended",renewed
STH507373,TF121769,0.1,no dominant single factor,renewed
STH502951,TF108558,0.1,no dominant single factor,renewed
STH500210,TF100573,0.1,no dominant single factor,renewed
STH502828,TF108238,78.2,"low game attendance, low total spend",not_renewed
STH500104,TF100303,0.3,no dominant single factor,renewed
STH502225,TF106481,1.5,no dominant single factor,renewed
STH500098,TF100281,0.1,low spend per game,renewed
STH501235,TF103635,0.1,low email engagement,renewed
STH504416,TF112986,0.1,tenure,renewed
STH508183,TF124064,92.4,"low total spend, low game attendance",not_renewed
STH505266,TF115656,0.1,no dominant single factor,renewed
STH505281,TF115699,0.2,"low email engagement, low spend per game",renewed
STH502882,TF108363,0.2,no dominant single factor,renewed
STH505858,TF117406,0.5,low email engagement,renewed
STH503988,TF111682,0.1,low spend per game,renewed
STH503256,TF109469,0.2,"tenure, low email engagement",renewed
STH508239,TF124217,0.1,low spend per game,renewed
STH504508,TF113278,0.1,tenure,renewed
STH500387,TF101082,3.1,"few emails received, low game attendance",renewed
STH508037,TF123661,0.3,"few emails received, low email engagement",renewed
STH502582,TF107503,0.1,no dominant single factor,renewed
STH507755,TF122802,0.1,long gap since last game attended,renewed
STH507251,TF121424,0.2,few emails received,renewed
STH504879,TF114445,3.7,"low spend per game, low email engagement",renewed
STH501761,TF105165,0.1,no dominant single factor,renewed
STH506036,TF117974,25.0,"low game attendance, low total spend",not_renewed
STH506242,TF118529,0.2,tenure,renewed
STH500131,TF100363,0.1,no dominant single factor,renewed
STH501249,TF103691,0.0,no dominant single factor,renewed
STH506642,TF119716,0.1,low spend per game,renewed
STH507246,TF121409,2.9,long gap since last game attended,renewed
STH507134,TF121086,1.2,"low spend per game, tenure",renewed
STH505719,TF117047,0.1,tenure,renewed
STH501688,TF104939,0.1,low email engagement,renewed
STH503342,TF109728,0.3,"low email engagement, tenure",renewed
STH506078,TF118091,0.2,low spend per game,renewed
STH507615,TF122436,0.2,tenure,renewed
STH502666,TF107744,0.1,no dominant single factor,renewed
STH505426,TF116162,0.2,few emails received,renewed
STH506637,TF119701,4.3,tenure,renewed
STH501779,TF105215,78.1,"low total spend, low game attendance",not_renewed
STH501998,TF105872,0.2,"tenure, low email engagement",renewed
STH503084,TF108966,95.1,"low total spend, low game attendance",not_renewed
STH503092,TF108993,0.2,low email engagement,renewed
STH506410,TF119036,1.0,"long gap since last game attended, few emails received",renewed
STH508064,TF123723,0.8,tenure,renewed
STH506728,TF119941,0.1,no dominant single factor,renewed
STH501165,TF103430,74.2,"low total spend, low game attendance",not_renewed
STH504510,TF113280,94.9,"low game attendance, low total spend",not_renewed
STH506508,TF119341,0.2,no dominant single factor,renewed
STH503669,TF110738,0.2,low spend per game,renewed
STH505684,TF116975,0.1,no dominant single factor,renewed
STH506925,TF120484,0.2,low spend per game,renewed
STH500648,TF101820,0.1,no dominant single factor,renewed
STH507308,TF121581,0.2,no dominant single factor,renewed
STH507377,TF121778,0.1,"low spend per game, low email engagement",renewed
STH503383,TF109854,2.6,"long gap since last game attended, tenure",renewed
STH501409,TF104133,0.1,low spend per game,renewed
STH506996,TF120680,0.8,"low email engagement, tenure",renewed
STH506065,TF118050,0.0,tenure,renewed
STH501870,TF105503,0.1,low spend per game,renewed
STH503951,TF111572,0.1,no dominant single factor,renewed
STH500722,TF102105,1.8,no dominant single factor,renewed
STH504568,TF113461,1.3,few emails received,renewed
STH502835,TF108249,0.1,"tenure, low spend per game",renewed
STH501748,TF105121,0.1,tenure,renewed
STH506114,TF118158,0.1,low spend per game,renewed
STH502868,TF108335,0.2,low email engagement,renewed
STH504372,TF112851,97.3,"low total spend, low game attendance",not_renewed
STH503326,TF109685,0.4,tenure,renewed
STH500013,TF100023,87.2,"low total spend, low email engagement",not_renewed
STH507064,TF120883,0.1,low spend per game,renewed
STH502288,TF106662,0.2,no dominant single factor,renewed
STH500673,TF101901,0.1,"low email engagement, few emails received",renewed
STH501276,TF103771,97.8,"low total spend, low game attendance",not_renewed
STH502707,TF107867,0.1,no dominant single factor,renewed
STH505245,TF115594,0.1,no dominant single factor,renewed
STH505555,TF116540,98.4,"low total spend, low game attendance",not_renewed
STH506686,TF119826,0.4,no dominant single factor,renewed
STH505006,TF114857,0.2,tenure,renewed
STH502476,TF107236,0.1,low spend per game,renewed
STH501359,TF103975,1.7,few emails received,renewed
STH507161,TF121168,31.8,"low total spend, low game attendance",renewed
STH503779,TF111048,30.5,"long gap since last game attended, low email engagement",not_renewed
STH506956,TF120568,98.4,"low total spend, low game attendance",not_renewed
STH507118,TF121043,0.0,no dominant single factor,renewed
STH507925,TF123307,0.9,few emails received,renewed
STH507297,TF121533,0.1,tenure,renewed
STH503160,TF109187,0.1,tenure,renewed
STH501222,TF103603,0.1,tenure,renewed
STH501652,TF104833,0.3,low email engagement,renewed
STH505365,TF115952,0.1,no dominant single factor,renewed
STH507818,TF122982,0.5,low email engagement,renewed
STH505786,TF117215,0.1,"low email engagement, tenure",renewed
STH508385,TF124633,0.1,no dominant single factor,renewed
STH504272,TF112529,1.3,few emails received,renewed
STH500107,TF100308,0.2,"low email engagement, tenure",renewed
STH501467,TF104276,0.2,low email engagement,renewed
STH501119,TF103270,0.2,"tenure, low spend per game",renewed
STH507740,TF122772,0.0,no dominant single factor,renewed
STH502151,TF106308,0.3,low spend per game,renewed
STH502839,TF108259,32.8,"low total spend, low game attendance",renewed
STH500823,TF102377,0.7,no dominant single factor,renewed
STH504346,TF112755,0.1,no dominant single factor,renewed
STH500228,TF100626,0.5,"low email engagement, low spend per game",renewed
STH504439,TF113046,1.0,"low email engagement, tenure",renewed
STH502562,TF107441,0.1,"low spend per game, tenure",renewed
STH501935,TF105676,0.3,low email engagement,renewed
STH501692,TF104956,0.2,"low email engagement, low spend per game",renewed
STH500939,TF102741,0.4,"low spend per game, few emails received",renewed
STH508373,TF124588,0.9,"low email engagement, low spend per game",renewed
STH500067,TF100216,0.2,no dominant single factor,renewed
STH505607,TF116723,0.1,no dominant single factor,renewed
STH508462,TF124898,0.2,low spend per game,renewed
STH506753,TF120024,0.1,no dominant single factor,renewed
STH503842,TF111228,0.1,low email engagement,renewed
STH508136,TF123930,41.2,"low total spend, low game attendance",renewed
STH502826,TF108231,99.0,"low total spend, low game attendance",not_renewed
STH506493,TF119297,0.4,"low spend per game, low email engagement",renewed
STH504542,TF113360,0.1,tenure,renewed
STH506337,TF118848,0.1,long gap since last game attended,renewed
STH504486,TF113192,94.0,"low total spend, low game attendance",not_renewed
STH505740,TF117107,0.2,long gap since last game attended,renewed
STH507193,TF121281,0.2,low email engagement,renewed
STH506468,TF119220,0.2,"low email engagement, tenure",renewed
STH504040,TF111849,0.1,tenure,renewed
STH501091,TF103197,0.1,"low spend per game, low email engagement",renewed
STH506352,TF118884,0.0,no dominant single factor,renewed
STH506428,TF119078,1.8,"low email engagement, few emails received",renewed
STH500735,TF102128,0.1,no dominant single factor,renewed
STH506107,TF118147,14.8,"low game attendance, low total spend",renewed
STH506546,TF119438,0.1,no dominant single factor,renewed
STH506056,TF118029,0.1,"low spend per game, tenure",renewed
STH505670,TF116925,0.7,no dominant single factor,renewed
STH504956,TF114688,35.4,"long gap since last game attended, tenure",renewed
STH507070,TF120906,4.6,"tenure, low spend per game",renewed
STH504075,TF111948,0.1,low spend per game,renewed
STH506436,TF119108,0.1,few emails received,renewed
STH500698,TF102000,1.5,low email engagement,renewed
STH503292,TF109587,0.1,tenure,renewed
STH504194,TF112290,0.1,no dominant single factor,renewed
STH500207,TF100562,0.2,low spend per game,renewed
STH507013,TF120729,5.5,"tenure, low email engagement",renewed
STH503632,TF110613,12.3,"low game attendance, low total spend",not_renewed
STH504649,TF113664,0.1,tenure,renewed
STH502394,TF106972,0.1,low spend per game,renewed
STH506084,TF118102,1.3,"long gap since last game attended, tenure",renewed
STH507709,TF122700,0.1,tenure,renewed
STH501713,TF105014,0.1,no dominant single factor,renewed
STH504034,TF111832,0.3,low spend per game,renewed
STH503046,TF108860,4.3,"low email engagement, low game attendance",renewed
STH501192,TF103512,0.2,tenure,renewed
STH504894,TF114483,0.3,"low email engagement, tenure",renewed
STH500405,TF101126,0.1,no dominant single factor,renewed
STH503418,TF109988,0.1,tenure,renewed
STH502311,TF106740,0.1,low spend per game,renewed
STH503302,TF109616,0.1,long gap since last game attended,renewed
STH507195,TF121286,0.1,low spend per game,renewed
STH503858,TF111268,15.6,"low game attendance, low total spend",renewed
STH506624,TF119655,0.0,low spend per game,renewed
STH503506,TF110268,0.2,no dominant single factor,renewed
STH505334,TF115868,2.8,low game attendance,renewed
STH504514,TF113289,0.1,no dominant single factor,renewed
STH506156,TF118257,15.9,"low total spend, low email engagement",not_renewed
STH502410,TF107024,0.1,tenure,renewed
STH507475,TF122059,0.1,low email engagement,renewed
STH507959,TF123398,0.1,low email engagement,renewed
STH504066,TF111918,0.1,tenure,renewed
STH503773,TF111024,94.5,"low total spend, low game attendance",not_renewed
STH505309,TF115782,2.6,"low email engagement, low spend per game",renewed
STH503615,TF110570,0.1,no dominant single factor,renewed
STH507354,TF121717,17.4,"long gap since last game attended, tenure",renewed
STH503185,TF109268,0.2,few emails received,renewed
STH500718,TF102094,0.1,low spend per game,renewed
STH502917,TF108467,0.1,"low spend per game, few emails received",renewed
STH505540,TF116492,1.0,few emails received,renewed
STH504751,TF114009,0.1,"low spend per game, tenure",renewed
STH500291,TF100796,6.6,"long gap since last game attended, tenure",renewed
STH502075,TF106072,0.2,few emails received,renewed
STH508209,TF124129,0.4,no dominant single factor,renewed
STH504544,TF113365,0.1,tenure,renewed
STH503159,TF109186,0.0,no dominant single factor,renewed
STH507433,TF121936,0.7,low email engagement,renewed
STH502764,TF108024,0.2,few emails received,renewed
STH501475,TF104303,96.5,"low total spend, low game attendance",not_renewed
STH501040,TF103049,65.3,"low game attendance, low total spend",not_renewed
STH507800,TF122931,0.4,"low spend per game, tenure",renewed
STH506744,TF119998,5.3,"low game attendance, low email engagement",renewed
STH502876,TF108352,0.1,tenure,renewed
STH504634,TF113639,0.1,tenure,renewed
STH501144,TF103360,0.1,few emails received,renewed
STH505353,TF115919,0.1,no dominant single factor,renewed
STH501476,TF104305,0.2,"low email engagement, low spend per game",renewed
STH500595,TF101680,0.1,low email engagement,renewed
STH503432,TF110035,24.2,"low total spend, low email engagement",renewed
STH505878,TF117478,32.3,"long gap since last game attended, low game attendance",renewed
STH505139,TF115247,24.5,"low game attendance, long gap since last game attended",renewed
STH507902,TF123244,0.4,tenure,renewed
STH506412,TF119043,1.2,"low spend per game, few emails received",renewed
STH508264,TF124273,20.9,low game attendance,renewed
STH507823,TF122995,8.4,low total spend,renewed
STH505856,TF117403,4.9,tenure,renewed
STH501869,TF105501,2.2,"low spend per game, low email engagement",renewed
STH506112,TF118153,94.1,"low total spend, low game attendance",not_renewed
STH503622,TF110592,0.2,few emails received,renewed
STH506622,TF119653,0.7,"few emails received, low email engagement",renewed
STH502158,TF106319,4.2,long gap since last game attended,renewed
STH504654,TF113683,0.4,low spend per game,renewed
STH504886,TF114467,0.1,no dominant single factor,renewed
STH508473,TF124917,0.5,"low email engagement, tenure",renewed
STH503579,TF110456,0.1,no dominant single factor,renewed
STH504278,TF112555,0.1,no dominant single factor,renewed
STH505881,TF117487,1.1,"few emails received, low email engagement",renewed
STH501571,TF104602,0.2,few emails received,renewed
STH505703,TF117013,0.1,low email engagement,renewed
STH501738,TF105084,0.1,no dominant single factor,renewed
STH506588,TF119548,0.1,low spend per game,renewed
STH503375,TF109833,0.2,tenure,renewed
STH507514,TF122170,0.0,no dominant single factor,renewed
STH506250,TF118564,0.1,no dominant single factor,renewed
STH504358,TF112788,0.1,no dominant single factor,renewed
STH501504,TF104394,90.4,"low total spend, low game attendance",not_renewed
STH508349,TF124528,0.7,"low email engagement, tenure",renewed
STH503592,TF110499,0.2,no dominant single factor,renewed
STH503290,TF109577,0.1,tenure,renewed
STH502742,TF107960,0.1,no dominant single factor,renewed
STH502384,TF106936,0.1,low email engagement,renewed
STH501565,TF104580,0.1,no dominant single factor,renewed
STH502124,TF106222,0.4,low spend per game,renewed
STH503602,TF110531,0.1,no dominant single factor,renewed
STH508306,TF124408,44.4,"low total spend, low game attendance",renewed
STH508370,TF124578,0.1,tenure,renewed
STH505108,TF115152,0.1,no dominant single factor,renewed
STH503469,TF110147,0.1,no dominant single factor,renewed
STH501719,TF105030,0.1,few emails received,renewed
STH502705,TF107862,0.1,low email engagement,renewed
STH505497,TF116376,0.1,no dominant single factor,renewed
STH506269,TF118625,0.5,tenure,renewed
STH508124,TF123883,0.1,"low spend per game, few emails received",renewed
STH503814,TF111153,0.1,no dominant single factor,renewed
STH506376,TF118952,0.2,low spend per game,renewed
STH506418,TF119052,94.7,"low total spend, low game attendance",not_renewed
STH502346,TF106852,0.2,"tenure, low spend per game",renewed
STH503455,TF110099,3.6,"long gap since last game attended, low game attendance",renewed
STH505552,TF116529,0.1,no dominant single factor,renewed
STH505938,TF117681,0.1,low spend per game,renewed
STH506618,TF119639,97.0,"low total spend, low game attendance",not_renewed
STH503537,TF110354,0.1,long gap since last game attended,renewed
STH503293,TF109588,0.1,no dominant single factor,renewed
STH507431,TF121932,0.1,low spend per game,renewed
STH503120,TF109060,0.1,no dominant single factor,renewed
STH500689,TF101976,0.2,no dominant single factor,renewed
STH500497,TF101426,0.2,low spend per game,renewed
STH504269,TF112518,93.5,"low total spend, low game attendance",not_renewed
STH501891,TF105567,0.1,no dominant single factor,renewed
STH507955,TF123382,0.1,tenure,renewed
STH500043,TF100129,99.1,"low total spend, low game attendance",not_renewed
STH507285,TF121505,0.1,"low email engagement, few emails received",renewed
STH504162,TF112194,0.1,low spend per game,renewed
STH501306,TF103842,0.2,no dominant single factor,renewed
STH503197,TF109296,0.3,"low spend per game, few emails received",renewed
STH507908,TF123256,0.1,low email engagement,renewed
STH505456,TF116253,0.2,low spend per game,renewed
STH502684,TF107809,10.9,"low game attendance, low total spend",renewed
STH503433,TF110036,0.2,no dominant single factor,renewed
STH503409,TF109955,0.1,no dominant single factor,renewed
STH506162,TF118270,0.4,"few emails received, low spend per game",renewed
STH508057,TF123701,0.3,"low spend per game, few emails received",renewed
STH500260,TF100709,20.6,"long gap since last game attended, low spend per game",not_renewed
STH504150,TF112154,0.2,no dominant single factor,renewed
STH502047,TF106008,0.1,tenure,renewed
STH506547,TF119440,11.2,"low total spend, low game attendance",renewed
STH501324,TF103886,79.6,"low total spend, low game attendance",not_renewed
STH506718,TF119915,3.4,"tenure, low game attendance",renewed
STH503855,TF111262,0.2,no dominant single factor,renewed
STH506296,TF118687,0.2,"long gap since last game attended, low spend per game",renewed
STH507121,TF121052,0.4,long gap since last game attended,renewed
STH504731,TF113956,0.0,no dominant single factor,renewed
STH501992,TF105855,1.5,low spend per game,renewed
STH506122,TF118174,0.1,"long gap since last game attended, low email engagement",renewed
STH501505,TF104396,0.4,low email engagement,renewed
STH508093,TF123811,0.1,low spend per game,renewed
STH504565,TF113439,0.1,low spend per game,renewed
STH505699,TF117008,0.1,low spend per game,renewed
STH502667,TF107745,0.1,no dominant single factor,renewed
STH505423,TF116146,94.4,"low total spend, low game attendance",not_renewed
STH508151,TF123979,1.0,tenure,renewed
STH503376,TF109836,0.2,"low spend per game, few emails received",renewed
STH505956,TF117728,0.2,low spend per game,renewed
STH507245,TF121407,1.1,no dominant single factor,renewed
STH500953,TF102795,0.3,"low spend per game, few emails received",renewed
STH502271,TF106605,0.0,few emails received,renewed
STH503415,TF109985,0.1,low spend per game,renewed
STH500727,TF102113,0.1,low email engagement,renewed
STH500742,TF102150,97.4,"low total spend, low game attendance",not_renewed
STH504550,TF113389,0.5,"low email engagement, low spend per game",renewed
STH504200,TF112301,0.2,tenure,renewed
STH501560,TF104562,0.1,tenure,renewed
STH503091,TF108991,60.3,"low total spend, low game attendance",renewed
STH502348,TF106865,7.8,"low game attendance, low total spend",renewed
STH502040,TF105989,0.1,low spend per game,renewed
STH507934,TF123323,14.6,"low total spend, low spend per game",renewed
STH500767,TF102234,0.1,tenure,renewed
STH506183,TF118330,18.2,"low game attendance, low total spend",renewed
STH501905,TF105602,0.1,no dominant single factor,renewed
STH502673,TF107762,3.4,low spend per game,renewed
STH502438,TF107126,0.2,low email engagement,renewed
STH505705,TF117019,0.1,tenure,renewed
STH507510,TF122156,91.3,"low total spend, low game attendance",not_renewed
STH508015,TF123580,41.6,"low game attendance, low total spend",not_renewed
STH502107,TF106181,0.2,low spend per game,renewed
STH507179,TF121230,13.5,low total spend,renewed
STH500540,TF101529,0.2,low email engagement,renewed
STH506321,TF118765,0.1,tenure,renewed
STH505992,TF117841,0.2,no dominant single factor,renewed
STH500256,TF100697,0.2,low spend per game,renewed
STH500262,TF100723,0.2,no dominant single factor,renewed
STH507174,TF121215,0.1,no dominant single factor,renewed
STH502493,TF107276,0.3,low spend per game,renewed
STH500450,TF101288,0.1,no dominant single factor,renewed
STH507914,TF123267,94.5,"low total spend, low game attendance",not_renewed
STH500156,TF100429,0.1,tenure,renewed
STH504368,TF112831,0.5,tenure,renewed
STH501051,TF103074,0.1,no dominant single factor,renewed
STH507679,TF122625,0.1,no dominant single factor,renewed
STH504638,TF113644,0.3,no dominant single factor,renewed
STH505383,TF116012,0.1,"low email engagement, few emails received",renewed
STH504601,TF113547,3.6,tenure,renewed
STH503860,TF111275,0.3,"low spend per game, low email engagement",renewed
STH507392,TF121828,2.0,few emails received,renewed
STH504420,TF112995,2.4,"tenure, few emails received",renewed
STH503911,TF111435,93.7,"low game attendance, low total spend",not_renewed
STH500858,TF102507,0.2,low email engagement,renewed
STH501126,TF103287,29.9,"low total spend, low game attendance",renewed
STH506229,TF118490,0.4,low spend per game,renewed
STH502045,TF106004,0.1,long gap since last game attended,renewed
STH507205,TF121307,24.3,"low game attendance, low total spend",renewed
STH506182,TF118329,0.5,low spend per game,renewed
STH500293,TF100800,0.1,no dominant single factor,renewed
STH506643,TF119719,0.1,long gap since last game attended,renewed
STH505346,TF115902,0.1,no dominant single factor,renewed
STH506910,TF120446,45.0,"low total spend, low game attendance",renewed
STH505909,TF117587,0.1,no dominant single factor,renewed
STH507093,TF120975,93.1,"low total spend, low game attendance",not_renewed
STH501239,TF103645,0.2,no dominant single factor,renewed
STH505449,TF116230,0.2,low email engagement,renewed
STH502599,TF107565,0.4,"low email engagement, low spend per game",renewed
STH506275,TF118644,0.0,no dominant single factor,renewed
STH501180,TF103461,0.1,"low email engagement, few emails received",renewed
STH504961,TF114704,0.4,"low spend per game, low email engagement",renewed
STH508089,TF123802,0.4,long gap since last game attended,renewed
STH503924,TF111480,0.1,low spend per game,renewed
STH503792,TF111095,0.1,tenure,renewed
STH504238,TF112429,0.1,long gap since last game attended,renewed
STH504165,TF112204,21.4,"low game attendance, low total spend",renewed
STH502552,TF107416,0.2,no dominant single factor,renewed
STH505704,TF117014,97.8,"low total spend, low game attendance",not_renewed
STH503766,TF110998,0.1,few emails received,renewed
STH504548,TF113373,0.1,no dominant single factor,renewed
STH507519,TF122182,35.2,"low total spend, low game attendance",renewed
STH506985,TF120645,0.1,no dominant single factor,renewed
STH502567,TF107463,0.1,few emails received,renewed
STH507836,TF123032,0.1,no dominant single factor,renewed
STH508454,TF124854,2.7,few emails received,renewed
STH500828,TF102398,3.6,"low email engagement, low game attendance",renewed
STH500150,TF100416,0.2,no dominant single factor,renewed
STH506272,TF118633,1.1,low email engagement,renewed
STH505638,TF116830,0.1,low spend per game,renewed
STH504693,TF113814,0.2,"low email engagement, low spend per game",renewed
STH502209,TF106432,1.4,no dominant single factor,renewed
STH501618,TF104750,0.1,few emails received,renewed
STH506566,TF119492,0.1,tenure,renewed
STH503816,TF111158,0.9,long gap since last game attended,renewed
STH503521,TF110313,0.1,low spend per game,renewed
STH502106,TF106168,0.2,"low email engagement, few emails received",renewed
STH508287,TF124336,0.8,"tenure, few emails received",renewed
STH507120,TF121051,0.1,tenure,renewed
STH504018,TF111784,0.1,no dominant single factor,renewed
STH502080,TF106102,71.2,"low total spend, low game attendance",not_renewed
STH503421,TF110003,0.1,"tenure, few emails received",renewed
STH508345,TF124515,0.1,"low spend per game, tenure",renewed
STH506586,TF119544,0.1,no dominant single factor,renewed
STH506236,TF118509,0.1,no dominant single factor,renewed
STH503707,TF110838,74.3,"low game attendance, low total spend",not_renewed
STH505658,TF116898,0.1,no dominant single factor,renewed
STH503276,TF109531,0.1,no dominant single factor,renewed
STH500158,TF100432,0.1,tenure,renewed
STH507334,TF121653,0.2,tenure,renewed
STH507401,TF121855,1.5,no dominant single factor,renewed
STH505088,TF115089,0.2,low spend per game,renewed
STH506631,TF119683,0.1,low email engagement,renewed
STH501929,TF105662,0.2,low spend per game,renewed
STH506011,TF117904,46.6,"low game attendance, low total spend",renewed
STH504856,TF114369,1.5,low email engagement,renewed
STH503535,TF110348,4.0,"long gap since last game attended, few emails received",renewed
STH506725,TF119931,22.6,"low total spend, tenure",renewed
STH506253,TF118570,0.9,"low spend per game, few emails received",renewed
STH504211,TF112330,1.1,few emails received,renewed
STH500473,TF101350,0.1,no dominant single factor,renewed
STH503637,TF110632,0.4,tenure,renewed
STH508379,TF124611,1.5,low email engagement,renewed
STH500946,TF102757,0.2,low email engagement,renewed
STH508480,TF124943,0.1,tenure,renewed
STH503980,TF111664,0.6,"few emails received, low email engagement",renewed
STH503676,TF110753,75.1,"low game attendance, low total spend",renewed
STH504931,TF114609,84.8,"low total spend, low game attendance",not_renewed
STH501808,TF105287,0.3,low spend per game,renewed
STH504578,TF113488,0.8,tenure,renewed
STH505574,TF116609,0.1,low spend per game,renewed
STH501591,TF104654,0.1,long gap since last game attended,renewed
STH507415,TF121889,1.3,"low spend per game, low email engagement",not_renewed
STH506020,TF117934,0.2,tenure,renewed
STH507469,TF122041,1.7,no dominant single factor,renewed
STH504881,TF114447,0.6,"low spend per game, few emails received",renewed
STH508181,TF124062,20.4,"long gap since last game attended, low game attendance",renewed
STH507156,TF121149,0.1,tenure,renewed
STH501166,TF103431,0.2,low email engagement,renewed
STH500350,TF100961,0.1,low spend per game,renewed
STH506037,TF117975,52.0,"low game attendance, low total spend",renewed
STH504831,TF114267,0.1,no dominant single factor,renewed
STH503057,TF108899,0.1,no dominant single factor,renewed
STH503898,TF111407,19.2,low game attendance,renewed
STH501939,TF105687,16.7,"low game attendance, low total spend",renewed
STH501375,TF104032,0.2,tenure,renewed
STH501658,TF104855,0.1,no dominant single factor,renewed
STH500991,TF102893,0.1,low spend per game,renewed
STH503847,TF111241,0.1,low email engagement,renewed
STH502683,TF107800,0.2,low spend per game,renewed
STH508295,TF124368,7.7,low game attendance,renewed
STH505651,TF116870,0.2,"low email engagement, tenure",renewed
STH507473,TF122048,0.4,low email engagement,renewed
STH503194,TF109288,4.8,tenure,renewed
STH507985,TF123455,0.2,"tenure, low spend per game",renewed
STH503378,TF109842,0.1,few emails received,renewed
STH503871,TF111314,0.1,low spend per game,renewed
STH508285,TF124333,2.1,few emails received,renewed
STH503230,TF109395,0.3,tenure,renewed
STH507317,TF121611,0.1,long gap since last game attended,renewed
STH500737,TF102135,0.2,no dominant single factor,renewed
STH500573,TF101623,0.2,"low spend per game, few emails received",renewed
STH502067,TF106050,3.0,low spend per game,renewed
STH502907,TF108421,0.1,"tenure, low spend per game",renewed
STH501805,TF105280,0.1,tenure,renewed
STH505390,TF116032,86.1,"low total spend, low game attendance",not_renewed
STH507465,TF122021,0.1,low spend per game,renewed
STH501330,TF103902,0.1,low email engagement,renewed
STH503544,TF110371,0.1,low email engagement,renewed
STH503939,TF111527,0.2,low spend per game,renewed
STH500368,TF101023,4.0,"low game attendance, long gap since last game attended",renewed
STH506577,TF119522,0.1,long gap since last game attended,renewed
STH500874,TF102554,0.1,low spend per game,renewed
STH506623,TF119654,0.1,low spend per game,renewed
STH503362,TF109792,94.7,"low total spend, low game attendance",not_renewed
STH501895,TF105573,0.1,"tenure, low spend per game",renewed
STH506719,TF119916,1.0,few emails received,renewed
STH501679,TF104920,0.1,few emails received,renewed
STH502389,TF106954,2.1,low email engagement,renewed
STH507022,TF120767,1.4,no dominant single factor,renewed
STH504095,TF111997,40.5,"low total spend, low game attendance",not_renewed
STH501520,TF104425,0.1,low email engagement,renewed
STH504656,TF113689,0.3,low spend per game,renewed
STH504518,TF113305,0.1,low spend per game,renewed
STH506145,TF118237,0.1,no dominant single factor,renewed
STH506731,TF119953,0.1,no dominant single factor,renewed
STH503147,TF109141,3.9,tenure,renewed
STH507904,TF123247,0.1,low email engagement,renewed
STH502296,TF106698,0.1,long gap since last game attended,renewed
STH504008,TF111756,0.1,tenure,renewed
STH506357,TF118897,0.9,low email engagement,renewed
STH502464,TF107200,0.1,no dominant single factor,renewed
STH507464,TF122017,0.1,low email engagement,renewed
STH500931,TF102717,0.4,low email engagement,renewed
STH500532,TF101505,0.3,"low email engagement, low spend per game",renewed
STH504720,TF113918,46.1,"low game attendance, low total spend",renewed
STH503862,TF111278,0.1,tenure,renewed
STH506683,TF119821,0.1,low spend per game,renewed
STH502575,TF107480,0.8,"tenure, low spend per game",renewed
STH500427,TF101193,0.1,no dominant single factor,renewed
STH503603,TF110533,0.1,low spend per game,renewed
STH505646,TF116850,0.1,low spend per game,renewed
STH506944,TF120535,0.1,low spend per game,renewed
STH503568,TF110439,0.2,no dominant single factor,renewed
STH508355,TF124543,0.1,no dominant single factor,renewed
STH500232,TF100634,0.3,no dominant single factor,renewed
STH500666,TF101881,0.2,no dominant single factor,renewed
STH506086,TF118105,0.1,tenure,renewed
STH502432,TF107096,0.2,low email engagement,renewed
STH501342,TF103934,0.6,"low email engagement, low spend per game",renewed
STH500420,TF101175,0.1,low spend per game,renewed
STH501690,TF104949,0.1,tenure,renewed
STH501661,TF104859,0.1,tenure,renewed
STH500003,TF100005,0.3,no dominant single factor,renewed
STH506429,TF119079,0.1,no dominant single factor,renewed
STH501986,TF105841,0.7,long gap since last game attended,renewed
STH503014,TF108753,0.1,"low email engagement, few emails received",renewed
STH506804,TF120167,0.1,few emails received,renewed
STH504431,TF113026,0.1,no dominant single factor,renewed
STH501350,TF103945,0.1,tenure,renewed
STH504557,TF113402,0.1,"long gap since last game attended, tenure",renewed
STH500113,TF100316,0.3,low email engagement,renewed
STH506224,TF118479,68.9,"low total spend, low game attendance",not_renewed
STH504130,TF112090,64.9,"low game attendance, low total spend",not_renewed
STH500371,TF101034,0.2,low spend per game,renewed
STH507445,TF121968,0.1,no dominant single factor,renewed
STH506583,TF119539,0.1,no dominant single factor,renewed
STH507425,TF121917,0.1,tenure,renewed
STH503586,TF110480,0.4,tenure,renewed
STH501377,TF104035,0.1,tenure,renewed
STH506198,TF118384,2.3,"tenure, long gap since last game attended",renewed
STH503599,TF110527,0.1,no dominant single factor,renewed
STH503872,TF111321,61.9,"low game attendance, low total spend",not_renewed
STH504955,TF114686,96.8,"low total spend, low game attendance",not_renewed
STH504877,TF114443,0.1,low email engagement,renewed
STH506318,TF118753,98.2,"low total spend, low game attendance",not_renewed
STH500851,TF102490,0.2,"low spend per game, tenure",renewed
STH502892,TF108386,0.1,no dominant single factor,renewed
STH502471,TF107222,0.1,tenure,renewed
STH503257,TF109474,1.4,tenure,renewed
STH503244,TF109441,0.2,few emails received,renewed
STH503007,TF108729,1.2,low email engagement,renewed
STH506088,TF118109,99.0,"low total spend, low game attendance",not_renewed
STH504467,TF113125,0.2,long gap since last game attended,renewed
STH502927,TF108488,0.0,tenure,renewed
STH500642,TF101808,0.1,tenure,renewed
STH508246,TF124233,0.2,"low email engagement, few emails received",renewed
STH505871,TF117455,0.1,few emails received,renewed
STH500765,TF102231,92.6,"low total spend, low game attendance",not_renewed
STH505163,TF115322,0.1,low spend per game,renewed
STH502127,TF106231,0.1,tenure,renewed
STH505248,TF115601,0.1,low spend per game,renewed
STH507352,TF121712,0.1,low email engagement,renewed
STH506288,TF118675,0.1,no dominant single factor,renewed
STH507006,TF120715,0.1,no dominant single factor,renewed
STH501511,TF104410,0.2,long gap since last game attended,renewed
STH502189,TF106388,3.7,"low game attendance, low email engagement",renewed
STH508341,TF124504,26.1,"low game attendance, low total spend",renewed
STH506630,TF119681,18.8,low spend per game,not_renewed
STH504348,TF112760,0.1,few emails received,renewed
STH505260,TF115639,0.1,no dominant single factor,renewed
STH501066,TF103115,1.6,no dominant single factor,renewed
STH503008,TF108735,6.3,"low total spend, low email engagement",renewed
STH505013,TF114879,0.2,no dominant single factor,renewed
STH507063,TF120879,0.5,"low email engagement, low spend per game",renewed
STH501079,TF103161,0.2,tenure,renewed
STH505678,TF116953,0.3,"low spend per game, low email engagement",renewed
STH507432,TF121934,0.2,"low email engagement, few emails received",renewed
STH500492,TF101416,0.1,tenure,renewed
STH501562,TF104564,0.2,"few emails received, low spend per game",renewed
STH503724,TF110875,0.1,low email engagement,renewed
STH507845,TF123058,2.0,"few emails received, low email engagement",renewed
STH507311,TF121590,0.1,low spend per game,renewed
STH500831,TF102417,0.1,no dominant single factor,renewed
STH506284,TF118670,0.1,"low email engagement, tenure",renewed
STH503254,TF109464,0.3,"low spend per game, tenure",renewed
STH505730,TF117078,0.2,"long gap since last game attended, low spend per game",renewed
STH507814,TF122967,0.1,tenure,renewed
STH500621,TF101762,5.1,tenure,renewed
STH505008,TF114861,0.1,no dominant single factor,renewed
STH502925,TF108480,0.1,no dominant single factor,renewed
STH500074,TF100235,85.1,"low total spend, low game attendance",not_renewed
STH502967,TF108605,0.1,low spend per game,renewed
STH505645,TF116848,0.1,tenure,renewed
STH505327,TF115825,0.1,low email engagement,renewed
STH503821,TF111165,0.0,no dominant single factor,renewed
STH500583,TF101645,0.1,tenure,renewed
STH504696,TF113824,0.5,low spend per game,renewed
STH502820,TF108202,63.5,"low total spend, low game attendance",not_renewed
STH507146,TF121128,0.5,low spend per game,renewed
STH501535,TF104500,0.8,"low email engagement, low spend per game",renewed
STH500485,TF101398,0.5,"low spend per game, few emails received",renewed
STH507765,TF122826,0.1,tenure,renewed
STH505392,TF116041,0.1,no dominant single factor,renewed
STH507562,TF122303,0.1,low spend per game,renewed
STH507680,TF122626,0.1,no dominant single factor,renewed
STH501041,TF103053,0.1,no dominant single factor,renewed
STH500589,TF101668,0.2,low spend per game,renewed
STH501411,TF104136,0.2,low email engagement,renewed
STH504313,TF112649,0.8,"long gap since last game attended, tenure",renewed
STH503344,TF109736,0.1,no dominant single factor,renewed
STH504760,TF114050,0.1,long gap since last game attended,renewed
STH506130,TF118186,91.2,"low total spend, low game attendance",renewed
STH506064,TF118048,0.9,"few emails received, low spend per game",renewed
STH503961,TF111595,0.3,tenure,renewed
STH502333,TF106810,0.7,"low email engagement, tenure",renewed
STH505205,TF115460,0.8,low spend per game,renewed
STH501532,TF104491,0.4,low spend per game,renewed
STH505936,TF117676,6.9,"tenure, low email engagement",renewed
STH508350,TF124530,2.3,low email engagement,renewed
STH501510,TF104405,0.7,tenure,renewed
STH501111,TF103249,0.3,"tenure, low spend per game",renewed
STH502624,TF107618,1.3,"low email engagement, few emails received",renewed
STH500505,TF101448,0.2,low spend per game,renewed
STH504316,TF112654,0.2,"low spend per game, few emails received",renewed
STH503517,TF110303,0.2,no dominant single factor,renewed
STH500661,TF101864,15.4,"low total spend, low game attendance",renewed
STH504737,TF113972,0.3,no dominant single factor,renewed
STH504608,TF113575,98.8,"low total spend, low game attendance",not_renewed
STH502929,TF108490,0.3,no dominant single factor,renewed
STH506733,TF119959,0.1,no dominant single factor,renewed
STH501954,TF105742,0.5,"low spend per game, low email engagement",renewed
STH504477,TF113153,0.1,few emails received,renewed
STH505427,TF116164,0.0,no dominant single factor,renewed
STH502002,TF105876,0.6,"tenure, low spend per game",renewed
STH506559,TF119476,31.2,"low game attendance, low total spend",not_renewed
STH505296,TF115727,0.6,low email engagement,renewed
STH507698,TF122671,0.3,no dominant single factor,renewed
STH501085,TF103184,0.1,no dominant single factor,renewed
STH504882,TF114449,0.3,low spend per game,renewed
STH507107,TF121016,0.1,low email engagement,renewed
STH502803,TF108150,0.1,low spend per game,renewed
STH502501,TF107298,0.1,tenure,renewed
STH502865,TF108327,0.0,no dominant single factor,renewed
STH502776,TF108057,0.1,low email engagement,renewed
STH504570,TF113464,0.0,tenure,renewed
STH508160,TF124011,0.5,"low email engagement, low spend per game",renewed
STH504553,TF113395,0.8,low spend per game,renewed
STH503468,TF110146,0.1,no dominant single factor,renewed
STH502979,TF108646,7.2,low game attendance,renewed
STH500255,TF100692,0.1,no dominant single factor,renewed
STH506368,TF118928,0.1,"long gap since last game attended, low email engagement",renewed
STH506953,TF120559,0.5,"low email engagement, tenure",renewed
STH505213,TF115481,0.2,no dominant single factor,renewed
STH501277,TF103773,0.1,low email engagement,renewed
STH504668,TF113732,0.1,no dominant single factor,renewed
STH506455,TF119162,0.2,few emails received,renewed
STH502159,TF106320,0.1,"low spend per game, few emails received",renewed
STH501226,TF103614,0.2,"low spend per game, tenure",renewed
STH508319,TF124442,0.4,no dominant single factor,renewed
STH507247,TF121415,0.1,few emails received,renewed
STH503149,TF109158,0.2,no dominant single factor,renewed
STH501365,TF103999,0.1,no dominant single factor,renewed
STH502677,TF107779,0.1,no dominant single factor,renewed
STH500292,TF100798,43.8,"low game attendance, low total spend",not_renewed
STH503693,TF110801,5.5,"tenure, low email engagement",renewed
STH505143,TF115258,53.5,"low total spend, low game attendance",renewed
STH503775,TF111028,0.1,no dominant single factor,renewed
STH504112,TF112051,0.2,"few emails received, low spend per game",renewed
STH500761,TF102224,0.2,no dominant single factor,renewed
STH506847,TF120284,64.3,"low game attendance, low total spend",not_renewed
STH505385,TF116019,0.1,no dominant single factor,renewed
STH500818,TF102360,0.5,low spend per game,renewed
STH505347,TF115905,0.2,tenure,renewed
STH505470,TF116286,42.5,"low total spend, low game attendance",renewed
STH502345,TF106851,0.1,no dominant single factor,renewed
STH504157,TF112181,0.0,no dominant single factor,renewed
STH500048,TF100157,0.1,few emails received,renewed
STH500139,TF100376,0.2,few emails received,renewed
STH506076,TF118087,0.1,low spend per game,renewed
STH505318,TF115800,0.2,"low email engagement, tenure",renewed
STH506606,TF119595,0.2,tenure,renewed
STH500308,TF100851,0.1,no dominant single factor,renewed
STH505847,TF117381,0.2,"low spend per game, tenure",renewed
STH502038,TF105977,0.1,"tenure, low spend per game",renewed
STH506899,TF120423,0.6,tenure,renewed
STH505680,TF116963,5.7,"low game attendance, few emails received",renewed
STH501933,TF105672,0.1,tenure,renewed
STH506970,TF120611,0.1,tenure,renewed
STH501684,TF104928,0.3,"low email engagement, tenure",renewed
STH508432,TF124781,0.0,no dominant single factor,renewed
STH503333,TF109706,1.6,"low game attendance, low spend per game",renewed
STH506115,TF118159,8.5,"long gap since last game attended, low spend per game",renewed
STH505331,TF115841,0.3,no dominant single factor,renewed
STH505691,TF116988,0.1,"few emails received, tenure",renewed
STH504833,TF114271,0.1,few emails received,renewed
STH503993,TF111706,0.1,no dominant single factor,renewed
STH500799,TF102306,0.3,"low email engagement, tenure",renewed
STH507684,TF122633,0.1,no dominant single factor,renewed
STH501100,TF103221,1.2,"low spend per game, low email engagement",renewed
STH502058,TF106026,0.1,"tenure, few emails received",renewed
STH506249,TF118559,0.1,tenure,renewed
STH507362,TF121751,0.3,few emails received,renewed
STH507518,TF122181,0.3,low email engagement,renewed
STH502962,TF108593,76.9,"low total spend, low game attendance",not_renewed
STH504715,TF113889,0.9,no dominant single factor,renewed
STH504756,TF114027,1.7,low email engagement,renewed
STH503346,TF109744,0.2,tenure,renewed
STH503948,TF111562,0.1,no dominant single factor,renewed
STH504051,TF111884,0.1,tenure,renewed
STH508253,TF124247,0.1,tenure,renewed
STH507493,TF122109,0.3,long gap since last game attended,renewed
STH507577,TF122338,0.1,no dominant single factor,renewed
STH506225,TF118483,72.2,"low total spend, low game attendance",renewed
STH503472,TF110163,3.2,few emails received,renewed
STH502334,TF106813,21.6,"low game attendance, low total spend",renewed
STH502001,TF105875,32.0,"low total spend, low game attendance",not_renewed
STH504795,TF114165,0.1,low email engagement,renewed
STH505754,TF117139,0.1,no dominant single factor,renewed
STH502698,TF107844,0.1,long gap since last game attended,renewed
STH502307,TF106735,0.1,no dominant single factor,renewed
STH502055,TF106021,0.1,tenure,renewed
STH500983,TF102880,0.1,no dominant single factor,renewed
STH505188,TF115407,0.1,tenure,renewed
STH502272,TF106612,48.6,"low email engagement, low game attendance",not_renewed
STH508078,TF123772,8.1,"low game attendance, low email engagement",renewed
STH501196,TF103529,0.6,"low email engagement, tenure",renewed
STH505115,TF115182,4.6,low game attendance,renewed
STH504457,TF113097,0.1,tenure,renewed
STH506817,TF120206,0.1,tenure,renewed
STH501492,TF104359,0.1,low spend per game,renewed
STH505326,TF115823,0.1,tenure,renewed
STH506734,TF119960,0.1,tenure,renewed
STH505895,TF117533,0.1,no dominant single factor,renewed
STH506636,TF119696,0.1,no dominant single factor,renewed
STH508099,TF123822,0.1,no dominant single factor,renewed
STH506920,TF120473,0.1,"tenure, few emails received",renewed
STH504363,TF112804,0.1,low spend per game,renewed
STH502999,TF108718,0.1,"tenure, low spend per game",renewed
STH506028,TF117959,0.1,no dominant single factor,renewed
STH500188,TF100501,0.5,long gap since last game attended,renewed
STH503331,TF109699,0.2,low spend per game,renewed
STH503744,TF110945,0.1,no dominant single factor,renewed
STH503849,TF111245,0.8,no dominant single factor,renewed
STH500165,TF100447,6.2,"long gap since last game attended, low game attendance",renewed
STH506521,TF119372,0.1,low spend per game,renewed
STH506263,TF118598,0.1,no dominant single factor,renewed
STH501975,TF105795,0.2,low spend per game,renewed
STH503694,TF110803,5.2,few emails received,renewed
STH504045,TF111871,92.1,"low total spend, low game attendance",not_renewed
STH508252,TF124246,0.2,tenure,renewed
STH504136,TF112110,1.6,few emails received,renewed
STH505428,TF116165,0.1,no dominant single factor,renewed
STH503011,TF108744,0.6,tenure,renewed
STH506485,TF119273,0.2,low email engagement,renewed
STH502304,TF106724,0.2,"tenure, low spend per game",renewed
STH506325,TF118777,3.7,"long gap since last game attended, low spend per game",renewed
STH506600,TF119583,0.2,long gap since last game attended,renewed
STH507954,TF123381,0.1,"tenure, low spend per game",renewed
STH502519,TF107338,0.3,low email engagement,renewed
STH507503,TF122131,0.1,tenure,renewed
STH508309,TF124415,0.5,"few emails received, low spend per game",renewed
STH507114,TF121029,1.5,"few emails received, low email engagement",renewed
STH505434,TF116173,0.1,tenure,renewed
STH500993,TF102895,0.2,low spend per game,renewed
STH507880,TF123171,0.2,no dominant single factor,renewed
STH508077,TF123769,0.2,low spend per game,renewed
STH503021,TF108777,0.1,tenure,renewed
STH507268,TF121468,54.7,"low game attendance, low total spend",not_renewed
STH504176,TF112233,0.1,tenure,renewed
STH502891,TF108384,0.1,low email engagement,renewed
STH501483,TF104331,0.2,low spend per game,renewed
STH503884,TF111362,96.0,"low total spend, low game attendance",not_renewed
STH507606,TF122405,68.2,"low total spend, low game attendance",not_renewed
STH508487,TF124964,0.1,no dominant single factor,renewed
STH503325,TF109682,0.5,low spend per game,renewed
STH506214,TF118440,0.1,tenure,renewed
STH502398,TF106980,0.3,no dominant single factor,renewed
STH501569,TF104592,0.1,"low spend per game, few emails received",renewed
STH505116,TF115184,0.4,low email engagement,renewed
STH508489,TF124969,0.1,"low email engagement, tenure",renewed
STH502393,TF106969,0.2,tenure,renewed
STH500137,TF100374,0.2,low spend per game,renewed
STH502392,TF106962,30.9,"low total spend, low game attendance",renewed
STH501299,TF103831,0.4,"low spend per game, few emails received",renewed
STH506893,TF120413,77.6,"low total spend, low game attendance",not_renewed
STH504413,TF112981,1.0,no dominant single factor,renewed
STH505862,TF117429,0.3,"low spend per game, tenure",renewed
STH507693,TF122657,2.4,low game attendance,renewed
STH508019,TF123589,0.1,no dominant single factor,renewed
STH504543,TF113364,75.2,"low total spend, low game attendance",not_renewed
STH501202,TF103545,0.9,long gap since last game attended,renewed
STH501525,TF104448,28.9,"low game attendance, low total spend",renewed
STH503252,TF109459,38.4,"low game attendance, low email engagement",renewed
STH501360,TF103979,0.1,no dominant single factor,renewed
STH506692,TF119834,0.2,low spend per game,renewed
STH502991,TF108683,0.1,tenure,renewed
STH502669,TF107755,0.2,few emails received,renewed
STH503695,TF110807,0.1,few emails received,renewed
STH500948,TF102761,0.1,no dominant single factor,renewed
STH501752,TF105134,0.1,no dominant single factor,renewed
STH507014,TF120731,0.2,no dominant single factor,renewed
STH506108,TF118148,0.1,tenure,renewed
STH502157,TF106316,0.2,low email engagement,renewed
STH501811,TF105302,0.1,no dominant single factor,renewed
STH503912,TF111436,0.1,few emails received,renewed
STH507625,TF122461,0.2,"tenure, low email engagement",renewed
STH500204,TF100541,0.1,no dominant single factor,renewed
STH508215,TF124141,0.1,no dominant single factor,renewed
STH501207,TF103564,48.9,"low game attendance, low total spend",renewed
STH501849,TF105434,0.1,no dominant single factor,renewed
STH506871,TF120351,3.3,"low email engagement, few emails received",renewed
STH504850,TF114336,0.2,"low email engagement, low spend per game",renewed
STH507972,TF123426,0.3,"low email engagement, tenure",renewed
STH502734,TF107941,0.1,no dominant single factor,renewed
STH507834,TF123029,18.4,"low total spend, low spend per game",renewed
STH507751,TF122794,0.1,low email engagement,renewed
STH503557,TF110405,0.1,no dominant single factor,renewed
STH507628,TF122466,0.2,tenure,renewed
STH501370,TF104017,0.1,low spend per game,renewed
STH501860,TF105471,0.0,no dominant single factor,renewed
STH501129,TF103291,0.1,low spend per game,renewed
STH503831,TF111202,0.5,"few emails received, low email engagement",renewed
STH508196,TF124106,0.2,low email engagement,renewed
STH500757,TF102198,4.2,tenure,renewed
STH501989,TF105851,0.4,tenure,renewed
STH507716,TF122711,0.1,low email engagement,renewed
STH505236,TF115558,0.5,low email engagement,renewed
STH505486,TF116337,0.1,no dominant single factor,renewed
STH501052,TF103076,0.1,no dominant single factor,renewed
STH505544,TF116502,0.1,"low email engagement, few emails received",renewed
STH503978,TF111658,0.2,no dominant single factor,renewed
STH506931,TF120500,91.7,"low total spend, low game attendance",not_renewed
STH506968,TF120602,0.2,few emails received,renewed
STH500871,TF102543,3.9,"low game attendance, low spend per game",renewed
STH501850,TF105438,0.1,no dominant single factor,renewed
STH506688,TF119829,6.2,"long gap since last game attended, low email engagement",renewed
STH501802,TF105273,0.0,no dominant single factor,renewed
STH501983,TF105827,1.0,few emails received,renewed
STH503878,TF111341,0.1,no dominant single factor,renewed
STH508003,TF123529,0.1,no dominant single factor,renewed
STH503143,TF109130,61.2,"low total spend, low game attendance",not_renewed
STH507361,TF121748,0.8,"tenure, low spend per game",renewed
STH500820,TF102363,0.2,no dominant single factor,renewed
STH507523,TF122197,0.1,tenure,renewed
STH507264,TF121453,0.1,low spend per game,renewed
STH501265,TF103737,0.2,low spend per game,renewed
STH508053,TF123687,0.1,no dominant single factor,renewed
STH503623,TF110593,0.2,tenure,renewed
STH505604,TF116707,0.1,no dominant single factor,renewed
STH507945,TF123351,1.4,low spend per game,renewed
STH501233,TF103631,5.7,few emails received,renewed
STH500849,TF102486,0.2,low spend per game,renewed
STH500969,TF102849,0.1,tenure,renewed
STH508492,TF124977,0.1,tenure,renewed
STH503820,TF111163,0.2,"low email engagement, low spend per game",renewed
STH506399,TF119015,0.1,long gap since last game attended,renewed
STH504702,TF113836,0.2,tenure,renewed
STH506545,TF119431,0.1,low spend per game,renewed
STH502810,TF108170,5.0,few emails received,renewed
STH501274,TF103766,0.1,tenure,renewed
STH505275,TF115678,0.8,low spend per game,renewed
STH501922,TF105646,0.2,low email engagement,renewed
STH506301,TF118707,0.2,low spend per game,renewed
STH502645,TF107685,0.4,tenure,renewed
STH507482,TF122087,9.9,"low total spend, low game attendance",renewed
STH507539,TF122247,0.1,no dominant single factor,renewed
STH505126,TF115214,0.2,few emails received,renewed
STH503480,TF110176,0.1,few emails received,renewed
STH500523,TF101484,1.5,"low email engagement, long gap since last game attended",renewed
STH506780,TF120092,2.7,few emails received,renewed
STH502141,TF106271,96.7,"low total spend, low game attendance",not_renewed
STH504507,TF113272,0.1,tenure,renewed
STH505853,TF117395,0.5,tenure,renewed
STH501284,TF103792,0.2,tenure,renewed
STH502229,TF106492,0.1,no dominant single factor,renewed
STH506339,TF118853,0.2,"low email engagement, tenure",renewed
STH504260,TF112506,3.1,"long gap since last game attended, low email engagement",renewed
STH505745,TF117119,0.1,no dominant single factor,renewed
STH504070,TF111930,0.1,low spend per game,renewed
STH504555,TF113399,0.1,tenure,renewed
STH505721,TF117055,0.4,low email engagement,renewed
STH506542,TF119424,98.6,"low total spend, low game attendance",not_renewed
STH503516,TF110302,3.0,"low game attendance, low spend per game",renewed
STH500495,TF101423,26.7,"low game attendance, low total spend",renewed
STH504697,TF113826,0.5,low email engagement,renewed
STH504735,TF113969,0.2,low email engagement,renewed
STH505277,TF115690,63.0,"low total spend, low game attendance",not_renewed
STH500491,TF101414,0.1,"low spend per game, tenure",renewed
STH505743,TF117115,0.1,no dominant single factor,renewed
STH504786,TF114134,98.5,"low total spend, low game attendance",not_renewed
STH506171,TF118299,5.7,low email engagement,renewed
STH500509,TF101454,0.2,no dominant single factor,renewed
STH501099,TF103220,0.1,"tenure, low spend per game",renewed
STH500639,TF101800,0.1,tenure,renewed
STH506975,TF120628,26.6,"low game attendance, low total spend",renewed
STH506234,TF118502,0.4,"low spend per game, low email engagement",renewed
STH501654,TF104844,0.1,no dominant single factor,renewed
STH503558,TF110406,97.4,"low total spend, low game attendance",not_renewed
STH500211,TF100578,0.1,no dominant single factor,renewed
STH504174,TF112229,0.2,low spend per game,renewed
STH506599,TF119580,1.2,no dominant single factor,renewed
STH508273,TF124297,1.0,"long gap since last game attended, low email engagement",renewed
STH507358,TF121729,0.2,low email engagement,renewed
STH503685,TF110770,0.1,few emails received,renewed
STH503226,TF109389,89.6,"low total spend, low game attendance",not_renewed
STH500564,TF101590,0.1,tenure,renewed
STH503050,TF108875,0.1,tenure,renewed
STH504161,TF112188,0.1,tenure,renewed
STH506241,TF118528,0.3,"low spend per game, tenure",renewed
STH504083,TF111962,0.1,tenure,renewed
STH504151,TF112157,0.1,tenure,renewed
STH506286,TF118673,0.0,tenure,renewed
STH506651,TF119737,0.2,no dominant single factor,renewed
STH507962,TF123405,0.1,"tenure, low spend per game",renewed
STH506060,TF118042,0.3,few emails received,renewed
STH503104,TF109029,87.9,"low game attendance, low total spend",not_renewed
STH507466,TF122033,0.1,no dominant single factor,renewed
STH502017,TF105916,0.2,"tenure, low spend per game",renewed
STH503585,TF110478,0.1,no dominant single factor,renewed
STH501402,TF104095,89.0,"low total spend, low game attendance",not_renewed
STH505419,TF116135,7.2,"low game attendance, tenure",renewed
STH501751,TF105128,1.8,no dominant single factor,renewed
STH500542,TF101534,0.2,no dominant single factor,renewed
STH501308,TF103847,0.1,tenure,renewed
STH507085,TF120953,4.0,"long gap since last game attended, low email engagement",renewed
STH506274,TF118635,0.1,low email engagement,renewed
STH500896,TF102624,0.1,"tenure, low spend per game",renewed
STH508491,TF124972,0.1,no dominant single factor,renewed
STH505628,TF116798,0.2,"low spend per game, low email engagement",renewed
STH501050,TF103071,26.3,"low total spend, low game attendance",not_renewed
STH502027,TF105944,7.1,"long gap since last game attended, low email engagement",renewed
STH500341,TF100942,0.1,no dominant single factor,renewed
STH506900,TF120424,0.1,tenure,renewed
STH505643,TF116842,0.1,no dominant single factor,renewed
STH504596,TF113538,0.3,"low spend per game, few emails received",renewed
STH505621,TF116781,96.1,"low total spend, low game attendance",renewed
STH502888,TF108375,0.1,tenure,renewed
STH502710,TF107873,0.1,tenure,renewed
STH501893,TF105571,9.0,few emails received,renewed
STH506093,TF118118,43.5,"low game attendance, low total spend",not_renewed
STH507159,TF121160,96.0,"low total spend, low game attendance",not_renewed
STH500754,TF102185,0.1,few emails received,renewed
STH506767,TF120053,0.4,long gap since last game attended,renewed
STH501069,TF103124,0.0,no dominant single factor,renewed
STH500361,TF101001,0.7,"tenure, low spend per game",renewed
STH508007,TF123556,0.1,no dominant single factor,renewed
STH502549,TF107411,97.6,"low total spend, low game attendance",not_renewed
STH503774,TF111026,0.1,"low email engagement, few emails received",renewed
STH507656,TF122543,0.2,tenure,renewed
STH506354,TF118891,0.1,no dominant single factor,renewed
STH501971,TF105775,0.2,low spend per game,renewed
STH504492,TF113208,0.1,no dominant single factor,renewed
STH503240,TF109422,95.2,"low total spend, low game attendance",not_renewed
STH507947,TF123361,13.3,"long gap since last game attended, low email engagement",renewed
STH501921,TF105645,0.8,no dominant single factor,renewed
STH504632,TF113632,0.1,no dominant single factor,renewed
STH501960,TF105755,98.3,"low total spend, low game attendance",not_renewed
STH504946,TF114657,0.5,"tenure, long gap since last game attended",renewed
STH506646,TF119727,0.1,no dominant single factor,renewed
STH506193,TF118362,6.5,"long gap since last game attended, few emails received",renewed
STH504692,TF113810,0.2,tenure,renewed
STH501395,TF104082,0.1,tenure,renewed
STH502864,TF108326,0.1,no dominant single factor,renewed
STH506484,TF119269,0.1,"long gap since last game attended, tenure",renewed
STH504163,TF112196,15.9,"tenure, low game attendance",renewed
STH507000,TF120695,47.2,"low game attendance, low total spend",renewed
STH503952,TF111574,2.3,low email engagement,renewed
STH505202,TF115452,32.8,"low game attendance, low total spend",renewed
STH500069,TF100219,0.2,no dominant single factor,renewed
STH504650,TF113665,0.1,long gap since last game attended,renewed
STH505482,TF116329,0.1,tenure,renewed
STH501345,TF103939,0.4,low spend per game,renewed
STH502533,TF107369,0.1,low email engagement,renewed
STH505683,TF116971,0.1,tenure,renewed
STH500877,TF102561,0.1,no dominant single factor,renewed
STH506141,TF118218,0.2,"tenure, low spend per game",renewed
STH508234,TF124198,1.8,"few emails received, low email engagement",renewed
STH506830,TF120246,0.2,low email engagement,renewed
STH501346,TF103940,0.4,low spend per game,renewed
STH502000,TF105874,2.6,"low game attendance, few emails received",renewed
STH507781,TF122874,0.0,no dominant single factor,renewed
STH506454,TF119161,0.5,no dominant single factor,renewed
STH508182,TF124063,0.3,low spend per game,renewed
STH502060,TF106036,0.2,low email engagement,renewed
STH503405,TF109932,0.1,low email engagement,renewed
STH505724,TF117061,0.1,few emails received,renewed
STH500412,TF101140,0.2,low spend per game,renewed
STH504085,TF111964,0.3,few emails received,renewed
STH501367,TF104008,0.2,low spend per game,renewed
STH503520,TF110311,77.7,"low game attendance, low email engagement",not_renewed
STH502584,TF107515,73.2,"low total spend, low game attendance",not_renewed
STH504025,TF111810,0.1,tenure,renewed
STH504448,TF113075,0.1,no dominant single factor,renewed
STH505259,TF115638,21.3,"low game attendance, low total spend",renewed
STH507967,TF123415,0.2,no dominant single factor,renewed
STH503070,TF108931,0.1,tenure,renewed
STH504784,TF114129,0.1,low email engagement,renewed
STH507409,TF121877,1.2,few emails received,renewed
STH506349,TF118874,0.1,tenure,renewed
STH501726,TF105046,0.1,low spend per game,renewed
STH507026,TF120780,11.2,"low game attendance, low total spend",renewed
STH501836,TF105381,0.2,low spend per game,renewed
STH503663,TF110724,0.1,"low email engagement, few emails received",renewed
STH505718,TF117045,0.3,low email engagement,renewed
STH500281,TF100769,0.1,"low email engagement, few emails received",renewed
STH500274,TF100748,0.1,low spend per game,renewed
STH502769,TF108042,0.3,"low email engagement, few emails received",renewed
STH506568,TF119498,0.6,"tenure, low email engagement",renewed
STH505431,TF116170,0.4,low spend per game,renewed
STH502897,TF108397,0.3,"low email engagement, tenure",renewed
STH500269,TF100734,1.8,long gap since last game attended,renewed
STH503348,TF109750,1.4,long gap since last game attended,renewed
STH507451,TF121980,58.3,"low total spend, low game attendance",renewed
STH503178,TF109254,0.1,no dominant single factor,renewed
STH508483,TF124948,0.1,"low email engagement, few emails received",renewed
STH507770,TF122840,0.2,tenure,renewed
STH505294,TF115724,0.2,low spend per game,renewed
STH504681,TF113762,0.1,low email engagement,renewed
STH504583,TF113501,1.4,tenure,renewed
STH508134,TF123907,0.1,few emails received,renewed
STH500854,TF102496,0.1,no dominant single factor,renewed
STH504885,TF114459,0.6,"tenure, few emails received",renewed
STH503672,TF110742,0.2,no dominant single factor,renewed
STH505413,TF116117,0.3,"low spend per game, tenure",renewed
STH505158,TF115307,0.2,no dominant single factor,renewed
STH500515,TF101467,0.1,no dominant single factor,renewed
STH504270,TF112522,2.3,"low email engagement, few emails received",renewed
STH505339,TF115890,0.3,low email engagement,renewed
STH507708,TF122692,2.7,"few emails received, low spend per game",not_renewed
STH502802,TF108147,1.0,few emails received,renewed
STH501223,TF103604,0.1,low email engagement,renewed
STH507123,TF121056,0.1,few emails received,renewed
STH505504,TF116392,0.0,no dominant single factor,renewed
STH503726,TF110878,0.9,"tenure, low email engagement",renewed
STH505788,TF117222,0.0,no dominant single factor,renewed
STH503402,TF109929,61.1,"low email engagement, long gap since last game attended",not_renewed
STH503313,TF109647,0.1,long gap since last game attended,renewed
STH506849,TF120289,0.1,low spend per game,renewed
STH504825,TF114255,0.3,low spend per game,renewed
STH500314,TF100873,1.4,few emails received,renewed
STH507858,TF123094,0.6,"tenure, low spend per game",renewed
STH505173,TF115363,0.1,no dominant single factor,renewed
STH503428,TF110017,0.1,"long gap since last game attended, tenure",renewed
STH501605,TF104712,0.1,low spend per game,renewed
STH506895,TF120416,0.2,low email engagement,renewed
STH503985,TF111673,0.2,low email engagement,renewed
STH503271,TF109516,41.5,"low game attendance, low total spend",renewed
STH503228,TF109391,96.1,"low total spend, low game attendance",not_renewed
STH504797,TF114169,0.1,tenure,renewed
STH507467,TF122036,0.1,no dominant single factor,renewed
STH504770,TF114098,0.2,"few emails received, tenure",renewed
STH504399,TF112933,0.2,few emails received,renewed
STH507371,TF121766,2.3,tenure,renewed
STH504871,TF114424,0.1,"few emails received, tenure",renewed
STH507230,TF121372,0.1,low spend per game,renewed
STH502780,TF108068,0.1,no dominant single factor,renewed
STH504267,TF112514,0.1,low spend per game,renewed
STH500381,TF101068,0.1,low spend per game,renewed
STH506400,TF119016,0.1,tenure,renewed
STH500894,TF102615,0.1,"low email engagement, tenure",renewed
STH505355,TF115926,0.2,low spend per game,renewed
STH501940,TF105692,0.3,low spend per game,renewed
STH507319,TF121619,0.1,low spend per game,renewed
STH504998,TF114835,17.0,low email engagement,renewed
STH504953,TF114682,52.2,"low game attendance, long gap since last game attended",renewed
STH506763,TF120047,38.5,"low total spend, low game attendance",not_renewed
STH500581,TF101643,0.1,long gap since last game attended,renewed
STH505007,TF114859,0.5,tenure,renewed
STH501544,TF104520,69.1,"low total spend, low game attendance",renewed
STH507454,TF121985,59.7,"low game attendance, low total spend",renewed
STH506374,TF118949,30.9,"low game attendance, long gap since last game attended",renewed
STH504433,TF113033,0.1,few emails received,renewed
STH507574,TF122333,0.1,long gap since last game attended,renewed
STH506353,TF118889,0.1,no dominant single factor,renewed
STH508179,TF124056,93.9,"low total spend, low game attendance",not_renewed
STH503823,TF111172,0.3,no dominant single factor,renewed
STH504582,TF113500,0.1,no dominant single factor,renewed
STH501523,TF104439,59.5,"low game attendance, low total spend",not_renewed
STH507726,TF122735,98.2,"low total spend, low game attendance",not_renewed
STH504664,TF113715,0.2,low email engagement,renewed
STH505996,TF117850,0.8,"low game attendance, low spend per game",renewed
STH503835,TF111210,0.2,low email engagement,renewed
STH507072,TF120908,0.1,few emails received,renewed
STH500479,TF101383,0.3,"low email engagement, tenure",renewed
STH508469,TF124909,2.7,few emails received,renewed
STH503701,TF110824,0.1,few emails received,renewed
STH507692,TF122653,95.6,"low total spend, low game attendance",not_renewed
STH504006,TF111753,0.1,no dominant single factor,renewed
STH505102,TF115132,42.4,"low total spend, low game attendance",renewed
STH504217,TF112354,0.1,tenure,renewed
STH504571,TF113466,0.3,low email engagement,renewed
STH501593,TF104658,0.1,no dominant single factor,renewed
STH503864,TF111281,0.1,tenure,renewed
STH501076,TF103149,0.1,tenure,renewed
STH504020,TF111795,0.1,no dominant single factor,renewed
STH503329,TF109694,27.2,"low game attendance, low total spend",renewed
STH505070,TF115038,0.1,tenure,renewed
STH506329,TF118795,0.1,low spend per game,renewed
STH508165,TF124024,0.2,no dominant single factor,renewed
STH506319,TF118754,0.1,low email engagement,renewed
STH500285,TF100780,2.9,"long gap since last game attended, low spend per game",renewed
STH501696,TF104965,0.1,tenure,renewed
STH502009,TF105889,0.1,tenure,renewed
STH502161,TF106322,0.1,tenure,renewed
STH501026,TF103010,13.8,low total spend,renewed
STH506067,TF118053,0.2,low spend per game,renewed
STH500396,TF101104,0.1,no dominant single factor,renewed
STH503427,TF110016,13.5,"low total spend, low game attendance",renewed
STH502921,TF108474,0.0,no dominant single factor,renewed
STH504768,TF114087,2.6,tenure,renewed
STH506598,TF119577,0.2,low spend per game,renewed
STH500623,TF101766,0.4,low email engagement,renewed
STH506948,TF120545,0.1,low spend per game,renewed
STH504621,TF113604,0.1,tenure,renewed
STH507255,TF121436,0.4,low spend per game,renewed
STH503598,TF110522,7.6,"low email engagement, tenure",renewed
STH501264,TF103735,0.1,tenure,renewed
STH501522,TF104437,0.1,low spend per game,renewed
STH507185,TF121240,75.7,"low game attendance, low total spend",not_renewed
STH505218,TF115494,1.5,long gap since last game attended,renewed
STH501067,TF103118,44.4,"low total spend, low game attendance",renewed
STH508229,TF124176,5.4,"low email engagement, low game attendance",renewed
STH505729,TF117073,0.1,no dominant single factor,renewed
STH504830,TF114266,13.5,"low total spend, low spend per game",renewed
STH502015,TF105912,0.6,low spend per game,renewed
STH500517,TF101470,0.1,no dominant single factor,renewed
STH501164,TF103426,9.3,"long gap since last game attended, low email engagement",renewed
STH508187,TF124071,0.1,no dominant single factor,renewed
STH502960,TF108585,1.4,few emails received,renewed
STH501355,TF103961,1.1,tenure,renewed
STH508247,TF124234,0.1,low spend per game,renewed
STH505164,TF115324,44.4,"low game attendance, low total spend",renewed
STH508031,TF123632,0.1,few emails received,renewed
STH501455,TF104247,0.1,no dominant single factor,renewed
STH508000,TF123503,0.2,"low spend per game, low email engagement",renewed
STH508152,TF123980,0.6,low spend per game,renewed
STH500301,TF100831,96.7,"low total spend, low game attendance",not_renewed
STH504193,TF112286,0.2,"tenure, low spend per game",renewed
STH506494,TF119300,0.2,tenure,renewed
STH500305,TF100845,0.2,"few emails received, tenure",renewed
STH504482,TF113172,97.2,"low total spend, low game attendance",not_renewed
STH502838,TF108256,1.8,low email engagement,renewed
STH507463,TF122008,0.2,"tenure, low spend per game",renewed
STH500670,TF101895,0.1,no dominant single factor,renewed
STH502964,TF108597,0.1,tenure,renewed
STH505531,TF116462,0.1,tenure,renewed
STH503448,TF110079,0.1,tenure,renewed
STH507404,TF121865,0.2,low spend per game,renewed
STH505124,TF115207,0.1,no dominant single factor,renewed
STH503239,TF109420,0.3,"tenure, low spend per game",renewed
STH504118,TF112064,0.3,low spend per game,renewed
STH502706,TF107865,1.5,low spend per game,renewed
STH502312,TF106742,0.1,no dominant single factor,renewed
STH506930,TF120496,0.1,tenure,renewed
STH504687,TF113791,88.4,"low total spend, low game attendance",not_renewed
STH502071,TF106059,43.2,"low total spend, low game attendance",not_renewed
STH505375,TF115988,0.1,tenure,renewed
STH500141,TF100378,0.2,low email engagement,renewed
STH502570,TF107470,0.2,"low spend per game, low email engagement",renewed
STH500108,TF100309,2.6,"tenure, low email engagement",renewed
STH505773,TF117184,0.1,no dominant single factor,renewed
STH502627,TF107626,3.2,"low spend per game, tenure",renewed
STH500782,TF102275,59.7,"low game attendance, low total spend",not_renewed
STH502955,TF108567,0.6,"low email engagement, low spend per game",renewed
STH505586,TF116649,0.2,no dominant single factor,renewed
STH504659,TF113697,0.1,low email engagement,renewed
STH503601,TF110530,0.1,"tenure, low spend per game",renewed
STH507211,TF121325,0.1,tenure,renewed
STH507316,TF121605,0.0,no dominant single factor,renewed
STH507629,TF122470,2.1,no dominant single factor,renewed
STH500646,TF101814,0.1,tenure,renewed
STH505166,TF115341,90.1,"low total spend, low game attendance",not_renewed
STH502875,TF108350,43.6,"low total spend, low game attendance",renewed
STH501683,TF104927,0.8,tenure,renewed
STH502559,TF107434,0.2,"tenure, low spend per game",renewed
STH500421,TF101179,0.2,"tenure, low email engagement",renewed
STH507290,TF121516,31.9,"low game attendance, low total spend",renewed
STH501745,TF105109,1.8,no dominant single factor,renewed
STH502573,TF107478,96.9,"low total spend, low game attendance",not_renewed
STH502922,TF108475,0.1,no dominant single factor,renewed
STH500783,TF102276,0.1,no dominant single factor,renewed
STH504301,TF112611,5.4,"low game attendance, low total spend",renewed
STH508100,TF123823,0.2,low email engagement,renewed
STH502514,TF107330,15.7,"low total spend, long gap since last game attended",renewed
STH505738,TF117102,0.1,no dominant single factor,renewed
STH502021,TF105925,58.4,"low total spend, low game attendance",not_renewed
STH500978,TF102867,0.1,no dominant single factor,renewed
STH506784,TF120109,2.6,low game attendance,renewed
STH506704,TF119872,0.3,no dominant single factor,renewed
STH502023,TF105936,0.1,tenure,renewed
STH507073,TF120912,0.2,low spend per game,renewed
STH505630,TF116810,0.1,low email engagement,renewed
STH505483,TF116331,40.5,"low game attendance, low total spend",renewed
STH507189,TF121263,89.8,"low total spend, low game attendance",not_renewed
STH503047,TF108869,0.3,tenure,renewed
STH501186,TF103488,0.2,low spend per game,renewed
STH503431,TF110028,0.1,no dominant single factor,renewed
STH506687,TF119828,0.1,few emails received,renewed
STH502184,TF106368,0.1,"tenure, long gap since last game attended",renewed
STH502222,TF106477,0.1,no dominant single factor,renewed
STH507067,TF120896,0.2,no dominant single factor,renewed
STH507578,TF122339,4.2,"few emails received, low game attendance",renewed
STH505675,TF116936,95.3,"low total spend, low game attendance",not_renewed
STH507678,TF122624,0.1,low spend per game,renewed
STH504102,TF112020,0.2,tenure,renewed
STH500622,TF101763,0.2,low email engagement,renewed
STH505242,TF115581,0.2,"low spend per game, tenure",renewed
STH507648,TF122517,0.1,no dominant single factor,renewed
STH501603,TF104702,0.2,"tenure, low spend per game",renewed
STH500347,TF100957,1.2,low email engagement,renewed
STH500343,TF100946,33.2,"low game attendance, low total spend",renewed
STH508054,TF123689,0.1,low spend per game,renewed
STH502596,TF107560,0.1,tenure,renewed
STH501146,TF103366,0.2,"low spend per game, tenure",renewed
STH504263,TF112510,0.1,no dominant single factor,renewed
STH504424,TF113005,6.3,"low total spend, low spend per game",renewed
STH505806,TF117278,0.1,no dominant single factor,renewed
STH505278,TF115691,0.1,tenure,renewed
STH506497,TF119313,92.8,"low total spend, low game attendance",not_renewed
STH500234,TF100639,2.1,low email engagement,renewed
STH507203,TF121304,23.0,"tenure, low spend per game",not_renewed
STH502135,TF106253,1.5,"low total spend, low game attendance",renewed
STH507062,TF120875,0.1,tenure,renewed
STH503910,TF111433,0.2,few emails received,renewed
STH503590,TF110496,0.1,no dominant single factor,renewed
STH500763,TF102229,0.8,"low email engagement, few emails received",renewed
STH502513,TF107327,0.1,low email engagement,renewed
STH507153,TF121144,0.8,low email engagement,renewed
STH507010,TF120724,8.5,"low total spend, few emails received",renewed
STH507813,TF122966,0.2,low spend per game,renewed
STH505374,TF115986,0.1,low email engagement,renewed
STH507343,TF121684,0.1,no dominant single factor,renewed
STH507674,TF122604,0.0,no dominant single factor,renewed
STH505817,TF117302,0.2,no dominant single factor,renewed
STH505052,TF114981,0.4,low spend per game,renewed
STH500696,TF101995,0.3,low email engagement,renewed
STH505979,TF117800,8.1,"low email engagement, low spend per game",renewed
STH507896,TF123228,0.1,no dominant single factor,renewed
STH500994,TF102896,1.6,low email engagement,renewed
STH500465,TF101332,67.3,"low total spend, low game attendance",not_renewed
STH502280,TF106646,0.1,long gap since last game attended,renewed
STH502195,TF106400,3.1,"tenure, low spend per game",renewed
STH506168,TF118292,0.1,low spend per game,renewed
STH505900,TF117549,0.4,tenure,renewed
STH504065,TF111916,0.1,no dominant single factor,renewed
STH505380,TF116005,1.1,"tenure, low email engagement",renewed
STH500455,TF101298,0.6,no dominant single factor,renewed
STH505713,TF117033,0.7,"long gap since last game attended, low email engagement",renewed
STH503596,TF110520,0.2,"low email engagement, low spend per game",renewed
STH501858,TF105466,0.3,"low email engagement, low spend per game",renewed
STH503704,TF110829,1.3,tenure,renewed
STH500406,TF101130,0.2,low spend per game,renewed
STH507900,TF123240,8.5,low game attendance,renewed
STH508448,TF124835,43.0,"low email engagement, low game attendance",renewed
STH501001,TF102943,0.0,no dominant single factor,renewed
STH507248,TF121418,0.3,"low email engagement, low spend per game",renewed
STH507531,TF122222,0.2,low email engagement,renewed
STH503102,TF109025,0.1,"low spend per game, tenure",renewed
STH502508,TF107315,0.1,tenure,renewed
STH502404,TF106997,0.6,no dominant single factor,renewed
STH500101,TF100285,0.1,few emails received,renewed
STH507627,TF122465,0.1,no dominant single factor,renewed
STH507210,TF121322,1.5,low game attendance,renewed
STH501364,TF103988,0.6,"low email engagement, tenure",renewed
STH503148,TF109155,0.1,tenure,renewed
STH504926,TF114589,0.1,"tenure, low spend per game",renewed
STH503712,TF110850,3.4,"long gap since last game attended, low email engagement",renewed
STH506017,TF117924,0.1,low spend per game,renewed
STH500748,TF102166,0.1,low email engagement,renewed
STH502597,TF107561,0.1,no dominant single factor,renewed
STH507831,TF123020,0.1,low email engagement,renewed
STH504986,TF114788,0.1,"low spend per game, low email engagement",renewed
STH506126,TF118181,0.2,"low email engagement, low spend per game",renewed
STH501741,TF105097,0.1,low spend per game,renewed
STH500397,TF101107,11.6,"low game attendance, low email engagement",renewed
STH508108,TF123844,0.1,low email engagement,renewed
STH502717,TF107890,17.1,"long gap since last game attended, low email engagement",renewed
STH507999,TF123496,0.4,low email engagement,renewed
STH502538,TF107380,0.4,"low spend per game, few emails received",renewed
STH507864,TF123118,0.1,no dominant single factor,renewed
STH500311,TF100861,2.7,few emails received,renewed
STH504160,TF112185,0.1,low email engagement,renewed
STH508296,TF124377,0.1,no dominant single factor,renewed
STH502858,TF108313,0.6,"few emails received, long gap since last game attended",renewed
STH503131,TF109100,0.1,low email engagement,renewed
STH503051,TF108877,0.1,tenure,renewed
STH506909,TF120444,4.9,"tenure, low spend per game",renewed
STH505999,TF117855,0.8,tenure,renewed
STH500441,TF101248,95.9,"low total spend, low game attendance",not_renewed
STH500040,TF100116,0.1,low email engagement,renewed
STH507978,TF123437,0.5,long gap since last game attended,renewed
STH501457,TF104249,6.6,"long gap since last game attended, tenure",renewed
STH504275,TF112538,0.5,"tenure, low email engagement",renewed
STH503135,TF109107,0.1,no dominant single factor,renewed
STH501537,TF104506,0.2,"low email engagement, tenure",renewed
STH505595,TF116672,0.1,no dominant single factor,renewed
STH501642,TF104810,0.1,no dominant single factor,renewed
STH504221,TF112358,0.4,few emails received,renewed
STH500731,TF102117,0.1,tenure,renewed
STH505364,TF115950,48.3,"low game attendance, low total spend",renewed
STH506279,TF118658,0.1,no dominant single factor,renewed
STH505671,TF116928,0.1,low spend per game,renewed
STH501739,TF105085,0.1,tenure,renewed
STH507712,TF122704,2.4,"tenure, long gap since last game attended",renewed
STH504987,TF114791,0.2,low spend per game,renewed
STH501159,TF103414,6.3,"low spend per game, few emails received",renewed
STH501784,TF105225,0.3,low email engagement,renewed
STH500279,TF100764,70.0,"low total spend, low game attendance",not_renewed
STH507847,TF123065,0.3,low email engagement,renewed
STH506674,TF119799,0.1,few emails received,renewed
STH501765,TF105174,0.2,tenure,renewed
STH507895,TF123225,0.1,tenure,renewed
STH506416,TF119049,0.1,low spend per game,renewed
STH507892,TF123218,0.1,few emails received,renewed
STH507477,TF122063,86.8,"low total spend, low game attendance",not_renewed
STH504622,TF113608,0.1,low spend per game,renewed
STH500531,TF101503,3.6,"low email engagement, long gap since last game attended",renewed
STH508101,TF123824,0.2,tenure,renewed
STH506434,TF119102,0.1,tenure,renewed
STH505656,TF116891,0.1,no dominant single factor,renewed
STH506980,TF120636,0.1,few emails received,renewed
STH503227,TF109390,0.1,no dominant single factor,renewed
STH500576,TF101631,0.4,"tenure, low spend per game",renewed
STH504180,TF112240,0.1,no dominant single factor,renewed
STH503752,TF110967,0.1,no dominant single factor,renewed
STH505345,TF115901,0.3,tenure,renewed
STH508336,TF124492,0.3,"low email engagement, low spend per game",renewed
STH506482,TF119261,3.3,no dominant single factor,renewed
STH506972,TF120622,0.2,"low email engagement, tenure",renewed
STH506591,TF119557,0.3,low spend per game,renewed
STH506419,TF119056,0.1,no dominant single factor,renewed
STH500086,TF100261,0.2,tenure,renewed
STH501176,TF103452,0.5,"tenure, low email engagement",renewed
STH504087,TF111974,0.1,no dominant single factor,renewed
STH505437,TF116188,3.3,"low spend per game, low email engagement",not_renewed
STH507607,TF122410,0.1,low email engagement,renewed
STH503370,TF109826,0.2,no dominant single factor,renewed
STH504866,TF114409,0.1,low email engagement,renewed
STH504181,TF112241,0.3,low email engagement,renewed
STH507796,TF122921,0.1,tenure,renewed
STH504592,TF113526,29.3,"low game attendance, low total spend",renewed
STH501031,TF103028,5.9,"low email engagement, low spend per game",renewed
STH502653,TF107718,0.1,no dominant single factor,renewed
STH507136,TF121091,39.7,"low total spend, low spend per game",not_renewed
STH504523,TF113312,0.2,low email engagement,renewed
STH502043,TF105993,2.8,"low email engagement, tenure",renewed
STH505175,TF115366,0.1,no dominant single factor,renewed
STH506584,TF119540,0.3,tenure,renewed
STH503363,TF109793,0.2,tenure,renewed
STH508380,TF124612,0.3,"low spend per game, few emails received",renewed
STH507992,TF123473,0.2,"low spend per game, tenure",renewed
STH501610,TF104730,0.1,low spend per game,renewed
STH502422,TF107055,0.1,no dominant single factor,renewed
STH506904,TF120431,0.4,"low email engagement, tenure",renewed
STH502618,TF107611,0.1,tenure,renewed
STH506828,TF120241,98.4,"low total spend, low game attendance",not_renewed
STH507711,TF122703,0.1,"low email engagement, tenure",renewed
STH504219,TF112356,0.3,no dominant single factor,renewed
STH506163,TF118272,0.1,no dominant single factor,renewed
STH504892,TF114478,56.6,"low total spend, low game attendance",not_renewed
STH502180,TF106361,0.4,no dominant single factor,renewed
STH503017,TF108763,0.2,low email engagement,renewed
STH504605,TF113559,0.1,tenure,renewed
STH506865,TF120335,0.2,tenure,renewed
STH505864,TF117433,0.1,no dominant single factor,renewed
STH504774,TF114110,0.5,"low email engagement, low spend per game",renewed
STH507560,TF122294,0.2,"low spend per game, long gap since last game attended",renewed
STH501549,TF104529,2.5,"low spend per game, low email engagement",renewed
STH500359,TF100993,8.3,"low game attendance, low total spend",renewed
STH507826,TF123004,0.1,tenure,renewed
STH504775,TF114111,0.1,no dominant single factor,renewed
STH503853,TF111254,0.1,no dominant single factor,renewed
STH507696,TF122668,10.8,"low game attendance, low total spend",renewed
STH502257,TF106560,1.2,no dominant single factor,renewed
STH507980,TF123440,9.9,few emails received,renewed
STH505120,TF115191,36.2,"low total spend, low game attendance",renewed
STH504995,TF114827,0.9,"low spend per game, low email engagement",renewed
STH506617,TF119637,15.7,"low email engagement, low game attendance",renewed
STH508327,TF124476,42.3,"low game attendance, low total spend",not_renewed
STH504201,TF112304,90.5,"low total spend, low game attendance",not_renewed
STH506092,TF118117,0.5,"tenure, low email engagement",renewed
STH507220,TF121342,0.1,no dominant single factor,renewed
STH508274,TF124301,0.2,few emails received,renewed
STH506303,TF118714,0.1,"low email engagement, low spend per game",renewed
STH500125,TF100342,4.7,low game attendance,renewed
STH503133,TF109103,0.1,low spend per game,renewed
STH508362,TF124558,0.1,tenure,renewed
STH502433,TF107104,0.4,low spend per game,renewed
STH505883,TF117492,0.1,no dominant single factor,renewed
STH504396,TF112921,0.2,low spend per game,renewed
STH507982,TF123450,0.1,low email engagement,renewed
STH506911,TF120447,41.2,"low game attendance, low total spend",renewed
STH506172,TF118303,0.1,low email engagement,renewed
STH504846,TF114320,0.2,"low email engagement, tenure",renewed
STH503587,TF110481,0.1,no dominant single factor,renewed
STH506343,TF118861,9.5,low game attendance,renewed
STH500313,TF100865,0.2,low spend per game,renewed
STH501666,TF104884,0.0,no dominant single factor,renewed
STH505265,TF115654,33.4,"low total spend, long gap since last game attended",not_renewed
STH504811,TF114211,0.0,no dominant single factor,renewed
STH504579,TF113494,0.5,"tenure, low spend per game",renewed
STH502427,TF107078,4.7,"low email engagement, low spend per game",renewed
STH507162,TF121170,0.2,low spend per game,renewed
STH507830,TF123014,4.0,"tenure, low spend per game",renewed
STH506610,TF119610,0.2,few emails received,renewed
STH508120,TF123868,3.1,low email engagement,renewed
STH503876,TF111332,1.0,tenure,renewed
STH504716,TF113893,0.2,few emails received,renewed
STH506089,TF118111,0.1,"tenure, low spend per game",renewed
STH506490,TF119287,0.2,"low email engagement, low spend per game",renewed
STH503419,TF109996,0.1,tenure,renewed
STH504646,TF113660,0.1,tenure,renewed
STH504123,TF112075,7.3,"low spend per game, few emails received",renewed
STH501825,TF105352,3.5,long gap since last game attended,renewed
STH505923,TF117636,0.1,low spend per game,renewed
STH507282,TF121501,24.2,"low game attendance, low total spend",renewed
STH506715,TF119909,0.1,no dominant single factor,renewed
STH500355,TF100979,0.1,low spend per game,renewed
STH503922,TF111478,88.0,"low total spend, low game attendance",not_renewed
STH504652,TF113671,0.1,few emails received,renewed
STH500864,TF102527,0.1,no dominant single factor,renewed
STH506698,TF119859,1.3,no dominant single factor,renewed
STH506564,TF119485,4.3,"low email engagement, few emails received",renewed
STH505129,TF115225,0.1,tenure,renewed
STH500078,TF100240,1.2,long gap since last game attended,renewed
STH500746,TF102164,0.1,tenure,renewed
STH508068,TF123734,0.1,tenure,renewed
STH505820,TF117309,0.5,"low email engagement, low spend per game",renewed
STH504425,TF113008,0.2,tenure,renewed
STH501391,TF104070,0.1,tenure,renewed
STH508371,TF124580,0.2,few emails received,renewed
STH506840,TF120267,0.0,low email engagement,renewed
STH502867,TF108334,2.6,"low email engagement, low spend per game",renewed
STH504999,TF114836,0.7,low spend per game,renewed
STH503949,TF111567,0.1,tenure,renewed
STH507762,TF122814,0.2,"tenure, few emails received",renewed
STH505403,TF116084,0.1,no dominant single factor,renewed
STH507492,TF122105,0.1,no dominant single factor,renewed
STH507151,TF121142,0.1,tenure,renewed
STH500057,TF100186,0.1,no dominant single factor,renewed
STH500177,TF100481,0.4,low spend per game,renewed
STH504595,TF113535,98.5,"low total spend, low game attendance",not_renewed
STH507171,TF121208,0.1,no dominant single factor,renewed
STH502305,TF106726,0.1,no dominant single factor,renewed
STH504809,TF114207,96.0,"low total spend, low game attendance",not_renewed
STH508221,TF124152,98.2,"low total spend, low game attendance",not_renewed
STH508127,TF123889,0.1,no dominant single factor,renewed
STH508269,TF124286,0.1,"low email engagement, tenure",renewed
STH501988,TF105847,8.4,low email engagement,renewed
STH508142,TF123949,0.1,low spend per game,renewed
STH502258,TF106568,0.1,"low email engagement, few emails received",renewed
STH500867,TF102531,0.3,no dominant single factor,renewed
STH503627,TF110599,0.1,tenure,renewed
STH503540,TF110361,0.1,no dominant single factor,renewed
STH500241,TF100652,78.7,"low game attendance, low email engagement",not_renewed
STH503035,TF108822,0.1,low spend per game,renewed
STH500402,TF101115,0.1,"low spend per game, long gap since last game attended",renewed
STH502087,TF106113,59.6,"low total spend, low game attendance",renewed
STH503671,TF110741,0.1,no dominant single factor,renewed
STH507651,TF122524,0.1,tenure,renewed
STH505816,TF117300,0.3,"long gap since last game attended, low spend per game",renewed
STH503771,TF111019,1.5,low email engagement,renewed
STH501776,TF105205,0.2,low email engagement,renewed
STH503067,TF108925,36.0,"low game attendance, long gap since last game attended",renewed
STH505041,TF114956,0.3,tenure,renewed
STH503127,TF109078,3.1,"tenure, low email engagement",renewed
STH501897,TF105576,0.2,tenure,renewed
STH504841,TF114290,0.1,tenure,renewed
STH503737,TF110918,0.2,tenure,renewed
STH502663,TF107738,0.1,low spend per game,renewed
STH501910,TF105610,67.8,"low total spend, low game attendance",not_renewed
STH505401,TF116075,10.3,"low game attendance, low total spend",renewed
STH504678,TF113754,0.1,low spend per game,renewed
STH506378,TF118956,0.4,"tenure, low spend per game",renewed
STH508244,TF124227,0.1,low spend per game,renewed
STH502170,TF106339,0.1,tenure,renewed
STH504231,TF112389,0.5,no dominant single factor,renewed
STH505548,TF116510,0.5,low spend per game,renewed
STH502622,TF107615,6.4,"low game attendance, low email engagement",renewed
STH503086,TF108976,0.2,low email engagement,renewed
STH504690,TF113798,0.2,low spend per game,renewed
STH506533,TF119400,0.5,low email engagement,renewed
STH504209,TF112324,0.8,few emails received,renewed
STH506307,TF118729,0.1,no dominant single factor,renewed
STH505968,TF117772,93.1,"low total spend, low game attendance",not_renewed
STH506961,TF120579,0.1,low email engagement,renewed
STH502370,TF106907,0.3,tenure,renewed
STH507387,TF121818,94.8,"low total spend, low game attendance",not_renewed
STH500425,TF101189,0.1,no dominant single factor,renewed
STH505926,TF117642,4.0,long gap since last game attended,renewed
STH507672,TF122601,0.1,tenure,renewed
STH503377,TF109841,0.5,low email engagement,renewed
STH502104,TF106165,0.2,"tenure, long gap since last game attended",renewed
STH507036,TF120818,0.1,no dominant single factor,renewed
STH506027,TF117955,8.1,low email engagement,not_renewed
STH500650,TF101826,1.6,few emails received,renewed
STH506819,TF120210,0.4,"low spend per game, tenure",renewed
STH502418,TF107040,1.6,no dominant single factor,renewed
STH505910,TF117590,57.6,"low game attendance, low total spend",not_renewed
STH502965,TF108600,4.3,low email engagement,renewed
STH507031,TF120799,0.1,low spend per game,renewed
STH501110,TF103248,0.3,low email engagement,renewed
STH507235,TF121380,0.1,tenure,renewed
STH500618,TF101748,81.5,"low game attendance, low total spend",renewed
STH508459,TF124877,0.1,long gap since last game attended,renewed
STH507848,TF123066,0.1,low email engagement,renewed
STH503715,TF110855,19.9,"low total spend, low game attendance",not_renewed
STH508233,TF124194,2.5,no dominant single factor,renewed
STH501829,TF105366,90.3,"low total spend, low game attendance",not_renewed
STH507287,TF121509,0.1,low spend per game,renewed
STH507548,TF122267,0.3,tenure,renewed
STH507650,TF122520,0.1,no dominant single factor,renewed
STH505209,TF115469,55.5,"low total spend, low email engagement",renewed
STH500901,TF102635,0.1,few emails received,renewed
STH501183,TF103474,85.1,"low total spend, low game attendance",renewed
STH502165,TF106330,62.3,"low game attendance, low total spend",renewed
STH502351,TF106870,38.3,"low game attendance, low total spend",not_renewed
STH508417,TF124746,0.1,no dominant single factor,renewed
STH500179,TF100486,0.2,"tenure, low spend per game",renewed
STH505872,TF117456,0.1,tenure,renewed
STH501585,TF104635,1.2,"long gap since last game attended, low email engagement",renewed
STH508065,TF123727,55.2,"low total spend, low game attendance",renewed
STH500847,TF102463,0.4,low email engagement,renewed
STH500951,TF102772,0.1,low email engagement,renewed
STH501662,TF104867,7.0,long gap since last game attended,renewed
STH504847,TF114321,0.1,low spend per game,renewed
STH503456,TF110100,0.1,low spend per game,renewed
STH500826,TF102385,19.3,"low game attendance, low total spend",renewed
STH508191,TF124079,0.1,tenure,renewed
STH505723,TF117059,8.4,"low email engagement, low game attendance",renewed
STH501108,TF103243,0.1,tenure,renewed
STH500159,TF100437,0.1,low email engagement,renewed
STH506666,TF119783,1.9,few emails received,renewed
STH503235,TF109404,0.1,no dominant single factor,renewed
STH506472,TF119234,56.7,"low game attendance, low total spend",renewed
STH507504,TF122132,0.3,no dominant single factor,renewed
STH508162,TF124020,4.1,"low email engagement, low spend per game",renewed
STH502874,TF108347,0.1,no dominant single factor,renewed
STH507132,TF121080,0.1,no dominant single factor,renewed
STH503802,TF111119,0.1,no dominant single factor,renewed
STH501174,TF103445,0.0,no dominant single factor,renewed
STH505056,TF115000,0.4,no dominant single factor,renewed
STH505106,TF115143,0.7,long gap since last game attended,renewed
STH501386,TF104056,0.6,low email engagement,renewed
STH504111,TF112048,0.3,"low spend per game, few emails received",renewed
STH504539,TF113353,0.2,"low email engagement, tenure",renewed
STH501419,TF104155,0.1,no dominant single factor,renewed
STH500151,TF100417,32.9,"long gap since last game attended, low game attendance",renewed
STH506906,TF120438,14.2,low game attendance,renewed
STH501151,TF103385,3.7,"low spend per game, tenure",renewed
STH504793,TF114159,0.1,no dominant single factor,renewed
STH507743,TF122777,5.1,"few emails received, long gap since last game attended",renewed
STH504294,TF112593,0.2,"tenure, low spend per game",renewed
STH505566,TF116584,0.2,no dominant single factor,renewed
STH508210,TF124132,2.4,low spend per game,renewed
STH506422,TF119065,0.1,no dominant single factor,renewed
STH506561,TF119480,22.3,"low total spend, low game attendance",not_renewed
STH501904,TF105598,0.1,no dominant single factor,renewed
STH504100,TF112010,0.3,"low spend per game, low email engagement",renewed
STH504771,TF114104,0.1,tenure,renewed
STH507397,TF121840,0.1,no dominant single factor,renewed
STH508020,TF123590,0.1,"long gap since last game attended, tenure",renewed
STH502220,TF106471,0.1,long gap since last game attended,renewed
STH505768,TF117174,0.1,few emails received,renewed
STH504989,TF114803,0.1,few emails received,renewed
STH502442,TF107133,0.1,no dominant single factor,renewed
STH504043,TF111865,3.3,"few emails received, low spend per game",renewed
STH503890,TF111383,0.1,tenure,renewed
STH500586,TF101656,0.1,low spend per game,renewed
STH503905,TF111422,0.1,no dominant single factor,renewed
STH502894,TF108392,0.2,"low spend per game, low email engagement",renewed
STH505000,TF114838,0.1,tenure,renewed
STH500393,TF101095,0.1,no dominant single factor,renewed
STH504471,TF113143,0.7,"low email engagement, low spend per game",renewed
STH501385,TF104055,0.1,no dominant single factor,renewed
STH501487,TF104342,0.3,"tenure, low spend per game",renewed
STH504890,TF114473,0.1,low spend per game,renewed
STH503532,TF110344,0.2,"long gap since last game attended, low email engagement",renewed
STH508097,TF123817,10.0,low game attendance,renewed
STH504853,TF114356,0.4,"low email engagement, low spend per game",renewed
STH500759,TF102213,93.1,"low total spend, low game attendance",not_renewed
STH507749,TF122787,0.1,no dominant single factor,renewed
STH506427,TF119075,0.2,"tenure, low spend per game",renewed
STH504878,TF114444,3.1,low email engagement,renewed
STH508421,TF124756,0.1,tenure,renewed
STH503218,TF109366,0.1,"tenure, long gap since last game attended",renewed
STH507009,TF120720,0.1,tenure,renewed
STH500202,TF100536,0.2,low spend per game,renewed
STH501147,TF103373,0.1,no dominant single factor,renewed
STH507128,TF121070,1.3,no dominant single factor,renewed
STH500502,TF101439,0.1,"tenure, few emails received",renewed
STH503843,TF111232,1.1,long gap since last game attended,renewed
STH502005,TF105881,4.0,"few emails received, low email engagement",renewed
STH501629,TF104773,4.0,tenure,renewed
STH500215,TF100588,0.9,"low email engagement, tenure",renewed
STH506210,TF118424,0.1,no dominant single factor,renewed
STH500893,TF102608,0.2,long gap since last game attended,renewed
STH508005,TF123543,0.2,tenure,renewed
STH502063,TF106043,0.3,no dominant single factor,renewed
STH507547,TF122266,0.1,low spend per game,renewed
STH500142,TF100385,0.1,tenure,renewed
STH502768,TF108040,0.1,tenure,renewed
STH505330,TF115837,0.1,low spend per game,renewed
STH505405,TF116095,0.1,low spend per game,renewed
STH506085,TF118104,1.1,low spend per game,renewed
STH506755,TF120028,0.2,tenure,renewed
STH507160,TF121163,4.9,long gap since last game attended,renewed
STH501814,TF105308,0.1,no dominant single factor,renewed
STH500054,TF100174,0.1,low email engagement,renewed
STH506430,TF119092,0.1,tenure,renewed
STH503856,TF111264,7.1,low total spend,renewed
STH507575,TF122336,0.1,low spend per game,renewed
STH503082,TF108961,2.1,"low total spend, low game attendance",renewed
STH508314,TF124424,0.5,no dominant single factor,renewed
STH504515,TF113290,0.1,low spend per game,renewed
STH501899,TF105580,0.1,low email engagement,renewed
STH500430,TF101209,0.1,"low spend per game, tenure",renewed
STH501601,TF104689,0.0,no dominant single factor,renewed
STH504609,TF113577,2.6,"low email engagement, low spend per game",renewed
STH502414,TF107031,0.1,no dominant single factor,renewed
STH505342,TF115895,0.1,low spend per game,renewed
STH501267,TF103743,0.1,long gap since last game attended,renewed
STH503155,TF109169,0.1,no dominant single factor,renewed
STH507207,TF121309,0.1,few emails received,renewed
STH503981,TF111667,0.0,tenure,renewed
STH505885,TF117500,74.5,"low total spend, low game attendance",not_renewed
STH500472,TF101348,0.1,low email engagement,renewed
STH505274,TF115676,0.2,tenure,renewed
STH505472,TF116295,98.2,"low total spend, low game attendance",not_renewed
STH501764,TF105172,0.1,tenure,renewed
STH500227,TF100625,0.1,no dominant single factor,renewed
STH504513,TF113287,89.9,"low total spend, low game attendance",not_renewed
STH503253,TF109461,0.2,"few emails received, low email engagement",renewed
STH503618,TF110576,0.1,low spend per game,renewed
STH507725,TF122734,0.1,low spend per game,renewed
STH500092,TF100273,0.1,low spend per game,renewed
STH503648,TF110669,0.2,low spend per game,renewed
STH504023,TF111806,97.0,"low total spend, low game attendance",not_renewed
STH502537,TF107379,0.1,no dominant single factor,renewed
STH506697,TF119849,0.1,tenure,renewed
STH507728,TF122738,0.2,tenure,renewed
STH501154,TF103392,0.2,few emails received,renewed
STH505241,TF115576,1.1,no dominant single factor,renewed
STH501237,TF103640,0.3,"few emails received, tenure",renewed
STH502587,TF107525,98.7,"low total spend, low game attendance",not_renewed
STH501415,TF104146,94.1,"low total spend, low game attendance",not_renewed
STH503717,TF110858,0.2,tenure,renewed
STH500692,TF101988,0.1,tenure,renewed
STH504155,TF112178,0.1,low spend per game,renewed
STH504224,TF112370,0.1,no dominant single factor,renewed
STH508045,TF123671,0.0,no dominant single factor,renewed
STH505372,TF115984,0.3,"low email engagement, few emails received",renewed
STH507958,TF123397,23.4,"low game attendance, low total spend",renewed
STH504740,TF113983,3.9,"long gap since last game attended, low spend per game",renewed
STH505473,TF116299,0.2,tenure,renewed
STH504778,TF114119,0.1,no dominant single factor,renewed
STH506106,TF118144,4.2,"long gap since last game attended, low spend per game",renewed
STH503588,TF110484,0.1,tenure,renewed
STH507530,TF122218,0.2,low spend per game,renewed
STH506465,TF119208,93.7,"low total spend, low game attendance",not_renewed
STH501923,TF105649,92.9,"low total spend, low game attendance",not_renewed
STH502310,TF106739,0.4,no dominant single factor,renewed
STH501959,TF105754,1.3,low email engagement,renewed
STH502437,TF107122,0.1,tenure,renewed
STH503099,TF109020,0.8,low spend per game,renewed
STH502440,TF107128,0.4,"few emails received, low email engagement",renewed
STH507688,TF122646,0.1,no dominant single factor,renewed
STH501084,TF103177,86.9,"low total spend, low game attendance",not_renewed
STH506170,TF118297,0.0,no dominant single factor,renewed
STH501059,TF103102,1.7,no dominant single factor,renewed
STH503351,TF109761,0.3,tenure,renewed
STH502059,TF106033,0.1,low spend per game,renewed
STH502204,TF106426,0.2,low email engagement,renewed
STH501182,TF103467,0.2,low email engagement,renewed
STH504973,TF114759,1.0,long gap since last game attended,renewed
STH502078,TF106093,0.3,few emails received,renewed
STH502301,TF106707,0.3,low spend per game,renewed
STH505876,TF117474,64.4,"low game attendance, low total spend",not_renewed
STH500129,TF100354,44.5,"long gap since last game attended, low email engagement",renewed
STH502655,TF107721,0.2,"low spend per game, low email engagement",renewed
STH505980,TF117804,0.1,no dominant single factor,renewed
STH506458,TF119175,0.1,no dominant single factor,renewed
STH506662,TF119771,0.1,few emails received,renewed
STH505844,TF117377,0.4,few emails received,renewed
STH502985,TF108661,0.1,no dominant single factor,renewed
STH505528,TF116456,0.0,no dominant single factor,renewed
STH505605,TF116711,0.2,no dominant single factor,renewed
STH501861,TF105476,0.1,no dominant single factor,renewed
STH502602,TF107569,0.1,low spend per game,renewed
STH504598,TF113541,98.5,"low total spend, low game attendance",not_renewed
STH501673,TF104908,0.2,few emails received,renewed
STH504302,TF112613,0.1,no dominant single factor,renewed
STH502753,TF107990,3.8,low email engagement,renewed
STH506041,TF117982,1.4,"low spend per game, few emails received",renewed
STH506998,TF120691,0.2,"tenure, low email engagement",renewed
STH500934,TF102725,78.0,"low total spend, low game attendance",renewed
STH507501,TF122129,99.0,"low total spend, low game attendance",not_renewed
STH506831,TF120248,1.0,"low email engagement, few emails received",renewed
STH503903,TF111420,0.2,tenure,renewed
STH502443,TF107134,0.1,tenure,renewed
STH500506,TF101449,6.3,"low game attendance, low total spend",renewed
STH501641,TF104800,0.3,"tenure, low spend per game",renewed
STH507052,TF120848,0.2,no dominant single factor,renewed
STH505190,TF115415,0.1,no dominant single factor,renewed
STH503203,TF109313,0.3,"tenure, low spend per game",renewed
STH502182,TF106366,96.7,"low total spend, low game attendance",not_renewed
STH506184,TF118332,1.8,few emails received,renewed
STH508406,TF124703,0.1,no dominant single factor,renewed
STH501181,TF103462,0.1,low spend per game,renewed
STH507342,TF121683,0.1,no dominant single factor,renewed
STH508281,TF124319,0.1,"low spend per game, few emails received",renewed
STH507023,TF120770,0.1,"tenure, low spend per game",renewed
STH500567,TF101597,0.2,tenure,renewed
STH508401,TF124684,0.1,tenure,renewed
STH508475,TF124931,59.4,"low game attendance, low total spend",renewed
STH500122,TF100330,0.1,no dominant single factor,renewed
STH503581,TF110474,0.1,no dominant single factor,renewed
STH501981,TF105815,0.6,low spend per game,not_renewed
STH507852,TF123076,0.5,"low email engagement, tenure",renewed
STH504135,TF112108,1.4,low email engagement,renewed
STH500442,TF101253,0.1,no dominant single factor,renewed
STH505361,TF115940,0.4,"few emails received, tenure",renewed
STH503795,TF111098,0.1,few emails received,renewed
STH504906,TF114514,0.1,no dominant single factor,renewed
STH503634,TF110617,1.4,"tenure, few emails received",renewed
STH501877,TF105525,0.2,tenure,renewed
STH504734,TF113964,0.1,low email engagement,renewed
STH504037,TF111841,1.8,"low total spend, low game attendance",renewed
STH501862,TF105478,0.1,long gap since last game attended,renewed
STH508219,TF124147,37.1,"low game attendance, low total spend",renewed
STH500079,TF100241,0.3,tenure,renewed
STH501963,TF105759,0.1,tenure,renewed
STH502144,TF106282,0.4,no dominant single factor,renewed
STH502911,TF108442,0.1,no dominant single factor,renewed
STH501821,TF105326,0.3,few emails received,renewed
STH506872,TF120354,5.5,"tenure, long gap since last game attended",renewed
STH504538,TF113352,0.1,no dominant single factor,renewed
STH506215,TF118444,0.1,long gap since last game attended,renewed
STH507403,TF121859,1.4,low email engagement,renewed
STH503204,TF109318,0.3,"low email engagement, low spend per game",renewed
STH503393,TF109899,0.1,low spend per game,renewed
STH506789,TF120128,0.3,"low email engagement, tenure",renewed
STH502146,TF106293,0.9,no dominant single factor,renewed
STH502687,TF107813,0.4,low email engagement,renewed
STH505394,TF116049,0.3,tenure,renewed
STH503054,TF108889,0.1,tenure,renewed
STH500627,TF101774,75.8,"low total spend, low game attendance",not_renewed
STH501168,TF103438,3.6,"tenure, low game attendance",renewed
STH501867,TF105497,0.1,no dominant single factor,renewed
STH501032,TF103029,1.1,tenure,renewed
STH508055,TF123690,0.6,"low email engagement, low spend per game",renewed
STH500729,TF102115,0.2,"tenure, low email engagement",renewed
STH505974,TF117784,19.8,"low game attendance, low total spend",renewed
STH505924,TF117639,0.1,no dominant single factor,renewed
STH502353,TF106873,0.1,no dominant single factor,renewed
STH507597,TF122372,0.1,tenure,renewed
STH501498,TF104381,0.5,"low email engagement, tenure",renewed
STH503965,TF111601,0.1,no dominant single factor,renewed
STH507883,TF123179,40.0,"low game attendance, low total spend",renewed
STH500037,TF100109,0.1,low spend per game,renewed
STH506742,TF119984,0.1,tenure,renewed
STH505627,TF116794,0.1,low spend per game,renewed
STH504789,TF114143,0.3,tenure,renewed
STH504940,TF114645,2.6,few emails received,renewed
STH506679,TF119808,4.8,"low game attendance, tenure",renewed
STH506919,TF120469,0.1,no dominant single factor,renewed
STH500963,TF102829,0.4,few emails received,renewed
STH504707,TF113849,98.2,"low total spend, low game attendance",not_renewed
STH505063,TF115020,1.4,"low spend per game, few emails received",renewed
STH504488,TF113200,0.1,tenure,renewed
STH504976,TF114765,0.1,low spend per game,renewed
STH506934,TF120505,0.1,no dominant single factor,renewed
STH506300,TF118701,0.4,low spend per game,renewed
STH503698,TF110816,0.7,long gap since last game attended,renewed
STH504080,TF111954,0.1,few emails received,renewed
STH503022,TF108780,0.2,low email engagement,renewed
STH500534,TF101509,0.1,low email engagement,renewed
STH503580,TF110467,0.4,"low email engagement, low spend per game",renewed
STH505584,TF116642,44.3,"low game attendance, low total spend",not_renewed
STH503132,TF109101,0.2,"tenure, few emails received",renewed
STH502019,TF105921,0.1,no dominant single factor,renewed
STH506838,TF120260,0.1,low email engagement,renewed
STH502441,TF107132,0.1,"long gap since last game attended, low spend per game",renewed
STH506639,TF119703,69.6,"low game attendance, low total spend",not_renewed
STH503474,TF110167,0.3,no dominant single factor,renewed
STH505763,TF117158,0.5,low spend per game,renewed
STH507946,TF123355,0.2,"tenure, low spend per game",renewed
STH506501,TF119325,31.0,"low game attendance, low total spend",not_renewed
STH501132,TF103300,0.1,tenure,renewed
STH503782,TF111056,4.8,"low game attendance, low total spend",renewed
STH507669,TF122596,3.6,few emails received,renewed
STH501840,TF105388,0.1,no dominant single factor,renewed
STH505141,TF115252,0.2,"low email engagement, low spend per game",renewed
STH505287,TF115711,0.4,"low email engagement, long gap since last game attended",renewed
STH504975,TF114764,0.1,no dominant single factor,renewed
STH507348,TF121699,0.1,no dominant single factor,renewed
STH506425,TF119070,0.1,low email engagement,renewed
STH508464,TF124901,1.4,tenure,renewed
STH502129,TF106235,0.1,no dominant single factor,renewed
STH505203,TF115456,0.1,no dominant single factor,renewed
STH507050,TF120845,1.3,tenure,renewed
STH505136,TF115240,92.9,"low total spend, low game attendance",not_renewed
STH501723,TF105041,0.3,"low spend per game, few emails received",renewed
STH507913,TF123266,0.1,low spend per game,renewed
STH503222,TF109376,0.1,low spend per game,renewed
STH506823,TF120227,0.1,tenure,renewed
STH502649,TF107701,0.2,no dominant single factor,renewed
STH507212,TF121326,66.9,"low game attendance, low total spend",not_renewed
STH503770,TF111015,4.5,few emails received,renewed
STH506967,TF120599,0.1,tenure,renewed
STH506453,TF119157,0.1,low email engagement,renewed
STH507364,TF121754,0.1,tenure,renewed
STH505161,TF115318,3.3,no dominant single factor,renewed
STH508041,TF123665,0.1,low spend per game,renewed
STH508301,TF124399,0.3,low spend per game,renewed
STH505835,TF117356,9.6,"few emails received, low email engagement",not_renewed
STH501420,TF104156,0.2,"low spend per game, few emails received",renewed
STH505072,TF115043,7.0,"long gap since last game attended, tenure",renewed
STH507276,TF121494,0.0,no dominant single factor,renewed
STH507670,TF122598,0.1,no dominant single factor,renewed
STH501322,TF103881,1.0,tenure,renewed
STH504339,TF112732,0.1,"low spend per game, tenure",renewed
STH505174,TF115365,0.2,low spend per game,renewed
STH502792,TF108110,0.1,few emails received,renewed
STH500571,TF101614,0.2,"low spend per game, low email engagement",renewed
STH504212,TF112335,0.1,no dominant single factor,renewed
STH506816,TF120204,0.1,low spend per game,renewed
STH504704,TF113842,0.3,"low spend per game, tenure",renewed
STH507367,TF121758,0.9,tenure,renewed
STH500865,TF102528,41.8,"low total spend, low game attendance",renewed
STH502777,TF108059,0.1,low email engagement,renewed
STH507889,TF123205,1.1,low spend per game,renewed
STH500779,TF102269,3.0,"low email engagement, tenure",renewed
STH504920,TF114568,1.1,"low email engagement, low spend per game",renewed
STH507638,TF122494,90.2,"low total spend, low game attendance",not_renewed
STH500385,TF101078,0.1,no dominant single factor,renewed
STH507941,TF123342,0.3,low email engagement,renewed
STH505688,TF116984,98.9,"low total spend, low game attendance",not_renewed
STH504776,TF114115,0.0,no dominant single factor,renewed
STH503827,TF111190,1.0,few emails received,renewed
STH500745,TF102163,0.2,tenure,renewed
STH503739,TF110926,0.1,no dominant single factor,renewed
STH502091,TF106130,0.1,few emails received,renewed
STH500638,TF101799,0.1,tenure,renewed
STH502387,TF106946,0.1,"tenure, low spend per game",renewed
STH503499,TF110246,0.1,tenure,renewed
STH505620,TF116773,0.1,low spend per game,renewed
STH508394,TF124671,1.1,low email engagement,renewed
STH504188,TF112257,0.1,tenure,renewed
STH504139,TF112121,12.6,"low total spend, low game attendance",renewed
STH507842,TF123051,0.1,no dominant single factor,renewed
STH502722,TF107897,0.1,tenure,renewed
STH506955,TF120563,0.2,no dominant single factor,renewed
STH503130,TF109086,0.1,long gap since last game attended,renewed
STH506768,TF120054,0.1,no dominant single factor,renewed
STH506940,TF120525,1.5,low spend per game,renewed
STH500182,TF100493,24.3,"long gap since last game attended, low game attendance",renewed
STH507802,TF122935,0.1,low spend per game,renewed
STH503867,TF111293,0.1,low spend per game,renewed
STH501519,TF104423,0.1,tenure,renewed
STH501997,TF105869,44.7,"low total spend, low game attendance",renewed
STH506015,TF117914,0.1,no dominant single factor,renewed
STH505617,TF116758,0.1,few emails received,renewed
STH506350,TF118876,98.2,"low total spend, low game attendance",not_renewed
STH503128,TF109079,0.6,"few emails received, low spend per game",renewed
STH502644,TF107680,0.3,"few emails received, tenure",renewed
STH507382,TF121802,0.1,no dominant single factor,renewed
STH503350,TF109758,0.8,tenure,renewed
STH506266,TF118609,83.6,"low total spend, low game attendance",not_renewed
STH506228,TF118488,1.2,tenure,renewed
STH507557,TF122287,0.1,few emails received,renewed
STH507940,TF123341,0.1,no dominant single factor,renewed
STH505542,TF116499,0.1,low spend per game,renewed
STH500059,TF100191,6.8,"low email engagement, few emails received",renewed
STH501835,TF105377,0.2,low spend per game,renewed
STH501261,TF103720,0.1,low spend per game,renewed
STH501561,TF104563,0.1,tenure,renewed
STH507487,TF122098,87.8,"low game attendance, low total spend",not_renewed
STH503515,TF110299,0.2,"low spend per game, tenure",renewed
STH500149,TF100412,0.0,no dominant single factor,renewed
STH507673,TF122602,0.1,no dominant single factor,renewed
STH506159,TF118266,0.1,low spend per game,renewed
STH500284,TF100779,0.1,low spend per game,renewed
STH508115,TF123858,0.1,low spend per game,renewed
STH500713,TF102072,0.1,"low email engagement, few emails received",renewed
STH504099,TF112007,0.1,no dominant single factor,renewed
STH508395,TF124672,0.1,tenure,renewed
STH503530,TF110339,0.0,no dominant single factor,renewed
STH502188,TF106385,0.1,"low spend per game, few emails received",renewed
STH507045,TF120832,0.1,no dominant single factor,renewed
STH502849,TF108284,0.2,long gap since last game attended,renewed
STH507039,TF120823,0.1,"tenure, low spend per game",renewed
STH503037,TF108829,0.1,tenure,renewed
STH503888,TF111380,0.1,low spend per game,renewed
STH508208,TF124126,95.8,"low total spend, low game attendance",not_renewed
STH506413,TF119044,0.1,low email engagement,renewed
STH506450,TF119153,0.1,tenure,renewed
STH503748,TF110956,0.1,tenure,renewed
STH507216,TF121332,0.1,tenure,renewed
STH503453,TF110097,1.0,no dominant single factor,renewed
STH500588,TF101667,43.3,"low game attendance, low total spend",renewed
STH505690,TF116987,0.2,tenure,renewed
STH505561,TF116560,0.1,low spend per game,renewed
STH503608,TF110541,0.4,"low email engagement, low spend per game",renewed
STH500768,TF102237,0.1,tenure,renewed
STH505455,TF116250,1.9,tenure,renewed
STH508169,TF124034,0.2,tenure,renewed
STH500454,TF101295,0.3,no dominant single factor,renewed
STH503364,TF109798,16.1,"low total spend, low game attendance",renewed
STH507155,TF121148,63.2,"low total spend, low game attendance",not_renewed
STH501347,TF103942,55.7,"low total spend, low game attendance",not_renewed
STH507812,TF122965,94.6,"low total spend, low game attendance",not_renewed
STH503925,TF111483,10.8,"low game attendance, low email engagement",renewed
STH501731,TF105069,11.3,long gap since last game attended,renewed
STH504328,TF112690,5.4,"low email engagement, few emails received",renewed
STH505150,TF115280,1.8,low email engagement,renewed
STH501302,TF103835,0.8,"low email engagement, few emails received",renewed
STH501190,TF103507,0.6,"low email engagement, few emails received",renewed
STH502662,TF107732,0.5,"low email engagement, few emails received",renewed
STH503459,TF110125,0.6,"low email engagement, few emails received",renewed
STH507988,TF123464,1.0,"low email engagement, few emails received",renewed
STH500144,TF100396,0.6,"low email engagement, long gap since last game attended",renewed
STH500973,TF102858,0.7,"low email engagement, few emails received",renewed
STH501292,TF103806,0.8,"low email engagement, few emails received",renewed
STH502731,TF107920,1.5,"low email engagement, low spend per game",renewed
STH505451,TF116235,64.6,"low total spend, low game attendance",renewed
STH503266,TF109503,58.0,"low total spend, low game attendance",renewed
STH506655,TF119750,9.7,"long gap since last game attended, low game attendance",renewed
STH505363,TF115945,5.9,"low email engagement, long gap since last game attended",renewed
STH503408,TF109949,0.8,low email engagement,renewed
STH500266,TF100729,11.2,low email engagement,renewed
STH501263,TF103734,0.9,"low email engagement, tenure",renewed
STH502173,TF106346,1.0,"low email engagement, low spend per game",renewed
STH502915,TF108450,0.8,"low email engagement, few emails received",renewed
STH500687,TF101968,2.1,"low email engagement, long gap since last game attended",renewed
STH503025,TF108786,0.6,"low email engagement, few emails received",renewed
STH500399,TF101109,5.6,"low email engagement, low spend per game",not_renewed
STH508236,TF124209,1.2,"low email engagement, tenure",renewed
STH506922,TF120481,0.8,"low email engagement, tenure",renewed
STH505736,TF117095,0.6,"low email engagement, few emails received",renewed
STH505501,TF116381,0.8,"low email engagement, few emails received",renewed
STH501987,TF105843,0.9,low email engagement,renewed
STH505998,TF117854,64.6,"low total spend, low game attendance",not_renewed
STH500998,TF102916,66.1,"low total spend, low game attendance",not_renewed
STH505819,TF117307,27.9,"low game attendance, low total spend",not_renewed
STH503526,TF110329,92.8,"low total spend, low game attendance",not_renewed
STH502117,TF106204,26.8,"low email engagement, low game attendance",not_renewed
STH502294,TF106689,1.5,low email engagement,renewed
STH504611,TF113584,0.7,"low email engagement, few emails received",renewed
STH505698,TF117005,0.6,"low email engagement, few emails received",renewed
STH504367,TF112828,0.4,"low email engagement, few emails received",renewed
STH503188,TF109280,1.0,"low email engagement, few emails received",renewed
STH502428,TF107079,1.3,"low email engagement, few emails received",renewed
STH505352,TF115917,2.6,"low email engagement, few emails received",renewed
STH502919,TF108472,1.7,"low email engagement, few emails received",renewed
STH508351,TF124531,1.9,"low email engagement, few emails received",renewed
STH506856,TF120303,64.0,"low total spend, low game attendance",renewed
STH506074,TF118085,61.4,"low total spend, low game attendance",not_renewed
STH503049,TF108872,97.5,"low total spend, low game attendance",not_renewed
STH501025,TF103007,4.9,low email engagement,renewed
STH505953,TF117725,6.1,"low email engagement, tenure",renewed
STH504158,TF112183,93.7,"low total spend, low game attendance",not_renewed
STH504575,TF113476,24.3,"low email engagement, tenure",not_renewed
STH501135,TF103309,5.1,"low email engagement, few emails received",renewed
STH505802,TF117265,13.0,low email engagement,renewed
STH507897,TF123229,8.4,"low email engagement, low spend per game",not_renewed
STH500045,TF100141,3.1,"low email engagement, low spend per game",renewed
STH503437,TF110048,0.6,"low email engagement, few emails received",renewed
STH507066,TF120885,2.4,"low email engagement, low spend per game",renewed
STH503738,TF110922,0.5,"low email engagement, few emails received",renewed
STH505193,TF115420,2.0,"low email engagement, low spend per game",renewed
STH506282,TF118664,1.6,"low email engagement, few emails received",renewed
STH502521,TF107340,0.7,"low email engagement, tenure",renewed
STH508248,TF124235,63.5,"low total spend, low game attendance",not_renewed
STH508004,TF123532,95.7,"low total spend, low game attendance",not_renewed
STH500906,TF102647,61.1,"low total spend, low game attendance",not_renewed
STH504493,TF113212,6.5,"low total spend, low email engagement",renewed
STH501928,TF105661,10.2,low email engagement,renewed
STH500955,TF102800,0.7,"low email engagement, few emails received",renewed
STH505635,TF116819,1.3,"low email engagement, few emails received",renewed
STH508173,TF124045,0.5,"low email engagement, few emails received",renewed
STH506302,TF118710,2.6,"low email engagement, low spend per game",renewed
STH502787,TF108085,1.0,"low email engagement, few emails received",renewed
STH505485,TF116336,1.8,"low email engagement, low spend per game",renewed
STH507884,TF123190,0.7,"low email engagement, few emails received",renewed
STH507885,TF123193,1.0,"low email engagement, few emails received",renewed
STH502623,TF107616,1.6,"low email engagement, low spend per game",renewed
STH503137,TF109116,1.6,"low email engagement, few emails received",renewed
STH503272,TF109518,0.9,low email engagement,renewed
STH507491,TF122104,51.9,"low total spend, low game attendance",renewed
STH501657,TF104851,61.4,"low total spend, low game attendance",not_renewed
STH503283,TF109562,60.5,"low total spend, low game attendance",not_renewed
STH508407,TF124707,59.8,"low game attendance, low total spend",renewed
STH505588,TF116652,14.0,"low game attendance, low total spend",renewed
STH503605,TF110537,92.5,"low total spend, low game attendance",not_renewed
STH507953,TF123380,0.8,"low email engagement, few emails received",renewed
STH506258,TF118586,0.8,"low email engagement, few emails received",renewed
STH500134,TF100369,0.7,"low email engagement, few emails received",renewed
STH506139,TF118216,0.9,"low email engagement, few emails received",renewed
STH503569,TF110442,0.8,"low email engagement, few emails received",renewed
STH504330,TF112701,0.7,"low email engagement, few emails received",renewed
STH508426,TF124770,1.1,"low email engagement, few emails received",renewed
STH506233,TF118501,0.9,"low email engagement, few emails received",renewed
STH502119,TF106211,51.4,"low total spend, low game attendance",not_renewed
STH508498,TF124996,70.9,"low game attendance, low total spend",not_renewed
STH501705,TF104997,14.4,"low total spend, low game attendance",renewed
STH500566,TF101594,12.5,"low email engagement, tenure",renewed
STH506123,TF118176,1.3,low email engagement,renewed
STH504042,TF111858,7.7,"low email engagement, tenure",renewed
STH503502,TF110253,1.2,"low email engagement, few emails received",renewed
STH508466,TF124905,0.6,"low email engagement, few emails received",renewed
STH506827,TF120233,0.9,"low email engagement, few emails received",renewed
STH503248,TF109447,0.7,"low email engagement, tenure",renewed
STH504050,TF111882,1.1,"low email engagement, tenure",renewed
STH503917,TF111451,0.4,"low email engagement, few emails received",renewed
STH507966,TF123412,2.3,"low email engagement, low spend per game",renewed
STH504602,TF113549,1.3,"low email engagement, tenure",renewed
STH503562,TF110423,55.8,"low total spend, low game attendance",renewed
STH502905,TF108417,12.3,"low email engagement, tenure",renewed
STH504643,TF113650,5.9,"low email engagement, few emails received",renewed
STH503525,TF110326,1.4,"low email engagement, low spend per game",renewed
STH507878,TF123162,1.9,"low email engagement, long gap since last game attended",renewed
STH502246,TF106536,0.7,"low email engagement, tenure",renewed
STH501892,TF105569,1.2,"low email engagement, tenure",renewed
STH504604,TF113558,0.7,"low email engagement, few emails received",renewed
STH503927,TF111485,0.9,"low email engagement, tenure",renewed
STH506589,TF119553,0.7,"low email engagement, few emails received",renewed
STH502350,TF106868,1.1,"low email engagement, tenure",renewed
STH507200,TF121300,0.6,"low email engagement, few emails received",renewed
STH503373,TF109830,1.1,"low email engagement, few emails received",renewed
STH502323,TF106784,0.9,"low email engagement, few emails received",renewed
STH503514,TF110289,0.9,"low email engagement, tenure",renewed
STH506262,TF118593,63.2,"low total spend, low game attendance",renewed
STH504107,TF112036,53.0,"low total spend, low game attendance",renewed
STH503815,TF111154,55.1,"low total spend, low game attendance",renewed
STH503839,TF111221,12.8,"low email engagement, tenure",renewed
STH507476,TF122060,1.9,"low email engagement, few emails received",renewed
STH500325,TF100903,3.4,"low email engagement, low spend per game",renewed
STH500155,TF100428,2.1,low email engagement,renewed
STH507094,TF120980,0.6,"low email engagement, few emails received",renewed
STH507589,TF122358,0.8,"low email engagement, tenure",renewed
STH504929,TF114606,0.7,"low email engagement, low spend per game",renewed
STH503907,TF111426,2.1,"low email engagement, few emails received",renewed
STH504296,TF112595,2.2,"low email engagement, low spend per game",renewed
STH505445,TF116214,1.3,"low email engagement, tenure",renewed
STH502491,TF107266,0.8,"low email engagement, tenure",renewed
STH502555,TF107423,0.7,"low email engagement, tenure",renewed
STH506019,TF117933,64.6,"low total spend, low game attendance",renewed
STH500438,TF101240,64.6,"low total spend, low game attendance",not_renewed
STH502569,TF107469,63.7,"low total spend, low game attendance",not_renewed
STH506894,TF120414,63.2,"low total spend, low game attendance",not_renewed
STH502594,TF107555,55.8,"low total spend, low game attendance",renewed
STH503616,TF110571,61.5,"low total spend, low game attendance",not_renewed
STH505547,TF116508,1.7,"low game attendance, low email engagement",renewed
STH503870,TF111313,9.7,"low email engagement, low spend per game",renewed
STH505284,TF115705,0.7,"low email engagement, tenure",renewed
STH503538,TF110358,1.2,"low email engagement, few emails received",renewed
STH504169,TF112216,1.4,"low email engagement, low spend per game",renewed
STH503891,TF111386,0.7,"low email engagement, few emails received",renewed
STH507598,TF122376,0.9,"low email engagement, few emails received",renewed
STH501204,TF103551,0.9,"low email engagement, tenure",renewed
STH508028,TF123624,0.6,"low email engagement, few emails received",renewed
STH508223,TF124159,0.5,"low email engagement, few emails received",renewed
STH503578,TF110454,1.1,low email engagement,renewed
STH504474,TF113150,1.7,low email engagement,renewed
STH500251,TF100680,2.1,"low email engagement, low spend per game",renewed
STH503786,TF111081,64.0,"low total spend, low game attendance",not_renewed
STH501348,TF103943,55.4,"low total spend, low game attendance",not_renewed
STH505301,TF115744,97.4,"low total spend, low game attendance",not_renewed
STH502542,TF107390,9.5,low email engagement,renewed
STH501241,TF103650,6.1,low email engagement,renewed
STH503731,TF110900,0.9,"low email engagement, few emails received",renewed
STH500947,TF102760,1.4,low email engagement,renewed
STH506619,TF119643,1.2,"low email engagement, few emails received",renewed
STH503403,TF109930,0.9,"low email engagement, few emails received",renewed
STH506783,TF120102,0.9,"low email engagement, few emails received",renewed
STH505288,TF115714,1.0,"low email engagement, few emails received",renewed
STH506043,TF117987,2.1,"low email engagement, low spend per game",renewed
STH505162,TF115319,0.9,"low email engagement, few emails received",renewed
STH506287,TF118674,0.7,"low email engagement, few emails received",renewed
STH503041,TF108842,0.6,"low email engagement, tenure",renewed
STH507550,TF122271,0.9,"low email engagement, few emails received",renewed
STH503109,TF109038,2.0,"low email engagement, low spend per game",renewed
STH504631,TF113629,1.6,"low email engagement, tenure",renewed
STH502171,TF106340,51.9,"low total spend, low game attendance",renewed
STH500193,TF100512,55.4,"low total spend, low game attendance",not_renewed
STH500407,TF101131,55.7,"low total spend, low game attendance",renewed
STH501354,TF103955,52.1,"low total spend, low game attendance",not_renewed
STH504884,TF114458,89.0,"low game attendance, low total spend",not_renewed
STH501512,TF104414,68.9,"low total spend, low game attendance",renewed
STH502995,TF108702,1.2,"low email engagement, few emails received",renewed
STH500712,TF102069,1.1,"low email engagement, tenure",renewed
STH506175,TF118310,1.0,"low email engagement, few emails received",renewed
STH502657,TF107724,2.2,"low email engagement, few emails received",renewed
STH505946,TF117702,0.6,"low email engagement, few emails received",renewed
STH503413,TF109975,2.1,"low email engagement, low spend per game",renewed
STH507507,TF122148,0.8,"low email engagement, low spend per game",renewed
STH504394,TF112916,1.0,"low email engagement, tenure",renewed
STH508399,TF124676,1.2,low email engagement,renewed
STH505069,TF115036,64.6,"low total spend, low game attendance",renewed
STH506440,TF119118,4.9,low email engagement,renewed
STH500883,TF102579,3.8,"low email engagement, few emails received",renewed
STH501329,TF103899,8.2,low email engagement,renewed
STH504393,TF112915,6.2,"low email engagement, long gap since last game attended",renewed
STH504741,TF113984,1.8,"low email engagement, long gap since last game attended",renewed
STH503295,TF109591,2.6,"low email engagement, long gap since last game attended",renewed
STH503861,TF111277,0.6,"low email engagement, few emails received",renewed
STH500164,TF100446,1.1,"low email engagement, few emails received",renewed
STH502857,TF108307,0.9,"low email engagement, few emails received",renewed
STH504935,TF114621,1.4,"low email engagement, few emails received",renewed
STH501317,TF103871,0.7,"low email engagement, few emails received",renewed
STH507253,TF121430,1.6,"low email engagement, low spend per game",renewed
STH503653,TF110680,0.6,"low email engagement, few emails received",renewed
STH501034,TF103031,1.2,"low email engagement, few emails received",renewed
STH507110,TF121024,55.4,"low total spend, low game attendance",not_renewed
STH505997,TF117853,91.5,"low total spend, low game attendance",not_renewed
STH503139,TF109118,72.2,"low total spend, low game attendance",not_renewed
STH501231,TF103623,71.0,"low total spend, low game attendance",not_renewed
STH505510,TF116413,17.2,"low total spend, long gap since last game attended",renewed
STH500766,TF102232,36.1,"long gap since last game attended, low game attendance",not_renewed
STH504479,TF113161,15.1,"low game attendance, low total spend",renewed
STH500508,TF101453,5.3,"low email engagement, few emails received",renewed
STH500322,TF100898,2.8,"low email engagement, few emails received",renewed
STH505121,TF115192,1.8,low email engagement,renewed
STH503767,TF111002,2.9,"low email engagement, low spend per game",renewed
STH502449,TF107155,0.8,"low email engagement, few emails received",renewed
STH508141,TF123941,0.4,"low email engagement, few emails received",renewed
STH500972,TF102857,0.8,"low email engagement, few emails received",renewed
STH504265,TF112512,0.9,"low email engagement, few emails received",renewed
STH501527,TF104455,1.0,"low email engagement, few emails received",renewed
STH502259,TF106570,2.1,"low email engagement, few emails received",renewed
STH503740,TF110938,1.7,"low email engagement, few emails received",renewed
STH506096,TF118121,0.8,"low email engagement, few emails received",renewed
STH507481,TF122085,1.6,low email engagement,renewed
STH504667,TF113728,1.5,low email engagement,not_renewed
STH501596,TF104668,53.0,"low total spend, low game attendance",not_renewed
STH500042,TF100128,26.3,"low game attendance, low total spend",renewed
STH504993,TF114825,15.2,"low game attendance, low total spend",renewed
STH506026,TF117951,4.6,"low email engagement, few emails received",renewed
STH507832,TF123022,3.1,"low email engagement, tenure",not_renewed
STH503236,TF109413,6.1,low email engagement,renewed
STH503882,TF111349,0.9,"low email engagement, few emails received",renewed
STH506512,TF119346,1.2,"low email engagement, few emails received",renewed
STH505270,TF115665,0.6,"low email engagement, few emails received",renewed
STH504336,TF112724,1.2,"low email engagement, long gap since last game attended",renewed
STH501767,TF105179,0.4,"low email engagement, few emails received",renewed
STH505812,TF117291,0.8,"low email engagement, few emails received",renewed
STH501407,TF104128,2.0,"low email engagement, low spend per game",renewed
STH503314,TF109648,0.9,"low email engagement, few emails received",renewed
STH502746,TF107974,2.6,"low email engagement, low spend per game",renewed
STH505971,TF117777,51.4,"low total spend, low game attendance",renewed
STH505267,TF115659,94.8,"low total spend, low game attendance",not_renewed
STH503366,TF109803,6.8,"low email engagement, low spend per game",renewed
STH505755,TF117140,7.7,"low spend per game, low game attendance",renewed
STH503454,TF110098,16.2,"low email engagement, tenure",renewed
STH505764,TF117159,2.4,low email engagement,renewed
STH501075,TF103142,3.3,"low email engagement, low spend per game",renewed
STH500447,TF101282,0.9,"low email engagement, few emails received",renewed
STH505770,TF117179,1.3,"low email engagement, few emails received",renewed
STH505846,TF117380,1.0,"low email engagement, tenure",renewed
STH506710,TF119900,2.4,"low email engagement, low spend per game",renewed
STH506628,TF119664,0.9,"low email engagement, tenure",renewed
STH501278,TF103776,2.0,"low email engagement, few emails received",renewed
STH504210,TF112327,2.3,"low email engagement, few emails received",renewed
STH500019,TF100045,0.8,"low email engagement, tenure",renewed
STH502085,TF106111,0.9,"low email engagement, few emails received",renewed
