game_id,stand_id,final_attendance,transaction_count,predicted_transaction_count,abs_pct_error
G2025076,STAND17,15518,321,406.1,0.2651951360992932
G2025076,STAND9,15518,328,409.9,0.24964626931169986
G2025077,STAND17,17536,429,436.3,0.017052999408058503
G2025077,STAND9,17536,471,436.3,0.07363962474297855
G2025078,STAND15,13524,340,340.5,0.0013764113364613075
G2025078,STAND22,13524,326,338.9,0.0396861366436641
G2025078,STAND13,13524,344,332.2,0.034190125988930654
G2025079,STAND21,14923,374,349.0,0.0667129460632331
G2025080,STAND18,15698,319,403.5,0.26492719915874485
G2025080,STAND3,15698,344,400.4,0.1638151013754742
G2025081,STAND18,14749,419,387.8,0.07451735413281238
G2025081,STAND3,14749,409,386.8,0.054296431587332654
G2025075,STAND3,18000,371,406.2,0.09483903347534786
G2025012,STAND13,18000,472,482.8,0.02288778492701711
G2025012,STAND15,18000,505,478.5,0.05242462789126331
G2025012,STAND22,18000,454,478.5,0.054021063689233546
G2025013,STAND13,15784,454,389.2,0.1428358477357432
G2025013,STAND15,15784,425,389.2,0.08434699969888805
G2025013,STAND22,15784,386,389.2,0.008167163543970417
G2025014,STAND12,15622,443,396.8,0.1042153063940931
G2025014,STAND7,15622,403,396.8,0.0153036742744001
G2025014,STAND20,15622,453,398.7,0.11981361527340853
G2025014,STAND6,15622,425,396.8,0.06627618995901939
G2025014,STAND23,15622,421,396.8,0.05740470482798869
G2025015,STAND13,16045,407,433.3,0.06462620009210696
G2025015,STAND15,16045,376,433.3,0.1524012325465094
G2025015,STAND22,16045,410,431.1,0.05141441652875007
G2025016,STAND21,15779,401,432.9,0.07959001006465238
G2025017,STAND15,14569,341,374.4,0.09790422201945015
G2025017,STAND22,14569,337,374.4,0.11093572613837537
G2025017,STAND13,14569,322,373.6,0.1603817588080927
G2025018,STAND4,17215,373,425.0,0.13931989901399355
G2025019,STAND9,17518,453,448.4,0.010145184744344102
G2025019,STAND17,17518,459,448.4,0.02308446337513699
G2025020,STAND5,16628,483,447.5,0.07356877815925211
G2025020,STAND10,16628,416,448.0,0.0770048098486021
G2025020,STAND1,16628,451,444.2,0.015177023834854544
G2025020,STAND16,16628,420,447.5,0.06539590511686007
G2025020,STAND11,16628,455,447.5,0.016557626045975323
G2025021,STAND6,17476,444,431.4,0.028433847851723593
G2025021,STAND12,17476,395,431.1,0.09131407248237755
G2025021,STAND20,17476,381,431.1,0.13141485204865913
G2025021,STAND7,17476,386,431.1,0.11675921925010138
G2025021,STAND23,17476,432,428.8,0.007439946481374475
G2025022,STAND6,15576,435,363.9,0.16355805317220526
G2025022,STAND23,15576,412,364.3,0.1157711909846226
G2025022,STAND12,15576,395,364.5,0.07714256149106966
G2025022,STAND20,15576,420,363.9,0.13368512649978403
G2025022,STAND7,15576,434,363.9,0.16163076758043615
G2025023,STAND9,16739,342,451.0,0.31870227623390135
G2025023,STAND17,16739,330,451.0,0.36665508627877047
G2025024,STAND19,16144,449,425.4,0.052580264871994686
G2025024,STAND2,16144,431,425.6,0.012626056971809647
G2025024,STAND8,16144,437,423.5,0.030838964007332315
G2025024,STAND14,16144,465,425.4,0.08517965360758196
G2025024,STAND24,16144,451,425.4,0.056781682766132185
G2025000,STAND13,14091,443,354.8,0.1991750469803279
G2025000,STAND22,14091,385,354.1,0.08038639912045317
G2025000,STAND15,14091,395,354.8,0.1018596096513551
G2025025,STAND1,17053,472,415.7,0.11923142295167424
G2025025,STAND11,17053,462,415.9,0.09973761596541691
G2025025,STAND16,17053,453,415.9,0.08185160833559076
G2025025,STAND5,17053,493,415.9,0.15634640684791606
G2025025,STAND10,17053,435,415.9,0.04385926109430486
G2025026,STAND17,16577,437,430.2,0.015578121000224354
G2025026,STAND9,16577,433,431.8,0.0028062193253220557
G2025027,STAND6,16574,453,381.0,0.1588503688935279
G2025027,STAND20,16574,449,377.1,0.16018495609106376
G2025027,STAND12,16574,426,378.8,0.11073966244069898
G2025027,STAND23,16574,462,376.7,0.18465335828819218
G2025027,STAND7,16574,461,375.4,0.18560646180576074
G2025028,STAND20,14630,347,344.6,0.007003975719263831
G2025028,STAND23,14630,333,344.6,0.03474360488112748
G2025028,STAND6,14630,417,344.6,0.17369395581435143
G2025028,STAND12,14630,352,344.6,0.02110903288234247
G2025028,STAND7,14630,349,344.6,0.012694497348379796
G2025029,STAND17,17651,448,434.6,0.029901766610339258
G2025029,STAND9,17651,426,434.6,0.020197203189126788
G2025030,STAND9,14132,342,397.7,0.16296070355400166
G2025030,STAND17,14132,304,397.7,0.3083307914982519
G2025031,STAND4,14897,352,340.6,0.03228655136353935
G2025032,STAND4,14244,419,329.9,0.21275035780633567
G2025033,STAND14,18000,475,484.2,0.019322336145318763
G2025033,STAND2,18000,464,487.2,0.05000048360100474
G2025033,STAND19,18000,464,483.9,0.04284561120613985
G2025033,STAND24,18000,470,483.9,0.029532688509891252
G2025033,STAND8,18000,437,482.4,0.10399574931562067
G2025034,STAND9,17573,447,425.8,0.04750912510082768
G2025034,STAND17,17573,435,425.8,0.02123351475878155
G2025035,STAND21,13549,323,323.3,0.0010599156511706999
G2025036,STAND21,13038,343,331.8,0.03264498737578558
G2025001,STAND12,15055,399,356.7,0.10593919959465661
G2025001,STAND23,15055,410,356.7,0.12992619667870242
G2025001,STAND7,15055,366,356.7,0.025327160213846966
G2025001,STAND6,15055,338,356.7,0.05541496852583435
G2025001,STAND20,15055,390,356.7,0.08530702727761023
G2025002,STAND3,15406,385,415.4,0.0788795116293696
G2025002,STAND18,15406,345,415.4,0.20396699123857187
G2025003,STAND21,13987,385,386.9,0.0050128401073094835
G2025004,STAND3,18000,484,463.7,0.04199432171197192
G2025004,STAND18,18000,484,455.0,0.05998726640081912
G2025005,STAND4,15443,347,409.6,0.18050425784026394
G2025006,STAND13,14858,313,355.9,0.13696681087387175
G2025006,STAND15,14858,302,355.9,0.17837950928318494
G2025006,STAND22,14858,338,356.4,0.05448684880840864
G2025007,STAND10,16667,453,446.3,0.014885093598404382
G2025007,STAND1,16667,417,446.3,0.07016079760173337
G2025007,STAND16,16667,448,446.3,0.0038905075894580016
G2025007,STAND11,16667,446,446.3,0.0005763511209031732
G2025007,STAND5,16667,441,446.3,0.011920754194836316
G2025008,STAND19,15865,352,394.9,0.1219446672487007
G2025008,STAND8,15865,380,394.5,0.03809948516313823
G2025008,STAND2,15865,406,398.0,0.019812881758350682
G2025008,STAND14,15865,387,395.6,0.022190550720400548
G2025008,STAND24,15865,401,394.9,0.015150815781689154
G2025009,STAND3,15605,359,396.8,0.10538334057776257
G2025009,STAND18,15605,371,396.8,0.06962970152942523
G2025010,STAND21,18000,511,474.1,0.07212860291264901
G2025011,STAND21,14525,374,361.8,0.03259667374415514
G2025075,STAND18,18000,435,406.2,0.06624073236930102
G2025062,STAND18,18000,400,427.4,0.06859854903474939
G2025062,STAND3,18000,444,436.1,0.017684673776347287
G2025063,STAND18,17187,448,421.8,0.058371685020550804
G2025063,STAND3,17187,427,421.8,0.012062095759266419
G2025064,STAND17,15575,369,389.5,0.055557890263200196
G2025064,STAND9,15575,329,389.5,0.1838931960702762
G2025065,STAND13,14369,303,341.1,0.1257352485025859
G2025065,STAND15,14369,329,330.3,0.00405936273084929
G2025065,STAND22,14369,322,329.6,0.02366867232720561
G2025066,STAND8,16398,447,448.3,0.002821563285933826
G2025066,STAND2,16398,496,448.6,0.0956329457570739
G2025066,STAND24,16398,454,448.6,0.01196903325001907
G2025066,STAND19,16398,495,449.6,0.0917543861351513
G2025066,STAND14,16398,486,448.6,0.07702457015536761
G2025067,STAND18,14687,448,408.1,0.08905978769270297
G2025067,STAND3,14687,419,407.0,0.0287462017752571
G2025068,STAND15,18000,391,406.0,0.038451863022402874
G2025068,STAND22,18000,371,406.0,0.09443309553034912
G2025068,STAND13,18000,357,411.5,0.15274203563347963
G2025069,STAND19,11214,288,313.9,0.08999832740854548
G2025069,STAND2,11214,285,310.5,0.08947305562236212
G2025069,STAND8,11214,296,310.3,0.04815013510943723
G2025069,STAND24,11214,287,311.1,0.08381487069601036
G2025069,STAND14,11214,287,311.0,0.08361153303052242
G2025070,STAND7,14686,394,401.7,0.01952230471806817
G2025070,STAND20,14686,405,399.0,0.014911092450691785
G2025070,STAND12,14686,409,401.7,0.01786848885349912
G2025070,STAND6,14686,434,401.7,0.07444288465686899
G2025070,STAND23,14686,406,401.7,0.010611359460790986
G2025071,STAND14,14483,409,331.8,0.18872397028826762
G2025071,STAND8,14483,413,332.0,0.19620401933699183
G2025071,STAND2,14483,392,332.1,0.15283537016910265
G2025071,STAND24,14483,402,331.8,0.17459727325348623
G2025071,STAND19,14483,393,331.8,0.15569492073257368
G2025072,STAND4,17744,400,440.1,0.1002663290142641
G2025073,STAND17,18000,472,449.0,0.04879235407639027
G2025073,STAND9,18000,520,445.4,0.1433715380285781
G2025074,STAND4,17415,425,427.1,0.004992661879301148
G2025050,STAND9,18000,440,435.5,0.010229535712909668
G2025050,STAND17,18000,427,439.0,0.028155065426520264
G2025051,STAND15,14293,323,333.7,0.033104843689303706
G2025051,STAND13,14293,342,333.7,0.024289869848990942
G2025051,STAND22,14293,282,330.3,0.17123221345719986
G2025052,STAND15,13628,325,359.2,0.10513179405864671
G2025052,STAND22,13628,333,359.2,0.07858208128846901
G2025052,STAND13,13628,374,372.2,0.004801122430939071
G2025053,STAND9,16034,462,390.1,0.15567801275768908
G2025053,STAND17,16034,444,390.1,0.12144874300462241
G2025054,STAND15,16082,426,418.8,0.017016750383287354
G2025054,STAND13,16082,460,418.8,0.0896720340506096
G2025054,STAND22,16082,413,418.8,0.01392461098479319
G2025055,STAND22,16404,479,390.8,0.18419734019011633
G2025055,STAND13,16404,477,396.1,0.16951333935735544
G2025055,STAND15,16404,444,394.2,0.11221879647376345
G2025056,STAND21,15388,444,348.0,0.21613372475441908
G2025057,STAND11,16146,418,429.5,0.027516958587569022
G2025057,STAND5,16146,439,429.5,0.02163533328108462
G2025057,STAND10,16146,426,429.5,0.008220865468553643
G2025057,STAND1,16146,417,429.5,0.029981028032623147
G2025057,STAND16,16146,453,429.1,0.05265440258175865
G2025058,STAND3,14297,316,321.2,0.016451997551173585
G2025058,STAND18,14297,316,316.2,0.0007581112322174957
G2025059,STAND3,15014,398,335.3,0.15762126663117404
G2025059,STAND18,15014,427,333.1,0.219962104239202
G2025060,STAND6,12746,293,306.1,0.044643827561311765
G2025060,STAND20,12746,305,297.1,0.026013775589460244
G2025060,STAND12,12746,316,306.1,0.03139037507764447
G2025060,STAND23,12746,258,306.1,0.1863590754862959
G2025060,STAND7,12746,284,306.1,0.07774873758966319
G2025061,STAND5,18000,466,448.9,0.03671245920011805
G2025061,STAND10,18000,446,448.9,0.006484291508396833
G2025061,STAND16,18000,446,448.9,0.006484291508396833
G2025061,STAND11,18000,430,448.9,0.04393486979708137
G2025061,STAND1,18000,443,448.9,0.013300212218385976
G2025037,STAND4,13257,367,316.0,0.13904344817523184
G2025038,STAND22,13448,291,343.8,0.18152449916708094
G2025038,STAND15,13448,327,345.0,0.05502400624119839
G2025038,STAND13,13448,291,345.0,0.18554244000299613
G2025039,STAND4,13972,389,375.8,0.03402286909114824
G2025040,STAND4,14644,311,379.5,0.2201439034279828
G2025041,STAND1,15559,374,378.8,0.012764867979240566
G2025041,STAND16,15559,358,378.8,0.05802810230233511
G2025041,STAND5,15559,397,378.8,0.04590916719336027
G2025041,STAND11,15559,378,378.8,0.0020477794291956924
G2025041,STAND10,15559,373,378.8,0.015480055292857833
G2025042,STAND9,17902,350,416.6,0.19018134727871808
G2025042,STAND17,17902,383,416.6,0.08763308498055178
G2025043,STAND19,16041,415,380.6,0.08284416530146818
G2025043,STAND2,16041,391,380.7,0.026274453228461513
G2025043,STAND14,16041,417,381.2,0.08585013039576571
G2025043,STAND24,16041,402,383.0,0.04727903668643279
G2025043,STAND8,16041,392,378.9,0.033440404422727
G2025044,STAND13,17683,376,382.8,0.018083150331941147
G2025044,STAND15,17683,370,382.8,0.03459260682381046
G2025044,STAND22,17683,392,382.8,0.023471263967321757
G2025045,STAND13,13582,336,333.0,0.008925733392345253
G2025045,STAND22,13582,362,327.8,0.09457452239366228
G2025045,STAND15,13582,382,333.0,0.12826975502572777
G2025046,STAND9,15711,370,387.1,0.046240816948457025
G2025046,STAND17,15711,338,387.1,0.14529320198499734
G2025047,STAND1,13811,418,356.6,0.14694194468290597
G2025047,STAND5,13811,378,357.1,0.055314492169428686
G2025047,STAND16,13811,371,356.2,0.03982821007168524
G2025047,STAND10,13811,381,356.6,0.06409903642376562
G2025047,STAND11,13811,386,356.6,0.07622210590014171
G2025048,STAND21,17196,399,390.1,0.02242024297893571
G2025049,STAND3,16073,345,427.4,0.2389218883370404
G2025049,STAND18,16073,356,427.4,0.2006405940344914
G2025076,STAND3,15518,287,409.2,0.42575687450836086
G2025076,STAND18,15518,349,409.2,0.17247055296246294
G2025077,STAND18,17536,456,436.3,0.04316724397794496
G2025077,STAND3,17536,476,435.2,0.08577759855345525
G2025078,STAND5,13524,352,340.5,0.03276142086819078
G2025078,STAND11,13524,343,340.5,0.007381982931787625
G2025078,STAND16,13524,322,340.1,0.05625294035793889
G2025078,STAND10,13524,312,340.5,0.09124352517434886
G2025078,STAND1,13524,347,340.5,0.01882426554928863
G2025079,STAND6,14923,319,349.0,0.0941986149603474
G2025079,STAND23,14923,371,345.7,0.06826921975753088
G2025079,STAND20,14923,309,349.8,0.13195053076780316
G2025079,STAND12,14923,357,349.0,0.022270705399577533
G2025079,STAND7,14923,325,349.0,0.07399802514569484
G2025080,STAND9,15698,331,400.7,0.2106878245749884
G2025080,STAND17,15698,325,397.5,0.22306574825079348
G2025081,STAND9,14749,428,386.8,0.09627859934396976
G2025081,STAND17,14749,407,388.0,0.046654027830542635
G2025012,STAND16,18000,456,478.2,0.04862067950827085
G2025012,STAND5,18000,480,478.5,0.003071743927266605
G2025012,STAND10,18000,494,478.5,0.03132477142730358
G2025012,STAND11,18000,491,478.5,0.025406185509344134
G2025012,STAND1,18000,483,478.5,0.009263844896662465
G2025013,STAND16,15784,486,389.2,0.19927463965437742
G2025013,STAND1,15784,443,381.5,0.1388274303162228
G2025013,STAND11,15784,446,389.2,0.12746070599109288
G2025013,STAND5,15784,471,389.2,0.17377383200005822
G2025013,STAND10,15784,492,389.2,0.20903958307322645
G2025014,STAND21,15622,430,396.8,0.07713344356414707
G2025015,STAND5,16045,424,433.3,0.021940715654451725
G2025015,STAND16,16045,374,433.3,0.15856380598258699
G2025015,STAND11,16045,415,433.3,0.04410328539153622
G2025015,STAND10,16045,421,433.3,0.02922295353322454
G2025015,STAND1,16045,440,433.3,0.015220764914801066
G2025016,STAND20,15779,405,432.9,0.0689273926812978
G2025016,STAND23,15779,377,432.9,0.14831722555948437
G2025016,STAND12,15779,439,432.9,0.013859694678984949
G2025016,STAND6,15779,390,432.9,0.11003998470750156
G2025016,STAND7,15779,393,432.9,0.10156639703797865
G2025017,STAND11,14569,308,374.4,0.2155368172358198
G2025017,STAND10,14569,323,374.4,0.15908773903601392
G2025017,STAND5,14569,346,374.4,0.08203855407119219
G2025017,STAND1,14569,323,374.4,0.15908773903601392
G2025017,STAND16,14569,335,374.0,0.11650987059549844
G2025018,STAND24,17215,377,423.9,0.12445085892036953
G2025018,STAND8,17215,397,423.6,0.06703565163047957
G2025018,STAND19,17215,415,423.9,0.021489093525251354
G2025018,STAND14,17215,379,423.9,0.11851708130073697
G2025018,STAND2,17215,413,424.2,0.02710559940579307
G2025019,STAND18,17518,420,448.4,0.06762912216860029
G2025019,STAND3,17518,422,448.4,0.06256926850903347
G2025020,STAND13,16628,499,447.5,0.10327398767719193
G2025020,STAND22,16628,453,447.4,0.012351445329277686
G2025020,STAND15,16628,455,447.5,0.016557626045975323
G2025021,STAND21,17476,397,431.1,0.08581626859077868
G2025022,STAND21,15576,446,363.9,0.18418778728679214
G2025023,STAND18,16739,353,451.0,0.27760957074219333
G2025023,STAND3,16739,364,449.9,0.23585248575410017
G2025024,STAND4,16144,452,425.4,0.05886844895470269
G2025000,STAND10,14091,387,353.5,0.08665407690975353
G2025000,STAND11,14091,351,354.8,0.010727789708588998
G2025000,STAND1,14091,390,349.2,0.10451773594512893
G2025000,STAND5,14091,396,354.8,0.1041276409401143
G2025000,STAND16,14091,432,354.8,0.17878367086177144
G2025025,STAND22,17053,440,415.9,0.054724496763687756
G2025025,STAND13,17053,460,415.9,0.09582343168700569
G2025025,STAND15,17053,442,413.4,0.0647319733630899
G2025026,STAND3,16577,440,432.0,0.018076937610771764
G2025026,STAND18,16577,414,423.3,0.022554498120430862
G2025027,STAND21,16574,458,377.1,0.17668787180106468
G2025028,STAND21,14630,374,344.6,0.0786908544774988
G2025029,STAND18,17651,387,434.6,0.12300777405314732
G2025029,STAND3,17651,467,434.6,0.06937043135210276
G2025030,STAND3,14132,321,397.7,0.23904224490800177
G2025030,STAND18,14132,356,397.7,0.11722629386367577
G2025031,STAND19,14897,328,347.7,0.06015742199620056
G2025031,STAND2,14897,329,340.6,0.0351632864544179
G2025031,STAND14,14897,297,339.3,0.14227148991332675
G2025031,STAND8,14897,326,340.6,0.04489304883446058
G2025031,STAND24,14897,314,340.6,0.08482526726125525
G2025032,STAND2,14244,382,329.2,0.13832778604353607
G2025032,STAND24,14244,423,329.2,0.22184684224262596
G2025032,STAND19,14244,398,329.1,0.17305758455068096
G2025032,STAND8,14244,412,329.3,0.20069264661870617
G2025032,STAND14,14244,411,329.2,0.1991270420161333
G2025033,STAND4,18000,458,483.9,0.05650734410403687
G2025034,STAND18,17573,439,425.8,0.030151660410182173
G2025034,STAND3,17573,446,425.8,0.04537349533647976
G2025035,STAND7,13549,354,320.2,0.09534324229529029
G2025035,STAND20,13549,353,321.0,0.09073130860519094
G2025035,STAND6,13549,348,320.2,0.07974571199003667
G2025035,STAND12,13549,322,320.2,0.005439465132089321
G2025035,STAND23,13549,316,322.1,0.019392053621433043
G2025036,STAND12,13038,322,333.3,0.03508198766940641
G2025036,STAND23,13038,309,333.3,0.07862912630921962
G2025036,STAND6,13038,324,333.3,0.02869259268379279
G2025036,STAND20,13038,259,333.8,0.2889401557529134
G2025036,STAND7,13038,302,333.3,0.10363046367400286
G2025001,STAND21,15055,353,356.7,0.010567306973745071
G2025002,STAND17,15406,335,415.4,0.2399063044098725
G2025002,STAND9,15406,389,416.9,0.07177354772733356
G2025003,STAND23,13987,362,385.0,0.06342005324056563
G2025003,STAND7,13987,391,386.9,0.010409351812495776
G2025003,STAND20,13987,383,386.9,0.01026094893293512
G2025003,STAND6,13987,344,386.9,0.12479634721312254
G2025003,STAND12,13987,340,386.9,0.13802924541562986
G2025004,STAND17,18000,490,463.8,0.053490647459249994
G2025004,STAND9,18000,496,464.1,0.06435918452428581
G2025005,STAND8,15443,419,408.6,0.024746198073707572
G2025005,STAND2,15443,390,408.9,0.04855426441742423
G2025005,STAND24,15443,353,408.9,0.15845938561698428
G2025005,STAND19,15443,416,410.0,0.014539223362009105
G2025005,STAND14,15443,408,408.9,0.0022945174578319827
G2025006,STAND1,14858,337,354.0,0.05046691831720085
G2025006,STAND16,14858,324,355.9,0.09836608581333905
G2025006,STAND11,14858,318,355.9,0.1190899742249115
G2025006,STAND5,14858,356,355.9,0.0003634499901071524
G2025006,STAND10,14858,296,354.2,0.19658406137992435
G2025007,STAND13,16667,472,450.7,0.045051546696077784
G2025007,STAND22,16667,435,446.3,0.025878281838903023
G2025007,STAND15,16667,443,446.3,0.007352263205243376
G2025008,STAND4,15865,340,394.9,0.1615427143280666
G2025009,STAND17,15605,402,394.0,0.01995872493591663
G2025009,STAND9,15605,397,385.0,0.03029939228455517
G2025010,STAND23,18000,438,470.5,0.07425831592910151
G2025010,STAND20,18000,525,474.1,0.0968718401683117
G2025010,STAND7,18000,457,474.1,0.03751046807797889
G2025010,STAND6,18000,479,474.1,0.010141369704308236
G2025010,STAND12,18000,492,477.1,0.030227388237703365
G2025011,STAND6,14525,351,361.8,0.030794427406512757
G2025011,STAND20,14525,342,361.8,0.05792059654878941
G2025011,STAND7,14525,349,361.8,0.03670155879566183
G2025011,STAND23,14525,398,343.6,0.1367991763529654
G2025011,STAND12,14525,351,361.8,0.030794427406512757
G2025075,STAND17,18000,431,406.4,0.05702656386803596
G2025075,STAND9,18000,419,405.0,0.03336271487358389
G2025062,STAND9,18000,430,436.6,0.01523511866941965
G2025062,STAND17,18000,480,436.3,0.09111908479820059
G2025063,STAND17,17187,454,421.8,0.07081611209076379
G2025063,STAND9,17187,399,421.8,0.05726687997692541
G2025064,STAND18,15575,367,389.5,0.06131024933820402
G2025064,STAND3,15575,366,389.5,0.06421000411781659
G2025065,STAND10,14369,327,329.0,0.006223083751254013
G2025065,STAND16,14369,329,330.3,0.00405936273084929
G2025065,STAND1,14369,336,330.3,0.016858540659376735
G2025065,STAND11,14369,311,330.3,0.06217212327475696
G2025065,STAND5,14369,331,330.3,0.0020074612131437573
G2025066,STAND4,16398,426,448.6,0.052991879862495705
G2025067,STAND9,14687,412,408.1,0.009463070112453712
G2025067,STAND17,14687,397,408.1,0.02796275847271806
G2025068,STAND11,18000,414,406.0,0.019239907145508394
G2025068,STAND1,18000,401,406.0,0.012555307834811782
G2025068,STAND5,18000,419,406.0,0.030943488205824522
G2025068,STAND16,18000,404,405.7,0.004158775699551987
G2025068,STAND10,18000,379,406.0,0.0713316053872283
G2025069,STAND4,11214,284,311.1,0.09526361933012314
G2025070,STAND21,14686,425,401.7,0.05484285162607327
G2025071,STAND4,14483,380,332.2,0.12591062617252094
G2025072,STAND8,17744,452,448.7,0.007342294617217249
G2025072,STAND19,17744,447,440.1,0.015421629517437046
G2025072,STAND24,17744,428,440.1,0.028286288798377666
G2025072,STAND14,17744,420,440.4,0.04858161351210277
G2025072,STAND2,17744,408,441.4,0.0818659971245267
G2025073,STAND18,18000,472,445.4,0.05625677918402673
G2025073,STAND3,18000,508,445.4,0.12313622002925319
G2025074,STAND14,17415,426,427.8,0.004190379239331808
G2025074,STAND2,17415,450,427.1,0.05081205995328396
G2025074,STAND8,17415,391,426.7,0.09124082554770553
G2025074,STAND19,17415,422,427.1,0.012137159475599497
G2025074,STAND24,17415,415,427.1,0.02920935252699515
G2025050,STAND3,18000,399,435.5,0.09147620121884648
G2025050,STAND18,18000,419,435.5,0.039377098535369325
G2025051,STAND5,14293,303,333.7,0.10129658254668349
G2025051,STAND16,14293,309,333.7,0.07991218288558284
G2025051,STAND11,14293,312,333.7,0.0695284118962984
G2025051,STAND1,14293,264,333.7,0.26398812315017084
G2025051,STAND10,14293,260,333.7,0.28343409427555805
G2025052,STAND5,13628,357,359.2,0.006072361537983697
G2025052,STAND10,13628,338,359.2,0.06262672505639107
G2025052,STAND11,13628,343,359.2,0.047136539559942216
G2025052,STAND1,13628,346,359.2,0.03805732100884445
G2025052,STAND16,13628,307,359.2,0.16992779501322533
G2025053,STAND3,16034,421,390.1,0.07345188098349728
G2025053,STAND18,16034,408,397.1,0.0266483924960962
G2025054,STAND16,16082,444,418.8,0.05686742266504598
G2025054,STAND1,16082,423,418.8,0.010045237974658186
G2025054,STAND11,16082,438,418.8,0.04394779831799181
G2025054,STAND5,16082,403,419.3,0.0405377950164272
G2025054,STAND10,16082,443,416.1,0.060764710851770334
G2025055,STAND1,16404,435,394.2,0.09385090950425512
G2025055,STAND5,16404,442,394.2,0.10820168695554519
G2025055,STAND16,16404,476,394.2,0.17190156645872054
G2025055,STAND10,16404,442,394.2,0.10820168695554519
G2025055,STAND11,16404,461,394.2,0.14495693196171577
G2025056,STAND7,15388,465,348.0,0.25153413718486467
G2025056,STAND6,15388,427,348.0,0.1849259339366793
G2025056,STAND23,15388,441,348.0,0.21080130111329268
G2025056,STAND12,15388,414,348.0,0.1593318207511161
G2025056,STAND20,15388,419,348.0,0.1693636605989548
G2025057,STAND15,16146,405,429.5,0.060498984418774944
G2025057,STAND13,16146,428,433.8,0.013503645467859574
G2025057,STAND22,16146,459,429.5,0.06426560198343387
G2025058,STAND17,14297,299,316.2,0.05765740183739374
G2025058,STAND9,14297,302,316.2,0.047150871355565324
G2025059,STAND17,15014,410,333.1,0.187619069536925
G2025059,STAND9,15014,393,333.1,0.15247790969501082
G2025060,STAND21,12746,317,306.1,0.034445925944907425
G2025061,STAND15,18000,452,448.9,0.006876119440829673
G2025061,STAND13,18000,444,448.9,0.011018004533209431
G2025061,STAND22,18000,483,439.5,0.09008148736034646
G2025037,STAND19,13257,345,316.8,0.08174782537500498
G2025037,STAND8,13257,335,315.6,0.05777148248837946
G2025037,STAND24,13257,341,317.2,0.06992335722983742
G2025037,STAND2,13257,378,315.5,0.16521460604887037
G2025037,STAND14,13257,365,315.3,0.13624043788516774
G2025038,STAND1,13448,285,346.1,0.2144750220998232
G2025038,STAND11,13448,310,345.0,0.11288016142216734
G2025038,STAND10,13448,276,342.9,0.24222046083896362
G2025038,STAND16,13448,324,342.5,0.05717442556593588
G2025038,STAND5,13448,312,345.6,0.10783561637230085
G2025039,STAND14,13972,382,378.6,0.00901592143472385
G2025039,STAND2,13972,371,374.8,0.010350091173988999
G2025039,STAND24,13972,343,375.8,0.09552508432519922
G2025039,STAND8,13972,365,371.1,0.01679522095532043
G2025039,STAND19,13972,373,375.8,0.007413147248105458
G2025040,STAND8,14644,311,379.5,0.2201439034279828
G2025040,STAND24,14644,297,379.5,0.27765910426297186
G2025040,STAND19,14644,343,379.5,0.1063112360527774
G2025040,STAND2,14644,323,379.8,0.17586598769654127
G2025040,STAND14,14644,329,376.8,0.1453193425347502
G2025041,STAND22,15559,370,373.4,0.009274103967540692
G2025041,STAND13,15559,374,378.8,0.012764867979240566
G2025041,STAND15,15559,357,380.8,0.06678355229337396
G2025042,STAND18,17902,365,416.6,0.14126978506178448
G2025042,STAND3,17902,366,417.8,0.14163622948086468
G2025043,STAND4,16041,410,380.6,0.07165933804904706
G2025044,STAND1,17683,420,382.8,0.08857317970283364
G2025044,STAND11,17683,389,384.7,0.011085549615219755
G2025044,STAND5,17683,421,383.4,0.08934648080828872
G2025044,STAND16,17683,399,382.8,0.04060334705561436
G2025044,STAND10,17683,411,381.5,0.07174885539644316
G2025045,STAND5,13582,372,333.0,0.10483614628986022
G2025045,STAND16,13582,355,329.4,0.07203107402816293
G2025045,STAND10,13582,347,332.1,0.04301330946104866
G2025045,STAND11,13582,342,333.0,0.026313001227567266
G2025045,STAND1,13582,350,333.0,0.048568704056651445
G2025046,STAND3,15711,415,387.1,0.06720698247968891
G2025046,STAND18,15711,374,387.1,0.035051075590719516
G2025047,STAND15,13811,388,356.6,0.08098384762230593
G2025047,STAND22,13811,389,356.6,0.08334635701145167
G2025047,STAND13,13811,390,358.8,0.0800709634737104
G2025048,STAND23,17196,399,387.1,0.029757698466791202
G2025048,STAND20,17196,405,390.1,0.03690290604591444
G2025048,STAND12,17196,356,390.1,0.09565821081855239
G2025048,STAND7,17196,392,392.3,0.0008215025711999321
G2025048,STAND6,17196,375,390.1,0.0401448614704124
G2025049,STAND9,16073,352,427.4,0.21423995599989595
G2025049,STAND17,16073,389,425.3,0.09344260393828695
G2025076,STAND23,15518,340,407.7,0.1991225338059509
G2025076,STAND6,15518,319,409.2,0.2827342413288388
G2025076,STAND7,15518,325,409.2,0.25905299379661406
G2025076,STAND12,15518,303,411.5,0.35822599785362447
G2025076,STAND20,15518,345,409.2,0.1860644144460857
G2025077,STAND12,17536,444,436.3,0.01730689922059212
G2025077,STAND20,17536,443,436.3,0.01508863037007427
G2025077,STAND6,17536,443,436.3,0.01508863037007427
G2025077,STAND7,17536,455,436.3,0.04106431484383055
G2025077,STAND23,17536,424,436.3,0.02904654892937995
G2025078,STAND19,13524,322,340.5,0.05735397470309579
G2025078,STAND8,13524,335,338.7,0.011151182368073715
G2025078,STAND2,13524,345,340.6,0.012653077602688401
G2025078,STAND24,13524,331,340.5,0.028604168744401342
G2025078,STAND14,13524,307,340.5,0.10901622102409396
G2025079,STAND3,14923,367,349.0,0.04891183059304953
G2025079,STAND18,14923,318,349.0,0.09763949110802145
G2025080,STAND21,15698,361,398.9,0.10487192291889143
G2025081,STAND21,14749,444,385.5,0.1316867952151931
G2025075,STAND21,18000,379,406.2,0.07172897472125081
G2025012,STAND19,18000,505,478.5,0.05242462789126331
G2025012,STAND8,18000,469,469.0,4.197588989492907e-05
G2025012,STAND24,18000,459,478.5,0.04253935275579963
G2025012,STAND14,18000,473,478.5,0.011681951194317187
G2025012,STAND2,18000,493,478.7,0.029021762094142624
G2025013,STAND14,15784,464,388.7,0.16231874669160767
G2025013,STAND2,15784,437,394.1,0.0980755405331642
G2025013,STAND24,15784,434,389.2,0.10333519555766686
G2025013,STAND8,15784,445,388.7,0.12650380535185965
G2025013,STAND19,15784,458,389.2,0.15032199753717776
G2025014,STAND17,15622,401,394.0,0.01751473173126804
G2025014,STAND9,15622,418,385.0,0.0790164084616469
G2025015,STAND19,16045,417,434.3,0.04153089543428368
G2025015,STAND8,16045,420,433.0,0.030947722194782402
G2025015,STAND24,16045,421,433.3,0.02922295353322454
G2025015,STAND14,16045,411,433.3,0.05426487454376528
G2025015,STAND2,16045,428,433.3,0.012389867844597035
G2025016,STAND18,15779,405,432.9,0.0689273926812978
G2025016,STAND3,15779,422,431.8,0.0231509961574024
G2025017,STAND8,14569,339,372.4,0.09867244639190008
G2025017,STAND24,14569,358,374.4,0.0457691053313757
G2025017,STAND2,14569,361,374.6,0.037540299394205424
G2025017,STAND14,14569,313,374.4,0.19611929619371407
G2025017,STAND19,14569,326,374.4,0.14842128744979294
G2025018,STAND16,17215,396,423.9,0.07049993387115988
G2025018,STAND1,17215,359,423.9,0.18083001062111229
G2025018,STAND11,17215,393,423.9,0.07867168909155041
G2025018,STAND10,17215,406,423.9,0.04413294042605742
G2025018,STAND5,17215,373,423.9,0.13650931317152631
G2025019,STAND12,17518,467,448.4,0.039819633167425865
G2025019,STAND20,17518,426,449.1,0.05429011067068658
G2025019,STAND7,17518,454,448.4,0.012325481694246427
G2025019,STAND6,17518,443,448.4,0.01219916774449689
G2025019,STAND23,17518,394,447.1,0.13466393732488538
G2025020,STAND4,16628,442,447.5,0.012367149658554816
G2025021,STAND9,17476,390,431.1,0.10530527853984392
G2025021,STAND17,17476,377,431.1,0.14341925366190753
G2025022,STAND17,15576,381,360.8,0.05305075439878148
G2025022,STAND9,15576,359,365.0,0.016824035508711373
G2025023,STAND23,16739,362,451.0,0.24584579688396202
G2025023,STAND6,16739,355,451.0,0.2704117703436458
G2025023,STAND12,16739,377,451.0,0.19627633546948078
G2025023,STAND7,16739,318,451.0,0.41822697632702593
G2025023,STAND20,16739,376,451.0,0.19945792146806982
G2025024,STAND13,16144,463,430.7,0.06976444060314498
G2025024,STAND22,16144,444,425.4,0.041911123710643275
G2025024,STAND15,16144,437,425.4,0.026564162305550604
G2025000,STAND24,14091,371,354.8,0.043758883591065396
G2025000,STAND14,14091,353,358.3,0.015052697086758262
G2025000,STAND19,14091,395,354.8,0.1018596096513551
G2025000,STAND8,14091,340,354.8,0.04342780643445511
G2025000,STAND2,14091,376,354.7,0.05665148534259554
G2025025,STAND4,17053,463,415.9,0.10168202716203588
G2025026,STAND6,16577,430,432.0,0.004758482444791684
G2025026,STAND23,16577,429,432.9,0.009108251420993207
G2025026,STAND20,16577,419,433.4,0.03433185112589338
G2025026,STAND12,16577,399,432.0,0.08282242468987575
G2025026,STAND7,16577,389,432.0,0.11065847673845867
G2025027,STAND17,16574,480,373.1,0.22277287910653573
G2025027,STAND9,16574,442,377.8,0.14531966501029328
G2025028,STAND9,14630,342,344.6,0.0075135100158346515
G2025028,STAND17,14630,371,344.6,0.07124091529537614
G2025029,STAND23,17651,449,432.3,0.03714723151876368
G2025029,STAND20,17651,413,434.6,0.052309948083699785
G2025029,STAND7,17651,452,434.6,0.03848670672883183
G2025029,STAND12,17651,427,434.6,0.01780798257275881
G2025029,STAND6,17651,411,434.7,0.05771956101035872
G2025030,STAND12,14132,313,397.7,0.2707110562794523
G2025030,STAND6,14132,331,397.7,0.201608944457609
G2025030,STAND7,14132,330,397.7,0.2052501836832381
G2025030,STAND20,14132,351,397.7,0.13314119833466828
G2025030,STAND23,14132,322,395.8,0.22907042374918998
G2025031,STAND16,14897,343,340.6,0.006894653294361079
G2025031,STAND1,14897,353,337.5,0.043818632033434474
G2025031,STAND5,14897,323,340.6,0.05459793783292306
G2025031,STAND11,14897,335,340.6,0.01682129528368403
G2025031,STAND10,14897,350,333.8,0.04631851898712544
G2025032,STAND5,14244,408,329.2,0.1932382702662519
G2025032,STAND16,14244,424,329.2,0.2236821091241292
G2025032,STAND11,14244,404,329.2,0.18525053036789796
G2025032,STAND1,14244,396,329.2,0.168790945122805
G2025032,STAND10,14244,386,329.2,0.14725703178401756
G2025033,STAND15,18000,474,483.9,0.020844648944406935
G2025033,STAND22,18000,472,483.9,0.025134530854891552
G2025033,STAND13,18000,472,483.9,0.025170261863662897
G2025034,STAND20,17573,440,425.8,0.03235586118197721
G2025034,STAND23,17573,432,423.5,0.01972151488556222
G2025034,STAND7,17573,448,425.8,0.04963522080372762
G2025034,STAND6,17573,446,427.3,0.042029561516359955
G2025034,STAND12,17573,462,425.8,0.07843415350664497
G2025035,STAND3,13549,304,320.2,0.053448987590352756
G2025035,STAND18,13549,346,320.2,0.0744263230420022
G2025036,STAND18,13038,332,335.5,0.010560147081715727
G2025036,STAND3,13038,324,333.3,0.02869259268379279
G2025001,STAND17,15055,336,356.7,0.06169720048134527
G2025001,STAND9,15055,378,356.7,0.05626915512769309
G2025002,STAND21,15406,389,415.4,0.06778563490310359
G2025003,STAND18,13987,383,386.9,0.01026094893293512
G2025003,STAND3,13987,373,386.9,0.0373456928721559
G2025004,STAND21,18000,517,460.0,0.1101706356943418
G2025005,STAND1,15443,370,408.9,0.10523287330485256
G2025005,STAND5,15443,356,408.9,0.14869708742358273
G2025005,STAND16,15443,390,408.9,0.04855426441742423
G2025005,STAND11,15443,392,408.9,0.043204497762233285
G2025005,STAND10,15443,385,408.9,0.062171852267001164
G2025006,STAND14,14858,286,355.7,0.24385021937253282
G2025006,STAND2,14858,316,360.6,0.14125525112572224
G2025006,STAND19,14858,337,355.9,0.05599588072261678
G2025006,STAND24,14858,305,355.9,0.16678889115908804
G2025006,STAND8,14858,345,354.4,0.027323498462789322
G2025007,STAND4,16667,463,446.3,0.036161873434291975
G2025008,STAND13,15865,378,394.9,0.04477387003053611
G2025008,STAND22,15865,383,394.9,0.031134524468779762
G2025008,STAND15,15865,404,394.9,0.02246405229816176
G2025009,STAND21,15605,383,396.8,0.03611649939273306
G2025010,STAND3,18000,491,474.1,0.034333433988520665
G2025010,STAND18,18000,457,472.1,0.03314380436136826
G2025011,STAND18,14525,369,361.8,0.01948822758892689
G2025011,STAND3,14525,337,360.7,0.07021652926464149
G2025062,STAND21,18000,417,432.5,0.03720632589429617
G2025063,STAND21,17187,451,421.8,0.06463528800267575
G2025064,STAND20,15575,377,389.5,0.033158783838516906
G2025064,STAND6,15575,374,389.5,0.041446153762355276
G2025064,STAND7,15575,351,389.5,0.1096890641228515
G2025064,STAND12,15575,347,389.5,0.12248086889660194
G2025064,STAND23,15575,368,386.2,0.04936335139783032
G2025065,STAND24,14369,315,330.3,0.048684223296664816
G2025065,STAND8,14369,324,330.3,0.01955410598286857
G2025065,STAND2,14369,333,330.3,0.008200847862105839
G2025065,STAND19,14369,305,332.2,0.08933631227775837
G2025065,STAND14,14369,306,334.0,0.09147024735751567
G2025066,STAND13,16398,481,450.5,0.06334024601791316
G2025066,STAND22,16398,454,446.4,0.016718809996640834
G2025066,STAND15,16398,436,448.6,0.028821236019475557
G2025067,STAND21,14687,396,408.1,0.030558624024416843
G2025068,STAND2,18000,392,404.9,0.03296929019195701
G2025068,STAND19,18000,390,413.5,0.060130586595681004
G2025068,STAND24,18000,405,406.0,0.0025547615845914187
G2025068,STAND8,18000,411,395.0,0.0388988517464271
G2025068,STAND14,18000,376,406.0,0.0798794639408498
G2025069,STAND22,11214,258,311.1,0.20563902282850766
G2025069,STAND13,11214,277,311.1,0.1229417613348555
G2025069,STAND15,11214,302,312.9,0.03594188842536288
G2025070,STAND17,14686,429,399.6,0.06851128859189945
G2025070,STAND9,14686,386,402.5,0.04286026634483915
G2025071,STAND22,14483,423,330.5,0.21870654332026757
G2025071,STAND13,14483,412,331.8,0.1946313200191783
G2025071,STAND15,14483,378,331.8,0.12219075092037424
G2025072,STAND10,17744,440,440.8,0.0018226613788712598
G2025072,STAND11,17744,408,440.1,0.07869247942574913
G2025072,STAND5,17744,399,440.1,0.10302388873610437
G2025072,STAND1,17744,425,439.5,0.03405399269578418
G2025072,STAND16,17744,452,440.1,0.02631298317321761
G2025073,STAND12,18000,490,445.4,0.09092489749971554
G2025073,STAND20,18000,496,445.4,0.10192177373963834
G2025073,STAND6,18000,502,443.5,0.11656154397026551
G2025073,STAND7,18000,467,445.4,0.04615246204466941
G2025073,STAND23,18000,458,445.4,0.02740873313288344
G2025074,STAND11,17415,390,427.1,0.09518431102231535
G2025074,STAND10,17415,427,427.1,0.00028543629672830867
G2025074,STAND5,17415,427,427.1,0.00028543629672830867
G2025074,STAND1,17415,412,426.9,0.036221913207610104
G2025074,STAND16,17415,396,427.1,0.07859060934015906
G2025050,STAND20,18000,403,435.5,0.08064269053677356
G2025050,STAND7,18000,389,435.5,0.11953471538899678
G2025050,STAND12,18000,444,435.5,0.019146386742523096
G2025050,STAND23,18000,390,435.5,0.11666411355466602
G2025050,STAND6,18000,439,433.5,0.012441209594289121
G2025051,STAND2,14293,307,333.7,0.08694744140601009
G2025051,STAND24,14293,289,333.7,0.1546465900056924
G2025051,STAND19,14293,282,333.7,0.18318141889753514
G2025051,STAND14,14293,291,333.7,0.14671087461046425
G2025051,STAND8,14293,261,333.8,0.2791138251853216
G2025052,STAND14,13628,366,359.2,0.018667122762130655
G2025052,STAND2,13628,365,359.2,0.015978539536821424
G2025052,STAND19,13628,368,359.2,0.024000453616684295
G2025052,STAND8,13628,365,359.5,0.01503956116415192
G2025052,STAND24,13628,375,359.2,0.04221911181583952
G2025053,STAND23,16034,462,392.6,0.15024924882048327
G2025053,STAND6,16034,465,390.1,0.16112525138505882
G2025053,STAND20,16034,455,390.1,0.14268844372319198
G2025053,STAND7,16034,463,390.1,0.15750160236296404
G2025053,STAND12,16034,436,390.1,0.10532853645424851
G2025054,STAND24,16082,480,418.8,0.12760236596516752
G2025054,STAND19,16082,392,418.2,0.06675143261565034
G2025054,STAND8,16082,450,418.8,0.06944252369617869
G2025054,STAND2,16082,441,418.4,0.05132882575376364
G2025054,STAND14,16082,397,419.5,0.056765151189601626
G2025055,STAND24,16404,458,394.2,0.1393562131754388
G2025055,STAND8,16404,440,393.9,0.10484083125006795
G2025055,STAND19,16404,450,395.2,0.12179916816831603
G2025055,STAND14,16404,430,394.2,0.08331429217290924
G2025055,STAND2,16404,438,394.2,0.10005741012408899
G2025056,STAND18,15388,451,348.0,0.22830016361632388
G2025056,STAND3,15388,455,346.9,0.23760274164497552
G2025057,STAND4,16146,414,429.5,0.037444658670540705
G2025058,STAND21,14297,317,316.2,0.002398854418357323
G2025059,STAND21,15014,391,333.1,0.14814275833795207
G2025060,STAND9,12746,276,311.4,0.12822604793915598
G2025060,STAND17,12746,289,309.7,0.0717857885873228
G2025061,STAND4,18000,471,449.6,0.045470076249357456
G2025037,STAND1,13257,357,315.3,0.11688448131116588
G2025037,STAND16,13257,345,311.7,0.09652099909639436
G2025037,STAND10,13257,360,314.3,0.12681758830900583
G2025037,STAND11,13257,356,315.3,0.11440381974181522
G2025037,STAND5,13257,357,315.3,0.11688448131116588
G2025038,STAND14,13448,342,345.0,0.008654897338421914
G2025038,STAND2,13448,317,344.4,0.0865374305277168
G2025038,STAND24,13448,312,345.0,0.10574631423356369
G2025038,STAND19,13448,339,345.0,0.017678023719386052
G2025038,STAND8,13448,315,339.4,0.07744922849510838
G2025039,STAND16,13972,359,375.8,0.046699453826026006
G2025039,STAND5,13972,354,375.8,0.061483344416789085
G2025039,STAND11,13972,368,375.8,0.021100825879193846
G2025039,STAND1,13972,359,375.8,0.046699453826026006
G2025039,STAND10,13972,369,375.8,0.01833361496895213
G2025040,STAND11,14644,321,379.5,0.1821331899255534
G2025040,STAND10,14644,295,377.6,0.2799674885590789
G2025040,STAND5,14644,314,379.5,0.20848647759905303
G2025040,STAND1,14644,339,379.5,0.11936505594720545
G2025040,STAND16,14644,342,379.5,0.10954606422837032
G2025041,STAND4,15559,338,379.1,0.12164534475319372
G2025042,STAND20,17902,370,416.6,0.12584722039878737
G2025042,STAND23,17902,378,420.3,0.11193551449646254
G2025042,STAND12,17902,365,416.6,0.14126978506178448
G2025042,STAND7,17902,376,416.6,0.10788157326476418
G2025042,STAND6,17902,375,416.6,0.11083592412680354
G2025043,STAND22,16041,407,380.6,0.06481653218700072
G2025043,STAND15,16041,434,380.6,0.1229961488481781
G2025043,STAND13,16041,385,380.6,0.011377476883400765
G2025044,STAND8,17683,394,382.8,0.028428262627386115
G2025044,STAND19,17683,387,382.2,0.012364439861950346
G2025044,STAND2,17683,368,382.4,0.03916409790945793
G2025044,STAND24,17683,399,382.8,0.04060334705561436
G2025044,STAND14,17683,416,383.4,0.07832118029112664
G2025045,STAND24,13582,337,336.4,0.0017749517583759854
G2025045,STAND8,13582,315,333.4,0.0583341802369876
G2025045,STAND2,13582,378,333.0,0.11904509634875134
G2025045,STAND14,13582,393,333.0,0.15266932931253946
G2025045,STAND19,13582,372,334.0,0.10210625392800872
G2025046,STAND12,15711,384,387.1,0.008096620497211196
G2025046,STAND20,15711,387,387.1,0.00028191801273669156
G2025046,STAND7,15711,380,387.1,0.018708163870866053
G2025046,STAND6,15711,352,387.1,0.09974176781513949
G2025046,STAND23,15711,331,387.1,0.16951390414177975
G2025047,STAND4,13811,377,356.6,0.05416905272534404
G2025048,STAND18,17196,354,390.1,0.10184837020170806
G2025048,STAND3,17196,366,387.9,0.05984587352069066
G2025049,STAND21,16073,349,427.4,0.22472221053375055
G2025076,STAND13,15518,337,411.1,0.21997948627003683
G2025076,STAND15,15518,318,411.3,0.29327009600125187
G2025076,STAND22,15518,317,407.0,0.2840246824635119
G2025077,STAND15,17536,459,436.3,0.04942105284083421
G2025077,STAND13,17536,487,436.3,0.10407446253376366
G2025077,STAND22,17536,498,434.8,0.126857662604487
G2025078,STAND17,13524,348,338.8,0.026549054788156074
G2025078,STAND9,13524,362,326.0,0.09953642848331655
G2025079,STAND4,14923,337,349.0,0.035754772024779884
G2025080,STAND5,15698,344,400.4,0.1638151013754742
G2025080,STAND16,15698,328,400.4,0.22058656973525342
G2025080,STAND1,15698,320,400.4,0.25110123397863476
G2025080,STAND10,15698,322,399.1,0.23929134447631606
G2025080,STAND11,15698,351,400.4,0.14060511359875533
G2025081,STAND1,14749,467,386.6,0.17217493271174877
G2025081,STAND5,14749,403,388.4,0.036328428710933294
G2025081,STAND16,14749,389,386.8,0.005674140152234076
G2025081,STAND11,14749,409,386.8,0.054296431587332654
G2025081,STAND10,14749,415,386.8,0.06796925426317844
G2025075,STAND10,18000,385,406.9,0.05696875574095937
G2025075,STAND11,18000,406,406.2,0.00045635817574890466
G2025075,STAND16,18000,368,406.2,0.10376435168302732
G2025012,STAND17,18000,490,478.5,0.02341721854099586
G2025012,STAND9,18000,491,478.5,0.025406185509344134
G2025013,STAND9,15784,455,389.2,0.14471972499346686
G2025013,STAND17,15784,463,390.4,0.15686484596077585
G2025014,STAND14,15622,443,397.7,0.10228774118720399
G2025014,STAND8,15622,430,396.8,0.07713344356414707
G2025014,STAND19,15622,425,396.8,0.06627618995901939
G2025014,STAND24,15622,459,396.8,0.13544091662872165
G2025014,STAND2,15622,422,396.8,0.05979571897894289
G2025015,STAND9,16045,388,434.0,0.11854282677274619
G2025015,STAND17,16045,410,430.2,0.049361656442588
G2025016,STAND4,15779,400,432.9,0.08228898508981403
G2025017,STAND9,14569,323,359.9,0.1141955812485296
G2025017,STAND17,14569,320,372.7,0.1646196524623667
G2025018,STAND21,17215,367,423.9,0.155089846901851
G2025019,STAND13,17518,458,450.0,0.017416857039604845
G2025019,STAND22,17518,453,448.4,0.010145184744344102
G2025019,STAND15,17518,467,448.4,0.039819633167425865
G2025020,STAND3,16628,451,447.5,0.007835299004254483
G2025020,STAND18,16628,435,450.6,0.03592106162656947
G2025021,STAND14,17476,402,431.1,0.0723110911207441
G2025021,STAND24,17476,398,431.1,0.08308808701140485
G2025021,STAND8,17476,369,429.2,0.16314626094000143
G2025021,STAND2,17476,388,431.2,0.11143238918354327
G2025021,STAND19,17476,404,431.1,0.06700262037262161
G2025022,STAND2,15576,412,364.1,0.11619202521431084
G2025022,STAND24,15576,421,363.9,0.13574288154372752
G2025022,STAND8,15576,425,363.5,0.14459428998961932
G2025022,STAND19,15576,404,363.9,0.09937562655918142
G2025022,STAND14,15576,438,363.9,0.16928710760253263
G2025023,STAND13,16739,355,451.0,0.2704117703436458
G2025023,STAND15,16739,372,451.0,0.21235531847310285
G2025023,STAND22,16739,352,452.0,0.28413294743522644
G2025024,STAND20,16144,469,425.4,0.09298195933374331
G2025024,STAND23,16144,427,425.4,0.003767070087882002
G2025024,STAND6,16144,498,425.7,0.14518519277957836
G2025024,STAND12,16144,487,425.4,0.12650624009758854
G2025024,STAND7,16144,423,425.4,0.005653572275353157
G2025000,STAND17,14091,373,352.9,0.05389231147622783
G2025000,STAND9,14091,381,355.6,0.06662013402124989
G2025025,STAND3,17053,439,415.9,0.05257124960369616
G2025025,STAND18,17053,375,423.0,0.12792511781232663
G2025026,STAND15,16577,447,432.0,0.033453808833869295
G2025026,STAND13,16577,434,432.0,0.0045019643980174565
G2025026,STAND22,16577,430,432.0,0.004758482444791684
G2025027,STAND2,16574,497,377.1,0.2412938536919268
G2025027,STAND24,16574,447,377.1,0.15642739437335038
G2025027,STAND19,16574,479,378.1,0.21066289212166775
G2025027,STAND14,16574,507,377.1,0.256258471962303
G2025027,STAND8,16574,439,376.8,0.14174912391928599
G2025028,STAND2,14630,395,344.4,0.12807552484079285
G2025028,STAND19,14630,367,344.6,0.06111820047570722
G2025028,STAND14,14630,380,344.4,0.09357849641463689
G2025028,STAND8,14630,346,343.1,0.008307469388566724
G2025028,STAND24,14630,376,344.6,0.0835914350387887
G2025029,STAND22,17651,480,434.6,0.09457498216964998
G2025029,STAND13,17651,434,437.7,0.008573319386627073
G2025029,STAND15,17651,396,434.6,0.09748487009739397
G2025030,STAND22,14132,329,397.7,0.20891355810172818
G2025030,STAND13,14132,325,401.1,0.234137011349436
G2025030,STAND15,14132,347,397.7,0.1462033447131659
G2025031,STAND21,14897,337,340.6,0.010786747537193324
G2025032,STAND21,14244,369,329.2,0.10797077037569316
G2025033,STAND20,18000,435,483.9,0.11236865195321584
G2025033,STAND23,18000,495,481.3,0.027593687940981514
G2025033,STAND6,18000,494,483.9,0.02048509392783626
G2025033,STAND7,18000,458,483.9,0.05650734410403687
G2025033,STAND12,18000,490,483.9,0.012489053878267575
G2025034,STAND22,17573,439,425.8,0.030151660410182173
G2025034,STAND15,17573,430,425.8,0.0098525091164418
G2025034,STAND13,17573,438,430.1,0.01804340218285201
G2025035,STAND4,13549,341,320.2,0.06085486150302863
G2025036,STAND4,13038,329,333.3,0.013058966655163718
G2025001,STAND8,15055,386,355.3,0.07956928878789515
G2025001,STAND24,15055,367,356.7,0.02798294451844139
G2025001,STAND19,15055,411,356.7,0.1320431645699951
G2025001,STAND2,15055,391,356.6,0.08805420300715247
G2025001,STAND14,15055,396,356.6,0.09949290328597339
G2025002,STAND11,15406,379,415.4,0.09595939835701134
G2025002,STAND10,15406,350,415.4,0.18676746279230655
G2025002,STAND1,15406,336,415.4,0.23621610707531934
G2025002,STAND5,15406,350,415.4,0.18676746279230655
G2025002,STAND16,15406,387,415.0,0.07238780082213636
G2025003,STAND4,13987,383,386.9,0.01026094893293512
G2025004,STAND10,18000,486,464.4,0.044398276065183345
G2025004,STAND16,18000,450,463.7,0.03038832953645687
G2025004,STAND5,18000,488,464.3,0.04864628002806113
G2025004,STAND11,18000,481,463.7,0.0360192343214021
G2025004,STAND1,18000,463,459.1,0.008479584474798562
G2025005,STAND21,15443,359,408.9,0.1390979474172575
G2025006,STAND17,14858,299,355.9,0.190202715061946
G2025006,STAND9,14858,304,355.9,0.17062701251158505
G2025007,STAND18,16667,479,446.3,0.06835688392500457
G2025007,STAND3,16667,470,446.3,0.05051690936186635
G2025008,STAND6,15865,366,394.9,0.07902875101514385
G2025008,STAND12,15865,381,394.9,0.03654730412478386
G2025008,STAND20,15865,394,394.9,0.002346504750108247
G2025008,STAND7,15865,363,394.9,0.08794634399874009
G2025008,STAND23,15865,382,393.5,0.03011426496104844
G2025009,STAND10,15605,397,395.5,0.003697639003457416
G2025009,STAND11,15605,383,396.8,0.03611649939273306
G2025009,STAND16,15605,378,396.8,0.04982174409369513
G2025009,STAND5,15605,382,396.8,0.03882884624978209
G2025009,STAND1,15605,349,393.7,0.12816478005610385
G2025010,STAND4,18000,490,475.2,0.030223199120659933
G2025011,STAND4,14525,340,361.8,0.06414365888142935
G2025075,STAND5,18000,402,406.2,0.010411147809338446
G2025075,STAND1,18000,407,406.2,0.0020017655544126408
G2025062,STAND1,18000,427,436.1,0.021423898930449194
G2025062,STAND5,18000,426,436.7,0.025196882390146433
G2025062,STAND16,18000,461,436.1,0.05390888320324988
G2025062,STAND11,18000,474,436.1,0.07985652986645189
G2025062,STAND10,18000,478,434.1,0.09191490722243864
G2025063,STAND11,17187,466,421.8,0.09474359418284713
G2025063,STAND16,17187,464,421.8,0.09084162691639389
G2025063,STAND1,17187,463,421.8,0.08887800192053297
G2025063,STAND5,17187,454,421.8,0.07081611209076379
G2025063,STAND10,17187,480,421.8,0.12114690601918075
G2025064,STAND22,15575,367,389.5,0.06131024933820402
G2025064,STAND15,15575,443,389.5,0.12076554964532533
G2025064,STAND13,15575,333,389.5,0.16967225677814077
G2025065,STAND9,14369,319,330.7,0.036742336675885445
G2025065,STAND17,14369,308,331.3,0.07552908029947096
G2025066,STAND12,16398,438,450.3,0.0281141734923315
G2025066,STAND23,16398,500,451.4,0.09726548711244641
G2025066,STAND6,16398,478,452.5,0.05328475506148364
G2025066,STAND7,16398,446,448.6,0.005753495301550095
G2025066,STAND20,16398,420,448.6,0.06801442596307462
G2025067,STAND11,14687,425,408.1,0.03976184679136689
G2025067,STAND16,14687,412,408.1,0.009463070112453712
G2025067,STAND10,14687,430,406.4,0.05483840586370971
G2025067,STAND1,14687,406,412.1,0.01510379770500772
G2025067,STAND5,14687,408,408.1,0.00024807625899281966
G2025068,STAND17,18000,380,409.6,0.07778391340148402
G2025068,STAND9,18000,390,406.0,0.041114560107075704
G2025069,STAND12,11214,287,311.1,0.08381487069601036
G2025069,STAND6,11214,287,311.1,0.08381487069601036
G2025069,STAND23,11214,286,302.3,0.057065779434448106
G2025069,STAND7,11214,289,311.1,0.07631442176385804
G2025069,STAND20,11214,295,309.8,0.05012756609927407
G2025070,STAND14,14686,446,399.8,0.10362803586015185
G2025070,STAND2,14686,414,401.6,0.029890397627081643
G2025070,STAND19,14686,420,401.7,0.04359098081209795
G2025070,STAND8,14686,404,401.7,0.005713395893765199
G2025070,STAND24,14686,374,401.7,0.07404221406128038
G2025071,STAND23,14483,331,329.7,0.0038516681687110715
G2025071,STAND12,14483,358,329.4,0.07985035059360511
G2025071,STAND6,14483,361,331.8,0.08085347326288493
G2025071,STAND20,14483,396,331.8,0.16209117133308448
G2025071,STAND7,14483,389,331.8,0.1470131204316233
G2025072,STAND21,17744,422,440.1,0.04290647299930247
G2025073,STAND15,18000,495,445.4,0.10010747429264771
G2025073,STAND22,18000,424,445.4,0.05058207600268723
G2025073,STAND13,18000,485,449.7,0.07273346021488777
G2025074,STAND21,17415,408,427.1,0.04686735612427203
G2025050,STAND13,18000,390,439.8,0.12763198937681997
G2025050,STAND22,18000,385,435.5,0.1311662448995318
G2025050,STAND15,18000,404,435.5,0.07796783239188056
G2025051,STAND9,14293,315,334.4,0.06153846940312092
G2025051,STAND17,14293,333,330.6,0.007122281634778844
G2025052,STAND17,13628,340,359.2,0.05637597961488288
G2025052,STAND9,13628,354,359.2,0.01459839850017
G2025053,STAND15,16034,443,387.5,0.1251828341862652
G2025053,STAND22,16034,434,390.1,0.1012056264839916
G2025053,STAND13,16034,445,390.1,0.12342301549225247
G2025054,STAND9,16082,436,418.7,0.039597987677972415
G2025054,STAND17,16082,417,414.8,0.005394722251195163
G2025055,STAND17,16404,469,390.2,0.1680875955663124
G2025055,STAND9,16404,458,394.9,0.13784583468125106
G2025056,STAND4,15388,415,348.0,0.1613575272071375
G2025057,STAND18,16146,442,429.5,0.028275817444335178
G2025057,STAND3,16146,432,429.5,0.005782202107398491
G2025058,STAND16,14297,317,316.2,0.002398854418357323
G2025058,STAND11,14297,297,316.2,0.06477967390363881
G2025058,STAND1,14297,325,316.0,0.02756581510088276
G2025058,STAND5,14297,283,316.2,0.11745428674692837
G2025058,STAND10,14297,305,316.2,0.036851026719281074
G2025059,STAND11,15014,413,333.1,0.19352014167103937
G2025059,STAND5,15014,389,333.1,0.14376302958904694
G2025059,STAND1,15014,398,336.5,0.1545469268009741
G2025059,STAND10,15014,393,331.4,0.15675711996234987
G2025059,STAND16,15014,378,333.1,0.11884608071465412
G2025060,STAND2,12746,275,306.8,0.11553114505519654
G2025060,STAND14,12746,302,306.0,0.013403199749446258
G2025060,STAND19,12746,287,306.1,0.06648307134308135
G2025060,STAND24,12746,285,306.1,0.07396716307180473
G2025060,STAND8,12746,299,300.0,0.003232845016398423
G2025061,STAND3,18000,452,448.9,0.006876119440829673
G2025061,STAND18,18000,459,446.9,0.02636943639596094
G2025037,STAND21,13257,355,315.3,0.11190918261432738
G2025038,STAND9,13448,293,352.0,0.20122035318644818
G2025038,STAND17,13448,297,345.0,0.16159208767970326
G2025039,STAND21,13972,331,378.7,0.14400191919002522
G2025040,STAND21,14644,323,379.5,0.17481347977121564
G2025041,STAND3,15559,395,378.8,0.04107832753357982
G2025041,STAND18,15559,397,378.8,0.04590916719336027
G2025042,STAND15,17902,370,416.6,0.12584722039878737
G2025042,STAND13,17902,423,416.6,0.015216379320209621
G2025042,STAND22,17902,382,414.2,0.08418337246414345
G2025043,STAND6,16041,405,380.6,0.06019834222249208
G2025043,STAND23,16041,421,377.7,0.10286929534385661
G2025043,STAND20,16041,427,380.6,0.1086190365342138
G2025043,STAND7,16041,351,380.6,0.08438652820481682
G2025043,STAND12,16041,394,380.6,0.03396022487337384
G2025044,STAND17,17683,409,382.9,0.06377970909933549
G2025044,STAND9,17683,389,382.5,0.016611763224460164
G2025045,STAND17,13582,365,335.2,0.08170271893829135
G2025045,STAND9,13582,365,333.8,0.08547110569648834
G2025046,STAND15,15711,387,387.1,0.00028191801273669156
G2025046,STAND22,15711,388,385.5,0.006545801853457928
G2025046,STAND13,15711,367,387.1,0.054793194198716894
G2025047,STAND3,13811,372,357.6,0.038591494555778504
G2025047,STAND18,13811,386,356.6,0.07622210590014171
G2025048,STAND4,17196,415,390.1,0.06011006493637434
G2025049,STAND11,16073,365,427.4,0.17103575746925737
G2025049,STAND5,16073,373,427.4,0.14591970905168616
G2025049,STAND16,16073,352,427.4,0.2142842371485197
G2025049,STAND1,16073,362,427.4,0.18074047369137827
G2025049,STAND10,16073,390,425.7,0.0914201758631385
G2025076,STAND8,15518,340,408.9,0.20261000843594307
G2025076,STAND19,15518,290,410.2,0.4145094584224425
G2025076,STAND2,15518,332,409.2,0.23250669573463725
G2025076,STAND24,15518,310,409.2,0.31997491285128893
G2025076,STAND14,15518,318,409.2,0.28676799680471565
G2025077,STAND24,17536,468,436.3,0.0677014172092797
G2025077,STAND2,17536,455,439.2,0.034673596384960634
G2025077,STAND19,17536,469,436.3,0.06968926066938785
G2025077,STAND8,17536,489,435.4,0.10957356431018712
G2025077,STAND14,17536,440,436.6,0.007696629964921313
G2025078,STAND23,13524,340,341.9,0.005678327937684123
G2025078,STAND7,13524,324,340.5,0.05082709831603965
G2025078,STAND20,13524,333,340.5,0.022426365929119653
G2025078,STAND12,13524,328,340.5,0.0380121337024294
G2025078,STAND6,13524,326,338.6,0.038628261265011274
G2025079,STAND10,14923,307,349.0,0.13696859339527956
G2025079,STAND5,14923,321,349.0,0.0873811781070119
G2025079,STAND16,14923,358,349.0,0.02500179281466251
G2025079,STAND1,14923,358,348.9,0.02555613096317543
G2025079,STAND11,14923,336,349.0,0.03883737551294887
G2025080,STAND4,15698,368,400.4,0.08791411650316065
G2025081,STAND4,14749,437,386.8,0.11489071057029532
G2025075,STAND4,18000,402,406.2,0.010411147809338446
G2025012,STAND6,18000,493,478.6,0.02911907924624463
G2025012,STAND12,18000,486,478.5,0.015379500175078128
G2025012,STAND7,18000,487,478.5,0.017401308182932177
G2025012,STAND23,18000,465,476.2,0.02417730624606263
G2025012,STAND20,18000,479,478.5,0.0009904740816032787
G2025013,STAND12,15784,440,389.2,0.11556244289097141
G2025013,STAND23,15784,479,387.7,0.19053934974624126
G2025013,STAND6,15784,410,389.2,0.05084749968787176
G2025013,STAND20,15784,457,389.2,0.1484627458906508
G2025013,STAND7,15784,461,389.2,0.1558513554707753
G2025014,STAND22,15622,435,396.8,0.08788244969155692
G2025014,STAND15,15622,415,396.8,0.043776821042369254
G2025014,STAND13,15622,446,396.8,0.11024076397440188
G2025015,STAND12,16045,392,435.1,0.10982350133325863
G2025015,STAND6,16045,391,433.3,0.10819146659203972
G2025015,STAND7,16045,379,433.3,0.1432793230540568
G2025015,STAND23,16045,398,437.1,0.09816210552733237
G2025015,STAND20,16045,440,433.3,0.015220764914801066
G2025016,STAND5,15779,364,432.9,0.18932855504375168
G2025016,STAND10,15779,411,433.8,0.05535676328339727
G2025016,STAND11,15779,360,432.9,0.20254331676646004
G2025016,STAND1,15779,417,430.4,0.032227647439193784
G2025016,STAND16,15779,374,432.9,0.15752832629926633
G2025017,STAND7,14569,346,374.4,0.08203855407119219
G2025017,STAND6,14569,313,374.9,0.19792133468066572
G2025017,STAND23,14569,344,374.4,0.0883294758971875
G2025017,STAND20,14569,304,374.4,0.2315307227257648
G2025017,STAND12,14569,318,374.4,0.17731238902085691
G2025018,STAND3,17215,396,423.9,0.07049993387115988
G2025018,STAND18,17215,393,421.1,0.07137760015980817
G2025019,STAND19,17518,435,448.4,0.03081432485244166
G2025019,STAND14,17518,442,449.1,0.015989709430010147
G2025019,STAND24,17518,433,448.4,0.03557559194182938
G2025019,STAND8,17518,457,449.3,0.016746600374204137
G2025019,STAND2,17518,447,448.2,0.002672364848658678
G2025020,STAND21,16628,452,446.0,0.013334846350358599
G2025021,STAND13,17476,395,435.3,0.102143114433365
G2025021,STAND15,17476,405,431.1,0.0643680460013312
G2025021,STAND22,17476,413,431.1,0.043750747289441
G2025022,STAND13,15576,416,363.9,0.12535517579305117
G2025022,STAND22,15576,431,366.4,0.14986757674703938
G2025022,STAND15,15576,385,365.9,0.049558663858209756
G2025023,STAND14,16739,330,451.3,0.367557347095066
G2025023,STAND8,16739,374,448.8,0.1999168980162349
G2025023,STAND2,16739,332,455.2,0.3709480597349145
G2025023,STAND19,16739,372,451.0,0.21235531847310285
G2025023,STAND24,16739,355,451.0,0.2704117703436458
G2025024,STAND9,16144,457,425.4,0.06916529305804292
G2025024,STAND17,16144,445,425.4,0.044064132421405874
G2025000,STAND20,14091,415,355.3,0.1438444469923604
G2025000,STAND12,14091,418,354.8,0.15127881773273985
G2025000,STAND7,14091,396,354.8,0.1041276409401143
G2025000,STAND23,14091,365,353.6,0.0313537288484289
G2025000,STAND6,14091,389,354.8,0.08800654450458936
G2025025,STAND21,17053,465,421.2,0.09421492979042624
G2025026,STAND14,16577,466,432.6,0.07172405656737295
G2025026,STAND19,16577,410,431.5,0.05234596268262383
G2025026,STAND8,16577,402,432.0,0.07474166032651847
G2025026,STAND24,16577,421,432.0,0.026237879931734973
G2025026,STAND2,16577,420,438.8,0.044742965444763305
G2025027,STAND15,16574,472,377.1,0.20110814679001615
G2025027,STAND22,16574,492,374.9,0.23810162184062525
G2025027,STAND13,16574,443,379.0,0.1443696670970546
G2025028,STAND13,14630,340,344.6,0.013440060074751327
G2025028,STAND15,14630,361,344.6,0.045513516827104014
G2025028,STAND22,14630,361,345.7,0.04240803150310939
G2025029,STAND8,17651,465,432.5,0.06978851976713282
G2025029,STAND2,17651,448,434.8,0.029529649707045382
G2025029,STAND19,17651,401,434.6,0.08380052009617958
G2025029,STAND14,17651,423,434.6,0.02743264434649648
G2025029,STAND24,17651,428,434.6,0.015429926538710307
G2025030,STAND14,14132,359,396.2,0.10371893168682184
G2025030,STAND2,14132,339,399.0,0.17704892313092854
G2025030,STAND24,14132,364,397.7,0.09267186982271586
G2025030,STAND19,14132,357,397.7,0.11409680844669068
G2025030,STAND8,14132,318,398.3,0.2523710563458846
G2025031,STAND18,14897,323,340.6,0.05459793783292306
G2025031,STAND3,14897,322,340.6,0.05787308670818059
G2025032,STAND18,14244,422,329.2,0.22000287741381702
G2025032,STAND3,14244,414,331.3,0.19977389749891142
G2025033,STAND9,18000,481,483.9,0.0059882819119519495
G2025033,STAND17,18000,465,483.9,0.0406029324723632
G2025034,STAND8,17573,471,423.7,0.10040817233620966
G2025034,STAND2,17573,459,425.9,0.07204764825140374
G2025034,STAND24,17573,461,425.8,0.07643509527130146
G2025034,STAND19,17573,443,430.1,0.02915779911292654
G2025034,STAND14,17573,441,425.8,0.034550065578389966
G2025035,STAND10,13549,332,320.2,0.035396107748592656
G2025035,STAND16,13549,331,320.2,0.03248189659375457
G2025035,STAND5,13549,356,320.2,0.10042558363071001
G2025035,STAND11,13549,356,320.2,0.10042558363071001
G2025035,STAND1,13549,319,320.1,0.003291658841064616
G2025036,STAND10,13038,312,332.0,0.06408916050563945
G2025036,STAND5,13038,336,333.3,0.008046428483485527
G2025036,STAND1,13038,316,330.0,0.04425722193338049
G2025036,STAND16,13038,301,333.3,0.1072970100649464
G2025036,STAND11,13038,292,333.3,0.141426027498455
G2025001,STAND22,15055,402,357.3,0.11125322772275553
G2025001,STAND15,15055,373,356.7,0.04361860760929756
G2025001,STAND13,15055,378,356.7,0.05626915512769309
G2025002,STAND4,15406,384,415.4,0.08168909369090442
G2025003,STAND16,13987,350,386.9,0.10551412411804043
G2025003,STAND1,13987,338,386.7,0.14417600705368794
G2025003,STAND5,13987,391,386.9,0.010409351812495776
G2025003,STAND11,13987,368,386.9,0.051440063699223236
G2025003,STAND10,13987,375,386.9,0.03181318251017107
G2025004,STAND4,18000,491,462.4,0.0581852826994126
G2025005,STAND3,15443,393,408.9,0.04055003339133702
G2025005,STAND18,15443,360,408.9,0.13593378645220958
G2025006,STAND23,14858,309,355.9,0.1516848278431128
G2025006,STAND12,14858,350,355.9,0.016773176581491012
G2025006,STAND6,14858,311,355.9,0.14427849454508634
G2025006,STAND7,14858,320,355.9,0.1120956618860058
G2025006,STAND20,14858,318,355.9,0.1190899742249115
G2025007,STAND21,16667,444,446.3,0.005083451801627962
G2025008,STAND9,15865,401,394.9,0.015150815781689154
G2025008,STAND17,15865,359,394.9,0.10006830883438064
G2025009,STAND4,15605,365,396.8,0.08721265552716921
G2025010,STAND16,18000,481,474.1,0.014257206004914024
G2025010,STAND11,18000,490,474.1,0.032362685894619686
G2025010,STAND1,18000,468,474.1,0.013124538272727254
G2025010,STAND5,18000,454,474.1,0.04436626412254704
G2025010,STAND10,18000,479,474.1,0.010141369704308236
G2025011,STAND11,14525,357,361.8,0.013470151315646996
G2025011,STAND16,14525,352,361.8,0.027866034146835163
G2025011,STAND5,14525,362,361.8,0.0005280551942376303
G2025011,STAND10,14525,377,354.8,0.05889250193620777
G2025011,STAND1,14525,360,360.8,0.002258967893344119
G2025062,STAND4,18000,436,434.9,0.002513112966778382
G2025063,STAND4,17187,458,421.8,0.07893125521660865
G2025064,STAND8,15575,352,389.1,0.10526745169764418
G2025064,STAND2,15575,359,389.6,0.08525871558468445
G2025064,STAND14,15575,316,390.2,0.23469646127966215
G2025064,STAND19,15575,353,389.5,0.1034018739578495
G2025064,STAND24,15575,377,389.5,0.033158783838516906
G2025065,STAND20,14369,297,331.5,0.1161472818250254
G2025065,STAND6,14369,310,330.3,0.06559848496274005
G2025065,STAND23,14369,318,330.3,0.03879097590707364
G2025065,STAND7,14369,286,330.3,0.15501933684772523
G2025065,STAND12,14369,308,330.3,0.07251795564431629
G2025066,STAND9,16398,443,449.3,0.014125987031217454
G2025066,STAND17,16398,476,444.6,0.0660543650877273
G2025067,STAND4,14687,413,408.1,0.011861464615813389
G2025068,STAND7,18000,385,406.0,0.05463552842015461
G2025068,STAND12,18000,377,406.0,0.07701506217973349
G2025068,STAND23,18000,396,406.0,0.025340097075150315
G2025068,STAND6,18000,389,405.4,0.04227929719956535
G2025068,STAND20,18000,436,406.0,0.06872780173908366
G2025069,STAND17,11214,297,311.1,0.0473227875075925
G2025069,STAND9,11214,287,311.1,0.08381487069601036
G2025070,STAND15,14686,431,401.7,0.06800049174264766
G2025070,STAND13,14686,407,401.7,0.013042289781526143
G2025070,STAND22,14686,396,401.6,0.0142179373123102
G2025071,STAND17,14483,402,328.7,0.1822206172734525
G2025071,STAND9,14483,423,333.0,0.2127671914193021
G2025072,STAND18,17744,422,440.1,0.04290647299930247
G2025072,STAND3,17744,436,439.0,0.006790499881201481
G2025073,STAND19,18000,467,445.4,0.04615246204466941
G2025073,STAND24,18000,498,445.4,0.10552851360413779
G2025073,STAND8,18000,506,434.4,0.14145317447510214
G2025073,STAND2,18000,512,444.3,0.13215608683861912
G2025073,STAND14,18000,512,445.4,0.12998671831027464
G2025074,STAND18,17415,382,427.1,0.11812010811178793
G2025074,STAND3,17415,423,427.1,0.009744400233340396
G2025050,STAND24,18000,384,435.5,0.13411199032895768
G2025050,STAND19,18000,399,435.5,0.09147620121884648
G2025050,STAND14,18000,446,435.5,0.023544833438744965
G2025050,STAND2,18000,400,434.4,0.08597071899951843
G2025050,STAND8,18000,415,424.5,0.022835898257298037
G2025051,STAND7,14293,313,333.7,0.06611138821611852
G2025051,STAND12,14293,297,335.1,0.12828178271000243
G2025051,STAND20,14293,276,333.7,0.20903211779581557
G2025051,STAND23,14293,313,335.5,0.07187821154562149
G2025051,STAND6,14293,298,333.7,0.11977471312632583
G2025052,STAND20,13628,352,359.2,0.020363162128011873
G2025052,STAND12,13628,356,359.2,0.008898407497360055
G2025052,STAND6,13628,367,356.8,0.02778589480994128
G2025052,STAND7,13628,382,359.2,0.05977007049984246
G2025052,STAND23,13628,337,359.2,0.06577992008623199
G2025053,STAND2,16034,426,390.2,0.08407564438091904
G2025053,STAND8,16034,426,388.3,0.08856502487339744
G2025053,STAND24,16034,459,390.1,0.15015956839662822
G2025053,STAND19,16034,458,391.9,0.14434956161164159
G2025053,STAND14,16034,428,391.8,0.08451343778790421
G2025054,STAND7,16082,430,418.8,0.02616078061228003
G2025054,STAND20,16082,409,421.3,0.029983681568892095
G2025054,STAND6,16082,419,418.8,0.0005945958550845171
G2025054,STAND23,16082,405,419.6,0.03607939937053148
G2025054,STAND12,16082,430,418.8,0.02616078061228003
G2025055,STAND23,16404,444,393.8,0.11314893132625801
G2025055,STAND6,16404,455,398.1,0.12496992847962966
G2025055,STAND20,16404,465,394.2,0.15231214114914188
G2025055,STAND7,16404,480,392.5,0.1822222484206647
G2025055,STAND12,16404,490,395.9,0.19199427867183902
G2025056,STAND10,15388,439,346.4,0.21103668206384124
G2025056,STAND11,15388,433,348.0,0.19622026279667915
G2025056,STAND5,15388,420,348.0,0.1713413661689573
G2025056,STAND1,15388,449,347.9,0.22518943508601336
G2025056,STAND16,15388,453,348.0,0.23170722691161605
G2025057,STAND21,16146,427,429.5,0.00585969248150785
G2025058,STAND4,14297,319,316.2,0.008653407055232825
G2025059,STAND4,15014,408,333.1,0.18363681007387073
G2025060,STAND15,12746,315,306.1,0.028315423887414773
G2025060,STAND22,12746,291,301.1,0.03459655197039358
G2025060,STAND13,12746,279,306.1,0.09706323109485429
G2025061,STAND21,18000,453,448.9,0.00906844588798016
G2025037,STAND18,13257,375,315.3,0.15927402620822992
G2025037,STAND3,13257,332,315.3,0.050384818759295846
G2025038,STAND20,13448,330,345.0,0.04543287891173294
G2025038,STAND7,13448,302,345.0,0.14236043059891348
G2025038,STAND23,13448,330,345.0,0.04543287891173294
G2025038,STAND6,13448,283,345.0,0.21905600721156138
G2025038,STAND12,13448,284,345.0,0.2147635564819432
G2025039,STAND18,13972,351,375.8,0.0705558516340266
G2025039,STAND3,13972,331,382.2,0.1547997064295326
G2025040,STAND3,14644,291,379.5,0.30400259094880633
G2025040,STAND18,14644,330,379.5,0.14989319383667468
G2025041,STAND21,15559,387,378.8,0.021255657301715834
G2025042,STAND8,17902,349,415.7,0.19102080760404794
G2025042,STAND14,17902,386,416.1,0.07806321786898883
G2025042,STAND24,17902,360,416.6,0.1571207542987537
G2025042,STAND2,17902,381,416.8,0.09396004038885389
G2025042,STAND19,17902,395,416.6,0.05459106720899071
G2025043,STAND17,16041,379,380.6,0.004273539313695793
G2025043,STAND9,16041,415,380.6,0.08284416530146818
G2025044,STAND6,17683,366,382.8,0.0458996298492073
G2025044,STAND23,17683,426,383.7,0.09938836400667715
G2025044,STAND7,17683,393,382.8,0.025956069911425263
G2025044,STAND20,17683,370,383.5,0.03653840909630095
G2025044,STAND12,17683,413,382.8,0.07312526749440709
G2025045,STAND6,13582,366,333.0,0.09016132901592351
G2025045,STAND7,13582,384,333.0,0.1328100167183021
G2025045,STAND20,13582,343,333.0,0.0291517388333178
G2025045,STAND23,13582,382,328.9,0.13907657136774662
G2025045,STAND12,13582,375,334.8,0.107328484284623
G2025046,STAND14,15711,376,388.0,0.03192958245825833
G2025046,STAND24,15711,393,387.1,0.0149895616515799
G2025046,STAND2,15711,380,389.7,0.025631422313055534
G2025046,STAND8,15711,391,386.2,0.012270821247944716
G2025046,STAND19,15711,342,387.1,0.13189795985651784
G2025047,STAND21,13811,385,356.6,0.07382268279858364
G2025048,STAND1,17196,378,390.1,0.031889743522234525
G2025048,STAND16,17196,337,390.1,0.15743122567182388
G2025048,STAND5,17196,380,390.1,0.026458744872117503
G2025048,STAND10,17196,377,390.1,0.034626851595237804
G2025048,STAND11,17196,369,390.1,0.057057786047167075
G2025049,STAND4,16073,377,427.4,0.13376140975140302
G2025076,STAND21,15518,300,409.2,0.3639740766129986
G2025077,STAND21,17536,466,436.3,0.0637001357380749
G2025078,STAND4,13524,300,340.5,0.1348932661813228
G2025079,STAND17,14923,350,349.0,0.0027161195075690817
G2025079,STAND9,14923,367,349.0,0.04891183059304953
G2025080,STAND6,15698,331,400.4,0.20952385158055323
G2025080,STAND7,15698,359,400.4,0.11518772945170785
G2025080,STAND12,15698,351,400.4,0.14060511359875533
G2025080,STAND20,15698,301,402.2,0.3363594946408382
G2025080,STAND23,15698,328,400.4,0.22058656973525342
G2025081,STAND23,14749,441,383.8,0.1296174830339811
G2025081,STAND7,14749,412,382.6,0.07130112039423836
G2025081,STAND12,14749,444,386.8,0.12884513630454741
G2025081,STAND6,14749,445,386.8,0.13080278768363832
G2025081,STAND20,14749,413,386.8,0.06345578818212846
G2025075,STAND6,18000,402,406.2,0.010411147809338446
G2025075,STAND20,18000,411,420.5,0.023073909802770274
G2025075,STAND7,18000,414,406.2,0.018876131837309046
G2025075,STAND12,18000,410,406.2,0.00930419166011206
G2025075,STAND23,18000,370,406.2,0.09779805789014609
G2025012,STAND4,18000,496,478.5,0.035230719929612846
G2025013,STAND4,15784,473,389.2,0.17726738873578735
G2025014,STAND18,15622,425,396.8,0.06627618995901939
G2025014,STAND3,15622,437,396.8,0.09191620304938956
G2025015,STAND4,16045,456,434.4,0.0474553551937311
G2025016,STAND9,15779,434,432.9,0.0024986312536276318
G2025016,STAND17,15779,368,432.9,0.17640107074979786
G2025017,STAND4,14569,323,374.4,0.15908773903601392
G2025018,STAND13,17215,419,423.9,0.011737407668208383
G2025018,STAND22,17215,406,417.6,0.028665789817211466
G2025018,STAND15,17215,409,423.9,0.03647426360141641
G2025019,STAND21,17518,412,448.4,0.08835978473498088
G2025020,STAND14,16628,428,449.0,0.04907068020037472
G2025020,STAND24,16628,441,447.5,0.01466276677796197
G2025020,STAND2,16628,453,447.4,0.012362323460153271
G2025020,STAND19,16628,461,449.4,0.025209707038290424
G2025020,STAND8,16628,420,447.5,0.06539590511686007
G2025021,STAND18,17476,398,431.1,0.08308808701140485
G2025021,STAND3,17476,402,431.1,0.0723110911207441
G2025022,STAND3,15576,412,363.9,0.11686347847065362
G2025022,STAND18,15576,430,363.9,0.15383198402304485
G2025023,STAND21,16739,359,451.0,0.256256764545945
G2025024,STAND5,16144,460,425.4,0.07523595419027307
G2025024,STAND16,16144,473,425.0,0.10140184352360705
G2025024,STAND11,16144,447,425.4,0.048341250397149024
G2025024,STAND1,16144,415,425.4,0.025039665234878036
G2025024,STAND10,16144,433,425.4,0.01757168343539403
G2025000,STAND4,14091,409,354.8,0.13260280149703
G2025025,STAND24,17053,435,415.9,0.04385926109430486
G2025025,STAND14,17053,440,416.9,0.05261210959304815
G2025025,STAND8,17053,453,415.4,0.08300804824279913
G2025025,STAND19,17053,452,417.7,0.07581335376128785
G2025025,STAND2,17053,455,415.5,0.08691583770822504
G2025026,STAND21,16577,435,428.4,0.01514211377958593
G2025027,STAND3,16574,433,377.1,0.12915252952629935
G2025027,STAND18,16574,474,377.1,0.2044789984913241
G2025028,STAND3,14630,352,343.4,0.02436435577297257
G2025028,STAND18,14630,375,344.6,0.08114767886555879
G2025029,STAND21,17651,396,440.8,0.11315443544572923
G2025030,STAND21,14132,342,417.0,0.21934507429189984
G2025031,STAND15,14897,360,340.6,0.05379129466657181
G2025031,STAND22,14897,320,340.6,0.06429265323996916
G2025031,STAND13,14897,312,340.6,0.09177927538472484
G2025032,STAND22,14244,411,326.9,0.2045356859594423
G2025032,STAND13,14244,417,329.2,0.21065039392957022
G2025032,STAND15,14244,432,329.2,0.23805836636257124
G2025033,STAND1,18000,450,479.4,0.06542127331245094
G2025033,STAND16,18000,490,483.9,0.012489053878267575
G2025033,STAND11,18000,446,483.9,0.0849335506718585
G2025033,STAND5,18000,482,483.9,0.0039011692938773607
G2025033,STAND10,18000,466,484.6,0.03986223819881245
G2025034,STAND21,17573,489,432.0,0.11662869333768755
G2025035,STAND9,13549,367,320.2,0.12738830455730998
G2025035,STAND17,13549,325,320.2,0.01462002391548542
G2025036,STAND9,13038,338,333.7,0.012776109199092
G2025036,STAND17,13038,358,333.5,0.06832915108479455
G2025001,STAND3,15055,394,355.6,0.09750155912631925
G2025001,STAND18,15055,382,356.7,0.06615115350331935
G2025002,STAND7,15406,395,415.4,0.05156610627166404
G2025002,STAND23,15406,397,415.4,0.04626854402344407
G2025002,STAND6,15406,384,412.5,0.07420453548042764
G2025002,STAND12,15406,388,415.4,0.07053765973532808
G2025002,STAND20,15406,368,415.4,0.12871905428616112
G2025003,STAND9,13987,360,386.9,0.07480539844809486
G2025003,STAND17,13987,389,386.9,0.005321482156004753
G2025004,STAND20,18000,487,463.9,0.047480012491146424
G2025004,STAND12,18000,484,463.7,0.04199432171197192
G2025004,STAND23,18000,477,464.5,0.026129893711213305
G2025004,STAND6,18000,495,463.7,0.06328333678503921
G2025004,STAND7,18000,505,463.7,0.08183218160117704
G2025005,STAND22,15443,394,406.8,0.03260009073320436
G2025005,STAND13,15443,391,410.9,0.05083638621968873
G2025005,STAND15,15443,352,411.0,0.16762451894117608
G2025006,STAND4,14858,313,355.9,0.13696681087387175
G2025007,STAND2,16667,474,446.3,0.058529424894677606
G2025007,STAND14,16667,438,446.3,0.01885171826466396
G2025007,STAND19,16667,420,446.3,0.06251679190457814
G2025007,STAND8,16667,428,450.8,0.05316185319625323
G2025007,STAND24,16667,418,446.3,0.06760060430603544
G2025008,STAND1,15865,374,394.7,0.05541729896891717
G2025008,STAND11,15865,377,394.9,0.047545153505418165
G2025008,STAND16,15865,350,394.9,0.128355779632979
G2025008,STAND10,15865,344,394.9,0.1480364036963449
G2025008,STAND5,15865,374,394.9,0.055947922116424194
G2025009,STAND20,15605,369,398.7,0.08055401702207571
G2025009,STAND6,15605,358,396.8,0.10847100354027028
G2025009,STAND12,15605,367,396.8,0.08128779091939171
G2025009,STAND23,15605,367,396.8,0.08128779091939171
G2025009,STAND7,15605,412,396.8,0.036814030904328256
G2025010,STAND9,18000,470,476.5,0.013867253336948148
G2025010,STAND17,18000,490,474.4,0.03189712329173004
G2025011,STAND17,14525,324,361.8,0.11669396302372215
G2025011,STAND9,14525,374,361.8,0.03259667374415514
G2025062,STAND6,18000,417,436.1,0.04591847684245037
G2025062,STAND23,18000,436,437.0,0.0023149019533198795
G2025062,STAND12,18000,440,436.1,0.008754534447041351
G2025062,STAND20,18000,434,436.9,0.0066081836039707
G2025062,STAND7,18000,441,436.1,0.011002256591152369
G2025063,STAND7,17187,473,421.8,0.10814062344441176
G2025063,STAND6,17187,441,420.1,0.047369112105621475
G2025063,STAND20,17187,487,421.8,0.1337792913536073
G2025063,STAND23,17187,430,421.8,0.018954685788852933
G2025063,STAND12,17187,457,421.8,0.0769157875037347
G2025064,STAND21,15575,352,389.5,0.10653653837250249
G2025065,STAND4,14369,318,330.3,0.03879097590707364
G2025066,STAND10,16398,443,448.6,0.012564467053027861
G2025066,STAND16,16398,471,448.6,0.04763044818579333
G2025066,STAND5,16398,463,448.6,0.031174818780796237
G2025066,STAND1,16398,462,448.6,0.02907779457902307
G2025066,STAND11,16398,449,448.6,0.0009664612372130462
G2025067,STAND20,14687,410,408.1,0.004631182649587633
G2025067,STAND23,14687,408,408.1,0.00024807625899281966
G2025067,STAND7,14687,379,408.1,0.07678420874319015
G2025067,STAND6,14687,375,408.1,0.08826990696978419
G2025067,STAND12,14687,428,408.1,0.04649248805217507
G2025068,STAND4,18000,390,406.0,0.041114560107075704
G2025069,STAND10,11214,306,311.1,0.016519176110310372
G2025069,STAND11,11214,271,311.1,0.14780394055260138
G2025069,STAND1,11214,298,310.9,0.04314233165297768
G2025069,STAND16,11214,294,311.1,0.05800975472705773
G2025069,STAND5,11214,289,311.1,0.07631442176385804
G2025070,STAND18,14686,406,401.7,0.010611359460790986
G2025070,STAND3,14686,396,401.7,0.01437320216898702
G2025071,STAND10,14483,374,331.8,0.11280241670561887
G2025071,STAND16,14483,400,331.8,0.17047025961975365
G2025071,STAND5,14483,422,331.8,0.21371588589550108
G2025071,STAND11,14483,360,331.8,0.07830028846639295
G2025071,STAND1,14483,402,331.8,0.17459727325348623
G2025072,STAND13,17744,442,440.1,0.004283865145462352
G2025072,STAND15,17744,477,440.1,0.07734479747231522
G2025072,STAND22,17744,428,437.6,0.022383632759973113
G2025073,STAND21,18000,506,444.1,0.12224387278942471
G2025074,STAND22,17415,392,427.1,0.08959663596607904
G2025074,STAND15,17415,387,427.1,0.10367411188295346
G2025074,STAND13,17415,415,427.1,0.02920935252699515
G2025050,STAND21,18000,456,434.2,0.04781402537339593
G2025051,STAND4,14293,300,334.0,0.11344976804662868
G2025052,STAND4,13628,380,359.2,0.054821491923525846
G2025053,STAND21,16034,446,393.0,0.11886798216480877
G2025054,STAND4,16082,419,417.5,0.0035629063486816055
G2025055,STAND4,16404,476,394.2,0.1718837473055024
G2025056,STAND17,15388,421,348.0,0.17330967646309278
G2025056,STAND9,15388,470,348.0,0.2594965399807704
G2025057,STAND2,16146,475,429.7,0.0954341114478326
G2025057,STAND8,16146,403,427.6,0.06112655172686165
G2025057,STAND19,16146,406,429.5,0.05788691795468929
G2025057,STAND14,16146,441,429.5,0.02607236124806383
G2025057,STAND24,16146,461,429.5,0.06832518722428665
G2025058,STAND7,14297,323,316.2,0.020930145048356878
G2025058,STAND12,14297,300,316.2,0.05413187716460243
G2025058,STAND6,14297,284,316.2,0.11351958855415749
G2025058,STAND20,14297,327,315.8,0.034156463051266656
G2025058,STAND23,14297,295,312.3,0.05877199557386772
G2025059,STAND7,15014,413,333.1,0.19352014167103937
G2025059,STAND12,15014,398,333.1,0.16312517213602828
G2025059,STAND20,15014,422,333.1,0.21071994907615937
G2025059,STAND6,15014,410,333.1,0.187619069536925
G2025059,STAND23,15014,396,333.1,0.15889853159126074
G2025060,STAND18,12746,319,308.6,0.032691571444008596
G2025060,STAND3,12746,281,304.9,0.0851771096724646
G2025061,STAND14,18000,479,448.9,0.06285596239510441
G2025061,STAND19,18000,451,448.9,0.004674070925177411
G2025061,STAND2,18000,454,449.2,0.010641778074100851
G2025061,STAND24,18000,456,448.9,0.015587732428190816
G2025061,STAND8,18000,425,448.4,0.05499674915492252
G2025037,STAND15,13257,348,318.8,0.08378464509182051
G2025037,STAND22,13257,326,311.1,0.04583010954373961
G2025037,STAND13,13257,311,315.3,0.013737106662102185
G2025038,STAND4,13448,314,345.0,0.09870334407920979
G2025039,STAND13,13972,383,379.1,0.010112083559682867
G2025039,STAND22,13972,342,375.8,0.09872837404544835
G2025039,STAND15,13972,366,375.8,0.026680611812959935
G2025040,STAND13,14644,310,379.5,0.22407985150355694
G2025040,STAND15,14644,325,379.5,0.1675838583572389
G2025040,STAND22,14644,320,379.4,0.18563521588393322
G2025041,STAND14,15559,393,378.8,0.03619831902230033
G2025041,STAND19,15559,360,378.8,0.05215016840065548
G2025041,STAND2,15559,405,379.1,0.0640723472448168
G2025041,STAND24,15559,400,378.8,0.05306484843941007
G2025041,STAND8,15559,378,378.5,0.0012413770067646822
G2025042,STAND21,17902,366,416.6,0.1381515616053315
G2025043,STAND16,16041,397,380.6,0.04126027355191258
G2025043,STAND11,16041,429,380.6,0.1127746587415135
G2025043,STAND10,16041,404,380.6,0.05787210049532004
G2025043,STAND1,16041,388,380.6,0.01902146546419921
G2025043,STAND5,16041,406,380.6,0.06251312463081107
G2025044,STAND4,17683,384,385.4,0.0035842837457044454
G2025045,STAND4,13582,351,333.3,0.050304787799101136
G2025046,STAND21,15711,332,387.1,0.16599127190038884
G2025047,STAND8,13811,416,354.8,0.14700496788112224
G2025047,STAND19,13811,415,356.6,0.14077525994567397
G2025047,STAND2,13811,365,356.7,0.022616505492545326
G2025047,STAND24,13811,406,356.6,0.12172840610210517
G2025047,STAND14,13811,375,364.9,0.02695435634247148
G2025048,STAND9,17196,387,384.4,0.006667022182053608
G2025048,STAND17,17196,382,390.1,0.021084615317813225
G2025049,STAND23,16073,379,427.4,0.12777849993741144
G2025049,STAND7,16073,350,427.4,0.22122300421793983
G2025049,STAND12,16073,357,427.4,0.19727745511562728
G2025049,STAND6,16073,369,427.4,0.1583416029167451
G2025049,STAND20,16073,327,429.8,0.3144872345731605
G2025076,STAND11,15518,341,409.2,0.19997719350117177
G2025076,STAND10,15518,327,409.2,0.2513523638651363
G2025076,STAND5,15518,334,409.2,0.2251264161194598
G2025076,STAND1,15518,317,409.2,0.2908272018419545
G2025076,STAND16,15518,305,409.2,0.34161384584885107
G2025077,STAND10,17536,462,437.6,0.05279392056569761
G2025077,STAND1,17536,504,435.1,0.13665855323966225
G2025077,STAND5,17536,433,436.3,0.007657590637545261
G2025077,STAND11,17536,426,436.3,0.024215344474312436
G2025077,STAND16,17536,460,436.3,0.051487528812919355
G2025078,STAND3,13524,315,340.5,0.08085072969649792
G2025078,STAND18,13524,326,346.1,0.06169639289043954
G2025079,STAND8,14923,348,350.0,0.005723938191170715
G2025079,STAND2,14923,319,349.2,0.09453409266498955
G2025079,STAND14,14923,333,336.9,0.011761244000591158
G2025079,STAND19,14923,384,349.0,0.09101729642616974
G2025079,STAND24,14923,366,349.0,0.04631322903729284
G2025080,STAND15,15698,324,400.4,0.23565553973198494
G2025080,STAND22,15698,320,400.3,0.2509090937184972
G2025080,STAND13,15698,323,400.4,0.2394810986785236
G2025081,STAND15,14749,433,389.8,0.09973803156900009
G2025081,STAND22,14749,430,386.8,0.10048195469585827
G2025081,STAND13,14749,418,386.0,0.07647786587427986
G2025075,STAND15,18000,425,406.2,0.044269926072108105
G2025075,STAND22,18000,389,406.2,0.04425102427787695
G2025012,STAND18,18000,500,478.5,0.04294887417017594
G2025012,STAND3,18000,466,478.5,0.026878890375347703
G2025013,STAND18,15784,472,389.2,0.1755243111695496
G2025013,STAND3,15784,451,389.2,0.13713409062533796
G2025014,STAND4,15622,438,396.8,0.093989453727359
G2025015,STAND18,16045,440,415.6,0.05537741952313333
G2025015,STAND3,16045,386,433.3,0.12254627833545992
G2025016,STAND2,15779,404,437.3,0.0824000079310613
G2025016,STAND14,15779,391,432.8,0.10686993599219473
G2025016,STAND19,15779,379,432.9,0.14225750405257417
G2025016,STAND24,15779,347,432.9,0.24759537186145708
G2025016,STAND8,15779,377,431.5,0.14448697401078534
G2025017,STAND3,14569,318,374.4,0.17731238902085691
G2025017,STAND18,14569,310,374.4,0.20769464422139516
G2025018,STAND20,17215,381,423.9,0.11264560055900082
G2025018,STAND12,17215,382,425.7,0.11430869868620201
G2025018,STAND7,17215,390,423.9,0.08696916362302387
G2025018,STAND6,17215,418,423.9,0.014157832088467255
G2025018,STAND23,17215,392,423.5,0.08043665196102587
G2025019,STAND1,17518,426,448.2,0.052126240032029335
G2025019,STAND11,17518,449,445.1,0.008746398003335898
G2025019,STAND5,17518,429,448.4,0.04523130841681147
G2025019,STAND16,17518,454,448.4,0.012325481694246427
G2025019,STAND10,17518,447,448.4,0.0031414570711680583
G2025020,STAND9,16628,427,447.0,0.04680021895956594
G2025020,STAND17,16628,432,446.8,0.03434081016017098
G2025021,STAND4,17476,424,431.1,0.016672308090894178
G2025022,STAND4,15576,387,360.9,0.0675347025990994
G2025023,STAND5,16739,365,451.0,0.23560596841642262
G2025023,STAND11,16739,332,451.0,0.3584222243132357
G2025023,STAND16,16739,341,451.0,0.322569438334294
G2025023,STAND1,16739,370,447.0,0.20819025271827965
G2025023,STAND10,16739,360,451.4,0.25394928975359915
G2025024,STAND21,16144,437,425.4,0.026564162305550604
G2025000,STAND18,14091,390,354.8,0.0903449892622699
G2025000,STAND3,14091,371,354.8,0.043758883591065396
G2025025,STAND17,17053,449,415.9,0.07367211264147576
G2025025,STAND9,17053,461,410.3,0.11000702648998267
G2025026,STAND5,16577,435,432.6,0.0054436448134229905
G2025026,STAND1,16577,435,428.0,0.01613270496779188
G2025026,STAND11,16577,451,432.0,0.04202628059587489
G2025026,STAND16,16577,436,432.0,0.009068469148485267
G2025026,STAND10,16577,425,431.5,0.015231784638355802
G2025027,STAND4,16574,440,377.4,0.14217685209664355
G2025028,STAND4,14630,397,344.6,0.13206644729114497
G2025029,STAND16,17651,408,434.2,0.06433694975349875
G2025029,STAND10,17651,435,434.6,0.0009103251527172144
G2025029,STAND5,17651,446,434.6,0.025551550317112082
G2025029,STAND1,17651,420,434.6,0.03477144894897145
G2025029,STAND11,17651,456,434.6,0.046921033862789445
G2025030,STAND11,14132,358,393.4,0.09888125068342674
G2025030,STAND16,14132,353,397.7,0.12672113488801295
G2025030,STAND5,14132,334,397.7,0.19081604974691188
G2025030,STAND1,14132,330,390.1,0.18205904199214934
G2025030,STAND10,14132,328,397.7,0.2125992701691115
G2025031,STAND6,14897,331,340.6,0.029109165921553323
G2025031,STAND7,14897,353,340.6,0.035027949235030734
G2025031,STAND20,14897,334,338.3,0.012851249789825105
G2025031,STAND12,14897,325,340.6,0.048108104369335845
G2025031,STAND23,14897,316,340.6,0.07795928455707009
G2025032,STAND23,14244,412,327.8,0.20445243617497316
G2025032,STAND20,14244,424,329.2,0.2236821091241292
G2025032,STAND7,14244,376,329.2,0.1245776975229542
G2025032,STAND6,14244,388,329.2,0.15165261409440922
G2025032,STAND12,14244,391,326.6,0.16473144393414355
G2025033,STAND21,18000,512,483.9,0.054921164844435766
G2025034,STAND5,17573,463,425.8,0.08042457650123104
G2025034,STAND11,17573,413,425.8,0.03090416726375309
G2025034,STAND16,17573,436,425.4,0.02429154123672132
G2025034,STAND1,17573,426,430.4,0.010305009402822432
G2025034,STAND10,17573,442,425.8,0.03673434144812211
G2025035,STAND19,13549,335,322.2,0.03819912513002393
G2025035,STAND2,13549,332,323.6,0.025406697084945102
G2025035,STAND14,13549,367,320.1,0.12773009579003922
G2025035,STAND24,13549,379,320.2,0.15501717090378037
G2025035,STAND8,13549,356,319.2,0.10343253921168574
G2025036,STAND8,13038,280,333.3,0.19034428581981735
G2025036,STAND24,13038,334,333.3,0.0021065867378776554
G2025036,STAND2,13038,337,333.2,0.01118698114831394
G2025036,STAND19,13038,353,333.3,0.05581756365566894
G2025036,STAND14,13038,305,338.1,0.1084449562571608
G2025001,STAND4,15055,391,356.7,0.08764639549429154
G2025002,STAND13,15406,353,414.7,0.17474181531890196
G2025002,STAND22,15406,359,415.4,0.15701563224876683
G2025002,STAND15,15406,363,415.4,0.14426614869781623
G2025003,STAND24,13987,324,386.9,0.19422822049788319
G2025003,STAND19,13987,332,386.9,0.16545163687142816
G2025003,STAND2,13987,381,386.0,0.013135756806616099
G2025003,STAND8,13987,393,386.1,0.017487237801647335
G2025003,STAND14,13987,366,386.6,0.05618612882935933
G2025004,STAND22,18000,496,463.7,0.06517187844474678
G2025004,STAND13,18000,481,463.7,0.0360192343214021
G2025004,STAND15,18000,487,463.7,0.04789579406282219
G2025005,STAND23,15443,387,407.5,0.05289864409087753
G2025005,STAND7,15443,403,408.9,0.014729933307184737
G2025005,STAND12,15443,361,411.3,0.13929755536992822
G2025005,STAND6,15443,367,408.9,0.11426747444903392
G2025005,STAND20,15443,400,408.9,0.02234040780698862
G2025006,STAND3,14858,334,354.7,0.06205011420964089
G2025006,STAND18,14858,322,355.9,0.10518823541466414
G2025007,STAND9,16667,450,446.3,0.008317660889060411
G2025007,STAND17,16667,450,446.3,0.008317660889060411
G2025008,STAND21,15865,355,394.9,0.11246344470857084
G2025009,STAND13,15605,381,396.8,0.041555431148075486
G2025009,STAND22,15605,384,396.8,0.03325816245878318
G2025009,STAND15,15605,404,396.8,0.017741041417285247
G2025010,STAND14,18000,488,474.1,0.028396959197466487
G2025010,STAND24,18000,509,474.1,0.06848274280621541
G2025010,STAND8,18000,522,473.6,0.09267450519208154
G2025010,STAND2,18000,479,474.1,0.010141369704308236
G2025010,STAND19,18000,471,475.2,0.008827609066337831
G2025011,STAND8,14525,358,359.9,0.005244593574030791
G2025011,STAND19,14525,342,361.8,0.05792059654878941
G2025011,STAND2,14525,376,362.4,0.036158620190609995
G2025011,STAND14,14525,377,361.7,0.04063820966390316
G2025011,STAND24,14525,349,361.8,0.03670155879566183
G2025075,STAND13,18000,414,401.0,0.031457322413662524
G2025062,STAND13,18000,429,436.1,0.01666201595175246
G2025062,STAND15,18000,437,436.1,0.0019496456675015892
G2025062,STAND22,18000,439,436.1,0.006496572110929828
G2025063,STAND15,17187,461,421.8,0.08492519498743333
G2025063,STAND13,17187,422,426.3,0.010256166991283672
G2025063,STAND22,17187,425,421.8,0.007412976209898261
G2025064,STAND5,15575,370,389.5,0.052705031100326684
G2025064,STAND1,15575,349,389.3,0.11547968037235888
G2025064,STAND11,15575,367,389.5,0.06131024933820402
G2025064,STAND10,15575,340,389.5,0.14559076913859081
G2025064,STAND16,15575,365,389.5,0.06712564796471472
G2025065,STAND3,14369,354,330.3,0.06684878435466267
G2025065,STAND18,14369,332,333.5,0.004502746978692492
G2025066,STAND21,16398,484,448.6,0.07321062209815839
G2025067,STAND22,14687,404,406.7,0.006714909820133801
G2025067,STAND13,14687,425,408.1,0.03976184679136689
G2025067,STAND15,14687,426,408.1,0.042015926963218146
G2025068,STAND18,18000,392,406.0,0.035802751126937565
G2025068,STAND3,18000,396,406.0,0.025340097075150315
G2025069,STAND21,11214,270,315.1,0.16697804419792797
G2025070,STAND4,14686,385,401.7,0.043355293659529504
G2025071,STAND21,14483,378,331.8,0.12219075092037424
G2025072,STAND6,17744,422,440.1,0.04290647299930247
G2025072,STAND12,17744,448,440.1,0.01761934909440705
G2025072,STAND7,17744,437,440.1,0.007108767976443114
G2025072,STAND20,17744,448,440.1,0.01761934909440705
G2025072,STAND23,17744,437,440.1,0.007108767976443114
G2025073,STAND11,18000,456,445.4,0.02314298196241363
G2025073,STAND1,18000,473,445.4,0.05825200798067783
G2025073,STAND10,18000,501,445.4,0.11088463028914294
G2025073,STAND5,18000,448,445.4,0.005699106640313875
G2025073,STAND16,18000,497,445.1,0.1044421183782719
G2025074,STAND6,17415,411,427.1,0.03922598856132114
G2025074,STAND23,17415,426,424.2,0.004238881316787213
G2025074,STAND12,17415,396,427.1,0.07859060934015906
G2025074,STAND7,17415,449,427.1,0.04872632227460359
G2025074,STAND20,17415,438,427.1,0.024835887445883588
G2025050,STAND11,18000,449,435.5,0.030069032769889207
G2025050,STAND5,18000,421,435.5,0.03443944011002315
G2025050,STAND16,18000,401,435.1,0.08514830729969881
G2025050,STAND1,18000,451,435.5,0.03437027874430212
G2025050,STAND10,18000,376,435.5,0.15824203267638232
G2025051,STAND3,14293,314,335.8,0.06951492106919283
G2025051,STAND18,14293,268,333.7,0.24512262877479515
G2025052,STAND18,13628,362,359.2,0.007823665555082376
G2025052,STAND3,13628,333,359.2,0.07858208128846901
G2025053,STAND10,16034,403,390.1,0.03206759775199095
G2025053,STAND1,16034,452,389.9,0.13743737821066368
G2025053,STAND11,16034,432,390.1,0.09704454142141748
G2025053,STAND5,16034,463,390.1,0.15750160236296404
G2025053,STAND16,16034,453,390.1,0.13890340373962992
G2025054,STAND3,16082,447,418.8,0.06319717150622016
G2025054,STAND18,16082,407,410.0,0.007474887241566438
G2025055,STAND18,16404,452,394.2,0.12793173812909509
G2025055,STAND3,16404,458,394.2,0.1393562131754388
G2025056,STAND24,15388,459,348.0,0.2417502696970851
G2025056,STAND14,15388,438,347.9,0.2056913763788574
G2025056,STAND2,15388,429,348.0,0.1887204857214893
G2025056,STAND19,15388,448,348.0,0.22313253078339748
G2025056,STAND8,15388,446,348.8,0.21784373206178814
G2025057,STAND9,16146,467,429.5,0.08029531329849282
G2025057,STAND17,16146,417,429.5,0.029981028032623147
G2025058,STAND13,14297,357,322.1,0.09771376350763017
G2025058,STAND22,14297,305,316.2,0.036851026719281074
G2025058,STAND15,14297,301,316.2,0.05062977790491936
G2025059,STAND22,15014,380,331.8,0.1268192014165412
G2025059,STAND15,15014,374,333.1,0.1094219746260408
G2025059,STAND13,15014,383,333.1,0.13034939558783096
G2025060,STAND4,12746,276,306.1,0.10898783143284184
G2025061,STAND9,18000,468,455.2,0.027406853095821773
G2025061,STAND17,18000,465,450.9,0.03032933053054729
G2025037,STAND12,13257,338,313.0,0.07382396531904396
G2025037,STAND23,13257,380,313.9,0.17400249806195892
G2025037,STAND6,13257,358,315.3,0.11935128443599503
G2025037,STAND20,13257,327,315.3,0.03586470895439211
G2025037,STAND7,13257,354,315.3,0.10940045149176898
G2025038,STAND3,13448,321,343.8,0.0711743812566046
G2025038,STAND18,13448,282,347.5,0.23221133785379
G2025039,STAND7,13972,365,375.8,0.029493435406968044
G2025039,STAND6,13972,374,375.8,0.004719529207335123
G2025039,STAND20,13972,360,375.8,0.04379195534317593
G2025039,STAND12,13972,370,375.8,0.01558136195552253
G2025039,STAND23,13972,347,378.2,0.09004832306461139
G2025040,STAND7,14644,368,379.5,0.031154222733974588
G2025040,STAND23,14644,284,379.5,0.3361434998806431
G2025040,STAND12,14644,346,379.5,0.09671894209856256
G2025040,STAND20,14644,340,377.6,0.11070411379789842
G2025040,STAND6,14644,333,379.5,0.13953379569400196
G2025041,STAND17,15559,380,375.7,0.011290851767869687
G2025041,STAND9,15559,370,380.0,0.02692335811289904
G2025042,STAND11,17902,395,416.6,0.05459106720899071
G2025042,STAND5,17902,386,416.6,0.07917997810246459
G2025042,STAND10,17902,392,417.3,0.06443599731772716
G2025042,STAND1,17902,392,415.4,0.05962199992016444
G2025042,STAND16,17902,351,416.6,0.18679051722949097
G2025043,STAND21,16041,412,380.6,0.07616584611677013
G2025044,STAND18,17683,386,374.1,0.03085316244712999
G2025044,STAND3,17683,456,382.8,0.16052792867366256
G2025045,STAND18,13582,381,333.0,0.12598174913340685
G2025045,STAND3,13582,378,333.0,0.11904509634875134
G2025046,STAND5,15711,380,387.1,0.018708163870866053
G2025046,STAND10,15711,374,387.9,0.03728646509219189
G2025046,STAND11,15711,414,387.1,0.06495385924896353
G2025046,STAND1,15711,391,385.8,0.013363458077736052
G2025046,STAND16,15711,397,387.1,0.02491410007322645
G2025047,STAND9,13811,395,356.6,0.09727020981634102
G2025047,STAND17,13811,414,356.6,0.13869983786824808
G2025048,STAND19,17196,360,390.1,0.08348423069834625
G2025048,STAND14,17196,365,391.6,0.07298357037357553
G2025048,STAND8,17196,392,388.3,0.00937241551580367
G2025048,STAND24,17196,365,391.3,0.07212157422761471
G2025048,STAND2,17196,380,389.5,0.02506245844789942
G2025049,STAND13,16073,326,427.4,0.31112899225852436
G2025049,STAND15,16073,365,427.4,0.17103575746925737
G2025049,STAND22,16073,359,427.4,0.1904361186435513
G2025076,STAND4,15518,305,409.5,0.3427353733975183
G2025077,STAND4,17536,451,436.3,0.032559342026480934
G2025078,STAND21,13524,314,340.5,0.08429292947260142
G2025079,STAND13,14923,302,354.9,0.17525159420776862
G2025079,STAND15,14923,320,349.0,0.09077924428859632
G2025079,STAND22,14923,330,349.0,0.05772532779500249
G2025080,STAND24,15698,332,400.4,0.20588070744928652
G2025080,STAND19,15698,330,402.3,0.2189831508467576
G2025080,STAND2,15698,326,400.3,0.2278711110326149
G2025080,STAND8,15698,322,400.4,0.24333041886075504
G2025080,STAND14,15698,319,401.7,0.2593876318789471
G2025081,STAND19,14749,419,386.8,0.07686692248023641
G2025081,STAND24,14749,400,388.4,0.0290363894688231
G2025081,STAND8,14749,422,386.3,0.08448805457054308
G2025081,STAND2,14749,431,389.8,0.09565441059941442
G2025081,STAND14,14749,428,385.5,0.09937162443745835
G2025075,STAND24,18000,376,406.2,0.0802800037748778
G2025075,STAND14,18000,403,406.8,0.009440213135075684
G2025075,STAND2,18000,397,406.5,0.023993051584972894
G2025075,STAND19,18000,466,406.2,0.1283577651945192
G2025075,STAND8,18000,379,406.2,0.07172897472125081
G2025012,STAND21,18000,471,484.7,0.02915225221412482
G2025013,STAND21,15784,468,387.9,0.17117344322297884
G2025014,STAND11,15622,387,396.8,0.025407284928725477
G2025014,STAND5,15622,406,396.8,0.022579755498973498
G2025014,STAND10,15622,444,395.5,0.1091620781179563
G2025014,STAND16,15622,379,396.8,0.04705176587708908
G2025014,STAND1,15622,418,393.7,0.058063377417272154
G2025015,STAND21,16045,423,433.3,0.024356651152452793
G2025016,STAND22,15779,423,426.6,0.008394875826544714
G2025016,STAND13,15779,371,432.9,0.16688839362783184
G2025016,STAND15,15779,395,432.9,0.09598884566057116
G2025017,STAND21,14569,305,374.4,0.22749291707748362
G2025018,STAND9,17215,408,424.0,0.039315692980997484
G2025018,STAND17,17215,403,422.0,0.04713112225786892
G2025019,STAND4,17518,406,448.4,0.10444391948475892
G2025020,STAND12,16628,456,447.5,0.018714297918681518
G2025020,STAND7,16628,452,447.5,0.010030353652475158
G2025020,STAND6,16628,470,447.5,0.04794408478918888
G2025020,STAND23,16628,448,447.5,0.0011913389529436863
G2025020,STAND20,16628,463,448.7,0.030881228674390044
G2025021,STAND1,17476,378,431.1,0.14039433500142628
G2025021,STAND5,17476,358,431.1,0.20410351572776295
G2025021,STAND16,17476,410,430.7,0.05052323310097222
G2025021,STAND10,17476,397,431.1,0.08581626859077868
G2025021,STAND11,17476,396,431.1,0.08855822886499781
G2025022,STAND5,15576,423,363.9,0.13982920361680684
G2025022,STAND16,15576,420,363.9,0.13368512649978403
G2025022,STAND1,15576,427,363.9,0.1478870096719187
G2025022,STAND11,15576,392,363.9,0.07180549267834002
G2025022,STAND10,15576,399,363.9,0.08808960684187792
G2025023,STAND4,16739,386,451.0,0.16838388205179858
G2025024,STAND3,16144,421,425.4,0.010431023925117305
G2025024,STAND18,16144,469,425.4,0.09298195933374331
G2025000,STAND21,14091,397,354.8,0.1063842463785523
G2025025,STAND23,17053,447,419.4,0.061792775541808474
G2025025,STAND20,17053,468,415.9,0.11127944140175772
G2025025,STAND6,17053,442,415.9,0.05900176148421406
G2025025,STAND7,17053,494,415.9,0.15805420764377048
G2025025,STAND12,17053,453,415.9,0.08185160833559076
G2025026,STAND4,16577,430,430.8,0.001866105475449537
G2025027,STAND1,16574,424,377.1,0.11066755963416892
G2025027,STAND5,16574,448,377.1,0.1583103689394813
G2025027,STAND10,16574,478,377.1,0.21113607800185694
G2025027,STAND11,16574,437,377.1,0.13712367342079548
G2025027,STAND16,16574,455,377.1,0.1712594401865662
G2025028,STAND16,14630,355,344.6,0.029381350914322674
G2025028,STAND10,14630,368,342.9,0.06823942720013258
G2025028,STAND11,14630,353,344.6,0.023882095112137534
G2025028,STAND5,14630,361,344.6,0.045513516827104014
G2025028,STAND1,14630,354,342.9,0.031350072602270115
G2025029,STAND4,17651,416,434.6,0.04472117441963464
G2025030,STAND4,14132,322,397.7,0.2351942876256788
G2025031,STAND17,14897,341,338.4,0.007718354616407554
G2025031,STAND9,14897,319,341.5,0.07049344410728277
G2025032,STAND9,14244,396,329.9,0.16704409322801209
G2025032,STAND17,14244,408,326.1,0.20074950628592458
G2025033,STAND18,18000,465,483.9,0.0406029324723632
G2025033,STAND3,18000,433,482.7,0.11486025390796095
G2025034,STAND4,17573,457,425.8,0.0683513761927133
G2025035,STAND15,13549,301,321.1,0.06678491927468323
G2025035,STAND22,13549,330,320.2,0.02955002355312958
G2025035,STAND13,13549,329,326.6,0.007244361316403273
G2025036,STAND13,13038,322,333.3,0.03508198766940641
G2025036,STAND15,13038,336,334.2,0.005262660583209397
G2025036,STAND22,13038,321,332.6,0.03608156442510796
G2025001,STAND10,15055,368,355.0,0.03519421269927237
G2025001,STAND16,15055,365,356.7,0.022656823666487642
G2025001,STAND1,15055,337,354.9,0.053017801279248794
G2025001,STAND5,15055,344,356.7,0.03700656791201166
G2025001,STAND11,15055,390,356.7,0.08530702727761023
G2025002,STAND8,15406,347,413.5,0.1916441603274602
G2025002,STAND24,15406,372,415.4,0.11658229026157875
G2025002,STAND2,15406,346,415.5,0.20096913395948832
G2025002,STAND14,15406,346,415.4,0.2004873178534893
G2025002,STAND19,15406,391,415.4,0.062323815798739884
G2025003,STAND13,13987,391,390.3,0.0018109679938304935
G2025003,STAND22,13987,330,386.9,0.1725149801251944
G2025003,STAND15,13987,334,386.9,0.1584728845548328
G2025004,STAND19,18000,464,463.1,0.0019602466809893596
G2025004,STAND24,18000,496,463.7,0.06517187844474678
G2025004,STAND8,18000,466,463.7,0.004989810533464394
G2025004,STAND14,18000,513,464.1,0.09525504542960928
G2025004,STAND2,18000,501,470.4,0.06103663407795258
G2025005,STAND17,15443,402,405.9,0.009630793101415413
G2025005,STAND9,15443,400,409.6,0.0240697911828336
G2025006,STAND21,14858,326,355.9,0.09162764356908544
G2025007,STAND20,16667,434,446.3,0.028242056681849804
G2025007,STAND12,16667,478,446.3,0.06640783974911545
G2025007,STAND23,16667,445,446.3,0.0028248373031973376
G2025007,STAND7,16667,457,446.3,0.02350754354502666
G2025007,STAND6,16667,452,446.6,0.011953063350768588
G2025008,STAND18,15865,393,394.9,0.004897004762195036
G2025008,STAND3,15865,381,394.9,0.03654730412478386
G2025009,STAND19,15605,371,396.8,0.06962970152942523
G2025009,STAND24,15605,358,396.8,0.10847100354027028
G2025009,STAND2,15605,385,396.8,0.030561575560743116
G2025009,STAND8,15605,374,396.8,0.06104978413747797
G2025009,STAND14,15605,391,397.7,0.01710110141705533
G2025010,STAND13,18000,531,476.1,0.10342156723024633
G2025010,STAND22,18000,505,469.9,0.06951088691745158
G2025010,STAND15,18000,500,474.1,0.05171543217672729
G2025011,STAND22,14525,342,362.4,0.05951692138422879
G2025011,STAND13,14525,366,361.8,0.01145124584785252
G2025011,STAND15,14525,315,361.8,0.14859950482439993
G2025062,STAND14,18000,422,436.8,0.03499319743455747
G2025062,STAND2,18000,421,435.8,0.035062062587107964
G2025062,STAND19,18000,433,435.6,0.0059207900506169754
G2025062,STAND8,18000,418,436.1,0.043416279529430155
G2025062,STAND24,18000,469,436.1,0.07004689798869551
G2025063,STAND24,17187,463,421.8,0.08887800192053297
G2025063,STAND8,17187,476,426.3,0.10431574437212855
G2025063,STAND14,17187,471,421.8,0.10435353479661733
G2025063,STAND19,17187,489,421.8,0.13732211633784613
G2025063,STAND2,17187,445,421.8,0.05202362896450957
G2025064,STAND4,15575,315,389.5,0.23651067145117738
G2025065,STAND21,14369,315,328.8,0.043942538536527305
G2025066,STAND18,16398,508,430.9,0.15177730142357254
G2025066,STAND3,16398,482,448.6,0.06936502301972751
G2025067,STAND8,14687,393,407.2,0.036117612556726686
G2025067,STAND19,14687,382,408.1,0.0683277882556782
G2025067,STAND14,14687,390,408.0,0.04608145141202974
G2025067,STAND24,14687,417,408.1,0.021340011717819976
G2025067,STAND2,14687,369,412.9,0.11888147063922884
G2025068,STAND21,18000,379,404.7,0.06789572186061012
G2025069,STAND18,11214,310,313.6,0.011522568235359505
G2025069,STAND3,11214,309,311.1,0.006650057895647163
G2025070,STAND11,14686,422,401.7,0.04812372497886526
G2025070,STAND5,14686,390,401.7,0.02997894374081759
G2025070,STAND1,14686,425,401.7,0.05484285162607327
G2025070,STAND10,14686,383,400.4,0.04540784884368017
G2025070,STAND16,14686,429,401.7,0.06365550569016583
G2025071,STAND3,14483,383,331.8,0.1336504016916487
G2025071,STAND18,14483,355,331.8,0.06531860238845481
G2025072,STAND9,17744,442,440.1,0.004283865145462352
G2025072,STAND17,17744,426,440.1,0.033113923957055494
G2025073,STAND4,18000,520,445.4,0.1433715380285781
G2025074,STAND9,17415,407,427.1,0.04943951179042503
G2025074,STAND17,17415,406,427.1,0.05202433817414529
G2025050,STAND4,18000,410,435.5,0.06219269338126767
G2025051,STAND21,14293,313,333.7,0.06611138821611852
G2025052,STAND21,13628,345,359.2,0.04106618280887009
G2025053,STAND4,16034,462,390.1,0.15567801275768908
G2025054,STAND21,16082,429,415.1,0.032359213540001666
G2025055,STAND21,16404,444,394.2,0.11221879647376345
G2025056,STAND13,15388,482,348.0,0.2779323107696308
G2025056,STAND15,15388,436,348.0,0.20175085731872033
G2025056,STAND22,15388,427,346.8,0.18789426655528915
G2025057,STAND7,16146,417,429.5,0.029981028032623147
G2025057,STAND23,16146,409,429.5,0.050127356209300374
G2025057,STAND12,16146,453,429.5,0.05187176889712174
G2025057,STAND20,16146,432,429.5,0.005782202107398491
G2025057,STAND6,16146,473,427.7,0.0957104116321409
G2025058,STAND19,14297,284,316.2,0.11351958855415749
G2025058,STAND14,14297,317,316.0,0.0030050717365977656
G2025058,STAND2,14297,308,316.3,0.02709928745831679
G2025058,STAND8,14297,311,315.2,0.013405424316891849
G2025058,STAND24,14297,315,316.2,0.00393512110914517
G2025059,STAND2,15014,354,333.1,0.05910037597089293
G2025059,STAND19,15014,421,333.1,0.2088451746084068
G2025059,STAND8,15014,392,332.2,0.15262962216585393
G2025059,STAND14,15014,414,332.9,0.19578083954859113
G2025059,STAND24,15014,401,333.1,0.16938608107266648
G2025060,STAND10,12746,299,302.6,0.012091454362216739
G2025060,STAND11,12746,305,296.9,0.02653569041163665
G2025060,STAND5,12746,284,306.7,0.08004402726320542
G2025060,STAND16,12746,289,303.6,0.05056161009673253
G2025060,STAND1,12746,306,309.0,0.00973441249086639
G2025061,STAND7,18000,461,448.9,0.026264655069967488
G2025061,STAND6,18000,463,448.9,0.030470855264049704
G2025061,STAND23,18000,498,447.5,0.10140421130230697
G2025061,STAND20,18000,465,448.9,0.034640873090870994
G2025061,STAND12,18000,462,450.6,0.024588867753474367
G2025037,STAND17,13257,353,317.8,0.0997851001988764
G2025037,STAND9,13257,370,316.6,0.14440496881156156
G2025038,STAND21,13448,324,345.0,0.064792747039728
G2025039,STAND17,13972,355,375.8,0.05849325048885447
G2025039,STAND9,13972,368,375.8,0.021100825879193846
G2025040,STAND17,14644,311,377.4,0.21344573344456247
G2025040,STAND9,14644,324,378.4,0.16781101890585445
G2025041,STAND20,15559,368,378.8,0.029277338652815142
G2025041,STAND6,15559,351,378.8,0.07912837784682614
G2025041,STAND23,15559,368,378.6,0.028816659931554727
G2025041,STAND7,15559,370,378.8,0.023713677362799924
G2025041,STAND12,15559,354,381.1,0.07662235872877009
G2025042,STAND4,17902,406,416.6,0.02601840282648111
G2025043,STAND3,16041,359,387.1,0.07825423483153945
G2025043,STAND18,16041,402,380.6,0.05318489701519725
G2025044,STAND21,17683,390,379.2,0.0277787241553088
G2025045,STAND21,13582,361,333.0,0.07755968537348477
G2025046,STAND4,15711,381,390.7,0.02552514575275237
G2025047,STAND7,13811,398,356.6,0.10407470572224799
G2025047,STAND23,13811,389,356.6,0.08334635701145167
G2025047,STAND6,13811,387,354.7,0.08345452082547253
G2025047,STAND20,13811,394,356.6,0.09497901745546879
G2025047,STAND12,13811,364,356.6,0.020389376036963464
G2025048,STAND15,17196,361,390.1,0.08048288933907105
G2025048,STAND22,17196,378,390.1,0.031889743522234525
G2025048,STAND13,17196,396,390.1,0.015014335728776133
G2025049,STAND19,16073,357,427.4,0.19727745511562728
G2025049,STAND2,16073,380,427.8,0.1257052935162082
G2025049,STAND14,16073,328,427.9,0.3045609892178091
G2025049,STAND24,16073,411,427.4,0.0399709281661288
G2025049,STAND8,16073,341,427.4,0.2534546964113752
