true_fan_id,ticketmaster_customer_id
TF100000,TM700000
TF100001,TM700001
TF100002,TM700002
TF100003,TM700003
TF100004,TM700004
TF100005,TM700005
TF100006,TM700006
TF100007,TM700007
TF100008,TM700008
TF100009,TM700009
TF100010,TM700010
TF100011,TM700011
TF100012,TM700012
TF100013,TM700013
TF100014,TM700014
TF100015,TM700015
TF100016,TM700016
TF100017,TM700017
TF100018,TM700018
TF100019,TM700019
TF100020,TM700020
TF100021,TM700021
TF100022,TM700022
TF100023,TM700023
TF100024,TM700024
TF100025,TM700025
TF100026,TM700026
TF100027,TM700027
TF100028,TM700028
TF100029,TM700029
TF100030,TM700030
TF100031,TM700031
TF100032,TM700032
TF100033,TM700033
TF100034,TM700034
TF100035,TM700035
TF100036,TM700036
TF100037,TM700037
TF100038,TM700038
TF100039,TM700039
TF100040,TM700040
TF100041,TM700041
TF100042,TM700042
TF100043,TM700043
TF100044,TM700044
TF100045,TM700045
TF100046,TM700046
TF100047,TM700047
TF100048,TM700048
TF100049,TM700049
TF100050,TM700050
TF100051,TM700051
TF100052,TM700052
TF100053,TM700053
TF100054,TM700054
TF100055,TM700055
TF100056,TM700056
TF100057,TM700057
TF100058,TM700058
TF100059,TM700059
TF100060,TM700060
TF100061,TM700061
TF100062,TM700062
TF100063,TM700063
TF100064,TM700064
TF100065,TM700065
TF100066,TM700066
TF100067,TM700067
TF100068,TM700068
TF100069,TM700069
TF100070,TM700070
TF100071,TM700071
TF100072,TM700072
TF100073,TM700073
TF100074,TM700074
TF100075,TM700075
TF100076,TM700076
TF100077,TM700077
TF100078,TM700078
TF100079,TM700079
TF100080,TM700080
TF100081,TM700081
TF100082,TM700082
TF100083,TM700083
TF100084,TM700084
TF100085,TM700085
TF100086,TM700086
TF100087,TM700087
TF100088,TM700088
TF100089,TM700089
TF100090,TM700090
TF100091,TM700091
TF100092,TM700092
TF100093,TM700093
TF100094,TM700094
TF100095,TM700095
TF100096,TM700096
TF100097,TM700097
TF100098,TM700098
TF100099,TM700099
TF100100,TM700100
TF100101,TM700101
TF100102,TM700102
TF100103,TM700103
TF100104,TM700104
TF100105,TM700105
TF100106,TM700106
TF100107,TM700107
TF100108,TM700108
TF100109,TM700109
TF100110,TM700110
TF100111,TM700111
TF100112,TM700112
TF100113,TM700113
TF100114,TM700114
TF100115,TM700115
TF100116,TM700116
TF100117,TM700117
TF100118,TM700118
TF100119,TM700119
TF100120,TM700120
TF100121,TM700121
TF100122,TM700122
TF100123,TM700123
TF100124,TM700124
TF100125,TM700125
TF100126,TM700126
TF100127,TM700127
TF100128,TM700128
TF100129,TM700129
TF100130,TM700130
TF100131,TM700131
TF100132,TM700132
TF100133,TM700133
TF100134,TM700134
TF100135,TM700135
TF100136,TM700136
TF100137,TM700137
TF100138,TM700138
TF100139,TM700139
TF100140,TM700140
TF100141,TM700141
TF100142,TM700142
TF100143,TM700143
TF100144,TM700144
TF100145,TM700145
TF100146,TM700146
TF100147,TM700147
TF100148,TM700148
TF100149,TM700149
TF100150,TM700150
TF100151,TM700151
TF100152,TM700152
TF100153,TM700153
TF100154,TM700154
TF100155,TM700155
TF100156,TM700156
TF100157,TM700157
TF100158,TM700158
TF100159,TM700159
TF100160,TM700160
TF100161,TM700161
TF100162,TM700162
TF100163,TM700163
TF100164,TM700164
TF100165,TM700165
TF100166,TM700166
TF100167,TM700167
TF100168,TM700168
TF100169,TM700169
TF100170,TM700170
TF100171,TM700171
TF100172,TM700172
TF100173,TM700173
TF100174,TM700174
TF100175,TM700175
TF100176,TM700176
TF100177,TM700177
TF100178,TM700178
TF100179,TM700179
TF100180,TM700180
TF100181,TM700181
TF100182,TM700182
TF100183,TM700183
TF100184,TM700184
TF100185,TM700185
TF100186,TM700186
TF100187,TM700187
TF100188,TM700188
TF100189,TM700189
TF100190,TM700190
TF100191,TM700191
TF100192,TM700192
TF100193,TM700193
TF100194,TM700194
TF100195,TM700195
TF100196,TM700196
TF100197,TM700197
TF100198,TM700198
TF100199,TM700199
TF100200,TM700200
TF100201,TM700201
TF100202,TM700202
TF100203,TM700203
TF100204,TM700204
TF100205,TM700205
TF100206,TM700206
TF100207,TM700207
TF100208,TM700208
TF100209,TM700209
TF100210,TM700210
TF100211,TM700211
TF100212,TM700212
TF100213,TM700213
TF100214,TM700214
TF100215,TM700215
TF100216,TM700216
TF100217,TM700217
TF100218,TM700218
TF100219,TM700219
TF100220,TM700220
TF100221,TM700221
TF100222,TM700222
TF100223,TM700223
TF100224,TM700224
TF100225,TM700225
TF100226,TM700226
TF100227,TM700227
TF100228,TM700228
TF100229,TM700229
TF100230,TM700230
TF100231,TM700231
TF100232,TM700232
TF100233,TM700233
TF100234,TM700234
TF100235,TM700235
TF100236,TM700236
TF100237,TM700237
TF100238,TM700238
TF100239,TM700239
TF100240,TM700240
TF100241,TM700241
TF100242,TM700242
TF100243,TM700243
TF100244,TM700244
TF100245,TM700245
TF100246,TM700246
TF100247,TM700247
TF100248,TM700248
TF100249,TM700249
TF100250,TM700250
TF100251,TM700251
TF100252,TM700252
TF100253,TM700253
TF100254,TM700254
TF100255,TM700255
TF100256,TM700256
TF100257,TM700257
TF100258,TM700258
TF100259,TM700259
TF100260,TM700260
TF100261,TM700261
TF100262,TM700262
TF100263,TM700263
TF100264,TM700264
TF100265,TM700265
TF100266,TM700266
TF100267,TM700267
TF100268,TM700268
TF100269,TM700269
TF100270,TM700270
TF100271,TM700271
TF100272,TM700272
TF100273,TM700273
TF100274,TM700274
TF100275,TM700275
TF100276,TM700276
TF100277,TM700277
TF100278,TM700278
TF100279,TM700279
TF100280,TM700280
TF100281,TM700281
TF100282,TM700282
TF100283,TM700283
TF100284,TM700284
TF100285,TM700285
TF100286,TM700286
TF100287,TM700287
TF100288,TM700288
TF100289,TM700289
TF100290,TM700290
TF100291,TM700291
TF100292,TM700292
TF100293,TM700293
TF100294,TM700294
TF100295,TM700295
TF100296,TM700296
TF100297,TM700297
TF100298,TM700298
TF100299,TM700299
TF100300,TM700300
TF100301,TM700301
TF100302,TM700302
TF100303,TM700303
TF100304,TM700304
TF100305,TM700305
TF100306,TM700306
TF100307,TM700307
TF100308,TM700308
TF100309,TM700309
TF100310,TM700310
TF100311,TM700311
TF100312,TM700312
TF100313,TM700313
TF100314,TM700314
TF100315,TM700315
TF100316,TM700316
TF100317,TM700317
TF100318,TM700318
TF100319,TM700319
TF100320,TM700320
TF100321,TM700321
TF100322,TM700322
TF100323,TM700323
TF100324,TM700324
TF100325,TM700325
TF100326,TM700326
TF100327,TM700327
TF100328,TM700328
TF100329,TM700329
TF100330,TM700330
TF100331,TM700331
TF100332,TM700332
TF100333,TM700333
TF100334,TM700334
TF100335,TM700335
TF100336,TM700336
TF100337,TM700337
TF100338,TM700338
TF100339,TM700339
TF100340,TM700340
TF100341,TM700341
TF100342,TM700342
TF100343,TM700343
TF100344,TM700344
TF100345,TM700345
TF100346,TM700346
TF100347,TM700347
TF100348,TM700348
TF100349,TM700349
TF100350,TM700350
TF100351,TM700351
TF100352,TM700352
TF100353,TM700353
TF100354,TM700354
TF100355,TM700355
TF100356,TM700356
TF100357,TM700357
TF100358,TM700358
TF100359,TM700359
TF100360,TM700360
TF100361,TM700361
TF100362,TM700362
TF100363,TM700363
TF100364,TM700364
TF100365,TM700365
TF100366,TM700366
TF100367,TM700367
TF100368,TM700368
TF100369,TM700369
TF100370,TM700370
TF100371,TM700371
TF100372,TM700372
TF100373,TM700373
TF100374,TM700374
TF100375,TM700375
TF100376,TM700376
TF100377,TM700377
TF100378,TM700378
TF100379,TM700379
TF100380,TM700380
TF100381,TM700381
TF100382,TM700382
TF100383,TM700383
TF100384,TM700384
TF100385,TM700385
TF100386,TM700386
TF100387,TM700387
TF100388,TM700388
TF100389,TM700389
TF100390,TM700390
TF100391,TM700391
TF100392,TM700392
TF100393,TM700393
TF100394,TM700394
TF100395,TM700395
TF100396,TM700396
TF100397,TM700397
TF100398,TM700398
TF100399,TM700399
TF100400,TM700400
TF100401,TM700401
TF100402,TM700402
TF100403,TM700403
TF100404,TM700404
TF100405,TM700405
TF100406,TM700406
TF100407,TM700407
TF100408,TM700408
TF100409,TM700409
TF100410,TM700410
TF100411,TM700411
TF100412,TM700412
TF100413,TM700413
TF100414,TM700414
TF100415,TM700415
TF100416,TM700416
TF100417,TM700417
TF100418,TM700418
TF100419,TM700419
TF100420,TM700420
TF100421,TM700421
TF100422,TM700422
TF100423,TM700423
TF100424,TM700424
TF100425,TM700425
TF100426,TM700426
TF100427,TM700427
TF100428,TM700428
TF100429,TM700429
TF100430,TM700430
TF100431,TM700431
TF100432,TM700432
TF100433,TM700433
TF100434,TM700434
TF100435,TM700435
TF100436,TM700436
TF100437,TM700437
TF100438,TM700438
TF100439,TM700439
TF100440,TM700440
TF100441,TM700441
TF100442,TM700442
TF100443,TM700443
TF100444,TM700444
TF100445,TM700445
TF100446,TM700446
TF100447,TM700447
TF100448,TM700448
TF100449,TM700449
TF100450,TM700450
TF100451,TM700451
TF100452,TM700452
TF100453,TM700453
TF100454,TM700454
TF100455,TM700455
TF100456,TM700456
TF100457,TM700457
TF100458,TM700458
TF100459,TM700459
TF100460,TM700460
TF100461,TM700461
TF100462,TM700462
TF100463,TM700463
TF100464,TM700464
TF100465,TM700465
TF100466,TM700466
TF100467,TM700467
TF100468,TM700468
TF100469,TM700469
TF100470,TM700470
TF100471,TM700471
TF100472,TM700472
TF100473,TM700473
TF100474,TM700474
TF100475,TM700475
TF100476,TM700476
TF100477,TM700477
TF100478,TM700478
TF100479,TM700479
TF100480,TM700480
TF100481,TM700481
TF100482,TM700482
TF100483,TM700483
TF100484,TM700484
TF100485,TM700485
TF100486,TM700486
TF100487,TM700487
TF100488,TM700488
TF100489,TM700489
TF100490,TM700490
TF100491,TM700491
TF100492,TM700492
TF100493,TM700493
TF100494,TM700494
TF100495,TM700495
TF100496,TM700496
TF100497,TM700497
TF100498,TM700498
TF100499,TM700499
TF100500,TM700500
TF100501,TM700501
TF100502,TM700502
TF100503,TM700503
TF100504,TM700504
TF100505,TM700505
TF100506,TM700506
TF100507,TM700507
TF100508,TM700508
TF100509,TM700509
TF100510,TM700510
TF100511,TM700511
TF100512,TM700512
TF100513,TM700513
TF100514,TM700514
TF100515,TM700515
TF100516,TM700516
TF100517,TM700517
TF100518,TM700518
TF100519,TM700519
TF100520,TM700520
TF100521,TM700521
TF100522,TM700522
TF100523,TM700523
TF100524,TM700524
TF100525,TM700525
TF100526,TM700526
TF100527,TM700527
TF100528,TM700528
TF100529,TM700529
TF100530,TM700530
TF100531,TM700531
TF100532,TM700532
TF100533,TM700533
TF100534,TM700534
TF100535,TM700535
TF100536,TM700536
TF100537,TM700537
TF100538,TM700538
TF100539,TM700539
TF100540,TM700540
TF100541,TM700541
TF100542,TM700542
TF100543,TM700543
TF100544,TM700544
TF100545,TM700545
TF100546,TM700546
TF100547,TM700547
TF100548,TM700548
TF100549,TM700549
TF100550,TM700550
TF100551,TM700551
TF100552,TM700552
TF100553,TM700553
TF100554,TM700554
TF100555,TM700555
TF100556,TM700556
TF100557,TM700557
TF100558,TM700558
TF100559,TM700559
TF100560,TM700560
TF100561,TM700561
TF100562,TM700562
TF100563,TM700563
TF100564,TM700564
TF100565,TM700565
TF100566,TM700566
TF100567,TM700567
TF100568,TM700568
TF100569,TM700569
TF100570,TM700570
TF100571,TM700571
TF100572,TM700572
TF100573,TM700573
TF100574,TM700574
TF100575,TM700575
TF100576,TM700576
TF100577,TM700577
TF100578,TM700578
TF100579,TM700579
TF100580,TM700580
TF100581,TM700581
TF100582,TM700582
TF100583,TM700583
TF100584,TM700584
TF100585,TM700585
TF100586,TM700586
TF100587,TM700587
TF100588,TM700588
TF100589,TM700589
TF100590,TM700590
TF100591,TM700591
TF100592,TM700592
TF100593,TM700593
TF100594,TM700594
TF100595,TM700595
TF100596,TM700596
TF100597,TM700597
TF100598,TM700598
TF100599,TM700599
TF100600,TM700600
TF100601,TM700601
TF100602,TM700602
TF100603,TM700603
TF100604,TM700604
TF100605,TM700605
TF100606,TM700606
TF100607,TM700607
TF100608,TM700608
TF100609,TM700609
TF100610,TM700610
TF100611,TM700611
TF100612,TM700612
TF100613,TM700613
TF100614,TM700614
TF100615,TM700615
TF100616,TM700616
TF100617,TM700617
TF100618,TM700618
TF100619,TM700619
TF100620,TM700620
TF100621,TM700621
TF100622,TM700622
TF100623,TM700623
TF100624,TM700624
TF100625,TM700625
TF100626,TM700626
TF100627,TM700627
TF100628,TM700628
TF100629,TM700629
TF100630,TM700630
TF100631,TM700631
TF100632,TM700632
TF100633,TM700633
TF100634,TM700634
TF100635,TM700635
TF100636,TM700636
TF100637,TM700637
TF100638,TM700638
TF100639,TM700639
TF100640,TM700640
TF100641,TM700641
TF100642,TM700642
TF100643,TM700643
TF100644,TM700644
TF100645,TM700645
TF100646,TM700646
TF100647,TM700647
TF100648,TM700648
TF100649,TM700649
TF100650,TM700650
TF100651,TM700651
TF100652,TM700652
TF100653,TM700653
TF100654,TM700654
TF100655,TM700655
TF100656,TM700656
TF100657,TM700657
TF100658,TM700658
TF100659,TM700659
TF100660,TM700660
TF100661,TM700661
TF100662,TM700662
TF100663,TM700663
TF100664,TM700664
TF100665,TM700665
TF100666,TM700666
TF100667,TM700667
TF100668,TM700668
TF100669,TM700669
TF100670,TM700670
TF100671,TM700671
TF100672,TM700672
TF100673,TM700673
TF100674,TM700674
TF100675,TM700675
TF100676,TM700676
TF100677,TM700677
TF100678,TM700678
TF100679,TM700679
TF100680,TM700680
TF100681,TM700681
TF100682,TM700682
TF100683,TM700683
TF100684,TM700684
TF100685,TM700685
TF100686,TM700686
TF100687,TM700687
TF100688,TM700688
TF100689,TM700689
TF100690,TM700690
TF100691,TM700691
TF100692,TM700692
TF100693,TM700693
TF100694,TM700694
TF100695,TM700695
TF100696,TM700696
TF100697,TM700697
TF100698,TM700698
TF100699,TM700699
TF100700,TM700700
TF100701,TM700701
TF100702,TM700702
TF100703,TM700703
TF100704,TM700704
TF100705,TM700705
TF100706,TM700706
TF100707,TM700707
TF100708,TM700708
TF100709,TM700709
TF100710,TM700710
TF100711,TM700711
TF100712,TM700712
TF100713,TM700713
TF100714,TM700714
TF100715,TM700715
TF100716,TM700716
TF100717,TM700717
TF100718,TM700718
TF100719,TM700719
TF100720,TM700720
TF100721,TM700721
TF100722,TM700722
TF100723,TM700723
TF100724,TM700724
TF100725,TM700725
TF100726,TM700726
TF100727,TM700727
TF100728,TM700728
TF100729,TM700729
TF100730,TM700730
TF100731,TM700731
TF100732,TM700732
TF100733,TM700733
TF100734,TM700734
TF100735,TM700735
TF100736,TM700736
TF100737,TM700737
TF100738,TM700738
TF100739,TM700739
TF100740,TM700740
TF100741,TM700741
TF100742,TM700742
TF100743,TM700743
TF100744,TM700744
TF100745,TM700745
TF100746,TM700746
TF100747,TM700747
TF100748,TM700748
TF100749,TM700749
TF100750,TM700750
TF100751,TM700751
TF100752,TM700752
TF100753,TM700753
TF100754,TM700754
TF100755,TM700755
TF100756,TM700756
TF100757,TM700757
TF100758,TM700758
TF100759,TM700759
TF100760,TM700760
TF100761,TM700761
TF100762,TM700762
TF100763,TM700763
TF100764,TM700764
TF100765,TM700765
TF100766,TM700766
TF100767,TM700767
TF100768,TM700768
TF100769,TM700769
TF100770,TM700770
TF100771,TM700771
TF100772,TM700772
TF100773,TM700773
TF100774,TM700774
TF100775,TM700775
TF100776,TM700776
TF100777,TM700777
TF100778,TM700778
TF100779,TM700779
TF100780,TM700780
TF100781,TM700781
TF100782,TM700782
TF100783,TM700783
TF100784,TM700784
TF100785,TM700785
TF100786,TM700786
TF100787,TM700787
TF100788,TM700788
TF100789,TM700789
TF100790,TM700790
TF100791,TM700791
TF100792,TM700792
TF100793,TM700793
TF100794,TM700794
TF100795,TM700795
TF100796,TM700796
TF100797,TM700797
TF100798,TM700798
TF100799,TM700799
TF100800,TM700800
TF100801,TM700801
TF100802,TM700802
TF100803,TM700803
TF100804,TM700804
TF100805,TM700805
TF100806,TM700806
TF100807,TM700807
TF100808,TM700808
TF100809,TM700809
TF100810,TM700810
TF100811,TM700811
TF100812,TM700812
TF100813,TM700813
TF100814,TM700814
TF100815,TM700815
TF100816,TM700816
TF100817,TM700817
TF100818,TM700818
TF100819,TM700819
TF100820,TM700820
TF100821,TM700821
TF100822,TM700822
TF100823,TM700823
TF100824,TM700824
TF100825,TM700825
TF100826,TM700826
TF100827,TM700827
TF100828,TM700828
TF100829,TM700829
TF100830,TM700830
TF100831,TM700831
TF100832,TM700832
TF100833,TM700833
TF100834,TM700834
TF100835,TM700835
TF100836,TM700836
TF100837,TM700837
TF100838,TM700838
TF100839,TM700839
TF100840,TM700840
TF100841,TM700841
TF100842,TM700842
TF100843,TM700843
TF100844,TM700844
TF100845,TM700845
TF100846,TM700846
TF100847,TM700847
TF100848,TM700848
TF100849,TM700849
TF100850,TM700850
TF100851,TM700851
TF100852,TM700852
TF100853,TM700853
TF100854,TM700854
TF100855,TM700855
TF100856,TM700856
TF100857,TM700857
TF100858,TM700858
TF100859,TM700859
TF100860,TM700860
TF100861,TM700861
TF100862,TM700862
TF100863,TM700863
TF100864,TM700864
TF100865,TM700865
TF100866,TM700866
TF100867,TM700867
TF100868,TM700868
TF100869,TM700869
TF100870,TM700870
TF100871,TM700871
TF100872,TM700872
TF100873,TM700873
TF100874,TM700874
TF100875,TM700875
TF100876,TM700876
TF100877,TM700877
TF100878,TM700878
TF100879,TM700879
TF100880,TM700880
TF100881,TM700881
TF100882,TM700882
TF100883,TM700883
TF100884,TM700884
TF100885,TM700885
TF100886,TM700886
TF100887,TM700887
TF100888,TM700888
TF100889,TM700889
TF100890,TM700890
TF100891,TM700891
TF100892,TM700892
TF100893,TM700893
TF100894,TM700894
TF100895,TM700895
TF100896,TM700896
TF100897,TM700897
TF100898,TM700898
TF100899,TM700899
TF100900,TM700900
TF100901,TM700901
TF100902,TM700902
TF100903,TM700903
TF100904,TM700904
TF100905,TM700905
TF100906,TM700906
TF100907,TM700907
TF100908,TM700908
TF100909,TM700909
TF100910,TM700910
TF100911,TM700911
TF100912,TM700912
TF100913,TM700913
TF100914,TM700914
TF100915,TM700915
TF100916,TM700916
TF100917,TM700917
TF100918,TM700918
TF100919,TM700919
TF100920,TM700920
TF100921,TM700921
TF100922,TM700922
TF100923,TM700923
TF100924,TM700924
TF100925,TM700925
TF100926,TM700926
TF100927,TM700927
TF100928,TM700928
TF100929,TM700929
TF100930,TM700930
TF100931,TM700931
TF100932,TM700932
TF100933,TM700933
TF100934,TM700934
TF100935,TM700935
TF100936,TM700936
TF100937,TM700937
TF100938,TM700938
TF100939,TM700939
TF100940,TM700940
TF100941,TM700941
TF100942,TM700942
TF100943,TM700943
TF100944,TM700944
TF100945,TM700945
TF100946,TM700946
TF100947,TM700947
TF100948,TM700948
TF100949,TM700949
TF100950,TM700950
TF100951,TM700951
TF100952,TM700952
TF100953,TM700953
TF100954,TM700954
TF100955,TM700955
TF100956,TM700956
TF100957,TM700957
TF100958,TM700958
TF100959,TM700959
TF100960,TM700960
TF100961,TM700961
TF100962,TM700962
TF100963,TM700963
TF100964,TM700964
TF100965,TM700965
TF100966,TM700966
TF100967,TM700967
TF100968,TM700968
TF100969,TM700969
TF100970,TM700970
TF100971,TM700971
TF100972,TM700972
TF100973,TM700973
TF100974,TM700974
TF100975,TM700975
TF100976,TM700976
TF100977,TM700977
TF100978,TM700978
TF100979,TM700979
TF100980,TM700980
TF100981,TM700981
TF100982,TM700982
TF100983,TM700983
TF100984,TM700984
TF100985,TM700985
TF100986,TM700986
TF100987,TM700987
TF100988,TM700988
TF100989,TM700989
TF100990,TM700990
TF100991,TM700991
TF100992,TM700992
TF100993,TM700993
TF100994,TM700994
TF100995,TM700995
TF100996,TM700996
TF100997,TM700997
TF100998,TM700998
TF100999,TM700999
TF101000,TM701000
TF101001,TM701001
TF101002,TM701002
TF101003,TM701003
TF101004,TM701004
TF101005,TM701005
TF101006,TM701006
TF101007,TM701007
TF101008,TM701008
TF101009,TM701009
TF101010,TM701010
TF101011,TM701011
TF101012,TM701012
TF101013,TM701013
TF101014,TM701014
TF101015,TM701015
TF101016,TM701016
TF101017,TM701017
TF101018,TM701018
TF101019,TM701019
TF101020,TM701020
TF101021,TM701021
TF101022,TM701022
TF101023,TM701023
TF101024,TM701024
TF101025,TM701025
TF101026,TM701026
TF101027,TM701027
TF101028,TM701028
TF101029,TM701029
TF101030,TM701030
TF101031,TM701031
TF101032,TM701032
TF101033,TM701033
TF101034,TM701034
TF101035,TM701035
TF101036,TM701036
TF101037,TM701037
TF101038,TM701038
TF101039,TM701039
TF101040,TM701040
TF101041,TM701041
TF101042,TM701042
TF101043,TM701043
TF101044,TM701044
TF101045,TM701045
TF101046,TM701046
TF101047,TM701047
TF101048,TM701048
TF101049,TM701049
TF101050,TM701050
TF101051,TM701051
TF101052,TM701052
TF101053,TM701053
TF101054,TM701054
TF101055,TM701055
TF101056,TM701056
TF101057,TM701057
TF101058,TM701058
TF101059,TM701059
TF101060,TM701060
TF101061,TM701061
TF101062,TM701062
TF101063,TM701063
TF101064,TM701064
TF101065,TM701065
TF101066,TM701066
TF101067,TM701067
TF101068,TM701068
TF101069,TM701069
TF101070,TM701070
TF101071,TM701071
TF101072,TM701072
TF101073,TM701073
TF101074,TM701074
TF101075,TM701075
TF101076,TM701076
TF101077,TM701077
TF101078,TM701078
TF101079,TM701079
TF101080,TM701080
TF101081,TM701081
TF101082,TM701082
TF101083,TM701083
TF101084,TM701084
TF101085,TM701085
TF101086,TM701086
TF101087,TM701087
TF101088,TM701088
TF101089,TM701089
TF101090,TM701090
TF101091,TM701091
TF101092,TM701092
TF101093,TM701093
TF101094,TM701094
TF101095,TM701095
TF101096,TM701096
TF101097,TM701097
TF101098,TM701098
TF101099,TM701099
TF101100,TM701100
TF101101,TM701101
TF101102,TM701102
TF101103,TM701103
TF101104,TM701104
TF101105,TM701105
TF101106,TM701106
TF101107,TM701107
TF101108,TM701108
TF101109,TM701109
TF101110,TM701110
TF101111,TM701111
TF101112,TM701112
TF101113,TM701113
TF101114,TM701114
TF101115,TM701115
TF101116,TM701116
TF101117,TM701117
TF101118,TM701118
TF101119,TM701119
TF101120,TM701120
TF101121,TM701121
TF101122,TM701122
TF101123,TM701123
TF101124,TM701124
TF101125,TM701125
TF101126,TM701126
TF101127,TM701127
TF101128,TM701128
TF101129,TM701129
TF101130,TM701130
TF101131,TM701131
TF101132,TM701132
TF101133,TM701133
TF101134,TM701134
TF101135,TM701135
TF101136,TM701136
TF101137,TM701137
TF101138,TM701138
TF101139,TM701139
TF101140,TM701140
TF101141,TM701141
TF101142,TM701142
TF101143,TM701143
TF101144,TM701144
TF101145,TM701145
TF101146,TM701146
TF101147,TM701147
TF101148,TM701148
TF101149,TM701149
TF101150,TM701150
TF101151,TM701151
TF101152,TM701152
TF101153,TM701153
TF101154,TM701154
TF101155,TM701155
TF101156,TM701156
TF101157,TM701157
TF101158,TM701158
TF101159,TM701159
TF101160,TM701160
TF101161,TM701161
TF101162,TM701162
TF101163,TM701163
TF101164,TM701164
TF101165,TM701165
TF101166,TM701166
TF101167,TM701167
TF101168,TM701168
TF101169,TM701169
TF101170,TM701170
TF101171,TM701171
TF101172,TM701172
TF101173,TM701173
TF101174,TM701174
TF101175,TM701175
TF101176,TM701176
TF101177,TM701177
TF101178,TM701178
TF101179,TM701179
TF101180,TM701180
TF101181,TM701181
TF101182,TM701182
TF101183,TM701183
TF101184,TM701184
TF101185,TM701185
TF101186,TM701186
TF101187,TM701187
TF101188,TM701188
TF101189,TM701189
TF101190,TM701190
TF101191,TM701191
TF101192,TM701192
TF101193,TM701193
TF101194,TM701194
TF101195,TM701195
TF101196,TM701196
TF101197,TM701197
TF101198,TM701198
TF101199,TM701199
TF101200,TM701200
TF101201,TM701201
TF101202,TM701202
TF101203,TM701203
TF101204,TM701204
TF101205,TM701205
TF101206,TM701206
TF101207,TM701207
TF101208,TM701208
TF101209,TM701209
TF101210,TM701210
TF101211,TM701211
TF101212,TM701212
TF101213,TM701213
TF101214,TM701214
TF101215,TM701215
TF101216,TM701216
TF101217,TM701217
TF101218,TM701218
TF101219,TM701219
TF101220,TM701220
TF101221,TM701221
TF101222,TM701222
TF101223,TM701223
TF101224,TM701224
TF101225,TM701225
TF101226,TM701226
TF101227,TM701227
TF101228,TM701228
TF101229,TM701229
TF101230,TM701230
TF101231,TM701231
TF101232,TM701232
TF101233,TM701233
TF101234,TM701234
TF101235,TM701235
TF101236,TM701236
TF101237,TM701237
TF101238,TM701238
TF101239,TM701239
TF101240,TM701240
TF101241,TM701241
TF101242,TM701242
TF101243,TM701243
TF101244,TM701244
TF101245,TM701245
TF101246,TM701246
TF101247,TM701247
TF101248,TM701248
TF101249,TM701249
TF101250,TM701250
TF101251,TM701251
TF101252,TM701252
TF101253,TM701253
TF101254,TM701254
TF101255,TM701255
TF101256,TM701256
TF101257,TM701257
TF101258,TM701258
TF101259,TM701259
TF101260,TM701260
TF101261,TM701261
TF101262,TM701262
TF101263,TM701263
TF101264,TM701264
TF101265,TM701265
TF101266,TM701266
TF101267,TM701267
TF101268,TM701268
TF101269,TM701269
TF101270,TM701270
TF101271,TM701271
TF101272,TM701272
TF101273,TM701273
TF101274,TM701274
TF101275,TM701275
TF101276,TM701276
TF101277,TM701277
TF101278,TM701278
TF101279,TM701279
TF101280,TM701280
TF101281,TM701281
TF101282,TM701282
TF101283,TM701283
TF101284,TM701284
TF101285,TM701285
TF101286,TM701286
TF101287,TM701287
TF101288,TM701288
TF101289,TM701289
TF101290,TM701290
TF101291,TM701291
TF101292,TM701292
TF101293,TM701293
TF101294,TM701294
TF101295,TM701295
TF101296,TM701296
TF101297,TM701297
TF101298,TM701298
TF101299,TM701299
TF101300,TM701300
TF101301,TM701301
TF101302,TM701302
TF101303,TM701303
TF101304,TM701304
TF101305,TM701305
TF101306,TM701306
TF101307,TM701307
TF101308,TM701308
TF101309,TM701309
TF101310,TM701310
TF101311,TM701311
TF101312,TM701312
TF101313,TM701313
TF101314,TM701314
TF101315,TM701315
TF101316,TM701316
TF101317,TM701317
TF101318,TM701318
TF101319,TM701319
TF101320,TM701320
TF101321,TM701321
TF101322,TM701322
TF101323,TM701323
TF101324,TM701324
TF101325,TM701325
TF101326,TM701326
TF101327,TM701327
TF101328,TM701328
TF101329,TM701329
TF101330,TM701330
TF101331,TM701331
TF101332,TM701332
TF101333,TM701333
TF101334,TM701334
TF101335,TM701335
TF101336,TM701336
TF101337,TM701337
TF101338,TM701338
TF101339,TM701339
TF101340,TM701340
TF101341,TM701341
TF101342,TM701342
TF101343,TM701343
TF101344,TM701344
TF101345,TM701345
TF101346,TM701346
TF101347,TM701347
TF101348,TM701348
TF101349,TM701349
TF101350,TM701350
TF101351,TM701351
TF101352,TM701352
TF101353,TM701353
TF101354,TM701354
TF101355,TM701355
TF101356,TM701356
TF101357,TM701357
TF101358,TM701358
TF101359,TM701359
TF101360,TM701360
TF101361,TM701361
TF101362,TM701362
TF101363,TM701363
TF101364,TM701364
TF101365,TM701365
TF101366,TM701366
TF101367,TM701367
TF101368,TM701368
TF101369,TM701369
TF101370,TM701370
TF101371,TM701371
TF101372,TM701372
TF101373,TM701373
TF101374,TM701374
TF101375,TM701375
TF101376,TM701376
TF101377,TM701377
TF101378,TM701378
TF101379,TM701379
TF101380,TM701380
TF101381,TM701381
TF101382,TM701382
TF101383,TM701383
TF101384,TM701384
TF101385,TM701385
TF101386,TM701386
TF101387,TM701387
TF101388,TM701388
TF101389,TM701389
TF101390,TM701390
TF101391,TM701391
TF101392,TM701392
TF101393,TM701393
TF101394,TM701394
TF101395,TM701395
TF101396,TM701396
TF101397,TM701397
TF101398,TM701398
TF101399,TM701399
TF101400,TM701400
TF101401,TM701401
TF101402,TM701402
TF101403,TM701403
TF101404,TM701404
TF101405,TM701405
TF101406,TM701406
TF101407,TM701407
TF101408,TM701408
TF101409,TM701409
TF101410,TM701410
TF101411,TM701411
TF101412,TM701412
TF101413,TM701413
TF101414,TM701414
TF101415,TM701415
TF101416,TM701416
TF101417,TM701417
TF101418,TM701418
TF101419,TM701419
TF101420,TM701420
TF101421,TM701421
TF101422,TM701422
TF101423,TM701423
TF101424,TM701424
TF101425,TM701425
TF101426,TM701426
TF101427,TM701427
TF101428,TM701428
TF101429,TM701429
TF101430,TM701430
TF101431,TM701431
TF101432,TM701432
TF101433,TM701433
TF101434,TM701434
TF101435,TM701435
TF101436,TM701436
TF101437,TM701437
TF101438,TM701438
TF101439,TM701439
TF101440,TM701440
TF101441,TM701441
TF101442,TM701442
TF101443,TM701443
TF101444,TM701444
TF101445,TM701445
TF101446,TM701446
TF101447,TM701447
TF101448,TM701448
TF101449,TM701449
TF101450,TM701450
TF101451,TM701451
TF101452,TM701452
TF101453,TM701453
TF101454,TM701454
TF101455,TM701455
TF101456,TM701456
TF101457,TM701457
TF101458,TM701458
TF101459,TM701459
TF101460,TM701460
TF101461,TM701461
TF101462,TM701462
TF101463,TM701463
TF101464,TM701464
TF101465,TM701465
TF101466,TM701466
TF101467,TM701467
TF101468,TM701468
TF101469,TM701469
TF101470,TM701470
TF101471,TM701471
TF101472,TM701472
TF101473,TM701473
TF101474,TM701474
TF101475,TM701475
TF101476,TM701476
TF101477,TM701477
TF101478,TM701478
TF101479,TM701479
TF101480,TM701480
TF101481,TM701481
TF101482,TM701482
TF101483,TM701483
TF101484,TM701484
TF101485,TM701485
TF101486,TM701486
TF101487,TM701487
TF101488,TM701488
TF101489,TM701489
TF101490,TM701490
TF101491,TM701491
TF101492,TM701492
TF101493,TM701493
TF101494,TM701494
TF101495,TM701495
TF101496,TM701496
TF101497,TM701497
TF101498,TM701498
TF101499,TM701499
TF101500,TM701500
TF101501,TM701501
TF101502,TM701502
TF101503,TM701503
TF101504,TM701504
TF101505,TM701505
TF101506,TM701506
TF101507,TM701507
TF101508,TM701508
TF101509,TM701509
TF101510,TM701510
TF101511,TM701511
TF101512,TM701512
TF101513,TM701513
TF101514,TM701514
TF101515,TM701515
TF101516,TM701516
TF101517,TM701517
TF101518,TM701518
TF101519,TM701519
TF101520,TM701520
TF101521,TM701521
TF101522,TM701522
TF101523,TM701523
TF101524,TM701524
TF101525,TM701525
TF101526,TM701526
TF101527,TM701527
TF101528,TM701528
TF101529,TM701529
TF101530,TM701530
TF101531,TM701531
TF101532,TM701532
TF101533,TM701533
TF101534,TM701534
TF101535,TM701535
TF101536,TM701536
TF101537,TM701537
TF101538,TM701538
TF101539,TM701539
TF101540,TM701540
TF101541,TM701541
TF101542,TM701542
TF101543,TM701543
TF101544,TM701544
TF101545,TM701545
TF101546,TM701546
TF101547,TM701547
TF101548,TM701548
TF101549,TM701549
TF101550,TM701550
TF101551,TM701551
TF101552,TM701552
TF101553,TM701553
TF101554,TM701554
TF101555,TM701555
TF101556,TM701556
TF101557,TM701557
TF101558,TM701558
TF101559,TM701559
TF101560,TM701560
TF101561,TM701561
TF101562,TM701562
TF101563,TM701563
TF101564,TM701564
TF101565,TM701565
TF101566,TM701566
TF101567,TM701567
TF101568,TM701568
TF101569,TM701569
TF101570,TM701570
TF101571,TM701571
TF101572,TM701572
TF101573,TM701573
TF101574,TM701574
TF101575,TM701575
TF101576,TM701576
TF101577,TM701577
TF101578,TM701578
TF101579,TM701579
TF101580,TM701580
TF101581,TM701581
TF101582,TM701582
TF101583,TM701583
TF101584,TM701584
TF101585,TM701585
TF101586,TM701586
TF101587,TM701587
TF101588,TM701588
TF101589,TM701589
TF101590,TM701590
TF101591,TM701591
TF101592,TM701592
TF101593,TM701593
TF101594,TM701594
TF101595,TM701595
TF101596,TM701596
TF101597,TM701597
TF101598,TM701598
TF101599,TM701599
TF101600,TM701600
TF101601,TM701601
TF101602,TM701602
TF101603,TM701603
TF101604,TM701604
TF101605,TM701605
TF101606,TM701606
TF101607,TM701607
TF101608,TM701608
TF101609,TM701609
TF101610,TM701610
TF101611,TM701611
TF101612,TM701612
TF101613,TM701613
TF101614,TM701614
TF101615,TM701615
TF101616,TM701616
TF101617,TM701617
TF101618,TM701618
TF101619,TM701619
TF101620,TM701620
TF101621,TM701621
TF101622,TM701622
TF101623,TM701623
TF101624,TM701624
TF101625,TM701625
TF101626,TM701626
TF101627,TM701627
TF101628,TM701628
TF101629,TM701629
TF101630,TM701630
TF101631,TM701631
TF101632,TM701632
TF101633,TM701633
TF101634,TM701634
TF101635,TM701635
TF101636,TM701636
TF101637,TM701637
TF101638,TM701638
TF101639,TM701639
TF101640,TM701640
TF101641,TM701641
TF101642,TM701642
TF101643,TM701643
TF101644,TM701644
TF101645,TM701645
TF101646,TM701646
TF101647,TM701647
TF101648,TM701648
TF101649,TM701649
TF101650,TM701650
TF101651,TM701651
TF101652,TM701652
TF101653,TM701653
TF101654,TM701654
TF101655,TM701655
TF101656,TM701656
TF101657,TM701657
TF101658,TM701658
TF101659,TM701659
TF101660,TM701660
TF101661,TM701661
TF101662,TM701662
TF101663,TM701663
TF101664,TM701664
TF101665,TM701665
TF101666,TM701666
TF101667,TM701667
TF101668,TM701668
TF101669,TM701669
TF101670,TM701670
TF101671,TM701671
TF101672,TM701672
TF101673,TM701673
TF101674,TM701674
TF101675,TM701675
TF101676,TM701676
TF101677,TM701677
TF101678,TM701678
TF101679,TM701679
TF101680,TM701680
TF101681,TM701681
TF101682,TM701682
TF101683,TM701683
TF101684,TM701684
TF101685,TM701685
TF101686,TM701686
TF101687,TM701687
TF101688,TM701688
TF101689,TM701689
TF101690,TM701690
TF101691,TM701691
TF101692,TM701692
TF101693,TM701693
TF101694,TM701694
TF101695,TM701695
TF101696,TM701696
TF101697,TM701697
TF101698,TM701698
TF101699,TM701699
TF101700,TM701700
TF101701,TM701701
TF101702,TM701702
TF101703,TM701703
TF101704,TM701704
TF101705,TM701705
TF101706,TM701706
TF101707,TM701707
TF101708,TM701708
TF101709,TM701709
TF101710,TM701710
TF101711,TM701711
TF101712,TM701712
TF101713,TM701713
TF101714,TM701714
TF101715,TM701715
TF101716,TM701716
TF101717,TM701717
TF101718,TM701718
TF101719,TM701719
TF101720,TM701720
TF101721,TM701721
TF101722,TM701722
TF101723,TM701723
TF101724,TM701724
TF101725,TM701725
TF101726,TM701726
TF101727,TM701727
TF101728,TM701728
TF101729,TM701729
TF101730,TM701730
TF101731,TM701731
TF101732,TM701732
TF101733,TM701733
TF101734,TM701734
TF101735,TM701735
TF101736,TM701736
TF101737,TM701737
TF101738,TM701738
TF101739,TM701739
TF101740,TM701740
TF101741,TM701741
TF101742,TM701742
TF101743,TM701743
TF101744,TM701744
TF101745,TM701745
TF101746,TM701746
TF101747,TM701747
TF101748,TM701748
TF101749,TM701749
TF101750,TM701750
TF101751,TM701751
TF101752,TM701752
TF101753,TM701753
TF101754,TM701754
TF101755,TM701755
TF101756,TM701756
TF101757,TM701757
TF101758,TM701758
TF101759,TM701759
TF101760,TM701760
TF101761,TM701761
TF101762,TM701762
TF101763,TM701763
TF101764,TM701764
TF101765,TM701765
TF101766,TM701766
TF101767,TM701767
TF101768,TM701768
TF101769,TM701769
TF101770,TM701770
TF101771,TM701771
TF101772,TM701772
TF101773,TM701773
TF101774,TM701774
TF101775,TM701775
TF101776,TM701776
TF101777,TM701777
TF101778,TM701778
TF101779,TM701779
TF101780,TM701780
TF101781,TM701781
TF101782,TM701782
TF101783,TM701783
TF101784,TM701784
TF101785,TM701785
TF101786,TM701786
TF101787,TM701787
TF101788,TM701788
TF101789,TM701789
TF101790,TM701790
TF101791,TM701791
TF101792,TM701792
TF101793,TM701793
TF101794,TM701794
TF101795,TM701795
TF101796,TM701796
TF101797,TM701797
TF101798,TM701798
TF101799,TM701799
TF101800,TM701800
TF101801,TM701801
TF101802,TM701802
TF101803,TM701803
TF101804,TM701804
TF101805,TM701805
TF101806,TM701806
TF101807,TM701807
TF101808,TM701808
TF101809,TM701809
TF101810,TM701810
TF101811,TM701811
TF101812,TM701812
TF101813,TM701813
TF101814,TM701814
TF101815,TM701815
TF101816,TM701816
TF101817,TM701817
TF101818,TM701818
TF101819,TM701819
TF101820,TM701820
TF101821,TM701821
TF101822,TM701822
TF101823,TM701823
TF101824,TM701824
TF101825,TM701825
TF101826,TM701826
TF101827,TM701827
TF101828,TM701828
TF101829,TM701829
TF101830,TM701830
TF101831,TM701831
TF101832,TM701832
TF101833,TM701833
TF101834,TM701834
TF101835,TM701835
TF101836,TM701836
TF101837,TM701837
TF101838,TM701838
TF101839,TM701839
TF101840,TM701840
TF101841,TM701841
TF101842,TM701842
TF101843,TM701843
TF101844,TM701844
TF101845,TM701845
TF101846,TM701846
TF101847,TM701847
TF101848,TM701848
TF101849,TM701849
TF101850,TM701850
TF101851,TM701851
TF101852,TM701852
TF101853,TM701853
TF101854,TM701854
TF101855,TM701855
TF101856,TM701856
TF101857,TM701857
TF101858,TM701858
TF101859,TM701859
TF101860,TM701860
TF101861,TM701861
TF101862,TM701862
TF101863,TM701863
TF101864,TM701864
TF101865,TM701865
TF101866,TM701866
TF101867,TM701867
TF101868,TM701868
TF101869,TM701869
TF101870,TM701870
TF101871,TM701871
TF101872,TM701872
TF101873,TM701873
TF101874,TM701874
TF101875,TM701875
TF101876,TM701876
TF101877,TM701877
TF101878,TM701878
TF101879,TM701879
TF101880,TM701880
TF101881,TM701881
TF101882,TM701882
TF101883,TM701883
TF101884,TM701884
TF101885,TM701885
TF101886,TM701886
TF101887,TM701887
TF101888,TM701888
TF101889,TM701889
TF101890,TM701890
TF101891,TM701891
TF101892,TM701892
TF101893,TM701893
TF101894,TM701894
TF101895,TM701895
TF101896,TM701896
TF101897,TM701897
TF101898,TM701898
TF101899,TM701899
TF101900,TM701900
TF101901,TM701901
TF101902,TM701902
TF101903,TM701903
TF101904,TM701904
TF101905,TM701905
TF101906,TM701906
TF101907,TM701907
TF101908,TM701908
TF101909,TM701909
TF101910,TM701910
TF101911,TM701911
TF101912,TM701912
TF101913,TM701913
TF101914,TM701914
TF101915,TM701915
TF101916,TM701916
TF101917,TM701917
TF101918,TM701918
TF101919,TM701919
TF101920,TM701920
TF101921,TM701921
TF101922,TM701922
TF101923,TM701923
TF101924,TM701924
TF101925,TM701925
TF101926,TM701926
TF101927,TM701927
TF101928,TM701928
TF101929,TM701929
TF101930,TM701930
TF101931,TM701931
TF101932,TM701932
TF101933,TM701933
TF101934,TM701934
TF101935,TM701935
TF101936,TM701936
TF101937,TM701937
TF101938,TM701938
TF101939,TM701939
TF101940,TM701940
TF101941,TM701941
TF101942,TM701942
TF101943,TM701943
TF101944,TM701944
TF101945,TM701945
TF101946,TM701946
TF101947,TM701947
TF101948,TM701948
TF101949,TM701949
TF101950,TM701950
TF101951,TM701951
TF101952,TM701952
TF101953,TM701953
TF101954,TM701954
TF101955,TM701955
TF101956,TM701956
TF101957,TM701957
TF101958,TM701958
TF101959,TM701959
TF101960,TM701960
TF101961,TM701961
TF101962,TM701962
TF101963,TM701963
TF101964,TM701964
TF101965,TM701965
TF101966,TM701966
TF101967,TM701967
TF101968,TM701968
TF101969,TM701969
TF101970,TM701970
TF101971,TM701971
TF101972,TM701972
TF101973,TM701973
TF101974,TM701974
TF101975,TM701975
TF101976,TM701976
TF101977,TM701977
TF101978,TM701978
TF101979,TM701979
TF101980,TM701980
TF101981,TM701981
TF101982,TM701982
TF101983,TM701983
TF101984,TM701984
TF101985,TM701985
TF101986,TM701986
TF101987,TM701987
TF101988,TM701988
TF101989,TM701989
TF101990,TM701990
TF101991,TM701991
TF101992,TM701992
TF101993,TM701993
TF101994,TM701994
TF101995,TM701995
TF101996,TM701996
TF101997,TM701997
TF101998,TM701998
TF101999,TM701999
TF102000,TM702000
TF102001,TM702001
TF102002,TM702002
TF102003,TM702003
TF102004,TM702004
TF102005,TM702005
TF102006,TM702006
TF102007,TM702007
TF102008,TM702008
TF102009,TM702009
TF102010,TM702010
TF102011,TM702011
TF102012,TM702012
TF102013,TM702013
TF102014,TM702014
TF102015,TM702015
TF102016,TM702016
TF102017,TM702017
TF102018,TM702018
TF102019,TM702019
TF102020,TM702020
TF102021,TM702021
TF102022,TM702022
TF102023,TM702023
TF102024,TM702024
TF102025,TM702025
TF102026,TM702026
TF102027,TM702027
TF102028,TM702028
TF102029,TM702029
TF102030,TM702030
TF102031,TM702031
TF102032,TM702032
TF102033,TM702033
TF102034,TM702034
TF102035,TM702035
TF102036,TM702036
TF102037,TM702037
TF102038,TM702038
TF102039,TM702039
TF102040,TM702040
TF102041,TM702041
TF102042,TM702042
TF102043,TM702043
TF102044,TM702044
TF102045,TM702045
TF102046,TM702046
TF102047,TM702047
TF102048,TM702048
TF102049,TM702049
TF102050,TM702050
TF102051,TM702051
TF102052,TM702052
TF102053,TM702053
TF102054,TM702054
TF102055,TM702055
TF102056,TM702056
TF102057,TM702057
TF102058,TM702058
TF102059,TM702059
TF102060,TM702060
TF102061,TM702061
TF102062,TM702062
TF102063,TM702063
TF102064,TM702064
TF102065,TM702065
TF102066,TM702066
TF102067,TM702067
TF102068,TM702068
TF102069,TM702069
TF102070,TM702070
TF102071,TM702071
TF102072,TM702072
TF102073,TM702073
TF102074,TM702074
TF102075,TM702075
TF102076,TM702076
TF102077,TM702077
TF102078,TM702078
TF102079,TM702079
TF102080,TM702080
TF102081,TM702081
TF102082,TM702082
TF102083,TM702083
TF102084,TM702084
TF102085,TM702085
TF102086,TM702086
TF102087,TM702087
TF102088,TM702088
TF102089,TM702089
TF102090,TM702090
TF102091,TM702091
TF102092,TM702092
TF102093,TM702093
TF102094,TM702094
TF102095,TM702095
TF102096,TM702096
TF102097,TM702097
TF102098,TM702098
TF102099,TM702099
TF102100,TM702100
TF102101,TM702101
TF102102,TM702102
TF102103,TM702103
TF102104,TM702104
TF102105,TM702105
TF102106,TM702106
TF102107,TM702107
TF102108,TM702108
TF102109,TM702109
TF102110,TM702110
TF102111,TM702111
TF102112,TM702112
TF102113,TM702113
TF102114,TM702114
TF102115,TM702115
TF102116,TM702116
TF102117,TM702117
TF102118,TM702118
TF102119,TM702119
TF102120,TM702120
TF102121,TM702121
TF102122,TM702122
TF102123,TM702123
TF102124,TM702124
TF102125,TM702125
TF102126,TM702126
TF102127,TM702127
TF102128,TM702128
TF102129,TM702129
TF102130,TM702130
TF102131,TM702131
TF102132,TM702132
TF102133,TM702133
TF102134,TM702134
TF102135,TM702135
TF102136,TM702136
TF102137,TM702137
TF102138,TM702138
TF102139,TM702139
TF102140,TM702140
TF102141,TM702141
TF102142,TM702142
TF102143,TM702143
TF102144,TM702144
TF102145,TM702145
TF102146,TM702146
TF102147,TM702147
TF102148,TM702148
TF102149,TM702149
TF102150,TM702150
TF102151,TM702151
TF102152,TM702152
TF102153,TM702153
TF102154,TM702154
TF102155,TM702155
TF102156,TM702156
TF102157,TM702157
TF102158,TM702158
TF102159,TM702159
TF102160,TM702160
TF102161,TM702161
TF102162,TM702162
TF102163,TM702163
TF102164,TM702164
TF102165,TM702165
TF102166,TM702166
TF102167,TM702167
TF102168,TM702168
TF102169,TM702169
TF102170,TM702170
TF102171,TM702171
TF102172,TM702172
TF102173,TM702173
TF102174,TM702174
TF102175,TM702175
TF102176,TM702176
TF102177,TM702177
TF102178,TM702178
TF102179,TM702179
TF102180,TM702180
TF102181,TM702181
TF102182,TM702182
TF102183,TM702183
TF102184,TM702184
TF102185,TM702185
TF102186,TM702186
TF102187,TM702187
TF102188,TM702188
TF102189,TM702189
TF102190,TM702190
TF102191,TM702191
TF102192,TM702192
TF102193,TM702193
TF102194,TM702194
TF102195,TM702195
TF102196,TM702196
TF102197,TM702197
TF102198,TM702198
TF102199,TM702199
TF102200,TM702200
TF102201,TM702201
TF102202,TM702202
TF102203,TM702203
TF102204,TM702204
TF102205,TM702205
TF102206,TM702206
TF102207,TM702207
TF102208,TM702208
TF102209,TM702209
TF102210,TM702210
TF102211,TM702211
TF102212,TM702212
TF102213,TM702213
TF102214,TM702214
TF102215,TM702215
TF102216,TM702216
TF102217,TM702217
TF102218,TM702218
TF102219,TM702219
TF102220,TM702220
TF102221,TM702221
TF102222,TM702222
TF102223,TM702223
TF102224,TM702224
TF102225,TM702225
TF102226,TM702226
TF102227,TM702227
TF102228,TM702228
TF102229,TM702229
TF102230,TM702230
TF102231,TM702231
TF102232,TM702232
TF102233,TM702233
TF102234,TM702234
TF102235,TM702235
TF102236,TM702236
TF102237,TM702237
TF102238,TM702238
TF102239,TM702239
TF102240,TM702240
TF102241,TM702241
TF102242,TM702242
TF102243,TM702243
TF102244,TM702244
TF102245,TM702245
TF102246,TM702246
TF102247,TM702247
TF102248,TM702248
TF102249,TM702249
TF102250,TM702250
TF102251,TM702251
TF102252,TM702252
TF102253,TM702253
TF102254,TM702254
TF102255,TM702255
TF102256,TM702256
TF102257,TM702257
TF102258,TM702258
TF102259,TM702259
TF102260,TM702260
TF102261,TM702261
TF102262,TM702262
TF102263,TM702263
TF102264,TM702264
TF102265,TM702265
TF102266,TM702266
TF102267,TM702267
TF102268,TM702268
TF102269,TM702269
TF102270,TM702270
TF102271,TM702271
TF102272,TM702272
TF102273,TM702273
TF102274,TM702274
TF102275,TM702275
TF102276,TM702276
TF102277,TM702277
TF102278,TM702278
TF102279,TM702279
TF102280,TM702280
TF102281,TM702281
TF102282,TM702282
TF102283,TM702283
TF102284,TM702284
TF102285,TM702285
TF102286,TM702286
TF102287,TM702287
TF102288,TM702288
TF102289,TM702289
TF102290,TM702290
TF102291,TM702291
TF102292,TM702292
TF102293,TM702293
TF102294,TM702294
TF102295,TM702295
TF102296,TM702296
TF102297,TM702297
TF102298,TM702298
TF102299,TM702299
TF102300,TM702300
TF102301,TM702301
TF102302,TM702302
TF102303,TM702303
TF102304,TM702304
TF102305,TM702305
TF102306,TM702306
TF102307,TM702307
TF102308,TM702308
TF102309,TM702309
TF102310,TM702310
TF102311,TM702311
TF102312,TM702312
TF102313,TM702313
TF102314,TM702314
TF102315,TM702315
TF102316,TM702316
TF102317,TM702317
TF102318,TM702318
TF102319,TM702319
TF102320,TM702320
TF102321,TM702321
TF102322,TM702322
TF102323,TM702323
TF102324,TM702324
TF102325,TM702325
TF102326,TM702326
TF102327,TM702327
TF102328,TM702328
TF102329,TM702329
TF102330,TM702330
TF102331,TM702331
TF102332,TM702332
TF102333,TM702333
TF102334,TM702334
TF102335,TM702335
TF102336,TM702336
TF102337,TM702337
TF102338,TM702338
TF102339,TM702339
TF102340,TM702340
TF102341,TM702341
TF102342,TM702342
TF102343,TM702343
TF102344,TM702344
TF102345,TM702345
TF102346,TM702346
TF102347,TM702347
TF102348,TM702348
TF102349,TM702349
TF102350,TM702350
TF102351,TM702351
TF102352,TM702352
TF102353,TM702353
TF102354,TM702354
TF102355,TM702355
TF102356,TM702356
TF102357,TM702357
TF102358,TM702358
TF102359,TM702359
TF102360,TM702360
TF102361,TM702361
TF102362,TM702362
TF102363,TM702363
TF102364,TM702364
TF102365,TM702365
TF102366,TM702366
TF102367,TM702367
TF102368,TM702368
TF102369,TM702369
TF102370,TM702370
TF102371,TM702371
TF102372,TM702372
TF102373,TM702373
TF102374,TM702374
TF102375,TM702375
TF102376,TM702376
TF102377,TM702377
TF102378,TM702378
TF102379,TM702379
TF102380,TM702380
TF102381,TM702381
TF102382,TM702382
TF102383,TM702383
TF102384,TM702384
TF102385,TM702385
TF102386,TM702386
TF102387,TM702387
TF102388,TM702388
TF102389,TM702389
TF102390,TM702390
TF102391,TM702391
TF102392,TM702392
TF102393,TM702393
TF102394,TM702394
TF102395,TM702395
TF102396,TM702396
TF102397,TM702397
TF102398,TM702398
TF102399,TM702399
TF102400,TM702400
TF102401,TM702401
TF102402,TM702402
TF102403,TM702403
TF102404,TM702404
TF102405,TM702405
TF102406,TM702406
TF102407,TM702407
TF102408,TM702408
TF102409,TM702409
TF102410,TM702410
TF102411,TM702411
TF102412,TM702412
TF102413,TM702413
TF102414,TM702414
TF102415,TM702415
TF102416,TM702416
TF102417,TM702417
TF102418,TM702418
TF102419,TM702419
TF102420,TM702420
TF102421,TM702421
TF102422,TM702422
TF102423,TM702423
TF102424,TM702424
TF102425,TM702425
TF102426,TM702426
TF102427,TM702427
TF102428,TM702428
TF102429,TM702429
TF102430,TM702430
TF102431,TM702431
TF102432,TM702432
TF102433,TM702433
TF102434,TM702434
TF102435,TM702435
TF102436,TM702436
TF102437,TM702437
TF102438,TM702438
TF102439,TM702439
TF102440,TM702440
TF102441,TM702441
TF102442,TM702442
TF102443,TM702443
TF102444,TM702444
TF102445,TM702445
TF102446,TM702446
TF102447,TM702447
TF102448,TM702448
TF102449,TM702449
TF102450,TM702450
TF102451,TM702451
TF102452,TM702452
TF102453,TM702453
TF102454,TM702454
TF102455,TM702455
TF102456,TM702456
TF102457,TM702457
TF102458,TM702458
TF102459,TM702459
TF102460,TM702460
TF102461,TM702461
TF102462,TM702462
TF102463,TM702463
TF102464,TM702464
TF102465,TM702465
TF102466,TM702466
TF102467,TM702467
TF102468,TM702468
TF102469,TM702469
TF102470,TM702470
TF102471,TM702471
TF102472,TM702472
TF102473,TM702473
TF102474,TM702474
TF102475,TM702475
TF102476,TM702476
TF102477,TM702477
TF102478,TM702478
TF102479,TM702479
TF102480,TM702480
TF102481,TM702481
TF102482,TM702482
TF102483,TM702483
TF102484,TM702484
TF102485,TM702485
TF102486,TM702486
TF102487,TM702487
TF102488,TM702488
TF102489,TM702489
TF102490,TM702490
TF102491,TM702491
TF102492,TM702492
TF102493,TM702493
TF102494,TM702494
TF102495,TM702495
TF102496,TM702496
TF102497,TM702497
TF102498,TM702498
TF102499,TM702499
TF102500,TM702500
TF102501,TM702501
TF102502,TM702502
TF102503,TM702503
TF102504,TM702504
TF102505,TM702505
TF102506,TM702506
TF102507,TM702507
TF102508,TM702508
TF102509,TM702509
TF102510,TM702510
TF102511,TM702511
TF102512,TM702512
TF102513,TM702513
TF102514,TM702514
TF102515,TM702515
TF102516,TM702516
TF102517,TM702517
TF102518,TM702518
TF102519,TM702519
TF102520,TM702520
TF102521,TM702521
TF102522,TM702522
TF102523,TM702523
TF102524,TM702524
TF102525,TM702525
TF102526,TM702526
TF102527,TM702527
TF102528,TM702528
TF102529,TM702529
TF102530,TM702530
TF102531,TM702531
TF102532,TM702532
TF102533,TM702533
TF102534,TM702534
TF102535,TM702535
TF102536,TM702536
TF102537,TM702537
TF102538,TM702538
TF102539,TM702539
TF102540,TM702540
TF102541,TM702541
TF102542,TM702542
TF102543,TM702543
TF102544,TM702544
TF102545,TM702545
TF102546,TM702546
TF102547,TM702547
TF102548,TM702548
TF102549,TM702549
TF102550,TM702550
TF102551,TM702551
TF102552,TM702552
TF102553,TM702553
TF102554,TM702554
TF102555,TM702555
TF102556,TM702556
TF102557,TM702557
TF102558,TM702558
TF102559,TM702559
TF102560,TM702560
TF102561,TM702561
TF102562,TM702562
TF102563,TM702563
TF102564,TM702564
TF102565,TM702565
TF102566,TM702566
TF102567,TM702567
TF102568,TM702568
TF102569,TM702569
TF102570,TM702570
TF102571,TM702571
TF102572,TM702572
TF102573,TM702573
TF102574,TM702574
TF102575,TM702575
TF102576,TM702576
TF102577,TM702577
TF102578,TM702578
TF102579,TM702579
TF102580,TM702580
TF102581,TM702581
TF102582,TM702582
TF102583,TM702583
TF102584,TM702584
TF102585,TM702585
TF102586,TM702586
TF102587,TM702587
TF102588,TM702588
TF102589,TM702589
TF102590,TM702590
TF102591,TM702591
TF102592,TM702592
TF102593,TM702593
TF102594,TM702594
TF102595,TM702595
TF102596,TM702596
TF102597,TM702597
TF102598,TM702598
TF102599,TM702599
TF102600,TM702600
TF102601,TM702601
TF102602,TM702602
TF102603,TM702603
TF102604,TM702604
TF102605,TM702605
TF102606,TM702606
TF102607,TM702607
TF102608,TM702608
TF102609,TM702609
TF102610,TM702610
TF102611,TM702611
TF102612,TM702612
TF102613,TM702613
TF102614,TM702614
TF102615,TM702615
TF102616,TM702616
TF102617,TM702617
TF102618,TM702618
TF102619,TM702619
TF102620,TM702620
TF102621,TM702621
TF102622,TM702622
TF102623,TM702623
TF102624,TM702624
TF102625,TM702625
TF102626,TM702626
TF102627,TM702627
TF102628,TM702628
TF102629,TM702629
TF102630,TM702630
TF102631,TM702631
TF102632,TM702632
TF102633,TM702633
TF102634,TM702634
TF102635,TM702635
TF102636,TM702636
TF102637,TM702637
TF102638,TM702638
TF102639,TM702639
TF102640,TM702640
TF102641,TM702641
TF102642,TM702642
TF102643,TM702643
TF102644,TM702644
TF102645,TM702645
TF102646,TM702646
TF102647,TM702647
TF102648,TM702648
TF102649,TM702649
TF102650,TM702650
TF102651,TM702651
TF102652,TM702652
TF102653,TM702653
TF102654,TM702654
TF102655,TM702655
TF102656,TM702656
TF102657,TM702657
TF102658,TM702658
TF102659,TM702659
TF102660,TM702660
TF102661,TM702661
TF102662,TM702662
TF102663,TM702663
TF102664,TM702664
TF102665,TM702665
TF102666,TM702666
TF102667,TM702667
TF102668,TM702668
TF102669,TM702669
TF102670,TM702670
TF102671,TM702671
TF102672,TM702672
TF102673,TM702673
TF102674,TM702674
TF102675,TM702675
TF102676,TM702676
TF102677,TM702677
TF102678,TM702678
TF102679,TM702679
TF102680,TM702680
TF102681,TM702681
TF102682,TM702682
TF102683,TM702683
TF102684,TM702684
TF102685,TM702685
TF102686,TM702686
TF102687,TM702687
TF102688,TM702688
TF102689,TM702689
TF102690,TM702690
TF102691,TM702691
TF102692,TM702692
TF102693,TM702693
TF102694,TM702694
TF102695,TM702695
TF102696,TM702696
TF102697,TM702697
TF102698,TM702698
TF102699,TM702699
TF102700,TM702700
TF102701,TM702701
TF102702,TM702702
TF102703,TM702703
TF102704,TM702704
TF102705,TM702705
TF102706,TM702706
TF102707,TM702707
TF102708,TM702708
TF102709,TM702709
TF102710,TM702710
TF102711,TM702711
TF102712,TM702712
TF102713,TM702713
TF102714,TM702714
TF102715,TM702715
TF102716,TM702716
TF102717,TM702717
TF102718,TM702718
TF102719,TM702719
TF102720,TM702720
TF102721,TM702721
TF102722,TM702722
TF102723,TM702723
TF102724,TM702724
TF102725,TM702725
TF102726,TM702726
TF102727,TM702727
TF102728,TM702728
TF102729,TM702729
TF102730,TM702730
TF102731,TM702731
TF102732,TM702732
TF102733,TM702733
TF102734,TM702734
TF102735,TM702735
TF102736,TM702736
TF102737,TM702737
TF102738,TM702738
TF102739,TM702739
TF102740,TM702740
TF102741,TM702741
TF102742,TM702742
TF102743,TM702743
TF102744,TM702744
TF102745,TM702745
TF102746,TM702746
TF102747,TM702747
TF102748,TM702748
TF102749,TM702749
TF102750,TM702750
TF102751,TM702751
TF102752,TM702752
TF102753,TM702753
TF102754,TM702754
TF102755,TM702755
TF102756,TM702756
TF102757,TM702757
TF102758,TM702758
TF102759,TM702759
TF102760,TM702760
TF102761,TM702761
TF102762,TM702762
TF102763,TM702763
TF102764,TM702764
TF102765,TM702765
TF102766,TM702766
TF102767,TM702767
TF102768,TM702768
TF102769,TM702769
TF102770,TM702770
TF102771,TM702771
TF102772,TM702772
TF102773,TM702773
TF102774,TM702774
TF102775,TM702775
TF102776,TM702776
TF102777,TM702777
TF102778,TM702778
TF102779,TM702779
TF102780,TM702780
TF102781,TM702781
TF102782,TM702782
TF102783,TM702783
TF102784,TM702784
TF102785,TM702785
TF102786,TM702786
TF102787,TM702787
TF102788,TM702788
TF102789,TM702789
TF102790,TM702790
TF102791,TM702791
TF102792,TM702792
TF102793,TM702793
TF102794,TM702794
TF102795,TM702795
TF102796,TM702796
TF102797,TM702797
TF102798,TM702798
TF102799,TM702799
TF102800,TM702800
TF102801,TM702801
TF102802,TM702802
TF102803,TM702803
TF102804,TM702804
TF102805,TM702805
TF102806,TM702806
TF102807,TM702807
TF102808,TM702808
TF102809,TM702809
TF102810,TM702810
TF102811,TM702811
TF102812,TM702812
TF102813,TM702813
TF102814,TM702814
TF102815,TM702815
TF102816,TM702816
TF102817,TM702817
TF102818,TM702818
TF102819,TM702819
TF102820,TM702820
TF102821,TM702821
TF102822,TM702822
TF102823,TM702823
TF102824,TM702824
TF102825,TM702825
TF102826,TM702826
TF102827,TM702827
TF102828,TM702828
TF102829,TM702829
TF102830,TM702830
TF102831,TM702831
TF102832,TM702832
TF102833,TM702833
TF102834,TM702834
TF102835,TM702835
TF102836,TM702836
TF102837,TM702837
TF102838,TM702838
TF102839,TM702839
TF102840,TM702840
TF102841,TM702841
TF102842,TM702842
TF102843,TM702843
TF102844,TM702844
TF102845,TM702845
TF102846,TM702846
TF102847,TM702847
TF102848,TM702848
TF102849,TM702849
TF102850,TM702850
TF102851,TM702851
TF102852,TM702852
TF102853,TM702853
TF102854,TM702854
TF102855,TM702855
TF102856,TM702856
TF102857,TM702857
TF102858,TM702858
TF102859,TM702859
TF102860,TM702860
TF102861,TM702861
TF102862,TM702862
TF102863,TM702863
TF102864,TM702864
TF102865,TM702865
TF102866,TM702866
TF102867,TM702867
TF102868,TM702868
TF102869,TM702869
TF102870,TM702870
TF102871,TM702871
TF102872,TM702872
TF102873,TM702873
TF102874,TM702874
TF102875,TM702875
TF102876,TM702876
TF102877,TM702877
TF102878,TM702878
TF102879,TM702879
TF102880,TM702880
TF102881,TM702881
TF102882,TM702882
TF102883,TM702883
TF102884,TM702884
TF102885,TM702885
TF102886,TM702886
TF102887,TM702887
TF102888,TM702888
TF102889,TM702889
TF102890,TM702890
TF102891,TM702891
TF102892,TM702892
TF102893,TM702893
TF102894,TM702894
TF102895,TM702895
TF102896,TM702896
TF102897,TM702897
TF102898,TM702898
TF102899,TM702899
TF102900,TM702900
TF102901,TM702901
TF102902,TM702902
TF102903,TM702903
TF102904,TM702904
TF102905,TM702905
TF102906,TM702906
TF102907,TM702907
TF102908,TM702908
TF102909,TM702909
TF102910,TM702910
TF102911,TM702911
TF102912,TM702912
TF102913,TM702913
TF102914,TM702914
TF102915,TM702915
TF102916,TM702916
TF102917,TM702917
TF102918,TM702918
TF102919,TM702919
TF102920,TM702920
TF102921,TM702921
TF102922,TM702922
TF102923,TM702923
TF102924,TM702924
TF102925,TM702925
TF102926,TM702926
TF102927,TM702927
TF102928,TM702928
TF102929,TM702929
TF102930,TM702930
TF102931,TM702931
TF102932,TM702932
TF102933,TM702933
TF102934,TM702934
TF102935,TM702935
TF102936,TM702936
TF102937,TM702937
TF102938,TM702938
TF102939,TM702939
TF102940,TM702940
TF102941,TM702941
TF102942,TM702942
TF102943,TM702943
TF102944,TM702944
TF102945,TM702945
TF102946,TM702946
TF102947,TM702947
TF102948,TM702948
TF102949,TM702949
TF102950,TM702950
TF102951,TM702951
TF102952,TM702952
TF102953,TM702953
TF102954,TM702954
TF102955,TM702955
TF102956,TM702956
TF102957,TM702957
TF102958,TM702958
TF102959,TM702959
TF102960,TM702960
TF102961,TM702961
TF102962,TM702962
TF102963,TM702963
TF102964,TM702964
TF102965,TM702965
TF102966,TM702966
TF102967,TM702967
TF102968,TM702968
TF102969,TM702969
TF102970,TM702970
TF102971,TM702971
TF102972,TM702972
TF102973,TM702973
TF102974,TM702974
TF102975,TM702975
TF102976,TM702976
TF102977,TM702977
TF102978,TM702978
TF102979,TM702979
TF102980,TM702980
TF102981,TM702981
TF102982,TM702982
TF102983,TM702983
TF102984,TM702984
TF102985,TM702985
TF102986,TM702986
TF102987,TM702987
TF102988,TM702988
TF102989,TM702989
TF102990,TM702990
TF102991,TM702991
TF102992,TM702992
TF102993,TM702993
TF102994,TM702994
TF102995,TM702995
TF102996,TM702996
TF102997,TM702997
TF102998,TM702998
TF102999,TM702999
TF103000,TM703000
TF103001,TM703001
TF103002,TM703002
TF103003,TM703003
TF103004,TM703004
TF103005,TM703005
TF103006,TM703006
TF103007,TM703007
TF103008,TM703008
TF103009,TM703009
TF103010,TM703010
TF103011,TM703011
TF103012,TM703012
TF103013,TM703013
TF103014,TM703014
TF103015,TM703015
TF103016,TM703016
TF103017,TM703017
TF103018,TM703018
TF103019,TM703019
TF103020,TM703020
TF103021,TM703021
TF103022,TM703022
TF103023,TM703023
TF103024,TM703024
TF103025,TM703025
TF103026,TM703026
TF103027,TM703027
TF103028,TM703028
TF103029,TM703029
TF103030,TM703030
TF103031,TM703031
TF103032,TM703032
TF103033,TM703033
TF103034,TM703034
TF103035,TM703035
TF103036,TM703036
TF103037,TM703037
TF103038,TM703038
TF103039,TM703039
TF103040,TM703040
TF103041,TM703041
TF103042,TM703042
TF103043,TM703043
TF103044,TM703044
TF103045,TM703045
TF103046,TM703046
TF103047,TM703047
TF103048,TM703048
TF103049,TM703049
TF103050,TM703050
TF103051,TM703051
TF103052,TM703052
TF103053,TM703053
TF103054,TM703054
TF103055,TM703055
TF103056,TM703056
TF103057,TM703057
TF103058,TM703058
TF103059,TM703059
TF103060,TM703060
TF103061,TM703061
TF103062,TM703062
TF103063,TM703063
TF103064,TM703064
TF103065,TM703065
TF103066,TM703066
TF103067,TM703067
TF103068,TM703068
TF103069,TM703069
TF103070,TM703070
TF103071,TM703071
TF103072,TM703072
TF103073,TM703073
TF103074,TM703074
TF103075,TM703075
TF103076,TM703076
TF103077,TM703077
TF103078,TM703078
TF103079,TM703079
TF103080,TM703080
TF103081,TM703081
TF103082,TM703082
TF103083,TM703083
TF103084,TM703084
TF103085,TM703085
TF103086,TM703086
TF103087,TM703087
TF103088,TM703088
TF103089,TM703089
TF103090,TM703090
TF103091,TM703091
TF103092,TM703092
TF103093,TM703093
TF103094,TM703094
TF103095,TM703095
TF103096,TM703096
TF103097,TM703097
TF103098,TM703098
TF103099,TM703099
TF103100,TM703100
TF103101,TM703101
TF103102,TM703102
TF103103,TM703103
TF103104,TM703104
TF103105,TM703105
TF103106,TM703106
TF103107,TM703107
TF103108,TM703108
TF103109,TM703109
TF103110,TM703110
TF103111,TM703111
TF103112,TM703112
TF103113,TM703113
TF103114,TM703114
TF103115,TM703115
TF103116,TM703116
TF103117,TM703117
TF103118,TM703118
TF103119,TM703119
TF103120,TM703120
TF103121,TM703121
TF103122,TM703122
TF103123,TM703123
TF103124,TM703124
TF103125,TM703125
TF103126,TM703126
TF103127,TM703127
TF103128,TM703128
TF103129,TM703129
TF103130,TM703130
TF103131,TM703131
TF103132,TM703132
TF103133,TM703133
TF103134,TM703134
TF103135,TM703135
TF103136,TM703136
TF103137,TM703137
TF103138,TM703138
TF103139,TM703139
TF103140,TM703140
TF103141,TM703141
TF103142,TM703142
TF103143,TM703143
TF103144,TM703144
TF103145,TM703145
TF103146,TM703146
TF103147,TM703147
TF103148,TM703148
TF103149,TM703149
TF103150,TM703150
TF103151,TM703151
TF103152,TM703152
TF103153,TM703153
TF103154,TM703154
TF103155,TM703155
TF103156,TM703156
TF103157,TM703157
TF103158,TM703158
TF103159,TM703159
TF103160,TM703160
TF103161,TM703161
TF103162,TM703162
TF103163,TM703163
TF103164,TM703164
TF103165,TM703165
TF103166,TM703166
TF103167,TM703167
TF103168,TM703168
TF103169,TM703169
TF103170,TM703170
TF103171,TM703171
TF103172,TM703172
TF103173,TM703173
TF103174,TM703174
TF103175,TM703175
TF103176,TM703176
TF103177,TM703177
TF103178,TM703178
TF103179,TM703179
TF103180,TM703180
TF103181,TM703181
TF103182,TM703182
TF103183,TM703183
TF103184,TM703184
TF103185,TM703185
TF103186,TM703186
TF103187,TM703187
TF103188,TM703188
TF103189,TM703189
TF103190,TM703190
TF103191,TM703191
TF103192,TM703192
TF103193,TM703193
TF103194,TM703194
TF103195,TM703195
TF103196,TM703196
TF103197,TM703197
TF103198,TM703198
TF103199,TM703199
TF103200,TM703200
TF103201,TM703201
TF103202,TM703202
TF103203,TM703203
TF103204,TM703204
TF103205,TM703205
TF103206,TM703206
TF103207,TM703207
TF103208,TM703208
TF103209,TM703209
TF103210,TM703210
TF103211,TM703211
TF103212,TM703212
TF103213,TM703213
TF103214,TM703214
TF103215,TM703215
TF103216,TM703216
TF103217,TM703217
TF103218,TM703218
TF103219,TM703219
TF103220,TM703220
TF103221,TM703221
TF103222,TM703222
TF103223,TM703223
TF103224,TM703224
TF103225,TM703225
TF103226,TM703226
TF103227,TM703227
TF103228,TM703228
TF103229,TM703229
TF103230,TM703230
TF103231,TM703231
TF103232,TM703232
TF103233,TM703233
TF103234,TM703234
TF103235,TM703235
TF103236,TM703236
TF103237,TM703237
TF103238,TM703238
TF103239,TM703239
TF103240,TM703240
TF103241,TM703241
TF103242,TM703242
TF103243,TM703243
TF103244,TM703244
TF103245,TM703245
TF103246,TM703246
TF103247,TM703247
TF103248,TM703248
TF103249,TM703249
TF103250,TM703250
TF103251,TM703251
TF103252,TM703252
TF103253,TM703253
TF103254,TM703254
TF103255,TM703255
TF103256,TM703256
TF103257,TM703257
TF103258,TM703258
TF103259,TM703259
TF103260,TM703260
TF103261,TM703261
TF103262,TM703262
TF103263,TM703263
TF103264,TM703264
TF103265,TM703265
TF103266,TM703266
TF103267,TM703267
TF103268,TM703268
TF103269,TM703269
TF103270,TM703270
TF103271,TM703271
TF103272,TM703272
TF103273,TM703273
TF103274,TM703274
TF103275,TM703275
TF103276,TM703276
TF103277,TM703277
TF103278,TM703278
TF103279,TM703279
TF103280,TM703280
TF103281,TM703281
TF103282,TM703282
TF103283,TM703283
TF103284,TM703284
TF103285,TM703285
TF103286,TM703286
TF103287,TM703287
TF103288,TM703288
TF103289,TM703289
TF103290,TM703290
TF103291,TM703291
TF103292,TM703292
TF103293,TM703293
TF103294,TM703294
TF103295,TM703295
TF103296,TM703296
TF103297,TM703297
TF103298,TM703298
TF103299,TM703299
TF103300,TM703300
TF103301,TM703301
TF103302,TM703302
TF103303,TM703303
TF103304,TM703304
TF103305,TM703305
TF103306,TM703306
TF103307,TM703307
TF103308,TM703308
TF103309,TM703309
TF103310,TM703310
TF103311,TM703311
TF103312,TM703312
TF103313,TM703313
TF103314,TM703314
TF103315,TM703315
TF103316,TM703316
TF103317,TM703317
TF103318,TM703318
TF103319,TM703319
TF103320,TM703320
TF103321,TM703321
TF103322,TM703322
TF103323,TM703323
TF103324,TM703324
TF103325,TM703325
TF103326,TM703326
TF103327,TM703327
TF103328,TM703328
TF103329,TM703329
TF103330,TM703330
TF103331,TM703331
TF103332,TM703332
TF103333,TM703333
TF103334,TM703334
TF103335,TM703335
TF103336,TM703336
TF103337,TM703337
TF103338,TM703338
TF103339,TM703339
TF103340,TM703340
TF103341,TM703341
TF103342,TM703342
TF103343,TM703343
TF103344,TM703344
TF103345,TM703345
TF103346,TM703346
TF103347,TM703347
TF103348,TM703348
TF103349,TM703349
TF103350,TM703350
TF103351,TM703351
TF103352,TM703352
TF103353,TM703353
TF103354,TM703354
TF103355,TM703355
TF103356,TM703356
TF103357,TM703357
TF103358,TM703358
TF103359,TM703359
TF103360,TM703360
TF103361,TM703361
TF103362,TM703362
TF103363,TM703363
TF103364,TM703364
TF103365,TM703365
TF103366,TM703366
TF103367,TM703367
TF103368,TM703368
TF103369,TM703369
TF103370,TM703370
TF103371,TM703371
TF103372,TM703372
TF103373,TM703373
TF103374,TM703374
TF103375,TM703375
TF103376,TM703376
TF103377,TM703377
TF103378,TM703378
TF103379,TM703379
TF103380,TM703380
TF103381,TM703381
TF103382,TM703382
TF103383,TM703383
TF103384,TM703384
TF103385,TM703385
TF103386,TM703386
TF103387,TM703387
TF103388,TM703388
TF103389,TM703389
TF103390,TM703390
TF103391,TM703391
TF103392,TM703392
TF103393,TM703393
TF103394,TM703394
TF103395,TM703395
TF103396,TM703396
TF103397,TM703397
TF103398,TM703398
TF103399,TM703399
TF103400,TM703400
TF103401,TM703401
TF103402,TM703402
TF103403,TM703403
TF103404,TM703404
TF103405,TM703405
TF103406,TM703406
TF103407,TM703407
TF103408,TM703408
TF103409,TM703409
TF103410,TM703410
TF103411,TM703411
TF103412,TM703412
TF103413,TM703413
TF103414,TM703414
TF103415,TM703415
TF103416,TM703416
TF103417,TM703417
TF103418,TM703418
TF103419,TM703419
TF103420,TM703420
TF103421,TM703421
TF103422,TM703422
TF103423,TM703423
TF103424,TM703424
TF103425,TM703425
TF103426,TM703426
TF103427,TM703427
TF103428,TM703428
TF103429,TM703429
TF103430,TM703430
TF103431,TM703431
TF103432,TM703432
TF103433,TM703433
TF103434,TM703434
TF103435,TM703435
TF103436,TM703436
TF103437,TM703437
TF103438,TM703438
TF103439,TM703439
TF103440,TM703440
TF103441,TM703441
TF103442,TM703442
TF103443,TM703443
TF103444,TM703444
TF103445,TM703445
TF103446,TM703446
TF103447,TM703447
TF103448,TM703448
TF103449,TM703449
TF103450,TM703450
TF103451,TM703451
TF103452,TM703452
TF103453,TM703453
TF103454,TM703454
TF103455,TM703455
TF103456,TM703456
TF103457,TM703457
TF103458,TM703458
TF103459,TM703459
TF103460,TM703460
TF103461,TM703461
TF103462,TM703462
TF103463,TM703463
TF103464,TM703464
TF103465,TM703465
TF103466,TM703466
TF103467,TM703467
TF103468,TM703468
TF103469,TM703469
TF103470,TM703470
TF103471,TM703471
TF103472,TM703472
TF103473,TM703473
TF103474,TM703474
TF103475,TM703475
TF103476,TM703476
TF103477,TM703477
TF103478,TM703478
TF103479,TM703479
TF103480,TM703480
TF103481,TM703481
TF103482,TM703482
TF103483,TM703483
TF103484,TM703484
TF103485,TM703485
TF103486,TM703486
TF103487,TM703487
TF103488,TM703488
TF103489,TM703489
TF103490,TM703490
TF103491,TM703491
TF103492,TM703492
TF103493,TM703493
TF103494,TM703494
TF103495,TM703495
TF103496,TM703496
TF103497,TM703497
TF103498,TM703498
TF103499,TM703499
TF103500,TM703500
TF103501,TM703501
TF103502,TM703502
TF103503,TM703503
TF103504,TM703504
TF103505,TM703505
TF103506,TM703506
TF103507,TM703507
TF103508,TM703508
TF103509,TM703509
TF103510,TM703510
TF103511,TM703511
TF103512,TM703512
TF103513,TM703513
TF103514,TM703514
TF103515,TM703515
TF103516,TM703516
TF103517,TM703517
TF103518,TM703518
TF103519,TM703519
TF103520,TM703520
TF103521,TM703521
TF103522,TM703522
TF103523,TM703523
TF103524,TM703524
TF103525,TM703525
TF103526,TM703526
TF103527,TM703527
TF103528,TM703528
TF103529,TM703529
TF103530,TM703530
TF103531,TM703531
TF103532,TM703532
TF103533,TM703533
TF103534,TM703534
TF103535,TM703535
TF103536,TM703536
TF103537,TM703537
TF103538,TM703538
TF103539,TM703539
TF103540,TM703540
TF103541,TM703541
TF103542,TM703542
TF103543,TM703543
TF103544,TM703544
TF103545,TM703545
TF103546,TM703546
TF103547,TM703547
TF103548,TM703548
TF103549,TM703549
TF103550,TM703550
TF103551,TM703551
TF103552,TM703552
TF103553,TM703553
TF103554,TM703554
TF103555,TM703555
TF103556,TM703556
TF103557,TM703557
TF103558,TM703558
TF103559,TM703559
TF103560,TM703560
TF103561,TM703561
TF103562,TM703562
TF103563,TM703563
TF103564,TM703564
TF103565,TM703565
TF103566,TM703566
TF103567,TM703567
TF103568,TM703568
TF103569,TM703569
TF103570,TM703570
TF103571,TM703571
TF103572,TM703572
TF103573,TM703573
TF103574,TM703574
TF103575,TM703575
TF103576,TM703576
TF103577,TM703577
TF103578,TM703578
TF103579,TM703579
TF103580,TM703580
TF103581,TM703581
TF103582,TM703582
TF103583,TM703583
TF103584,TM703584
TF103585,TM703585
TF103586,TM703586
TF103587,TM703587
TF103588,TM703588
TF103589,TM703589
TF103590,TM703590
TF103591,TM703591
TF103592,TM703592
TF103593,TM703593
TF103594,TM703594
TF103595,TM703595
TF103596,TM703596
TF103597,TM703597
TF103598,TM703598
TF103599,TM703599
TF103600,TM703600
TF103601,TM703601
TF103602,TM703602
TF103603,TM703603
TF103604,TM703604
TF103605,TM703605
TF103606,TM703606
TF103607,TM703607
TF103608,TM703608
TF103609,TM703609
TF103610,TM703610
TF103611,TM703611
TF103612,TM703612
TF103613,TM703613
TF103614,TM703614
TF103615,TM703615
TF103616,TM703616
TF103617,TM703617
TF103618,TM703618
TF103619,TM703619
TF103620,TM703620
TF103621,TM703621
TF103622,TM703622
TF103623,TM703623
TF103624,TM703624
TF103625,TM703625
TF103626,TM703626
TF103627,TM703627
TF103628,TM703628
TF103629,TM703629
TF103630,TM703630
TF103631,TM703631
TF103632,TM703632
TF103633,TM703633
TF103634,TM703634
TF103635,TM703635
TF103636,TM703636
TF103637,TM703637
TF103638,TM703638
TF103639,TM703639
TF103640,TM703640
TF103641,TM703641
TF103642,TM703642
TF103643,TM703643
TF103644,TM703644
TF103645,TM703645
TF103646,TM703646
TF103647,TM703647
TF103648,TM703648
TF103649,TM703649
TF103650,TM703650
TF103651,TM703651
TF103652,TM703652
TF103653,TM703653
TF103654,TM703654
TF103655,TM703655
TF103656,TM703656
TF103657,TM703657
TF103658,TM703658
TF103659,TM703659
TF103660,TM703660
TF103661,TM703661
TF103662,TM703662
TF103663,TM703663
TF103664,TM703664
TF103665,TM703665
TF103666,TM703666
TF103667,TM703667
TF103668,TM703668
TF103669,TM703669
TF103670,TM703670
TF103671,TM703671
TF103672,TM703672
TF103673,TM703673
TF103674,TM703674
TF103675,TM703675
TF103676,TM703676
TF103677,TM703677
TF103678,TM703678
TF103679,TM703679
TF103680,TM703680
TF103681,TM703681
TF103682,TM703682
TF103683,TM703683
TF103684,TM703684
TF103685,TM703685
TF103686,TM703686
TF103687,TM703687
TF103688,TM703688
TF103689,TM703689
TF103690,TM703690
TF103691,TM703691
TF103692,TM703692
TF103693,TM703693
TF103694,TM703694
TF103695,TM703695
TF103696,TM703696
TF103697,TM703697
TF103698,TM703698
TF103699,TM703699
TF103700,TM703700
TF103701,TM703701
TF103702,TM703702
TF103703,TM703703
TF103704,TM703704
TF103705,TM703705
TF103706,TM703706
TF103707,TM703707
TF103708,TM703708
TF103709,TM703709
TF103710,TM703710
TF103711,TM703711
TF103712,TM703712
TF103713,TM703713
TF103714,TM703714
TF103715,TM703715
TF103716,TM703716
TF103717,TM703717
TF103718,TM703718
TF103719,TM703719
TF103720,TM703720
TF103721,TM703721
TF103722,TM703722
TF103723,TM703723
TF103724,TM703724
TF103725,TM703725
TF103726,TM703726
TF103727,TM703727
TF103728,TM703728
TF103729,TM703729
TF103730,TM703730
TF103731,TM703731
TF103732,TM703732
TF103733,TM703733
TF103734,TM703734
TF103735,TM703735
TF103736,TM703736
TF103737,TM703737
TF103738,TM703738
TF103739,TM703739
TF103740,TM703740
TF103741,TM703741
TF103742,TM703742
TF103743,TM703743
TF103744,TM703744
TF103745,TM703745
TF103746,TM703746
TF103747,TM703747
TF103748,TM703748
TF103749,TM703749
TF103750,TM703750
TF103751,TM703751
TF103752,TM703752
TF103753,TM703753
TF103754,TM703754
TF103755,TM703755
TF103756,TM703756
TF103757,TM703757
TF103758,TM703758
TF103759,TM703759
TF103760,TM703760
TF103761,TM703761
TF103762,TM703762
TF103763,TM703763
TF103764,TM703764
TF103765,TM703765
TF103766,TM703766
TF103767,TM703767
TF103768,TM703768
TF103769,TM703769
TF103770,TM703770
TF103771,TM703771
TF103772,TM703772
TF103773,TM703773
TF103774,TM703774
TF103775,TM703775
TF103776,TM703776
TF103777,TM703777
TF103778,TM703778
TF103779,TM703779
TF103780,TM703780
TF103781,TM703781
TF103782,TM703782
TF103783,TM703783
TF103784,TM703784
TF103785,TM703785
TF103786,TM703786
TF103787,TM703787
TF103788,TM703788
TF103789,TM703789
TF103790,TM703790
TF103791,TM703791
TF103792,TM703792
TF103793,TM703793
TF103794,TM703794
TF103795,TM703795
TF103796,TM703796
TF103797,TM703797
TF103798,TM703798
TF103799,TM703799
TF103800,TM703800
TF103801,TM703801
TF103802,TM703802
TF103803,TM703803
TF103804,TM703804
TF103805,TM703805
TF103806,TM703806
TF103807,TM703807
TF103808,TM703808
TF103809,TM703809
TF103810,TM703810
TF103811,TM703811
TF103812,TM703812
TF103813,TM703813
TF103814,TM703814
TF103815,TM703815
TF103816,TM703816
TF103817,TM703817
TF103818,TM703818
TF103819,TM703819
TF103820,TM703820
TF103821,TM703821
TF103822,TM703822
TF103823,TM703823
TF103824,TM703824
TF103825,TM703825
TF103826,TM703826
TF103827,TM703827
TF103828,TM703828
TF103829,TM703829
TF103830,TM703830
TF103831,TM703831
TF103832,TM703832
TF103833,TM703833
TF103834,TM703834
TF103835,TM703835
TF103836,TM703836
TF103837,TM703837
TF103838,TM703838
TF103839,TM703839
TF103840,TM703840
TF103841,TM703841
TF103842,TM703842
TF103843,TM703843
TF103844,TM703844
TF103845,TM703845
TF103846,TM703846
TF103847,TM703847
TF103848,TM703848
TF103849,TM703849
TF103850,TM703850
TF103851,TM703851
TF103852,TM703852
TF103853,TM703853
TF103854,TM703854
TF103855,TM703855
TF103856,TM703856
TF103857,TM703857
TF103858,TM703858
TF103859,TM703859
TF103860,TM703860
TF103861,TM703861
TF103862,TM703862
TF103863,TM703863
TF103864,TM703864
TF103865,TM703865
TF103866,TM703866
TF103867,TM703867
TF103868,TM703868
TF103869,TM703869
TF103870,TM703870
TF103871,TM703871
TF103872,TM703872
TF103873,TM703873
TF103874,TM703874
TF103875,TM703875
TF103876,TM703876
TF103877,TM703877
TF103878,TM703878
TF103879,TM703879
TF103880,TM703880
TF103881,TM703881
TF103882,TM703882
TF103883,TM703883
TF103884,TM703884
TF103885,TM703885
TF103886,TM703886
TF103887,TM703887
TF103888,TM703888
TF103889,TM703889
TF103890,TM703890
TF103891,TM703891
TF103892,TM703892
TF103893,TM703893
TF103894,TM703894
TF103895,TM703895
TF103896,TM703896
TF103897,TM703897
TF103898,TM703898
TF103899,TM703899
TF103900,TM703900
TF103901,TM703901
TF103902,TM703902
TF103903,TM703903
TF103904,TM703904
TF103905,TM703905
TF103906,TM703906
TF103907,TM703907
TF103908,TM703908
TF103909,TM703909
TF103910,TM703910
TF103911,TM703911
TF103912,TM703912
TF103913,TM703913
TF103914,TM703914
TF103915,TM703915
TF103916,TM703916
TF103917,TM703917
TF103918,TM703918
TF103919,TM703919
TF103920,TM703920
TF103921,TM703921
TF103922,TM703922
TF103923,TM703923
TF103924,TM703924
TF103925,TM703925
TF103926,TM703926
TF103927,TM703927
TF103928,TM703928
TF103929,TM703929
TF103930,TM703930
TF103931,TM703931
TF103932,TM703932
TF103933,TM703933
TF103934,TM703934
TF103935,TM703935
TF103936,TM703936
TF103937,TM703937
TF103938,TM703938
TF103939,TM703939
TF103940,TM703940
TF103941,TM703941
TF103942,TM703942
TF103943,TM703943
TF103944,TM703944
TF103945,TM703945
TF103946,TM703946
TF103947,TM703947
TF103948,TM703948
TF103949,TM703949
TF103950,TM703950
TF103951,TM703951
TF103952,TM703952
TF103953,TM703953
TF103954,TM703954
TF103955,TM703955
TF103956,TM703956
TF103957,TM703957
TF103958,TM703958
TF103959,TM703959
TF103960,TM703960
TF103961,TM703961
TF103962,TM703962
TF103963,TM703963
TF103964,TM703964
TF103965,TM703965
TF103966,TM703966
TF103967,TM703967
TF103968,TM703968
TF103969,TM703969
TF103970,TM703970
TF103971,TM703971
TF103972,TM703972
TF103973,TM703973
TF103974,TM703974
TF103975,TM703975
TF103976,TM703976
TF103977,TM703977
TF103978,TM703978
TF103979,TM703979
TF103980,TM703980
TF103981,TM703981
TF103982,TM703982
TF103983,TM703983
TF103984,TM703984
TF103985,TM703985
TF103986,TM703986
TF103987,TM703987
TF103988,TM703988
TF103989,TM703989
TF103990,TM703990
TF103991,TM703991
TF103992,TM703992
TF103993,TM703993
TF103994,TM703994
TF103995,TM703995
TF103996,TM703996
TF103997,TM703997
TF103998,TM703998
TF103999,TM703999
TF104000,TM704000
TF104001,TM704001
TF104002,TM704002
TF104003,TM704003
TF104004,TM704004
TF104005,TM704005
TF104006,TM704006
TF104007,TM704007
TF104008,TM704008
TF104009,TM704009
TF104010,TM704010
TF104011,TM704011
TF104012,TM704012
TF104013,TM704013
TF104014,TM704014
TF104015,TM704015
TF104016,TM704016
TF104017,TM704017
TF104018,TM704018
TF104019,TM704019
TF104020,TM704020
TF104021,TM704021
TF104022,TM704022
TF104023,TM704023
TF104024,TM704024
TF104025,TM704025
TF104026,TM704026
TF104027,TM704027
TF104028,TM704028
TF104029,TM704029
TF104030,TM704030
TF104031,TM704031
TF104032,TM704032
TF104033,TM704033
TF104034,TM704034
TF104035,TM704035
TF104036,TM704036
TF104037,TM704037
TF104038,TM704038
TF104039,TM704039
TF104040,TM704040
TF104041,TM704041
TF104042,TM704042
TF104043,TM704043
TF104044,TM704044
TF104045,TM704045
TF104046,TM704046
TF104047,TM704047
TF104048,TM704048
TF104049,TM704049
TF104050,TM704050
TF104051,TM704051
TF104052,TM704052
TF104053,TM704053
TF104054,TM704054
TF104055,TM704055
TF104056,TM704056
TF104057,TM704057
TF104058,TM704058
TF104059,TM704059
TF104060,TM704060
TF104061,TM704061
TF104062,TM704062
TF104063,TM704063
TF104064,TM704064
TF104065,TM704065
TF104066,TM704066
TF104067,TM704067
TF104068,TM704068
TF104069,TM704069
TF104070,TM704070
TF104071,TM704071
TF104072,TM704072
TF104073,TM704073
TF104074,TM704074
TF104075,TM704075
TF104076,TM704076
TF104077,TM704077
TF104078,TM704078
TF104079,TM704079
TF104080,TM704080
TF104081,TM704081
TF104082,TM704082
TF104083,TM704083
TF104084,TM704084
TF104085,TM704085
TF104086,TM704086
TF104087,TM704087
TF104088,TM704088
TF104089,TM704089
TF104090,TM704090
TF104091,TM704091
TF104092,TM704092
TF104093,TM704093
TF104094,TM704094
TF104095,TM704095
TF104096,TM704096
TF104097,TM704097
TF104098,TM704098
TF104099,TM704099
TF104100,TM704100
TF104101,TM704101
TF104102,TM704102
TF104103,TM704103
TF104104,TM704104
TF104105,TM704105
TF104106,TM704106
TF104107,TM704107
TF104108,TM704108
TF104109,TM704109
TF104110,TM704110
TF104111,TM704111
TF104112,TM704112
TF104113,TM704113
TF104114,TM704114
TF104115,TM704115
TF104116,TM704116
TF104117,TM704117
TF104118,TM704118
TF104119,TM704119
TF104120,TM704120
TF104121,TM704121
TF104122,TM704122
TF104123,TM704123
TF104124,TM704124
TF104125,TM704125
TF104126,TM704126
TF104127,TM704127
TF104128,TM704128
TF104129,TM704129
TF104130,TM704130
TF104131,TM704131
TF104132,TM704132
TF104133,TM704133
TF104134,TM704134
TF104135,TM704135
TF104136,TM704136
TF104137,TM704137
TF104138,TM704138
TF104139,TM704139
TF104140,TM704140
TF104141,TM704141
TF104142,TM704142
TF104143,TM704143
TF104144,TM704144
TF104145,TM704145
TF104146,TM704146
TF104147,TM704147
TF104148,TM704148
TF104149,TM704149
TF104150,TM704150
TF104151,TM704151
TF104152,TM704152
TF104153,TM704153
TF104154,TM704154
TF104155,TM704155
TF104156,TM704156
TF104157,TM704157
TF104158,TM704158
TF104159,TM704159
TF104160,TM704160
TF104161,TM704161
TF104162,TM704162
TF104163,TM704163
TF104164,TM704164
TF104165,TM704165
TF104166,TM704166
TF104167,TM704167
TF104168,TM704168
TF104169,TM704169
TF104170,TM704170
TF104171,TM704171
TF104172,TM704172
TF104173,TM704173
TF104174,TM704174
TF104175,TM704175
TF104176,TM704176
TF104177,TM704177
TF104178,TM704178
TF104179,TM704179
TF104180,TM704180
TF104181,TM704181
TF104182,TM704182
TF104183,TM704183
TF104184,TM704184
TF104185,TM704185
TF104186,TM704186
TF104187,TM704187
TF104188,TM704188
TF104189,TM704189
TF104190,TM704190
TF104191,TM704191
TF104192,TM704192
TF104193,TM704193
TF104194,TM704194
TF104195,TM704195
TF104196,TM704196
TF104197,TM704197
TF104198,TM704198
TF104199,TM704199
TF104200,TM704200
TF104201,TM704201
TF104202,TM704202
TF104203,TM704203
TF104204,TM704204
TF104205,TM704205
TF104206,TM704206
TF104207,TM704207
TF104208,TM704208
TF104209,TM704209
TF104210,TM704210
TF104211,TM704211
TF104212,TM704212
TF104213,TM704213
TF104214,TM704214
TF104215,TM704215
TF104216,TM704216
TF104217,TM704217
TF104218,TM704218
TF104219,TM704219
TF104220,TM704220
TF104221,TM704221
TF104222,TM704222
TF104223,TM704223
TF104224,TM704224
TF104225,TM704225
TF104226,TM704226
TF104227,TM704227
TF104228,TM704228
TF104229,TM704229
TF104230,TM704230
TF104231,TM704231
TF104232,TM704232
TF104233,TM704233
TF104234,TM704234
TF104235,TM704235
TF104236,TM704236
TF104237,TM704237
TF104238,TM704238
TF104239,TM704239
TF104240,TM704240
TF104241,TM704241
TF104242,TM704242
TF104243,TM704243
TF104244,TM704244
TF104245,TM704245
TF104246,TM704246
TF104247,TM704247
TF104248,TM704248
TF104249,TM704249
TF104250,TM704250
TF104251,TM704251
TF104252,TM704252
TF104253,TM704253
TF104254,TM704254
TF104255,TM704255
TF104256,TM704256
TF104257,TM704257
TF104258,TM704258
TF104259,TM704259
TF104260,TM704260
TF104261,TM704261
TF104262,TM704262
TF104263,TM704263
TF104264,TM704264
TF104265,TM704265
TF104266,TM704266
TF104267,TM704267
TF104268,TM704268
TF104269,TM704269
TF104270,TM704270
TF104271,TM704271
TF104272,TM704272
TF104273,TM704273
TF104274,TM704274
TF104275,TM704275
TF104276,TM704276
TF104277,TM704277
TF104278,TM704278
TF104279,TM704279
TF104280,TM704280
TF104281,TM704281
TF104282,TM704282
TF104283,TM704283
TF104284,TM704284
TF104285,TM704285
TF104286,TM704286
TF104287,TM704287
TF104288,TM704288
TF104289,TM704289
TF104290,TM704290
TF104291,TM704291
TF104292,TM704292
TF104293,TM704293
TF104294,TM704294
TF104295,TM704295
TF104296,TM704296
TF104297,TM704297
TF104298,TM704298
TF104299,TM704299
TF104300,TM704300
TF104301,TM704301
TF104302,TM704302
TF104303,TM704303
TF104304,TM704304
TF104305,TM704305
TF104306,TM704306
TF104307,TM704307
TF104308,TM704308
TF104309,TM704309
TF104310,TM704310
TF104311,TM704311
TF104312,TM704312
TF104313,TM704313
TF104314,TM704314
TF104315,TM704315
TF104316,TM704316
TF104317,TM704317
TF104318,TM704318
TF104319,TM704319
TF104320,TM704320
TF104321,TM704321
TF104322,TM704322
TF104323,TM704323
TF104324,TM704324
TF104325,TM704325
TF104326,TM704326
TF104327,TM704327
TF104328,TM704328
TF104329,TM704329
TF104330,TM704330
TF104331,TM704331
TF104332,TM704332
TF104333,TM704333
TF104334,TM704334
TF104335,TM704335
TF104336,TM704336
TF104337,TM704337
TF104338,TM704338
TF104339,TM704339
TF104340,TM704340
TF104341,TM704341
TF104342,TM704342
TF104343,TM704343
TF104344,TM704344
TF104345,TM704345
TF104346,TM704346
TF104347,TM704347
TF104348,TM704348
TF104349,TM704349
TF104350,TM704350
TF104351,TM704351
TF104352,TM704352
TF104353,TM704353
TF104354,TM704354
TF104355,TM704355
TF104356,TM704356
TF104357,TM704357
TF104358,TM704358
TF104359,TM704359
TF104360,TM704360
TF104361,TM704361
TF104362,TM704362
TF104363,TM704363
TF104364,TM704364
TF104365,TM704365
TF104366,TM704366
TF104367,TM704367
TF104368,TM704368
TF104369,TM704369
TF104370,TM704370
TF104371,TM704371
TF104372,TM704372
TF104373,TM704373
TF104374,TM704374
TF104375,TM704375
TF104376,TM704376
TF104377,TM704377
TF104378,TM704378
TF104379,TM704379
TF104380,TM704380
TF104381,TM704381
TF104382,TM704382
TF104383,TM704383
TF104384,TM704384
TF104385,TM704385
TF104386,TM704386
TF104387,TM704387
TF104388,TM704388
TF104389,TM704389
TF104390,TM704390
TF104391,TM704391
TF104392,TM704392
TF104393,TM704393
TF104394,TM704394
TF104395,TM704395
TF104396,TM704396
TF104397,TM704397
TF104398,TM704398
TF104399,TM704399
TF104400,TM704400
TF104401,TM704401
TF104402,TM704402
TF104403,TM704403
TF104404,TM704404
TF104405,TM704405
TF104406,TM704406
TF104407,TM704407
TF104408,TM704408
TF104409,TM704409
TF104410,TM704410
TF104411,TM704411
TF104412,TM704412
TF104413,TM704413
TF104414,TM704414
TF104415,TM704415
TF104416,TM704416
TF104417,TM704417
TF104418,TM704418
TF104419,TM704419
TF104420,TM704420
TF104421,TM704421
TF104422,TM704422
TF104423,TM704423
TF104424,TM704424
TF104425,TM704425
TF104426,TM704426
TF104427,TM704427
TF104428,TM704428
TF104429,TM704429
TF104430,TM704430
TF104431,TM704431
TF104432,TM704432
TF104433,TM704433
TF104434,TM704434
TF104435,TM704435
TF104436,TM704436
TF104437,TM704437
TF104438,TM704438
TF104439,TM704439
TF104440,TM704440
TF104441,TM704441
TF104442,TM704442
TF104443,TM704443
TF104444,TM704444
TF104445,TM704445
TF104446,TM704446
TF104447,TM704447
TF104448,TM704448
TF104449,TM704449
TF104450,TM704450
TF104451,TM704451
TF104452,TM704452
TF104453,TM704453
TF104454,TM704454
TF104455,TM704455
TF104456,TM704456
TF104457,TM704457
TF104458,TM704458
TF104459,TM704459
TF104460,TM704460
TF104461,TM704461
TF104462,TM704462
TF104463,TM704463
TF104464,TM704464
TF104465,TM704465
TF104466,TM704466
TF104467,TM704467
TF104468,TM704468
TF104469,TM704469
TF104470,TM704470
TF104471,TM704471
TF104472,TM704472
TF104473,TM704473
TF104474,TM704474
TF104475,TM704475
TF104476,TM704476
TF104477,TM704477
TF104478,TM704478
TF104479,TM704479
TF104480,TM704480
TF104481,TM704481
TF104482,TM704482
TF104483,TM704483
TF104484,TM704484
TF104485,TM704485
TF104486,TM704486
TF104487,TM704487
TF104488,TM704488
TF104489,TM704489
TF104490,TM704490
TF104491,TM704491
TF104492,TM704492
TF104493,TM704493
TF104494,TM704494
TF104495,TM704495
TF104496,TM704496
TF104497,TM704497
TF104498,TM704498
TF104499,TM704499
TF104500,TM704500
TF104501,TM704501
TF104502,TM704502
TF104503,TM704503
TF104504,TM704504
TF104505,TM704505
TF104506,TM704506
TF104507,TM704507
TF104508,TM704508
TF104509,TM704509
TF104510,TM704510
TF104511,TM704511
TF104512,TM704512
TF104513,TM704513
TF104514,TM704514
TF104515,TM704515
TF104516,TM704516
TF104517,TM704517
TF104518,TM704518
TF104519,TM704519
TF104520,TM704520
TF104521,TM704521
TF104522,TM704522
TF104523,TM704523
TF104524,TM704524
TF104525,TM704525
TF104526,TM704526
TF104527,TM704527
TF104528,TM704528
TF104529,TM704529
TF104530,TM704530
TF104531,TM704531
TF104532,TM704532
TF104533,TM704533
TF104534,TM704534
TF104535,TM704535
TF104536,TM704536
TF104537,TM704537
TF104538,TM704538
TF104539,TM704539
TF104540,TM704540
TF104541,TM704541
TF104542,TM704542
TF104543,TM704543
TF104544,TM704544
TF104545,TM704545
TF104546,TM704546
TF104547,TM704547
TF104548,TM704548
TF104549,TM704549
TF104550,TM704550
TF104551,TM704551
TF104552,TM704552
TF104553,TM704553
TF104554,TM704554
TF104555,TM704555
TF104556,TM704556
TF104557,TM704557
TF104558,TM704558
TF104559,TM704559
TF104560,TM704560
TF104561,TM704561
TF104562,TM704562
TF104563,TM704563
TF104564,TM704564
TF104565,TM704565
TF104566,TM704566
TF104567,TM704567
TF104568,TM704568
TF104569,TM704569
TF104570,TM704570
TF104571,TM704571
TF104572,TM704572
TF104573,TM704573
TF104574,TM704574
TF104575,TM704575
TF104576,TM704576
TF104577,TM704577
TF104578,TM704578
TF104579,TM704579
TF104580,TM704580
TF104581,TM704581
TF104582,TM704582
TF104583,TM704583
TF104584,TM704584
TF104585,TM704585
TF104586,TM704586
TF104587,TM704587
TF104588,TM704588
TF104589,TM704589
TF104590,TM704590
TF104591,TM704591
TF104592,TM704592
TF104593,TM704593
TF104594,TM704594
TF104595,TM704595
TF104596,TM704596
TF104597,TM704597
TF104598,TM704598
TF104599,TM704599
TF104600,TM704600
TF104601,TM704601
TF104602,TM704602
TF104603,TM704603
TF104604,TM704604
TF104605,TM704605
TF104606,TM704606
TF104607,TM704607
TF104608,TM704608
TF104609,TM704609
TF104610,TM704610
TF104611,TM704611
TF104612,TM704612
TF104613,TM704613
TF104614,TM704614
TF104615,TM704615
TF104616,TM704616
TF104617,TM704617
TF104618,TM704618
TF104619,TM704619
TF104620,TM704620
TF104621,TM704621
TF104622,TM704622
TF104623,TM704623
TF104624,TM704624
TF104625,TM704625
TF104626,TM704626
TF104627,TM704627
TF104628,TM704628
TF104629,TM704629
TF104630,TM704630
TF104631,TM704631
TF104632,TM704632
TF104633,TM704633
TF104634,TM704634
TF104635,TM704635
TF104636,TM704636
TF104637,TM704637
TF104638,TM704638
TF104639,TM704639
TF104640,TM704640
TF104641,TM704641
TF104642,TM704642
TF104643,TM704643
TF104644,TM704644
TF104645,TM704645
TF104646,TM704646
TF104647,TM704647
TF104648,TM704648
TF104649,TM704649
TF104650,TM704650
TF104651,TM704651
TF104652,TM704652
TF104653,TM704653
TF104654,TM704654
TF104655,TM704655
TF104656,TM704656
TF104657,TM704657
TF104658,TM704658
TF104659,TM704659
TF104660,TM704660
TF104661,TM704661
TF104662,TM704662
TF104663,TM704663
TF104664,TM704664
TF104665,TM704665
TF104666,TM704666
TF104667,TM704667
TF104668,TM704668
TF104669,TM704669
TF104670,TM704670
TF104671,TM704671
TF104672,TM704672
TF104673,TM704673
TF104674,TM704674
TF104675,TM704675
TF104676,TM704676
TF104677,TM704677
TF104678,TM704678
TF104679,TM704679
TF104680,TM704680
TF104681,TM704681
TF104682,TM704682
TF104683,TM704683
TF104684,TM704684
TF104685,TM704685
TF104686,TM704686
TF104687,TM704687
TF104688,TM704688
TF104689,TM704689
TF104690,TM704690
TF104691,TM704691
TF104692,TM704692
TF104693,TM704693
TF104694,TM704694
TF104695,TM704695
TF104696,TM704696
TF104697,TM704697
TF104698,TM704698
TF104699,TM704699
TF104700,TM704700
TF104701,TM704701
TF104702,TM704702
TF104703,TM704703
TF104704,TM704704
TF104705,TM704705
TF104706,TM704706
TF104707,TM704707
TF104708,TM704708
TF104709,TM704709
TF104710,TM704710
TF104711,TM704711
TF104712,TM704712
TF104713,TM704713
TF104714,TM704714
TF104715,TM704715
TF104716,TM704716
TF104717,TM704717
TF104718,TM704718
TF104719,TM704719
TF104720,TM704720
TF104721,TM704721
TF104722,TM704722
TF104723,TM704723
TF104724,TM704724
TF104725,TM704725
TF104726,TM704726
TF104727,TM704727
TF104728,TM704728
TF104729,TM704729
TF104730,TM704730
TF104731,TM704731
TF104732,TM704732
TF104733,TM704733
TF104734,TM704734
TF104735,TM704735
TF104736,TM704736
TF104737,TM704737
TF104738,TM704738
TF104739,TM704739
TF104740,TM704740
TF104741,TM704741
TF104742,TM704742
TF104743,TM704743
TF104744,TM704744
TF104745,TM704745
TF104746,TM704746
TF104747,TM704747
TF104748,TM704748
TF104749,TM704749
TF104750,TM704750
TF104751,TM704751
TF104752,TM704752
TF104753,TM704753
TF104754,TM704754
TF104755,TM704755
TF104756,TM704756
TF104757,TM704757
TF104758,TM704758
TF104759,TM704759
TF104760,TM704760
TF104761,TM704761
TF104762,TM704762
TF104763,TM704763
TF104764,TM704764
TF104765,TM704765
TF104766,TM704766
TF104767,TM704767
TF104768,TM704768
TF104769,TM704769
TF104770,TM704770
TF104771,TM704771
TF104772,TM704772
TF104773,TM704773
TF104774,TM704774
TF104775,TM704775
TF104776,TM704776
TF104777,TM704777
TF104778,TM704778
TF104779,TM704779
TF104780,TM704780
TF104781,TM704781
TF104782,TM704782
TF104783,TM704783
TF104784,TM704784
TF104785,TM704785
TF104786,TM704786
TF104787,TM704787
TF104788,TM704788
TF104789,TM704789
TF104790,TM704790
TF104791,TM704791
TF104792,TM704792
TF104793,TM704793
TF104794,TM704794
TF104795,TM704795
TF104796,TM704796
TF104797,TM704797
TF104798,TM704798
TF104799,TM704799
TF104800,TM704800
TF104801,TM704801
TF104802,TM704802
TF104803,TM704803
TF104804,TM704804
TF104805,TM704805
TF104806,TM704806
TF104807,TM704807
TF104808,TM704808
TF104809,TM704809
TF104810,TM704810
TF104811,TM704811
TF104812,TM704812
TF104813,TM704813
TF104814,TM704814
TF104815,TM704815
TF104816,TM704816
TF104817,TM704817
TF104818,TM704818
TF104819,TM704819
TF104820,TM704820
TF104821,TM704821
TF104822,TM704822
TF104823,TM704823
TF104824,TM704824
TF104825,TM704825
TF104826,TM704826
TF104827,TM704827
TF104828,TM704828
TF104829,TM704829
TF104830,TM704830
TF104831,TM704831
TF104832,TM704832
TF104833,TM704833
TF104834,TM704834
TF104835,TM704835
TF104836,TM704836
TF104837,TM704837
TF104838,TM704838
TF104839,TM704839
TF104840,TM704840
TF104841,TM704841
TF104842,TM704842
TF104843,TM704843
TF104844,TM704844
TF104845,TM704845
TF104846,TM704846
TF104847,TM704847
TF104848,TM704848
TF104849,TM704849
TF104850,TM704850
TF104851,TM704851
TF104852,TM704852
TF104853,TM704853
TF104854,TM704854
TF104855,TM704855
TF104856,TM704856
TF104857,TM704857
TF104858,TM704858
TF104859,TM704859
TF104860,TM704860
TF104861,TM704861
TF104862,TM704862
TF104863,TM704863
TF104864,TM704864
TF104865,TM704865
TF104866,TM704866
TF104867,TM704867
TF104868,TM704868
TF104869,TM704869
TF104870,TM704870
TF104871,TM704871
TF104872,TM704872
TF104873,TM704873
TF104874,TM704874
TF104875,TM704875
TF104876,TM704876
TF104877,TM704877
TF104878,TM704878
TF104879,TM704879
TF104880,TM704880
TF104881,TM704881
TF104882,TM704882
TF104883,TM704883
TF104884,TM704884
TF104885,TM704885
TF104886,TM704886
TF104887,TM704887
TF104888,TM704888
TF104889,TM704889
TF104890,TM704890
TF104891,TM704891
TF104892,TM704892
TF104893,TM704893
TF104894,TM704894
TF104895,TM704895
TF104896,TM704896
TF104897,TM704897
TF104898,TM704898
TF104899,TM704899
TF104900,TM704900
TF104901,TM704901
TF104902,TM704902
TF104903,TM704903
TF104904,TM704904
TF104905,TM704905
TF104906,TM704906
TF104907,TM704907
TF104908,TM704908
TF104909,TM704909
TF104910,TM704910
TF104911,TM704911
TF104912,TM704912
TF104913,TM704913
TF104914,TM704914
TF104915,TM704915
TF104916,TM704916
TF104917,TM704917
TF104918,TM704918
TF104919,TM704919
TF104920,TM704920
TF104921,TM704921
TF104922,TM704922
TF104923,TM704923
TF104924,TM704924
TF104925,TM704925
TF104926,TM704926
TF104927,TM704927
TF104928,TM704928
TF104929,TM704929
TF104930,TM704930
TF104931,TM704931
TF104932,TM704932
TF104933,TM704933
TF104934,TM704934
TF104935,TM704935
TF104936,TM704936
TF104937,TM704937
TF104938,TM704938
TF104939,TM704939
TF104940,TM704940
TF104941,TM704941
TF104942,TM704942
TF104943,TM704943
TF104944,TM704944
TF104945,TM704945
TF104946,TM704946
TF104947,TM704947
TF104948,TM704948
TF104949,TM704949
TF104950,TM704950
TF104951,TM704951
TF104952,TM704952
TF104953,TM704953
TF104954,TM704954
TF104955,TM704955
TF104956,TM704956
TF104957,TM704957
TF104958,TM704958
TF104959,TM704959
TF104960,TM704960
TF104961,TM704961
TF104962,TM704962
TF104963,TM704963
TF104964,TM704964
TF104965,TM704965
TF104966,TM704966
TF104967,TM704967
TF104968,TM704968
TF104969,TM704969
TF104970,TM704970
TF104971,TM704971
TF104972,TM704972
TF104973,TM704973
TF104974,TM704974
TF104975,TM704975
TF104976,TM704976
TF104977,TM704977
TF104978,TM704978
TF104979,TM704979
TF104980,TM704980
TF104981,TM704981
TF104982,TM704982
TF104983,TM704983
TF104984,TM704984
TF104985,TM704985
TF104986,TM704986
TF104987,TM704987
TF104988,TM704988
TF104989,TM704989
TF104990,TM704990
TF104991,TM704991
TF104992,TM704992
TF104993,TM704993
TF104994,TM704994
TF104995,TM704995
TF104996,TM704996
TF104997,TM704997
TF104998,TM704998
TF104999,TM704999
TF105000,TM705000
TF105001,TM705001
TF105002,TM705002
TF105003,TM705003
TF105004,TM705004
TF105005,TM705005
TF105006,TM705006
TF105007,TM705007
TF105008,TM705008
TF105009,TM705009
TF105010,TM705010
TF105011,TM705011
TF105012,TM705012
TF105013,TM705013
TF105014,TM705014
TF105015,TM705015
TF105016,TM705016
TF105017,TM705017
TF105018,TM705018
TF105019,TM705019
TF105020,TM705020
TF105021,TM705021
TF105022,TM705022
TF105023,TM705023
TF105024,TM705024
TF105025,TM705025
TF105026,TM705026
TF105027,TM705027
TF105028,TM705028
TF105029,TM705029
TF105030,TM705030
TF105031,TM705031
TF105032,TM705032
TF105033,TM705033
TF105034,TM705034
TF105035,TM705035
TF105036,TM705036
TF105037,TM705037
TF105038,TM705038
TF105039,TM705039
TF105040,TM705040
TF105041,TM705041
TF105042,TM705042
TF105043,TM705043
TF105044,TM705044
TF105045,TM705045
TF105046,TM705046
TF105047,TM705047
TF105048,TM705048
TF105049,TM705049
TF105050,TM705050
TF105051,TM705051
TF105052,TM705052
TF105053,TM705053
TF105054,TM705054
TF105055,TM705055
TF105056,TM705056
TF105057,TM705057
TF105058,TM705058
TF105059,TM705059
TF105060,TM705060
TF105061,TM705061
TF105062,TM705062
TF105063,TM705063
TF105064,TM705064
TF105065,TM705065
TF105066,TM705066
TF105067,TM705067
TF105068,TM705068
TF105069,TM705069
TF105070,TM705070
TF105071,TM705071
TF105072,TM705072
TF105073,TM705073
TF105074,TM705074
TF105075,TM705075
TF105076,TM705076
TF105077,TM705077
TF105078,TM705078
TF105079,TM705079
TF105080,TM705080
TF105081,TM705081
TF105082,TM705082
TF105083,TM705083
TF105084,TM705084
TF105085,TM705085
TF105086,TM705086
TF105087,TM705087
TF105088,TM705088
TF105089,TM705089
TF105090,TM705090
TF105091,TM705091
TF105092,TM705092
TF105093,TM705093
TF105094,TM705094
TF105095,TM705095
TF105096,TM705096
TF105097,TM705097
TF105098,TM705098
TF105099,TM705099
TF105100,TM705100
TF105101,TM705101
TF105102,TM705102
TF105103,TM705103
TF105104,TM705104
TF105105,TM705105
TF105106,TM705106
TF105107,TM705107
TF105108,TM705108
TF105109,TM705109
TF105110,TM705110
TF105111,TM705111
TF105112,TM705112
TF105113,TM705113
TF105114,TM705114
TF105115,TM705115
TF105116,TM705116
TF105117,TM705117
TF105118,TM705118
TF105119,TM705119
TF105120,TM705120
TF105121,TM705121
TF105122,TM705122
TF105123,TM705123
TF105124,TM705124
TF105125,TM705125
TF105126,TM705126
TF105127,TM705127
TF105128,TM705128
TF105129,TM705129
TF105130,TM705130
TF105131,TM705131
TF105132,TM705132
TF105133,TM705133
TF105134,TM705134
TF105135,TM705135
TF105136,TM705136
TF105137,TM705137
TF105138,TM705138
TF105139,TM705139
TF105140,TM705140
TF105141,TM705141
TF105142,TM705142
TF105143,TM705143
TF105144,TM705144
TF105145,TM705145
TF105146,TM705146
TF105147,TM705147
TF105148,TM705148
TF105149,TM705149
TF105150,TM705150
TF105151,TM705151
TF105152,TM705152
TF105153,TM705153
TF105154,TM705154
TF105155,TM705155
TF105156,TM705156
TF105157,TM705157
TF105158,TM705158
TF105159,TM705159
TF105160,TM705160
TF105161,TM705161
TF105162,TM705162
TF105163,TM705163
TF105164,TM705164
TF105165,TM705165
TF105166,TM705166
TF105167,TM705167
TF105168,TM705168
TF105169,TM705169
TF105170,TM705170
TF105171,TM705171
TF105172,TM705172
TF105173,TM705173
TF105174,TM705174
TF105175,TM705175
TF105176,TM705176
TF105177,TM705177
TF105178,TM705178
TF105179,TM705179
TF105180,TM705180
TF105181,TM705181
TF105182,TM705182
TF105183,TM705183
TF105184,TM705184
TF105185,TM705185
TF105186,TM705186
TF105187,TM705187
TF105188,TM705188
TF105189,TM705189
TF105190,TM705190
TF105191,TM705191
TF105192,TM705192
TF105193,TM705193
TF105194,TM705194
TF105195,TM705195
TF105196,TM705196
TF105197,TM705197
TF105198,TM705198
TF105199,TM705199
TF105200,TM705200
TF105201,TM705201
TF105202,TM705202
TF105203,TM705203
TF105204,TM705204
TF105205,TM705205
TF105206,TM705206
TF105207,TM705207
TF105208,TM705208
TF105209,TM705209
TF105210,TM705210
TF105211,TM705211
TF105212,TM705212
TF105213,TM705213
TF105214,TM705214
TF105215,TM705215
TF105216,TM705216
TF105217,TM705217
TF105218,TM705218
TF105219,TM705219
TF105220,TM705220
TF105221,TM705221
TF105222,TM705222
TF105223,TM705223
TF105224,TM705224
TF105225,TM705225
TF105226,TM705226
TF105227,TM705227
TF105228,TM705228
TF105229,TM705229
TF105230,TM705230
TF105231,TM705231
TF105232,TM705232
TF105233,TM705233
TF105234,TM705234
TF105235,TM705235
TF105236,TM705236
TF105237,TM705237
TF105238,TM705238
TF105239,TM705239
TF105240,TM705240
TF105241,TM705241
TF105242,TM705242
TF105243,TM705243
TF105244,TM705244
TF105245,TM705245
TF105246,TM705246
TF105247,TM705247
TF105248,TM705248
TF105249,TM705249
TF105250,TM705250
TF105251,TM705251
TF105252,TM705252
TF105253,TM705253
TF105254,TM705254
TF105255,TM705255
TF105256,TM705256
TF105257,TM705257
TF105258,TM705258
TF105259,TM705259
TF105260,TM705260
TF105261,TM705261
TF105262,TM705262
TF105263,TM705263
TF105264,TM705264
TF105265,TM705265
TF105266,TM705266
TF105267,TM705267
TF105268,TM705268
TF105269,TM705269
TF105270,TM705270
TF105271,TM705271
TF105272,TM705272
TF105273,TM705273
TF105274,TM705274
TF105275,TM705275
TF105276,TM705276
TF105277,TM705277
TF105278,TM705278
TF105279,TM705279
TF105280,TM705280
TF105281,TM705281
TF105282,TM705282
TF105283,TM705283
TF105284,TM705284
TF105285,TM705285
TF105286,TM705286
TF105287,TM705287
TF105288,TM705288
TF105289,TM705289
TF105290,TM705290
TF105291,TM705291
TF105292,TM705292
TF105293,TM705293
TF105294,TM705294
TF105295,TM705295
TF105296,TM705296
TF105297,TM705297
TF105298,TM705298
TF105299,TM705299
TF105300,TM705300
TF105301,TM705301
TF105302,TM705302
TF105303,TM705303
TF105304,TM705304
TF105305,TM705305
TF105306,TM705306
TF105307,TM705307
TF105308,TM705308
TF105309,TM705309
TF105310,TM705310
TF105311,TM705311
TF105312,TM705312
TF105313,TM705313
TF105314,TM705314
TF105315,TM705315
TF105316,TM705316
TF105317,TM705317
TF105318,TM705318
TF105319,TM705319
TF105320,TM705320
TF105321,TM705321
TF105322,TM705322
TF105323,TM705323
TF105324,TM705324
TF105325,TM705325
TF105326,TM705326
TF105327,TM705327
TF105328,TM705328
TF105329,TM705329
TF105330,TM705330
TF105331,TM705331
TF105332,TM705332
TF105333,TM705333
TF105334,TM705334
TF105335,TM705335
TF105336,TM705336
TF105337,TM705337
TF105338,TM705338
TF105339,TM705339
TF105340,TM705340
TF105341,TM705341
TF105342,TM705342
TF105343,TM705343
TF105344,TM705344
TF105345,TM705345
TF105346,TM705346
TF105347,TM705347
TF105348,TM705348
TF105349,TM705349
TF105350,TM705350
TF105351,TM705351
TF105352,TM705352
TF105353,TM705353
TF105354,TM705354
TF105355,TM705355
TF105356,TM705356
TF105357,TM705357
TF105358,TM705358
TF105359,TM705359
TF105360,TM705360
TF105361,TM705361
TF105362,TM705362
TF105363,TM705363
TF105364,TM705364
TF105365,TM705365
TF105366,TM705366
TF105367,TM705367
TF105368,TM705368
TF105369,TM705369
TF105370,TM705370
TF105371,TM705371
TF105372,TM705372
TF105373,TM705373
TF105374,TM705374
TF105375,TM705375
TF105376,TM705376
TF105377,TM705377
TF105378,TM705378
TF105379,TM705379
TF105380,TM705380
TF105381,TM705381
TF105382,TM705382
TF105383,TM705383
TF105384,TM705384
TF105385,TM705385
TF105386,TM705386
TF105387,TM705387
TF105388,TM705388
TF105389,TM705389
TF105390,TM705390
TF105391,TM705391
TF105392,TM705392
TF105393,TM705393
TF105394,TM705394
TF105395,TM705395
TF105396,TM705396
TF105397,TM705397
TF105398,TM705398
TF105399,TM705399
TF105400,TM705400
TF105401,TM705401
TF105402,TM705402
TF105403,TM705403
TF105404,TM705404
TF105405,TM705405
TF105406,TM705406
TF105407,TM705407
TF105408,TM705408
TF105409,TM705409
TF105410,TM705410
TF105411,TM705411
TF105412,TM705412
TF105413,TM705413
TF105414,TM705414
TF105415,TM705415
TF105416,TM705416
TF105417,TM705417
TF105418,TM705418
TF105419,TM705419
TF105420,TM705420
TF105421,TM705421
TF105422,TM705422
TF105423,TM705423
TF105424,TM705424
TF105425,TM705425
TF105426,TM705426
TF105427,TM705427
TF105428,TM705428
TF105429,TM705429
TF105430,TM705430
TF105431,TM705431
TF105432,TM705432
TF105433,TM705433
TF105434,TM705434
TF105435,TM705435
TF105436,TM705436
TF105437,TM705437
TF105438,TM705438
TF105439,TM705439
TF105440,TM705440
TF105441,TM705441
TF105442,TM705442
TF105443,TM705443
TF105444,TM705444
TF105445,TM705445
TF105446,TM705446
TF105447,TM705447
TF105448,TM705448
TF105449,TM705449
TF105450,TM705450
TF105451,TM705451
TF105452,TM705452
TF105453,TM705453
TF105454,TM705454
TF105455,TM705455
TF105456,TM705456
TF105457,TM705457
TF105458,TM705458
TF105459,TM705459
TF105460,TM705460
TF105461,TM705461
TF105462,TM705462
TF105463,TM705463
TF105464,TM705464
TF105465,TM705465
TF105466,TM705466
TF105467,TM705467
TF105468,TM705468
TF105469,TM705469
TF105470,TM705470
TF105471,TM705471
TF105472,TM705472
TF105473,TM705473
TF105474,TM705474
TF105475,TM705475
TF105476,TM705476
TF105477,TM705477
TF105478,TM705478
TF105479,TM705479
TF105480,TM705480
TF105481,TM705481
TF105482,TM705482
TF105483,TM705483
TF105484,TM705484
TF105485,TM705485
TF105486,TM705486
TF105487,TM705487
TF105488,TM705488
TF105489,TM705489
TF105490,TM705490
TF105491,TM705491
TF105492,TM705492
TF105493,TM705493
TF105494,TM705494
TF105495,TM705495
TF105496,TM705496
TF105497,TM705497
TF105498,TM705498
TF105499,TM705499
TF105500,TM705500
TF105501,TM705501
TF105502,TM705502
TF105503,TM705503
TF105504,TM705504
TF105505,TM705505
TF105506,TM705506
TF105507,TM705507
TF105508,TM705508
TF105509,TM705509
TF105510,TM705510
TF105511,TM705511
TF105512,TM705512
TF105513,TM705513
TF105514,TM705514
TF105515,TM705515
TF105516,TM705516
TF105517,TM705517
TF105518,TM705518
TF105519,TM705519
TF105520,TM705520
TF105521,TM705521
TF105522,TM705522
TF105523,TM705523
TF105524,TM705524
TF105525,TM705525
TF105526,TM705526
TF105527,TM705527
TF105528,TM705528
TF105529,TM705529
TF105530,TM705530
TF105531,TM705531
TF105532,TM705532
TF105533,TM705533
TF105534,TM705534
TF105535,TM705535
TF105536,TM705536
TF105537,TM705537
TF105538,TM705538
TF105539,TM705539
TF105540,TM705540
TF105541,TM705541
TF105542,TM705542
TF105543,TM705543
TF105544,TM705544
TF105545,TM705545
TF105546,TM705546
TF105547,TM705547
TF105548,TM705548
TF105549,TM705549
TF105550,TM705550
TF105551,TM705551
TF105552,TM705552
TF105553,TM705553
TF105554,TM705554
TF105555,TM705555
TF105556,TM705556
TF105557,TM705557
TF105558,TM705558
TF105559,TM705559
TF105560,TM705560
TF105561,TM705561
TF105562,TM705562
TF105563,TM705563
TF105564,TM705564
TF105565,TM705565
TF105566,TM705566
TF105567,TM705567
TF105568,TM705568
TF105569,TM705569
TF105570,TM705570
TF105571,TM705571
TF105572,TM705572
TF105573,TM705573
TF105574,TM705574
TF105575,TM705575
TF105576,TM705576
TF105577,TM705577
TF105578,TM705578
TF105579,TM705579
TF105580,TM705580
TF105581,TM705581
TF105582,TM705582
TF105583,TM705583
TF105584,TM705584
TF105585,TM705585
TF105586,TM705586
TF105587,TM705587
TF105588,TM705588
TF105589,TM705589
TF105590,TM705590
TF105591,TM705591
TF105592,TM705592
TF105593,TM705593
TF105594,TM705594
TF105595,TM705595
TF105596,TM705596
TF105597,TM705597
TF105598,TM705598
TF105599,TM705599
TF105600,TM705600
TF105601,TM705601
TF105602,TM705602
TF105603,TM705603
TF105604,TM705604
TF105605,TM705605
TF105606,TM705606
TF105607,TM705607
TF105608,TM705608
TF105609,TM705609
TF105610,TM705610
TF105611,TM705611
TF105612,TM705612
TF105613,TM705613
TF105614,TM705614
TF105615,TM705615
TF105616,TM705616
TF105617,TM705617
TF105618,TM705618
TF105619,TM705619
TF105620,TM705620
TF105621,TM705621
TF105622,TM705622
TF105623,TM705623
TF105624,TM705624
TF105625,TM705625
TF105626,TM705626
TF105627,TM705627
TF105628,TM705628
TF105629,TM705629
TF105630,TM705630
TF105631,TM705631
TF105632,TM705632
TF105633,TM705633
TF105634,TM705634
TF105635,TM705635
TF105636,TM705636
TF105637,TM705637
TF105638,TM705638
TF105639,TM705639
TF105640,TM705640
TF105641,TM705641
TF105642,TM705642
TF105643,TM705643
TF105644,TM705644
TF105645,TM705645
TF105646,TM705646
TF105647,TM705647
TF105648,TM705648
TF105649,TM705649
TF105650,TM705650
TF105651,TM705651
TF105652,TM705652
TF105653,TM705653
TF105654,TM705654
TF105655,TM705655
TF105656,TM705656
TF105657,TM705657
TF105658,TM705658
TF105659,TM705659
TF105660,TM705660
TF105661,TM705661
TF105662,TM705662
TF105663,TM705663
TF105664,TM705664
TF105665,TM705665
TF105666,TM705666
TF105667,TM705667
TF105668,TM705668
TF105669,TM705669
TF105670,TM705670
TF105671,TM705671
TF105672,TM705672
TF105673,TM705673
TF105674,TM705674
TF105675,TM705675
TF105676,TM705676
TF105677,TM705677
TF105678,TM705678
TF105679,TM705679
TF105680,TM705680
TF105681,TM705681
TF105682,TM705682
TF105683,TM705683
TF105684,TM705684
TF105685,TM705685
TF105686,TM705686
TF105687,TM705687
TF105688,TM705688
TF105689,TM705689
TF105690,TM705690
TF105691,TM705691
TF105692,TM705692
TF105693,TM705693
TF105694,TM705694
TF105695,TM705695
TF105696,TM705696
TF105697,TM705697
TF105698,TM705698
TF105699,TM705699
TF105700,TM705700
TF105701,TM705701
TF105702,TM705702
TF105703,TM705703
TF105704,TM705704
TF105705,TM705705
TF105706,TM705706
TF105707,TM705707
TF105708,TM705708
TF105709,TM705709
TF105710,TM705710
TF105711,TM705711
TF105712,TM705712
TF105713,TM705713
TF105714,TM705714
TF105715,TM705715
TF105716,TM705716
TF105717,TM705717
TF105718,TM705718
TF105719,TM705719
TF105720,TM705720
TF105721,TM705721
TF105722,TM705722
TF105723,TM705723
TF105724,TM705724
TF105725,TM705725
TF105726,TM705726
TF105727,TM705727
TF105728,TM705728
TF105729,TM705729
TF105730,TM705730
TF105731,TM705731
TF105732,TM705732
TF105733,TM705733
TF105734,TM705734
TF105735,TM705735
TF105736,TM705736
TF105737,TM705737
TF105738,TM705738
TF105739,TM705739
TF105740,TM705740
TF105741,TM705741
TF105742,TM705742
TF105743,TM705743
TF105744,TM705744
TF105745,TM705745
TF105746,TM705746
TF105747,TM705747
TF105748,TM705748
TF105749,TM705749
TF105750,TM705750
TF105751,TM705751
TF105752,TM705752
TF105753,TM705753
TF105754,TM705754
TF105755,TM705755
TF105756,TM705756
TF105757,TM705757
TF105758,TM705758
TF105759,TM705759
TF105760,TM705760
TF105761,TM705761
TF105762,TM705762
TF105763,TM705763
TF105764,TM705764
TF105765,TM705765
TF105766,TM705766
TF105767,TM705767
TF105768,TM705768
TF105769,TM705769
TF105770,TM705770
TF105771,TM705771
TF105772,TM705772
TF105773,TM705773
TF105774,TM705774
TF105775,TM705775
TF105776,TM705776
TF105777,TM705777
TF105778,TM705778
TF105779,TM705779
TF105780,TM705780
TF105781,TM705781
TF105782,TM705782
TF105783,TM705783
TF105784,TM705784
TF105785,TM705785
TF105786,TM705786
TF105787,TM705787
TF105788,TM705788
TF105789,TM705789
TF105790,TM705790
TF105791,TM705791
TF105792,TM705792
TF105793,TM705793
TF105794,TM705794
TF105795,TM705795
TF105796,TM705796
TF105797,TM705797
TF105798,TM705798
TF105799,TM705799
TF105800,TM705800
TF105801,TM705801
TF105802,TM705802
TF105803,TM705803
TF105804,TM705804
TF105805,TM705805
TF105806,TM705806
TF105807,TM705807
TF105808,TM705808
TF105809,TM705809
TF105810,TM705810
TF105811,TM705811
TF105812,TM705812
TF105813,TM705813
TF105814,TM705814
TF105815,TM705815
TF105816,TM705816
TF105817,TM705817
TF105818,TM705818
TF105819,TM705819
TF105820,TM705820
TF105821,TM705821
TF105822,TM705822
TF105823,TM705823
TF105824,TM705824
TF105825,TM705825
TF105826,TM705826
TF105827,TM705827
TF105828,TM705828
TF105829,TM705829
TF105830,TM705830
TF105831,TM705831
TF105832,TM705832
TF105833,TM705833
TF105834,TM705834
TF105835,TM705835
TF105836,TM705836
TF105837,TM705837
TF105838,TM705838
TF105839,TM705839
TF105840,TM705840
TF105841,TM705841
TF105842,TM705842
TF105843,TM705843
TF105844,TM705844
TF105845,TM705845
TF105846,TM705846
TF105847,TM705847
TF105848,TM705848
TF105849,TM705849
TF105850,TM705850
TF105851,TM705851
TF105852,TM705852
TF105853,TM705853
TF105854,TM705854
TF105855,TM705855
TF105856,TM705856
TF105857,TM705857
TF105858,TM705858
TF105859,TM705859
TF105860,TM705860
TF105861,TM705861
TF105862,TM705862
TF105863,TM705863
TF105864,TM705864
TF105865,TM705865
TF105866,TM705866
TF105867,TM705867
TF105868,TM705868
TF105869,TM705869
TF105870,TM705870
TF105871,TM705871
TF105872,TM705872
TF105873,TM705873
TF105874,TM705874
TF105875,TM705875
TF105876,TM705876
TF105877,TM705877
TF105878,TM705878
TF105879,TM705879
TF105880,TM705880
TF105881,TM705881
TF105882,TM705882
TF105883,TM705883
TF105884,TM705884
TF105885,TM705885
TF105886,TM705886
TF105887,TM705887
TF105888,TM705888
TF105889,TM705889
TF105890,TM705890
TF105891,TM705891
TF105892,TM705892
TF105893,TM705893
TF105894,TM705894
TF105895,TM705895
TF105896,TM705896
TF105897,TM705897
TF105898,TM705898
TF105899,TM705899
TF105900,TM705900
TF105901,TM705901
TF105902,TM705902
TF105903,TM705903
TF105904,TM705904
TF105905,TM705905
TF105906,TM705906
TF105907,TM705907
TF105908,TM705908
TF105909,TM705909
TF105910,TM705910
TF105911,TM705911
TF105912,TM705912
TF105913,TM705913
TF105914,TM705914
TF105915,TM705915
TF105916,TM705916
TF105917,TM705917
TF105918,TM705918
TF105919,TM705919
TF105920,TM705920
TF105921,TM705921
TF105922,TM705922
TF105923,TM705923
TF105924,TM705924
TF105925,TM705925
TF105926,TM705926
TF105927,TM705927
TF105928,TM705928
TF105929,TM705929
TF105930,TM705930
TF105931,TM705931
TF105932,TM705932
TF105933,TM705933
TF105934,TM705934
TF105935,TM705935
TF105936,TM705936
TF105937,TM705937
TF105938,TM705938
TF105939,TM705939
TF105940,TM705940
TF105941,TM705941
TF105942,TM705942
TF105943,TM705943
TF105944,TM705944
TF105945,TM705945
TF105946,TM705946
TF105947,TM705947
TF105948,TM705948
TF105949,TM705949
TF105950,TM705950
TF105951,TM705951
TF105952,TM705952
TF105953,TM705953
TF105954,TM705954
TF105955,TM705955
TF105956,TM705956
TF105957,TM705957
TF105958,TM705958
TF105959,TM705959
TF105960,TM705960
TF105961,TM705961
TF105962,TM705962
TF105963,TM705963
TF105964,TM705964
TF105965,TM705965
TF105966,TM705966
TF105967,TM705967
TF105968,TM705968
TF105969,TM705969
TF105970,TM705970
TF105971,TM705971
TF105972,TM705972
TF105973,TM705973
TF105974,TM705974
TF105975,TM705975
TF105976,TM705976
TF105977,TM705977
TF105978,TM705978
TF105979,TM705979
TF105980,TM705980
TF105981,TM705981
TF105982,TM705982
TF105983,TM705983
TF105984,TM705984
TF105985,TM705985
TF105986,TM705986
TF105987,TM705987
TF105988,TM705988
TF105989,TM705989
TF105990,TM705990
TF105991,TM705991
TF105992,TM705992
TF105993,TM705993
TF105994,TM705994
TF105995,TM705995
TF105996,TM705996
TF105997,TM705997
TF105998,TM705998
TF105999,TM705999
TF106000,TM706000
TF106001,TM706001
TF106002,TM706002
TF106003,TM706003
TF106004,TM706004
TF106005,TM706005
TF106006,TM706006
TF106007,TM706007
TF106008,TM706008
TF106009,TM706009
TF106010,TM706010
TF106011,TM706011
TF106012,TM706012
TF106013,TM706013
TF106014,TM706014
TF106015,TM706015
TF106016,TM706016
TF106017,TM706017
TF106018,TM706018
TF106019,TM706019
TF106020,TM706020
TF106021,TM706021
TF106022,TM706022
TF106023,TM706023
TF106024,TM706024
TF106025,TM706025
TF106026,TM706026
TF106027,TM706027
TF106028,TM706028
TF106029,TM706029
TF106030,TM706030
TF106031,TM706031
TF106032,TM706032
TF106033,TM706033
TF106034,TM706034
TF106035,TM706035
TF106036,TM706036
TF106037,TM706037
TF106038,TM706038
TF106039,TM706039
TF106040,TM706040
TF106041,TM706041
TF106042,TM706042
TF106043,TM706043
TF106044,TM706044
TF106045,TM706045
TF106046,TM706046
TF106047,TM706047
TF106048,TM706048
TF106049,TM706049
TF106050,TM706050
TF106051,TM706051
TF106052,TM706052
TF106053,TM706053
TF106054,TM706054
TF106055,TM706055
TF106056,TM706056
TF106057,TM706057
TF106058,TM706058
TF106059,TM706059
TF106060,TM706060
TF106061,TM706061
TF106062,TM706062
TF106063,TM706063
TF106064,TM706064
TF106065,TM706065
TF106066,TM706066
TF106067,TM706067
TF106068,TM706068
TF106069,TM706069
TF106070,TM706070
TF106071,TM706071
TF106072,TM706072
TF106073,TM706073
TF106074,TM706074
TF106075,TM706075
TF106076,TM706076
TF106077,TM706077
TF106078,TM706078
TF106079,TM706079
TF106080,TM706080
TF106081,TM706081
TF106082,TM706082
TF106083,TM706083
TF106084,TM706084
TF106085,TM706085
TF106086,TM706086
TF106087,TM706087
TF106088,TM706088
TF106089,TM706089
TF106090,TM706090
TF106091,TM706091
TF106092,TM706092
TF106093,TM706093
TF106094,TM706094
TF106095,TM706095
TF106096,TM706096
TF106097,TM706097
TF106098,TM706098
TF106099,TM706099
TF106100,TM706100
TF106101,TM706101
TF106102,TM706102
TF106103,TM706103
TF106104,TM706104
TF106105,TM706105
TF106106,TM706106
TF106107,TM706107
TF106108,TM706108
TF106109,TM706109
TF106110,TM706110
TF106111,TM706111
TF106112,TM706112
TF106113,TM706113
TF106114,TM706114
TF106115,TM706115
TF106116,TM706116
TF106117,TM706117
TF106118,TM706118
TF106119,TM706119
TF106120,TM706120
TF106121,TM706121
TF106122,TM706122
TF106123,TM706123
TF106124,TM706124
TF106125,TM706125
TF106126,TM706126
TF106127,TM706127
TF106128,TM706128
TF106129,TM706129
TF106130,TM706130
TF106131,TM706131
TF106132,TM706132
TF106133,TM706133
TF106134,TM706134
TF106135,TM706135
TF106136,TM706136
TF106137,TM706137
TF106138,TM706138
TF106139,TM706139
TF106140,TM706140
TF106141,TM706141
TF106142,TM706142
TF106143,TM706143
TF106144,TM706144
TF106145,TM706145
TF106146,TM706146
TF106147,TM706147
TF106148,TM706148
TF106149,TM706149
TF106150,TM706150
TF106151,TM706151
TF106152,TM706152
TF106153,TM706153
TF106154,TM706154
TF106155,TM706155
TF106156,TM706156
TF106157,TM706157
TF106158,TM706158
TF106159,TM706159
TF106160,TM706160
TF106161,TM706161
TF106162,TM706162
TF106163,TM706163
TF106164,TM706164
TF106165,TM706165
TF106166,TM706166
TF106167,TM706167
TF106168,TM706168
TF106169,TM706169
TF106170,TM706170
TF106171,TM706171
TF106172,TM706172
TF106173,TM706173
TF106174,TM706174
TF106175,TM706175
TF106176,TM706176
TF106177,TM706177
TF106178,TM706178
TF106179,TM706179
TF106180,TM706180
TF106181,TM706181
TF106182,TM706182
TF106183,TM706183
TF106184,TM706184
TF106185,TM706185
TF106186,TM706186
TF106187,TM706187
TF106188,TM706188
TF106189,TM706189
TF106190,TM706190
TF106191,TM706191
TF106192,TM706192
TF106193,TM706193
TF106194,TM706194
TF106195,TM706195
TF106196,TM706196
TF106197,TM706197
TF106198,TM706198
TF106199,TM706199
TF106200,TM706200
TF106201,TM706201
TF106202,TM706202
TF106203,TM706203
TF106204,TM706204
TF106205,TM706205
TF106206,TM706206
TF106207,TM706207
TF106208,TM706208
TF106209,TM706209
TF106210,TM706210
TF106211,TM706211
TF106212,TM706212
TF106213,TM706213
TF106214,TM706214
TF106215,TM706215
TF106216,TM706216
TF106217,TM706217
TF106218,TM706218
TF106219,TM706219
TF106220,TM706220
TF106221,TM706221
TF106222,TM706222
TF106223,TM706223
TF106224,TM706224
TF106225,TM706225
TF106226,TM706226
TF106227,TM706227
TF106228,TM706228
TF106229,TM706229
TF106230,TM706230
TF106231,TM706231
TF106232,TM706232
TF106233,TM706233
TF106234,TM706234
TF106235,TM706235
TF106236,TM706236
TF106237,TM706237
TF106238,TM706238
TF106239,TM706239
TF106240,TM706240
TF106241,TM706241
TF106242,TM706242
TF106243,TM706243
TF106244,TM706244
TF106245,TM706245
TF106246,TM706246
TF106247,TM706247
TF106248,TM706248
TF106249,TM706249
TF106250,TM706250
TF106251,TM706251
TF106252,TM706252
TF106253,TM706253
TF106254,TM706254
TF106255,TM706255
TF106256,TM706256
TF106257,TM706257
TF106258,TM706258
TF106259,TM706259
TF106260,TM706260
TF106261,TM706261
TF106262,TM706262
TF106263,TM706263
TF106264,TM706264
TF106265,TM706265
TF106266,TM706266
TF106267,TM706267
TF106268,TM706268
TF106269,TM706269
TF106270,TM706270
TF106271,TM706271
TF106272,TM706272
TF106273,TM706273
TF106274,TM706274
TF106275,TM706275
TF106276,TM706276
TF106277,TM706277
TF106278,TM706278
TF106279,TM706279
TF106280,TM706280
TF106281,TM706281
TF106282,TM706282
TF106283,TM706283
TF106284,TM706284
TF106285,TM706285
TF106286,TM706286
TF106287,TM706287
TF106288,TM706288
TF106289,TM706289
TF106290,TM706290
TF106291,TM706291
TF106292,TM706292
TF106293,TM706293
TF106294,TM706294
TF106295,TM706295
TF106296,TM706296
TF106297,TM706297
TF106298,TM706298
TF106299,TM706299
TF106300,TM706300
TF106301,TM706301
TF106302,TM706302
TF106303,TM706303
TF106304,TM706304
TF106305,TM706305
TF106306,TM706306
TF106307,TM706307
TF106308,TM706308
TF106309,TM706309
TF106310,TM706310
TF106311,TM706311
TF106312,TM706312
TF106313,TM706313
TF106314,TM706314
TF106315,TM706315
TF106316,TM706316
TF106317,TM706317
TF106318,TM706318
TF106319,TM706319
TF106320,TM706320
TF106321,TM706321
TF106322,TM706322
TF106323,TM706323
TF106324,TM706324
TF106325,TM706325
TF106326,TM706326
TF106327,TM706327
TF106328,TM706328
TF106329,TM706329
TF106330,TM706330
TF106331,TM706331
TF106332,TM706332
TF106333,TM706333
TF106334,TM706334
TF106335,TM706335
TF106336,TM706336
TF106337,TM706337
TF106338,TM706338
TF106339,TM706339
TF106340,TM706340
TF106341,TM706341
TF106342,TM706342
TF106343,TM706343
TF106344,TM706344
TF106345,TM706345
TF106346,TM706346
TF106347,TM706347
TF106348,TM706348
TF106349,TM706349
TF106350,TM706350
TF106351,TM706351
TF106352,TM706352
TF106353,TM706353
TF106354,TM706354
TF106355,TM706355
TF106356,TM706356
TF106357,TM706357
TF106358,TM706358
TF106359,TM706359
TF106360,TM706360
TF106361,TM706361
TF106362,TM706362
TF106363,TM706363
TF106364,TM706364
TF106365,TM706365
TF106366,TM706366
TF106367,TM706367
TF106368,TM706368
TF106369,TM706369
TF106370,TM706370
TF106371,TM706371
TF106372,TM706372
TF106373,TM706373
TF106374,TM706374
TF106375,TM706375
TF106376,TM706376
TF106377,TM706377
TF106378,TM706378
TF106379,TM706379
TF106380,TM706380
TF106381,TM706381
TF106382,TM706382
TF106383,TM706383
TF106384,TM706384
TF106385,TM706385
TF106386,TM706386
TF106387,TM706387
TF106388,TM706388
TF106389,TM706389
TF106390,TM706390
TF106391,TM706391
TF106392,TM706392
TF106393,TM706393
TF106394,TM706394
TF106395,TM706395
TF106396,TM706396
TF106397,TM706397
TF106398,TM706398
TF106399,TM706399
TF106400,TM706400
TF106401,TM706401
TF106402,TM706402
TF106403,TM706403
TF106404,TM706404
TF106405,TM706405
TF106406,TM706406
TF106407,TM706407
TF106408,TM706408
TF106409,TM706409
TF106410,TM706410
TF106411,TM706411
TF106412,TM706412
TF106413,TM706413
TF106414,TM706414
TF106415,TM706415
TF106416,TM706416
TF106417,TM706417
TF106418,TM706418
TF106419,TM706419
TF106420,TM706420
TF106421,TM706421
TF106422,TM706422
TF106423,TM706423
TF106424,TM706424
TF106425,TM706425
TF106426,TM706426
TF106427,TM706427
TF106428,TM706428
TF106429,TM706429
TF106430,TM706430
TF106431,TM706431
TF106432,TM706432
TF106433,TM706433
TF106434,TM706434
TF106435,TM706435
TF106436,TM706436
TF106437,TM706437
TF106438,TM706438
TF106439,TM706439
TF106440,TM706440
TF106441,TM706441
TF106442,TM706442
TF106443,TM706443
TF106444,TM706444
TF106445,TM706445
TF106446,TM706446
TF106447,TM706447
TF106448,TM706448
TF106449,TM706449
TF106450,TM706450
TF106451,TM706451
TF106452,TM706452
TF106453,TM706453
TF106454,TM706454
TF106455,TM706455
TF106456,TM706456
TF106457,TM706457
TF106458,TM706458
TF106459,TM706459
TF106460,TM706460
TF106461,TM706461
TF106462,TM706462
TF106463,TM706463
TF106464,TM706464
TF106465,TM706465
TF106466,TM706466
TF106467,TM706467
TF106468,TM706468
TF106469,TM706469
TF106470,TM706470
TF106471,TM706471
TF106472,TM706472
TF106473,TM706473
TF106474,TM706474
TF106475,TM706475
TF106476,TM706476
TF106477,TM706477
TF106478,TM706478
TF106479,TM706479
TF106480,TM706480
TF106481,TM706481
TF106482,TM706482
TF106483,TM706483
TF106484,TM706484
TF106485,TM706485
TF106486,TM706486
TF106487,TM706487
TF106488,TM706488
TF106489,TM706489
TF106490,TM706490
TF106491,TM706491
TF106492,TM706492
TF106493,TM706493
TF106494,TM706494
TF106495,TM706495
TF106496,TM706496
TF106497,TM706497
TF106498,TM706498
TF106499,TM706499
TF106500,TM706500
TF106501,TM706501
TF106502,TM706502
TF106503,TM706503
TF106504,TM706504
TF106505,TM706505
TF106506,TM706506
TF106507,TM706507
TF106508,TM706508
TF106509,TM706509
TF106510,TM706510
TF106511,TM706511
TF106512,TM706512
TF106513,TM706513
TF106514,TM706514
TF106515,TM706515
TF106516,TM706516
TF106517,TM706517
TF106518,TM706518
TF106519,TM706519
TF106520,TM706520
TF106521,TM706521
TF106522,TM706522
TF106523,TM706523
TF106524,TM706524
TF106525,TM706525
TF106526,TM706526
TF106527,TM706527
TF106528,TM706528
TF106529,TM706529
TF106530,TM706530
TF106531,TM706531
TF106532,TM706532
TF106533,TM706533
TF106534,TM706534
TF106535,TM706535
TF106536,TM706536
TF106537,TM706537
TF106538,TM706538
TF106539,TM706539
TF106540,TM706540
TF106541,TM706541
TF106542,TM706542
TF106543,TM706543
TF106544,TM706544
TF106545,TM706545
TF106546,TM706546
TF106547,TM706547
TF106548,TM706548
TF106549,TM706549
TF106550,TM706550
TF106551,TM706551
TF106552,TM706552
TF106553,TM706553
TF106554,TM706554
TF106555,TM706555
TF106556,TM706556
TF106557,TM706557
TF106558,TM706558
TF106559,TM706559
TF106560,TM706560
TF106561,TM706561
TF106562,TM706562
TF106563,TM706563
TF106564,TM706564
TF106565,TM706565
TF106566,TM706566
TF106567,TM706567
TF106568,TM706568
TF106569,TM706569
TF106570,TM706570
TF106571,TM706571
TF106572,TM706572
TF106573,TM706573
TF106574,TM706574
TF106575,TM706575
TF106576,TM706576
TF106577,TM706577
TF106578,TM706578
TF106579,TM706579
TF106580,TM706580
TF106581,TM706581
TF106582,TM706582
TF106583,TM706583
TF106584,TM706584
TF106585,TM706585
TF106586,TM706586
TF106587,TM706587
TF106588,TM706588
TF106589,TM706589
TF106590,TM706590
TF106591,TM706591
TF106592,TM706592
TF106593,TM706593
TF106594,TM706594
TF106595,TM706595
TF106596,TM706596
TF106597,TM706597
TF106598,TM706598
TF106599,TM706599
TF106600,TM706600
TF106601,TM706601
TF106602,TM706602
TF106603,TM706603
TF106604,TM706604
TF106605,TM706605
TF106606,TM706606
TF106607,TM706607
TF106608,TM706608
TF106609,TM706609
TF106610,TM706610
TF106611,TM706611
TF106612,TM706612
TF106613,TM706613
TF106614,TM706614
TF106615,TM706615
TF106616,TM706616
TF106617,TM706617
TF106618,TM706618
TF106619,TM706619
TF106620,TM706620
TF106621,TM706621
TF106622,TM706622
TF106623,TM706623
TF106624,TM706624
TF106625,TM706625
TF106626,TM706626
TF106627,TM706627
TF106628,TM706628
TF106629,TM706629
TF106630,TM706630
TF106631,TM706631
TF106632,TM706632
TF106633,TM706633
TF106634,TM706634
TF106635,TM706635
TF106636,TM706636
TF106637,TM706637
TF106638,TM706638
TF106639,TM706639
TF106640,TM706640
TF106641,TM706641
TF106642,TM706642
TF106643,TM706643
TF106644,TM706644
TF106645,TM706645
TF106646,TM706646
TF106647,TM706647
TF106648,TM706648
TF106649,TM706649
TF106650,TM706650
TF106651,TM706651
TF106652,TM706652
TF106653,TM706653
TF106654,TM706654
TF106655,TM706655
TF106656,TM706656
TF106657,TM706657
TF106658,TM706658
TF106659,TM706659
TF106660,TM706660
TF106661,TM706661
TF106662,TM706662
TF106663,TM706663
TF106664,TM706664
TF106665,TM706665
TF106666,TM706666
TF106667,TM706667
TF106668,TM706668
TF106669,TM706669
TF106670,TM706670
TF106671,TM706671
TF106672,TM706672
TF106673,TM706673
TF106674,TM706674
TF106675,TM706675
TF106676,TM706676
TF106677,TM706677
TF106678,TM706678
TF106679,TM706679
TF106680,TM706680
TF106681,TM706681
TF106682,TM706682
TF106683,TM706683
TF106684,TM706684
TF106685,TM706685
TF106686,TM706686
TF106687,TM706687
TF106688,TM706688
TF106689,TM706689
TF106690,TM706690
TF106691,TM706691
TF106692,TM706692
TF106693,TM706693
TF106694,TM706694
TF106695,TM706695
TF106696,TM706696
TF106697,TM706697
TF106698,TM706698
TF106699,TM706699
TF106700,TM706700
TF106701,TM706701
TF106702,TM706702
TF106703,TM706703
TF106704,TM706704
TF106705,TM706705
TF106706,TM706706
TF106707,TM706707
TF106708,TM706708
TF106709,TM706709
TF106710,TM706710
TF106711,TM706711
TF106712,TM706712
TF106713,TM706713
TF106714,TM706714
TF106715,TM706715
TF106716,TM706716
TF106717,TM706717
TF106718,TM706718
TF106719,TM706719
TF106720,TM706720
TF106721,TM706721
TF106722,TM706722
TF106723,TM706723
TF106724,TM706724
TF106725,TM706725
TF106726,TM706726
TF106727,TM706727
TF106728,TM706728
TF106729,TM706729
TF106730,TM706730
TF106731,TM706731
TF106732,TM706732
TF106733,TM706733
TF106734,TM706734
TF106735,TM706735
TF106736,TM706736
TF106737,TM706737
TF106738,TM706738
TF106739,TM706739
TF106740,TM706740
TF106741,TM706741
TF106742,TM706742
TF106743,TM706743
TF106744,TM706744
TF106745,TM706745
TF106746,TM706746
TF106747,TM706747
TF106748,TM706748
TF106749,TM706749
TF106750,TM706750
TF106751,TM706751
TF106752,TM706752
TF106753,TM706753
TF106754,TM706754
TF106755,TM706755
TF106756,TM706756
TF106757,TM706757
TF106758,TM706758
TF106759,TM706759
TF106760,TM706760
TF106761,TM706761
TF106762,TM706762
TF106763,TM706763
TF106764,TM706764
TF106765,TM706765
TF106766,TM706766
TF106767,TM706767
TF106768,TM706768
TF106769,TM706769
TF106770,TM706770
TF106771,TM706771
TF106772,TM706772
TF106773,TM706773
TF106774,TM706774
TF106775,TM706775
TF106776,TM706776
TF106777,TM706777
TF106778,TM706778
TF106779,TM706779
TF106780,TM706780
TF106781,TM706781
TF106782,TM706782
TF106783,TM706783
TF106784,TM706784
TF106785,TM706785
TF106786,TM706786
TF106787,TM706787
TF106788,TM706788
TF106789,TM706789
TF106790,TM706790
TF106791,TM706791
TF106792,TM706792
TF106793,TM706793
TF106794,TM706794
TF106795,TM706795
TF106796,TM706796
TF106797,TM706797
TF106798,TM706798
TF106799,TM706799
TF106800,TM706800
TF106801,TM706801
TF106802,TM706802
TF106803,TM706803
TF106804,TM706804
TF106805,TM706805
TF106806,TM706806
TF106807,TM706807
TF106808,TM706808
TF106809,TM706809
TF106810,TM706810
TF106811,TM706811
TF106812,TM706812
TF106813,TM706813
TF106814,TM706814
TF106815,TM706815
TF106816,TM706816
TF106817,TM706817
TF106818,TM706818
TF106819,TM706819
TF106820,TM706820
TF106821,TM706821
TF106822,TM706822
TF106823,TM706823
TF106824,TM706824
TF106825,TM706825
TF106826,TM706826
TF106827,TM706827
TF106828,TM706828
TF106829,TM706829
TF106830,TM706830
TF106831,TM706831
TF106832,TM706832
TF106833,TM706833
TF106834,TM706834
TF106835,TM706835
TF106836,TM706836
TF106837,TM706837
TF106838,TM706838
TF106839,TM706839
TF106840,TM706840
TF106841,TM706841
TF106842,TM706842
TF106843,TM706843
TF106844,TM706844
TF106845,TM706845
TF106846,TM706846
TF106847,TM706847
TF106848,TM706848
TF106849,TM706849
TF106850,TM706850
TF106851,TM706851
TF106852,TM706852
TF106853,TM706853
TF106854,TM706854
TF106855,TM706855
TF106856,TM706856
TF106857,TM706857
TF106858,TM706858
TF106859,TM706859
TF106860,TM706860
TF106861,TM706861
TF106862,TM706862
TF106863,TM706863
TF106864,TM706864
TF106865,TM706865
TF106866,TM706866
TF106867,TM706867
TF106868,TM706868
TF106869,TM706869
TF106870,TM706870
TF106871,TM706871
TF106872,TM706872
TF106873,TM706873
TF106874,TM706874
TF106875,TM706875
TF106876,TM706876
TF106877,TM706877
TF106878,TM706878
TF106879,TM706879
TF106880,TM706880
TF106881,TM706881
TF106882,TM706882
TF106883,TM706883
TF106884,TM706884
TF106885,TM706885
TF106886,TM706886
TF106887,TM706887
TF106888,TM706888
TF106889,TM706889
TF106890,TM706890
TF106891,TM706891
TF106892,TM706892
TF106893,TM706893
TF106894,TM706894
TF106895,TM706895
TF106896,TM706896
TF106897,TM706897
TF106898,TM706898
TF106899,TM706899
TF106900,TM706900
TF106901,TM706901
TF106902,TM706902
TF106903,TM706903
TF106904,TM706904
TF106905,TM706905
TF106906,TM706906
TF106907,TM706907
TF106908,TM706908
TF106909,TM706909
TF106910,TM706910
TF106911,TM706911
TF106912,TM706912
TF106913,TM706913
TF106914,TM706914
TF106915,TM706915
TF106916,TM706916
TF106917,TM706917
TF106918,TM706918
TF106919,TM706919
TF106920,TM706920
TF106921,TM706921
TF106922,TM706922
TF106923,TM706923
TF106924,TM706924
TF106925,TM706925
TF106926,TM706926
TF106927,TM706927
TF106928,TM706928
TF106929,TM706929
TF106930,TM706930
TF106931,TM706931
TF106932,TM706932
TF106933,TM706933
TF106934,TM706934
TF106935,TM706935
TF106936,TM706936
TF106937,TM706937
TF106938,TM706938
TF106939,TM706939
TF106940,TM706940
TF106941,TM706941
TF106942,TM706942
TF106943,TM706943
TF106944,TM706944
TF106945,TM706945
TF106946,TM706946
TF106947,TM706947
TF106948,TM706948
TF106949,TM706949
TF106950,TM706950
TF106951,TM706951
TF106952,TM706952
TF106953,TM706953
TF106954,TM706954
TF106955,TM706955
TF106956,TM706956
TF106957,TM706957
TF106958,TM706958
TF106959,TM706959
TF106960,TM706960
TF106961,TM706961
TF106962,TM706962
TF106963,TM706963
TF106964,TM706964
TF106965,TM706965
TF106966,TM706966
TF106967,TM706967
TF106968,TM706968
TF106969,TM706969
TF106970,TM706970
TF106971,TM706971
TF106972,TM706972
TF106973,TM706973
TF106974,TM706974
TF106975,TM706975
TF106976,TM706976
TF106977,TM706977
TF106978,TM706978
TF106979,TM706979
TF106980,TM706980
TF106981,TM706981
TF106982,TM706982
TF106983,TM706983
TF106984,TM706984
TF106985,TM706985
TF106986,TM706986
TF106987,TM706987
TF106988,TM706988
TF106989,TM706989
TF106990,TM706990
TF106991,TM706991
TF106992,TM706992
TF106993,TM706993
TF106994,TM706994
TF106995,TM706995
TF106996,TM706996
TF106997,TM706997
TF106998,TM706998
TF106999,TM706999
TF107000,TM707000
TF107001,TM707001
TF107002,TM707002
TF107003,TM707003
TF107004,TM707004
TF107005,TM707005
TF107006,TM707006
TF107007,TM707007
TF107008,TM707008
TF107009,TM707009
TF107010,TM707010
TF107011,TM707011
TF107012,TM707012
TF107013,TM707013
TF107014,TM707014
TF107015,TM707015
TF107016,TM707016
TF107017,TM707017
TF107018,TM707018
TF107019,TM707019
TF107020,TM707020
TF107021,TM707021
TF107022,TM707022
TF107023,TM707023
TF107024,TM707024
TF107025,TM707025
TF107026,TM707026
TF107027,TM707027
TF107028,TM707028
TF107029,TM707029
TF107030,TM707030
TF107031,TM707031
TF107032,TM707032
TF107033,TM707033
TF107034,TM707034
TF107035,TM707035
TF107036,TM707036
TF107037,TM707037
TF107038,TM707038
TF107039,TM707039
TF107040,TM707040
TF107041,TM707041
TF107042,TM707042
TF107043,TM707043
TF107044,TM707044
TF107045,TM707045
TF107046,TM707046
TF107047,TM707047
TF107048,TM707048
TF107049,TM707049
TF107050,TM707050
TF107051,TM707051
TF107052,TM707052
TF107053,TM707053
TF107054,TM707054
TF107055,TM707055
TF107056,TM707056
TF107057,TM707057
TF107058,TM707058
TF107059,TM707059
TF107060,TM707060
TF107061,TM707061
TF107062,TM707062
TF107063,TM707063
TF107064,TM707064
TF107065,TM707065
TF107066,TM707066
TF107067,TM707067
TF107068,TM707068
TF107069,TM707069
TF107070,TM707070
TF107071,TM707071
TF107072,TM707072
TF107073,TM707073
TF107074,TM707074
TF107075,TM707075
TF107076,TM707076
TF107077,TM707077
TF107078,TM707078
TF107079,TM707079
TF107080,TM707080
TF107081,TM707081
TF107082,TM707082
TF107083,TM707083
TF107084,TM707084
TF107085,TM707085
TF107086,TM707086
TF107087,TM707087
TF107088,TM707088
TF107089,TM707089
TF107090,TM707090
TF107091,TM707091
TF107092,TM707092
TF107093,TM707093
TF107094,TM707094
TF107095,TM707095
TF107096,TM707096
TF107097,TM707097
TF107098,TM707098
TF107099,TM707099
TF107100,TM707100
TF107101,TM707101
TF107102,TM707102
TF107103,TM707103
TF107104,TM707104
TF107105,TM707105
TF107106,TM707106
TF107107,TM707107
TF107108,TM707108
TF107109,TM707109
TF107110,TM707110
TF107111,TM707111
TF107112,TM707112
TF107113,TM707113
TF107114,TM707114
TF107115,TM707115
TF107116,TM707116
TF107117,TM707117
TF107118,TM707118
TF107119,TM707119
TF107120,TM707120
TF107121,TM707121
TF107122,TM707122
TF107123,TM707123
TF107124,TM707124
TF107125,TM707125
TF107126,TM707126
TF107127,TM707127
TF107128,TM707128
TF107129,TM707129
TF107130,TM707130
TF107131,TM707131
TF107132,TM707132
TF107133,TM707133
TF107134,TM707134
TF107135,TM707135
TF107136,TM707136
TF107137,TM707137
TF107138,TM707138
TF107139,TM707139
TF107140,TM707140
TF107141,TM707141
TF107142,TM707142
TF107143,TM707143
TF107144,TM707144
TF107145,TM707145
TF107146,TM707146
TF107147,TM707147
TF107148,TM707148
TF107149,TM707149
TF107150,TM707150
TF107151,TM707151
TF107152,TM707152
TF107153,TM707153
TF107154,TM707154
TF107155,TM707155
TF107156,TM707156
TF107157,TM707157
TF107158,TM707158
TF107159,TM707159
TF107160,TM707160
TF107161,TM707161
TF107162,TM707162
TF107163,TM707163
TF107164,TM707164
TF107165,TM707165
TF107166,TM707166
TF107167,TM707167
TF107168,TM707168
TF107169,TM707169
TF107170,TM707170
TF107171,TM707171
TF107172,TM707172
TF107173,TM707173
TF107174,TM707174
TF107175,TM707175
TF107176,TM707176
TF107177,TM707177
TF107178,TM707178
TF107179,TM707179
TF107180,TM707180
TF107181,TM707181
TF107182,TM707182
TF107183,TM707183
TF107184,TM707184
TF107185,TM707185
TF107186,TM707186
TF107187,TM707187
TF107188,TM707188
TF107189,TM707189
TF107190,TM707190
TF107191,TM707191
TF107192,TM707192
TF107193,TM707193
TF107194,TM707194
TF107195,TM707195
TF107196,TM707196
TF107197,TM707197
TF107198,TM707198
TF107199,TM707199
TF107200,TM707200
TF107201,TM707201
TF107202,TM707202
TF107203,TM707203
TF107204,TM707204
TF107205,TM707205
TF107206,TM707206
TF107207,TM707207
TF107208,TM707208
TF107209,TM707209
TF107210,TM707210
TF107211,TM707211
TF107212,TM707212
TF107213,TM707213
TF107214,TM707214
TF107215,TM707215
TF107216,TM707216
TF107217,TM707217
TF107218,TM707218
TF107219,TM707219
TF107220,TM707220
TF107221,TM707221
TF107222,TM707222
TF107223,TM707223
TF107224,TM707224
TF107225,TM707225
TF107226,TM707226
TF107227,TM707227
TF107228,TM707228
TF107229,TM707229
TF107230,TM707230
TF107231,TM707231
TF107232,TM707232
TF107233,TM707233
TF107234,TM707234
TF107235,TM707235
TF107236,TM707236
TF107237,TM707237
TF107238,TM707238
TF107239,TM707239
TF107240,TM707240
TF107241,TM707241
TF107242,TM707242
TF107243,TM707243
TF107244,TM707244
TF107245,TM707245
TF107246,TM707246
TF107247,TM707247
TF107248,TM707248
TF107249,TM707249
TF107250,TM707250
TF107251,TM707251
TF107252,TM707252
TF107253,TM707253
TF107254,TM707254
TF107255,TM707255
TF107256,TM707256
TF107257,TM707257
TF107258,TM707258
TF107259,TM707259
TF107260,TM707260
TF107261,TM707261
TF107262,TM707262
TF107263,TM707263
TF107264,TM707264
TF107265,TM707265
TF107266,TM707266
TF107267,TM707267
TF107268,TM707268
TF107269,TM707269
TF107270,TM707270
TF107271,TM707271
TF107272,TM707272
TF107273,TM707273
TF107274,TM707274
TF107275,TM707275
TF107276,TM707276
TF107277,TM707277
TF107278,TM707278
TF107279,TM707279
TF107280,TM707280
TF107281,TM707281
TF107282,TM707282
TF107283,TM707283
TF107284,TM707284
TF107285,TM707285
TF107286,TM707286
TF107287,TM707287
TF107288,TM707288
TF107289,TM707289
TF107290,TM707290
TF107291,TM707291
TF107292,TM707292
TF107293,TM707293
TF107294,TM707294
TF107295,TM707295
TF107296,TM707296
TF107297,TM707297
TF107298,TM707298
TF107299,TM707299
TF107300,TM707300
TF107301,TM707301
TF107302,TM707302
TF107303,TM707303
TF107304,TM707304
TF107305,TM707305
TF107306,TM707306
TF107307,TM707307
TF107308,TM707308
TF107309,TM707309
TF107310,TM707310
TF107311,TM707311
TF107312,TM707312
TF107313,TM707313
TF107314,TM707314
TF107315,TM707315
TF107316,TM707316
TF107317,TM707317
TF107318,TM707318
TF107319,TM707319
TF107320,TM707320
TF107321,TM707321
TF107322,TM707322
TF107323,TM707323
TF107324,TM707324
TF107325,TM707325
TF107326,TM707326
TF107327,TM707327
TF107328,TM707328
TF107329,TM707329
TF107330,TM707330
TF107331,TM707331
TF107332,TM707332
TF107333,TM707333
TF107334,TM707334
TF107335,TM707335
TF107336,TM707336
TF107337,TM707337
TF107338,TM707338
TF107339,TM707339
TF107340,TM707340
TF107341,TM707341
TF107342,TM707342
TF107343,TM707343
TF107344,TM707344
TF107345,TM707345
TF107346,TM707346
TF107347,TM707347
TF107348,TM707348
TF107349,TM707349
TF107350,TM707350
TF107351,TM707351
TF107352,TM707352
TF107353,TM707353
TF107354,TM707354
TF107355,TM707355
TF107356,TM707356
TF107357,TM707357
TF107358,TM707358
TF107359,TM707359
TF107360,TM707360
TF107361,TM707361
TF107362,TM707362
TF107363,TM707363
TF107364,TM707364
TF107365,TM707365
TF107366,TM707366
TF107367,TM707367
TF107368,TM707368
TF107369,TM707369
TF107370,TM707370
TF107371,TM707371
TF107372,TM707372
TF107373,TM707373
TF107374,TM707374
TF107375,TM707375
TF107376,TM707376
TF107377,TM707377
TF107378,TM707378
TF107379,TM707379
TF107380,TM707380
TF107381,TM707381
TF107382,TM707382
TF107383,TM707383
TF107384,TM707384
TF107385,TM707385
TF107386,TM707386
TF107387,TM707387
TF107388,TM707388
TF107389,TM707389
TF107390,TM707390
TF107391,TM707391
TF107392,TM707392
TF107393,TM707393
TF107394,TM707394
TF107395,TM707395
TF107396,TM707396
TF107397,TM707397
TF107398,TM707398
TF107399,TM707399
TF107400,TM707400
TF107401,TM707401
TF107402,TM707402
TF107403,TM707403
TF107404,TM707404
TF107405,TM707405
TF107406,TM707406
TF107407,TM707407
TF107408,TM707408
TF107409,TM707409
TF107410,TM707410
TF107411,TM707411
TF107412,TM707412
TF107413,TM707413
TF107414,TM707414
TF107415,TM707415
TF107416,TM707416
TF107417,TM707417
TF107418,TM707418
TF107419,TM707419
TF107420,TM707420
TF107421,TM707421
TF107422,TM707422
TF107423,TM707423
TF107424,TM707424
TF107425,TM707425
TF107426,TM707426
TF107427,TM707427
TF107428,TM707428
TF107429,TM707429
TF107430,TM707430
TF107431,TM707431
TF107432,TM707432
TF107433,TM707433
TF107434,TM707434
TF107435,TM707435
TF107436,TM707436
TF107437,TM707437
TF107438,TM707438
TF107439,TM707439
TF107440,TM707440
TF107441,TM707441
TF107442,TM707442
TF107443,TM707443
TF107444,TM707444
TF107445,TM707445
TF107446,TM707446
TF107447,TM707447
TF107448,TM707448
TF107449,TM707449
TF107450,TM707450
TF107451,TM707451
TF107452,TM707452
TF107453,TM707453
TF107454,TM707454
TF107455,TM707455
TF107456,TM707456
TF107457,TM707457
TF107458,TM707458
TF107459,TM707459
TF107460,TM707460
TF107461,TM707461
TF107462,TM707462
TF107463,TM707463
TF107464,TM707464
TF107465,TM707465
TF107466,TM707466
TF107467,TM707467
TF107468,TM707468
TF107469,TM707469
TF107470,TM707470
TF107471,TM707471
TF107472,TM707472
TF107473,TM707473
TF107474,TM707474
TF107475,TM707475
TF107476,TM707476
TF107477,TM707477
TF107478,TM707478
TF107479,TM707479
TF107480,TM707480
TF107481,TM707481
TF107482,TM707482
TF107483,TM707483
TF107484,TM707484
TF107485,TM707485
TF107486,TM707486
TF107487,TM707487
TF107488,TM707488
TF107489,TM707489
TF107490,TM707490
TF107491,TM707491
TF107492,TM707492
TF107493,TM707493
TF107494,TM707494
TF107495,TM707495
TF107496,TM707496
TF107497,TM707497
TF107498,TM707498
TF107499,TM707499
TF107500,TM707500
TF107501,TM707501
TF107502,TM707502
TF107503,TM707503
TF107504,TM707504
TF107505,TM707505
TF107506,TM707506
TF107507,TM707507
TF107508,TM707508
TF107509,TM707509
TF107510,TM707510
TF107511,TM707511
TF107512,TM707512
TF107513,TM707513
TF107514,TM707514
TF107515,TM707515
TF107516,TM707516
TF107517,TM707517
TF107518,TM707518
TF107519,TM707519
TF107520,TM707520
TF107521,TM707521
TF107522,TM707522
TF107523,TM707523
TF107524,TM707524
TF107525,TM707525
TF107526,TM707526
TF107527,TM707527
TF107528,TM707528
TF107529,TM707529
TF107530,TM707530
TF107531,TM707531
TF107532,TM707532
TF107533,TM707533
TF107534,TM707534
TF107535,TM707535
TF107536,TM707536
TF107537,TM707537
TF107538,TM707538
TF107539,TM707539
TF107540,TM707540
TF107541,TM707541
TF107542,TM707542
TF107543,TM707543
TF107544,TM707544
TF107545,TM707545
TF107546,TM707546
TF107547,TM707547
TF107548,TM707548
TF107549,TM707549
TF107550,TM707550
TF107551,TM707551
TF107552,TM707552
TF107553,TM707553
TF107554,TM707554
TF107555,TM707555
TF107556,TM707556
TF107557,TM707557
TF107558,TM707558
TF107559,TM707559
TF107560,TM707560
TF107561,TM707561
TF107562,TM707562
TF107563,TM707563
TF107564,TM707564
TF107565,TM707565
TF107566,TM707566
TF107567,TM707567
TF107568,TM707568
TF107569,TM707569
TF107570,TM707570
TF107571,TM707571
TF107572,TM707572
TF107573,TM707573
TF107574,TM707574
TF107575,TM707575
TF107576,TM707576
TF107577,TM707577
TF107578,TM707578
TF107579,TM707579
TF107580,TM707580
TF107581,TM707581
TF107582,TM707582
TF107583,TM707583
TF107584,TM707584
TF107585,TM707585
TF107586,TM707586
TF107587,TM707587
TF107588,TM707588
TF107589,TM707589
TF107590,TM707590
TF107591,TM707591
TF107592,TM707592
TF107593,TM707593
TF107594,TM707594
TF107595,TM707595
TF107596,TM707596
TF107597,TM707597
TF107598,TM707598
TF107599,TM707599
TF107600,TM707600
TF107601,TM707601
TF107602,TM707602
TF107603,TM707603
TF107604,TM707604
TF107605,TM707605
TF107606,TM707606
TF107607,TM707607
TF107608,TM707608
TF107609,TM707609
TF107610,TM707610
TF107611,TM707611
TF107612,TM707612
TF107613,TM707613
TF107614,TM707614
TF107615,TM707615
TF107616,TM707616
TF107617,TM707617
TF107618,TM707618
TF107619,TM707619
TF107620,TM707620
TF107621,TM707621
TF107622,TM707622
TF107623,TM707623
TF107624,TM707624
TF107625,TM707625
TF107626,TM707626
TF107627,TM707627
TF107628,TM707628
TF107629,TM707629
TF107630,TM707630
TF107631,TM707631
TF107632,TM707632
TF107633,TM707633
TF107634,TM707634
TF107635,TM707635
TF107636,TM707636
TF107637,TM707637
TF107638,TM707638
TF107639,TM707639
TF107640,TM707640
TF107641,TM707641
TF107642,TM707642
TF107643,TM707643
TF107644,TM707644
TF107645,TM707645
TF107646,TM707646
TF107647,TM707647
TF107648,TM707648
TF107649,TM707649
TF107650,TM707650
TF107651,TM707651
TF107652,TM707652
TF107653,TM707653
TF107654,TM707654
TF107655,TM707655
TF107656,TM707656
TF107657,TM707657
TF107658,TM707658
TF107659,TM707659
TF107660,TM707660
TF107661,TM707661
TF107662,TM707662
TF107663,TM707663
TF107664,TM707664
TF107665,TM707665
TF107666,TM707666
TF107667,TM707667
TF107668,TM707668
TF107669,TM707669
TF107670,TM707670
TF107671,TM707671
TF107672,TM707672
TF107673,TM707673
TF107674,TM707674
TF107675,TM707675
TF107676,TM707676
TF107677,TM707677
TF107678,TM707678
TF107679,TM707679
TF107680,TM707680
TF107681,TM707681
TF107682,TM707682
TF107683,TM707683
TF107684,TM707684
TF107685,TM707685
TF107686,TM707686
TF107687,TM707687
TF107688,TM707688
TF107689,TM707689
TF107690,TM707690
TF107691,TM707691
TF107692,TM707692
TF107693,TM707693
TF107694,TM707694
TF107695,TM707695
TF107696,TM707696
TF107697,TM707697
TF107698,TM707698
TF107699,TM707699
TF107700,TM707700
TF107701,TM707701
TF107702,TM707702
TF107703,TM707703
TF107704,TM707704
TF107705,TM707705
TF107706,TM707706
TF107707,TM707707
TF107708,TM707708
TF107709,TM707709
TF107710,TM707710
TF107711,TM707711
TF107712,TM707712
TF107713,TM707713
TF107714,TM707714
TF107715,TM707715
TF107716,TM707716
TF107717,TM707717
TF107718,TM707718
TF107719,TM707719
TF107720,TM707720
TF107721,TM707721
TF107722,TM707722
TF107723,TM707723
TF107724,TM707724
TF107725,TM707725
TF107726,TM707726
TF107727,TM707727
TF107728,TM707728
TF107729,TM707729
TF107730,TM707730
TF107731,TM707731
TF107732,TM707732
TF107733,TM707733
TF107734,TM707734
TF107735,TM707735
TF107736,TM707736
TF107737,TM707737
TF107738,TM707738
TF107739,TM707739
TF107740,TM707740
TF107741,TM707741
TF107742,TM707742
TF107743,TM707743
TF107744,TM707744
TF107745,TM707745
TF107746,TM707746
TF107747,TM707747
TF107748,TM707748
TF107749,TM707749
TF107750,TM707750
TF107751,TM707751
TF107752,TM707752
TF107753,TM707753
TF107754,TM707754
TF107755,TM707755
TF107756,TM707756
TF107757,TM707757
TF107758,TM707758
TF107759,TM707759
TF107760,TM707760
TF107761,TM707761
TF107762,TM707762
TF107763,TM707763
TF107764,TM707764
TF107765,TM707765
TF107766,TM707766
TF107767,TM707767
TF107768,TM707768
TF107769,TM707769
TF107770,TM707770
TF107771,TM707771
TF107772,TM707772
TF107773,TM707773
TF107774,TM707774
TF107775,TM707775
TF107776,TM707776
TF107777,TM707777
TF107778,TM707778
TF107779,TM707779
TF107780,TM707780
TF107781,TM707781
TF107782,TM707782
TF107783,TM707783
TF107784,TM707784
TF107785,TM707785
TF107786,TM707786
TF107787,TM707787
TF107788,TM707788
TF107789,TM707789
TF107790,TM707790
TF107791,TM707791
TF107792,TM707792
TF107793,TM707793
TF107794,TM707794
TF107795,TM707795
TF107796,TM707796
TF107797,TM707797
TF107798,TM707798
TF107799,TM707799
TF107800,TM707800
TF107801,TM707801
TF107802,TM707802
TF107803,TM707803
TF107804,TM707804
TF107805,TM707805
TF107806,TM707806
TF107807,TM707807
TF107808,TM707808
TF107809,TM707809
TF107810,TM707810
TF107811,TM707811
TF107812,TM707812
TF107813,TM707813
TF107814,TM707814
TF107815,TM707815
TF107816,TM707816
TF107817,TM707817
TF107818,TM707818
TF107819,TM707819
TF107820,TM707820
TF107821,TM707821
TF107822,TM707822
TF107823,TM707823
TF107824,TM707824
TF107825,TM707825
TF107826,TM707826
TF107827,TM707827
TF107828,TM707828
TF107829,TM707829
TF107830,TM707830
TF107831,TM707831
TF107832,TM707832
TF107833,TM707833
TF107834,TM707834
TF107835,TM707835
TF107836,TM707836
TF107837,TM707837
TF107838,TM707838
TF107839,TM707839
TF107840,TM707840
TF107841,TM707841
TF107842,TM707842
TF107843,TM707843
TF107844,TM707844
TF107845,TM707845
TF107846,TM707846
TF107847,TM707847
TF107848,TM707848
TF107849,TM707849
TF107850,TM707850
TF107851,TM707851
TF107852,TM707852
TF107853,TM707853
TF107854,TM707854
TF107855,TM707855
TF107856,TM707856
TF107857,TM707857
TF107858,TM707858
TF107859,TM707859
TF107860,TM707860
TF107861,TM707861
TF107862,TM707862
TF107863,TM707863
TF107864,TM707864
TF107865,TM707865
TF107866,TM707866
TF107867,TM707867
TF107868,TM707868
TF107869,TM707869
TF107870,TM707870
TF107871,TM707871
TF107872,TM707872
TF107873,TM707873
TF107874,TM707874
TF107875,TM707875
TF107876,TM707876
TF107877,TM707877
TF107878,TM707878
TF107879,TM707879
TF107880,TM707880
TF107881,TM707881
TF107882,TM707882
TF107883,TM707883
TF107884,TM707884
TF107885,TM707885
TF107886,TM707886
TF107887,TM707887
TF107888,TM707888
TF107889,TM707889
TF107890,TM707890
TF107891,TM707891
TF107892,TM707892
TF107893,TM707893
TF107894,TM707894
TF107895,TM707895
TF107896,TM707896
TF107897,TM707897
TF107898,TM707898
TF107899,TM707899
TF107900,TM707900
TF107901,TM707901
TF107902,TM707902
TF107903,TM707903
TF107904,TM707904
TF107905,TM707905
TF107906,TM707906
TF107907,TM707907
TF107908,TM707908
TF107909,TM707909
TF107910,TM707910
TF107911,TM707911
TF107912,TM707912
TF107913,TM707913
TF107914,TM707914
TF107915,TM707915
TF107916,TM707916
TF107917,TM707917
TF107918,TM707918
TF107919,TM707919
TF107920,TM707920
TF107921,TM707921
TF107922,TM707922
TF107923,TM707923
TF107924,TM707924
TF107925,TM707925
TF107926,TM707926
TF107927,TM707927
TF107928,TM707928
TF107929,TM707929
TF107930,TM707930
TF107931,TM707931
TF107932,TM707932
TF107933,TM707933
TF107934,TM707934
TF107935,TM707935
TF107936,TM707936
TF107937,TM707937
TF107938,TM707938
TF107939,TM707939
TF107940,TM707940
TF107941,TM707941
TF107942,TM707942
TF107943,TM707943
TF107944,TM707944
TF107945,TM707945
TF107946,TM707946
TF107947,TM707947
TF107948,TM707948
TF107949,TM707949
TF107950,TM707950
TF107951,TM707951
TF107952,TM707952
TF107953,TM707953
TF107954,TM707954
TF107955,TM707955
TF107956,TM707956
TF107957,TM707957
TF107958,TM707958
TF107959,TM707959
TF107960,TM707960
TF107961,TM707961
TF107962,TM707962
TF107963,TM707963
TF107964,TM707964
TF107965,TM707965
TF107966,TM707966
TF107967,TM707967
TF107968,TM707968
TF107969,TM707969
TF107970,TM707970
TF107971,TM707971
TF107972,TM707972
TF107973,TM707973
TF107974,TM707974
TF107975,TM707975
TF107976,TM707976
TF107977,TM707977
TF107978,TM707978
TF107979,TM707979
TF107980,TM707980
TF107981,TM707981
TF107982,TM707982
TF107983,TM707983
TF107984,TM707984
TF107985,TM707985
TF107986,TM707986
TF107987,TM707987
TF107988,TM707988
TF107989,TM707989
TF107990,TM707990
TF107991,TM707991
TF107992,TM707992
TF107993,TM707993
TF107994,TM707994
TF107995,TM707995
TF107996,TM707996
TF107997,TM707997
TF107998,TM707998
TF107999,TM707999
TF108000,TM708000
TF108001,TM708001
TF108002,TM708002
TF108003,TM708003
TF108004,TM708004
TF108005,TM708005
TF108006,TM708006
TF108007,TM708007
TF108008,TM708008
TF108009,TM708009
TF108010,TM708010
TF108011,TM708011
TF108012,TM708012
TF108013,TM708013
TF108014,TM708014
TF108015,TM708015
TF108016,TM708016
TF108017,TM708017
TF108018,TM708018
TF108019,TM708019
TF108020,TM708020
TF108021,TM708021
TF108022,TM708022
TF108023,TM708023
TF108024,TM708024
TF108025,TM708025
TF108026,TM708026
TF108027,TM708027
TF108028,TM708028
TF108029,TM708029
TF108030,TM708030
TF108031,TM708031
TF108032,TM708032
TF108033,TM708033
TF108034,TM708034
TF108035,TM708035
TF108036,TM708036
TF108037,TM708037
TF108038,TM708038
TF108039,TM708039
TF108040,TM708040
TF108041,TM708041
TF108042,TM708042
TF108043,TM708043
TF108044,TM708044
TF108045,TM708045
TF108046,TM708046
TF108047,TM708047
TF108048,TM708048
TF108049,TM708049
TF108050,TM708050
TF108051,TM708051
TF108052,TM708052
TF108053,TM708053
TF108054,TM708054
TF108055,TM708055
TF108056,TM708056
TF108057,TM708057
TF108058,TM708058
TF108059,TM708059
TF108060,TM708060
TF108061,TM708061
TF108062,TM708062
TF108063,TM708063
TF108064,TM708064
TF108065,TM708065
TF108066,TM708066
TF108067,TM708067
TF108068,TM708068
TF108069,TM708069
TF108070,TM708070
TF108071,TM708071
TF108072,TM708072
TF108073,TM708073
TF108074,TM708074
TF108075,TM708075
TF108076,TM708076
TF108077,TM708077
TF108078,TM708078
TF108079,TM708079
TF108080,TM708080
TF108081,TM708081
TF108082,TM708082
TF108083,TM708083
TF108084,TM708084
TF108085,TM708085
TF108086,TM708086
TF108087,TM708087
TF108088,TM708088
TF108089,TM708089
TF108090,TM708090
TF108091,TM708091
TF108092,TM708092
TF108093,TM708093
TF108094,TM708094
TF108095,TM708095
TF108096,TM708096
TF108097,TM708097
TF108098,TM708098
TF108099,TM708099
TF108100,TM708100
TF108101,TM708101
TF108102,TM708102
TF108103,TM708103
TF108104,TM708104
TF108105,TM708105
TF108106,TM708106
TF108107,TM708107
TF108108,TM708108
TF108109,TM708109
TF108110,TM708110
TF108111,TM708111
TF108112,TM708112
TF108113,TM708113
TF108114,TM708114
TF108115,TM708115
TF108116,TM708116
TF108117,TM708117
TF108118,TM708118
TF108119,TM708119
TF108120,TM708120
TF108121,TM708121
TF108122,TM708122
TF108123,TM708123
TF108124,TM708124
TF108125,TM708125
TF108126,TM708126
TF108127,TM708127
TF108128,TM708128
TF108129,TM708129
TF108130,TM708130
TF108131,TM708131
TF108132,TM708132
TF108133,TM708133
TF108134,TM708134
TF108135,TM708135
TF108136,TM708136
TF108137,TM708137
TF108138,TM708138
TF108139,TM708139
TF108140,TM708140
TF108141,TM708141
TF108142,TM708142
TF108143,TM708143
TF108144,TM708144
TF108145,TM708145
TF108146,TM708146
TF108147,TM708147
TF108148,TM708148
TF108149,TM708149
TF108150,TM708150
TF108151,TM708151
TF108152,TM708152
TF108153,TM708153
TF108154,TM708154
TF108155,TM708155
TF108156,TM708156
TF108157,TM708157
TF108158,TM708158
TF108159,TM708159
TF108160,TM708160
TF108161,TM708161
TF108162,TM708162
TF108163,TM708163
TF108164,TM708164
TF108165,TM708165
TF108166,TM708166
TF108167,TM708167
TF108168,TM708168
TF108169,TM708169
TF108170,TM708170
TF108171,TM708171
TF108172,TM708172
TF108173,TM708173
TF108174,TM708174
TF108175,TM708175
TF108176,TM708176
TF108177,TM708177
TF108178,TM708178
TF108179,TM708179
TF108180,TM708180
TF108181,TM708181
TF108182,TM708182
TF108183,TM708183
TF108184,TM708184
TF108185,TM708185
TF108186,TM708186
TF108187,TM708187
TF108188,TM708188
TF108189,TM708189
TF108190,TM708190
TF108191,TM708191
TF108192,TM708192
TF108193,TM708193
TF108194,TM708194
TF108195,TM708195
TF108196,TM708196
TF108197,TM708197
TF108198,TM708198
TF108199,TM708199
TF108200,TM708200
TF108201,TM708201
TF108202,TM708202
TF108203,TM708203
TF108204,TM708204
TF108205,TM708205
TF108206,TM708206
TF108207,TM708207
TF108208,TM708208
TF108209,TM708209
TF108210,TM708210
TF108211,TM708211
TF108212,TM708212
TF108213,TM708213
TF108214,TM708214
TF108215,TM708215
TF108216,TM708216
TF108217,TM708217
TF108218,TM708218
TF108219,TM708219
TF108220,TM708220
TF108221,TM708221
TF108222,TM708222
TF108223,TM708223
TF108224,TM708224
TF108225,TM708225
TF108226,TM708226
TF108227,TM708227
TF108228,TM708228
TF108229,TM708229
TF108230,TM708230
TF108231,TM708231
TF108232,TM708232
TF108233,TM708233
TF108234,TM708234
TF108235,TM708235
TF108236,TM708236
TF108237,TM708237
TF108238,TM708238
TF108239,TM708239
TF108240,TM708240
TF108241,TM708241
TF108242,TM708242
TF108243,TM708243
TF108244,TM708244
TF108245,TM708245
TF108246,TM708246
TF108247,TM708247
TF108248,TM708248
TF108249,TM708249
TF108250,TM708250
TF108251,TM708251
TF108252,TM708252
TF108253,TM708253
TF108254,TM708254
TF108255,TM708255
TF108256,TM708256
TF108257,TM708257
TF108258,TM708258
TF108259,TM708259
TF108260,TM708260
TF108261,TM708261
TF108262,TM708262
TF108263,TM708263
TF108264,TM708264
TF108265,TM708265
TF108266,TM708266
TF108267,TM708267
TF108268,TM708268
TF108269,TM708269
TF108270,TM708270
TF108271,TM708271
TF108272,TM708272
TF108273,TM708273
TF108274,TM708274
TF108275,TM708275
TF108276,TM708276
TF108277,TM708277
TF108278,TM708278
TF108279,TM708279
TF108280,TM708280
TF108281,TM708281
TF108282,TM708282
TF108283,TM708283
TF108284,TM708284
TF108285,TM708285
TF108286,TM708286
TF108287,TM708287
TF108288,TM708288
TF108289,TM708289
TF108290,TM708290
TF108291,TM708291
TF108292,TM708292
TF108293,TM708293
TF108294,TM708294
TF108295,TM708295
TF108296,TM708296
TF108297,TM708297
TF108298,TM708298
TF108299,TM708299
TF108300,TM708300
TF108301,TM708301
TF108302,TM708302
TF108303,TM708303
TF108304,TM708304
TF108305,TM708305
TF108306,TM708306
TF108307,TM708307
TF108308,TM708308
TF108309,TM708309
TF108310,TM708310
TF108311,TM708311
TF108312,TM708312
TF108313,TM708313
TF108314,TM708314
TF108315,TM708315
TF108316,TM708316
TF108317,TM708317
TF108318,TM708318
TF108319,TM708319
TF108320,TM708320
TF108321,TM708321
TF108322,TM708322
TF108323,TM708323
TF108324,TM708324
TF108325,TM708325
TF108326,TM708326
TF108327,TM708327
TF108328,TM708328
TF108329,TM708329
TF108330,TM708330
TF108331,TM708331
TF108332,TM708332
TF108333,TM708333
TF108334,TM708334
TF108335,TM708335
TF108336,TM708336
TF108337,TM708337
TF108338,TM708338
TF108339,TM708339
TF108340,TM708340
TF108341,TM708341
TF108342,TM708342
TF108343,TM708343
TF108344,TM708344
TF108345,TM708345
TF108346,TM708346
TF108347,TM708347
TF108348,TM708348
TF108349,TM708349
TF108350,TM708350
TF108351,TM708351
TF108352,TM708352
TF108353,TM708353
TF108354,TM708354
TF108355,TM708355
TF108356,TM708356
TF108357,TM708357
TF108358,TM708358
TF108359,TM708359
TF108360,TM708360
TF108361,TM708361
TF108362,TM708362
TF108363,TM708363
TF108364,TM708364
TF108365,TM708365
TF108366,TM708366
TF108367,TM708367
TF108368,TM708368
TF108369,TM708369
TF108370,TM708370
TF108371,TM708371
TF108372,TM708372
TF108373,TM708373
TF108374,TM708374
TF108375,TM708375
TF108376,TM708376
TF108377,TM708377
TF108378,TM708378
TF108379,TM708379
TF108380,TM708380
TF108381,TM708381
TF108382,TM708382
TF108383,TM708383
TF108384,TM708384
TF108385,TM708385
TF108386,TM708386
TF108387,TM708387
TF108388,TM708388
TF108389,TM708389
TF108390,TM708390
TF108391,TM708391
TF108392,TM708392
TF108393,TM708393
TF108394,TM708394
TF108395,TM708395
TF108396,TM708396
TF108397,TM708397
TF108398,TM708398
TF108399,TM708399
TF108400,TM708400
TF108401,TM708401
TF108402,TM708402
TF108403,TM708403
TF108404,TM708404
TF108405,TM708405
TF108406,TM708406
TF108407,TM708407
TF108408,TM708408
TF108409,TM708409
TF108410,TM708410
TF108411,TM708411
TF108412,TM708412
TF108413,TM708413
TF108414,TM708414
TF108415,TM708415
TF108416,TM708416
TF108417,TM708417
TF108418,TM708418
TF108419,TM708419
TF108420,TM708420
TF108421,TM708421
TF108422,TM708422
TF108423,TM708423
TF108424,TM708424
TF108425,TM708425
TF108426,TM708426
TF108427,TM708427
TF108428,TM708428
TF108429,TM708429
TF108430,TM708430
TF108431,TM708431
TF108432,TM708432
TF108433,TM708433
TF108434,TM708434
TF108435,TM708435
TF108436,TM708436
TF108437,TM708437
TF108438,TM708438
TF108439,TM708439
TF108440,TM708440
TF108441,TM708441
TF108442,TM708442
TF108443,TM708443
TF108444,TM708444
TF108445,TM708445
TF108446,TM708446
TF108447,TM708447
TF108448,TM708448
TF108449,TM708449
TF108450,TM708450
TF108451,TM708451
TF108452,TM708452
TF108453,TM708453
TF108454,TM708454
TF108455,TM708455
TF108456,TM708456
TF108457,TM708457
TF108458,TM708458
TF108459,TM708459
TF108460,TM708460
TF108461,TM708461
TF108462,TM708462
TF108463,TM708463
TF108464,TM708464
TF108465,TM708465
TF108466,TM708466
TF108467,TM708467
TF108468,TM708468
TF108469,TM708469
TF108470,TM708470
TF108471,TM708471
TF108472,TM708472
TF108473,TM708473
TF108474,TM708474
TF108475,TM708475
TF108476,TM708476
TF108477,TM708477
TF108478,TM708478
TF108479,TM708479
TF108480,TM708480
TF108481,TM708481
TF108482,TM708482
TF108483,TM708483
TF108484,TM708484
TF108485,TM708485
TF108486,TM708486
TF108487,TM708487
TF108488,TM708488
TF108489,TM708489
TF108490,TM708490
TF108491,TM708491
TF108492,TM708492
TF108493,TM708493
TF108494,TM708494
TF108495,TM708495
TF108496,TM708496
TF108497,TM708497
TF108498,TM708498
TF108499,TM708499
TF108500,TM708500
TF108501,TM708501
TF108502,TM708502
TF108503,TM708503
TF108504,TM708504
TF108505,TM708505
TF108506,TM708506
TF108507,TM708507
TF108508,TM708508
TF108509,TM708509
TF108510,TM708510
TF108511,TM708511
TF108512,TM708512
TF108513,TM708513
TF108514,TM708514
TF108515,TM708515
TF108516,TM708516
TF108517,TM708517
TF108518,TM708518
TF108519,TM708519
TF108520,TM708520
TF108521,TM708521
TF108522,TM708522
TF108523,TM708523
TF108524,TM708524
TF108525,TM708525
TF108526,TM708526
TF108527,TM708527
TF108528,TM708528
TF108529,TM708529
TF108530,TM708530
TF108531,TM708531
TF108532,TM708532
TF108533,TM708533
TF108534,TM708534
TF108535,TM708535
TF108536,TM708536
TF108537,TM708537
TF108538,TM708538
TF108539,TM708539
TF108540,TM708540
TF108541,TM708541
TF108542,TM708542
TF108543,TM708543
TF108544,TM708544
TF108545,TM708545
TF108546,TM708546
TF108547,TM708547
TF108548,TM708548
TF108549,TM708549
TF108550,TM708550
TF108551,TM708551
TF108552,TM708552
TF108553,TM708553
TF108554,TM708554
TF108555,TM708555
TF108556,TM708556
TF108557,TM708557
TF108558,TM708558
TF108559,TM708559
TF108560,TM708560
TF108561,TM708561
TF108562,TM708562
TF108563,TM708563
TF108564,TM708564
TF108565,TM708565
TF108566,TM708566
TF108567,TM708567
TF108568,TM708568
TF108569,TM708569
TF108570,TM708570
TF108571,TM708571
TF108572,TM708572
TF108573,TM708573
TF108574,TM708574
TF108575,TM708575
TF108576,TM708576
TF108577,TM708577
TF108578,TM708578
TF108579,TM708579
TF108580,TM708580
TF108581,TM708581
TF108582,TM708582
TF108583,TM708583
TF108584,TM708584
TF108585,TM708585
TF108586,TM708586
TF108587,TM708587
TF108588,TM708588
TF108589,TM708589
TF108590,TM708590
TF108591,TM708591
TF108592,TM708592
TF108593,TM708593
TF108594,TM708594
TF108595,TM708595
TF108596,TM708596
TF108597,TM708597
TF108598,TM708598
TF108599,TM708599
TF108600,TM708600
TF108601,TM708601
TF108602,TM708602
TF108603,TM708603
TF108604,TM708604
TF108605,TM708605
TF108606,TM708606
TF108607,TM708607
TF108608,TM708608
TF108609,TM708609
TF108610,TM708610
TF108611,TM708611
TF108612,TM708612
TF108613,TM708613
TF108614,TM708614
TF108615,TM708615
TF108616,TM708616
TF108617,TM708617
TF108618,TM708618
TF108619,TM708619
TF108620,TM708620
TF108621,TM708621
TF108622,TM708622
TF108623,TM708623
TF108624,TM708624
TF108625,TM708625
TF108626,TM708626
TF108627,TM708627
TF108628,TM708628
TF108629,TM708629
TF108630,TM708630
TF108631,TM708631
TF108632,TM708632
TF108633,TM708633
TF108634,TM708634
TF108635,TM708635
TF108636,TM708636
TF108637,TM708637
TF108638,TM708638
TF108639,TM708639
TF108640,TM708640
TF108641,TM708641
TF108642,TM708642
TF108643,TM708643
TF108644,TM708644
TF108645,TM708645
TF108646,TM708646
TF108647,TM708647
TF108648,TM708648
TF108649,TM708649
TF108650,TM708650
TF108651,TM708651
TF108652,TM708652
TF108653,TM708653
TF108654,TM708654
TF108655,TM708655
TF108656,TM708656
TF108657,TM708657
TF108658,TM708658
TF108659,TM708659
TF108660,TM708660
TF108661,TM708661
TF108662,TM708662
TF108663,TM708663
TF108664,TM708664
TF108665,TM708665
TF108666,TM708666
TF108667,TM708667
TF108668,TM708668
TF108669,TM708669
TF108670,TM708670
TF108671,TM708671
TF108672,TM708672
TF108673,TM708673
TF108674,TM708674
TF108675,TM708675
TF108676,TM708676
TF108677,TM708677
TF108678,TM708678
TF108679,TM708679
TF108680,TM708680
TF108681,TM708681
TF108682,TM708682
TF108683,TM708683
TF108684,TM708684
TF108685,TM708685
TF108686,TM708686
TF108687,TM708687
TF108688,TM708688
TF108689,TM708689
TF108690,TM708690
TF108691,TM708691
TF108692,TM708692
TF108693,TM708693
TF108694,TM708694
TF108695,TM708695
TF108696,TM708696
TF108697,TM708697
TF108698,TM708698
TF108699,TM708699
TF108700,TM708700
TF108701,TM708701
TF108702,TM708702
TF108703,TM708703
TF108704,TM708704
TF108705,TM708705
TF108706,TM708706
TF108707,TM708707
TF108708,TM708708
TF108709,TM708709
TF108710,TM708710
TF108711,TM708711
TF108712,TM708712
TF108713,TM708713
TF108714,TM708714
TF108715,TM708715
TF108716,TM708716
TF108717,TM708717
TF108718,TM708718
TF108719,TM708719
TF108720,TM708720
TF108721,TM708721
TF108722,TM708722
TF108723,TM708723
TF108724,TM708724
TF108725,TM708725
TF108726,TM708726
TF108727,TM708727
TF108728,TM708728
TF108729,TM708729
TF108730,TM708730
TF108731,TM708731
TF108732,TM708732
TF108733,TM708733
TF108734,TM708734
TF108735,TM708735
TF108736,TM708736
TF108737,TM708737
TF108738,TM708738
TF108739,TM708739
TF108740,TM708740
TF108741,TM708741
TF108742,TM708742
TF108743,TM708743
TF108744,TM708744
TF108745,TM708745
TF108746,TM708746
TF108747,TM708747
TF108748,TM708748
TF108749,TM708749
TF108750,TM708750
TF108751,TM708751
TF108752,TM708752
TF108753,TM708753
TF108754,TM708754
TF108755,TM708755
TF108756,TM708756
TF108757,TM708757
TF108758,TM708758
TF108759,TM708759
TF108760,TM708760
TF108761,TM708761
TF108762,TM708762
TF108763,TM708763
TF108764,TM708764
TF108765,TM708765
TF108766,TM708766
TF108767,TM708767
TF108768,TM708768
TF108769,TM708769
TF108770,TM708770
TF108771,TM708771
TF108772,TM708772
TF108773,TM708773
TF108774,TM708774
TF108775,TM708775
TF108776,TM708776
TF108777,TM708777
TF108778,TM708778
TF108779,TM708779
TF108780,TM708780
TF108781,TM708781
TF108782,TM708782
TF108783,TM708783
TF108784,TM708784
TF108785,TM708785
TF108786,TM708786
TF108787,TM708787
TF108788,TM708788
TF108789,TM708789
TF108790,TM708790
TF108791,TM708791
TF108792,TM708792
TF108793,TM708793
TF108794,TM708794
TF108795,TM708795
TF108796,TM708796
TF108797,TM708797
TF108798,TM708798
TF108799,TM708799
TF108800,TM708800
TF108801,TM708801
TF108802,TM708802
TF108803,TM708803
TF108804,TM708804
TF108805,TM708805
TF108806,TM708806
TF108807,TM708807
TF108808,TM708808
TF108809,TM708809
TF108810,TM708810
TF108811,TM708811
TF108812,TM708812
TF108813,TM708813
TF108814,TM708814
TF108815,TM708815
TF108816,TM708816
TF108817,TM708817
TF108818,TM708818
TF108819,TM708819
TF108820,TM708820
TF108821,TM708821
TF108822,TM708822
TF108823,TM708823
TF108824,TM708824
TF108825,TM708825
TF108826,TM708826
TF108827,TM708827
TF108828,TM708828
TF108829,TM708829
TF108830,TM708830
TF108831,TM708831
TF108832,TM708832
TF108833,TM708833
TF108834,TM708834
TF108835,TM708835
TF108836,TM708836
TF108837,TM708837
TF108838,TM708838
TF108839,TM708839
TF108840,TM708840
TF108841,TM708841
TF108842,TM708842
TF108843,TM708843
TF108844,TM708844
TF108845,TM708845
TF108846,TM708846
TF108847,TM708847
TF108848,TM708848
TF108849,TM708849
TF108850,TM708850
TF108851,TM708851
TF108852,TM708852
TF108853,TM708853
TF108854,TM708854
TF108855,TM708855
TF108856,TM708856
TF108857,TM708857
TF108858,TM708858
TF108859,TM708859
TF108860,TM708860
TF108861,TM708861
TF108862,TM708862
TF108863,TM708863
TF108864,TM708864
TF108865,TM708865
TF108866,TM708866
TF108867,TM708867
TF108868,TM708868
TF108869,TM708869
TF108870,TM708870
TF108871,TM708871
TF108872,TM708872
TF108873,TM708873
TF108874,TM708874
TF108875,TM708875
TF108876,TM708876
TF108877,TM708877
TF108878,TM708878
TF108879,TM708879
TF108880,TM708880
TF108881,TM708881
TF108882,TM708882
TF108883,TM708883
TF108884,TM708884
TF108885,TM708885
TF108886,TM708886
TF108887,TM708887
TF108888,TM708888
TF108889,TM708889
TF108890,TM708890
TF108891,TM708891
TF108892,TM708892
TF108893,TM708893
TF108894,TM708894
TF108895,TM708895
TF108896,TM708896
TF108897,TM708897
TF108898,TM708898
TF108899,TM708899
TF108900,TM708900
TF108901,TM708901
TF108902,TM708902
TF108903,TM708903
TF108904,TM708904
TF108905,TM708905
TF108906,TM708906
TF108907,TM708907
TF108908,TM708908
TF108909,TM708909
TF108910,TM708910
TF108911,TM708911
TF108912,TM708912
TF108913,TM708913
TF108914,TM708914
TF108915,TM708915
TF108916,TM708916
TF108917,TM708917
TF108918,TM708918
TF108919,TM708919
TF108920,TM708920
TF108921,TM708921
TF108922,TM708922
TF108923,TM708923
TF108924,TM708924
TF108925,TM708925
TF108926,TM708926
TF108927,TM708927
TF108928,TM708928
TF108929,TM708929
TF108930,TM708930
TF108931,TM708931
TF108932,TM708932
TF108933,TM708933
TF108934,TM708934
TF108935,TM708935
TF108936,TM708936
TF108937,TM708937
TF108938,TM708938
TF108939,TM708939
TF108940,TM708940
TF108941,TM708941
TF108942,TM708942
TF108943,TM708943
TF108944,TM708944
TF108945,TM708945
TF108946,TM708946
TF108947,TM708947
TF108948,TM708948
TF108949,TM708949
TF108950,TM708950
TF108951,TM708951
TF108952,TM708952
TF108953,TM708953
TF108954,TM708954
TF108955,TM708955
TF108956,TM708956
TF108957,TM708957
TF108958,TM708958
TF108959,TM708959
TF108960,TM708960
TF108961,TM708961
TF108962,TM708962
TF108963,TM708963
TF108964,TM708964
TF108965,TM708965
TF108966,TM708966
TF108967,TM708967
TF108968,TM708968
TF108969,TM708969
TF108970,TM708970
TF108971,TM708971
TF108972,TM708972
TF108973,TM708973
TF108974,TM708974
TF108975,TM708975
TF108976,TM708976
TF108977,TM708977
TF108978,TM708978
TF108979,TM708979
TF108980,TM708980
TF108981,TM708981
TF108982,TM708982
TF108983,TM708983
TF108984,TM708984
TF108985,TM708985
TF108986,TM708986
TF108987,TM708987
TF108988,TM708988
TF108989,TM708989
TF108990,TM708990
TF108991,TM708991
TF108992,TM708992
TF108993,TM708993
TF108994,TM708994
TF108995,TM708995
TF108996,TM708996
TF108997,TM708997
TF108998,TM708998
TF108999,TM708999
TF109000,TM709000
TF109001,TM709001
TF109002,TM709002
TF109003,TM709003
TF109004,TM709004
TF109005,TM709005
TF109006,TM709006
TF109007,TM709007
TF109008,TM709008
TF109009,TM709009
TF109010,TM709010
TF109011,TM709011
TF109012,TM709012
TF109013,TM709013
TF109014,TM709014
TF109015,TM709015
TF109016,TM709016
TF109017,TM709017
TF109018,TM709018
TF109019,TM709019
TF109020,TM709020
TF109021,TM709021
TF109022,TM709022
TF109023,TM709023
TF109024,TM709024
TF109025,TM709025
TF109026,TM709026
TF109027,TM709027
TF109028,TM709028
TF109029,TM709029
TF109030,TM709030
TF109031,TM709031
TF109032,TM709032
TF109033,TM709033
TF109034,TM709034
TF109035,TM709035
TF109036,TM709036
TF109037,TM709037
TF109038,TM709038
TF109039,TM709039
TF109040,TM709040
TF109041,TM709041
TF109042,TM709042
TF109043,TM709043
TF109044,TM709044
TF109045,TM709045
TF109046,TM709046
TF109047,TM709047
TF109048,TM709048
TF109049,TM709049
TF109050,TM709050
TF109051,TM709051
TF109052,TM709052
TF109053,TM709053
TF109054,TM709054
TF109055,TM709055
TF109056,TM709056
TF109057,TM709057
TF109058,TM709058
TF109059,TM709059
TF109060,TM709060
TF109061,TM709061
TF109062,TM709062
TF109063,TM709063
TF109064,TM709064
TF109065,TM709065
TF109066,TM709066
TF109067,TM709067
TF109068,TM709068
TF109069,TM709069
TF109070,TM709070
TF109071,TM709071
TF109072,TM709072
TF109073,TM709073
TF109074,TM709074
TF109075,TM709075
TF109076,TM709076
TF109077,TM709077
TF109078,TM709078
TF109079,TM709079
TF109080,TM709080
TF109081,TM709081
TF109082,TM709082
TF109083,TM709083
TF109084,TM709084
TF109085,TM709085
TF109086,TM709086
TF109087,TM709087
TF109088,TM709088
TF109089,TM709089
TF109090,TM709090
TF109091,TM709091
TF109092,TM709092
TF109093,TM709093
TF109094,TM709094
TF109095,TM709095
TF109096,TM709096
TF109097,TM709097
TF109098,TM709098
TF109099,TM709099
TF109100,TM709100
TF109101,TM709101
TF109102,TM709102
TF109103,TM709103
TF109104,TM709104
TF109105,TM709105
TF109106,TM709106
TF109107,TM709107
TF109108,TM709108
TF109109,TM709109
TF109110,TM709110
TF109111,TM709111
TF109112,TM709112
TF109113,TM709113
TF109114,TM709114
TF109115,TM709115
TF109116,TM709116
TF109117,TM709117
TF109118,TM709118
TF109119,TM709119
TF109120,TM709120
TF109121,TM709121
TF109122,TM709122
TF109123,TM709123
TF109124,TM709124
TF109125,TM709125
TF109126,TM709126
TF109127,TM709127
TF109128,TM709128
TF109129,TM709129
TF109130,TM709130
TF109131,TM709131
TF109132,TM709132
TF109133,TM709133
TF109134,TM709134
TF109135,TM709135
TF109136,TM709136
TF109137,TM709137
TF109138,TM709138
TF109139,TM709139
TF109140,TM709140
TF109141,TM709141
TF109142,TM709142
TF109143,TM709143
TF109144,TM709144
TF109145,TM709145
TF109146,TM709146
TF109147,TM709147
TF109148,TM709148
TF109149,TM709149
TF109150,TM709150
TF109151,TM709151
TF109152,TM709152
TF109153,TM709153
TF109154,TM709154
TF109155,TM709155
TF109156,TM709156
TF109157,TM709157
TF109158,TM709158
TF109159,TM709159
TF109160,TM709160
TF109161,TM709161
TF109162,TM709162
TF109163,TM709163
TF109164,TM709164
TF109165,TM709165
TF109166,TM709166
TF109167,TM709167
TF109168,TM709168
TF109169,TM709169
TF109170,TM709170
TF109171,TM709171
TF109172,TM709172
TF109173,TM709173
TF109174,TM709174
TF109175,TM709175
TF109176,TM709176
TF109177,TM709177
TF109178,TM709178
TF109179,TM709179
TF109180,TM709180
TF109181,TM709181
TF109182,TM709182
TF109183,TM709183
TF109184,TM709184
TF109185,TM709185
TF109186,TM709186
TF109187,TM709187
TF109188,TM709188
TF109189,TM709189
TF109190,TM709190
TF109191,TM709191
TF109192,TM709192
TF109193,TM709193
TF109194,TM709194
TF109195,TM709195
TF109196,TM709196
TF109197,TM709197
TF109198,TM709198
TF109199,TM709199
TF109200,TM709200
TF109201,TM709201
TF109202,TM709202
TF109203,TM709203
TF109204,TM709204
TF109205,TM709205
TF109206,TM709206
TF109207,TM709207
TF109208,TM709208
TF109209,TM709209
TF109210,TM709210
TF109211,TM709211
TF109212,TM709212
TF109213,TM709213
TF109214,TM709214
TF109215,TM709215
TF109216,TM709216
TF109217,TM709217
TF109218,TM709218
TF109219,TM709219
TF109220,TM709220
TF109221,TM709221
TF109222,TM709222
TF109223,TM709223
TF109224,TM709224
TF109225,TM709225
TF109226,TM709226
TF109227,TM709227
TF109228,TM709228
TF109229,TM709229
TF109230,TM709230
TF109231,TM709231
TF109232,TM709232
TF109233,TM709233
TF109234,TM709234
TF109235,TM709235
TF109236,TM709236
TF109237,TM709237
TF109238,TM709238
TF109239,TM709239
TF109240,TM709240
TF109241,TM709241
TF109242,TM709242
TF109243,TM709243
TF109244,TM709244
TF109245,TM709245
TF109246,TM709246
TF109247,TM709247
TF109248,TM709248
TF109249,TM709249
TF109250,TM709250
TF109251,TM709251
TF109252,TM709252
TF109253,TM709253
TF109254,TM709254
TF109255,TM709255
TF109256,TM709256
TF109257,TM709257
TF109258,TM709258
TF109259,TM709259
TF109260,TM709260
TF109261,TM709261
TF109262,TM709262
TF109263,TM709263
TF109264,TM709264
TF109265,TM709265
TF109266,TM709266
TF109267,TM709267
TF109268,TM709268
TF109269,TM709269
TF109270,TM709270
TF109271,TM709271
TF109272,TM709272
TF109273,TM709273
TF109274,TM709274
TF109275,TM709275
TF109276,TM709276
TF109277,TM709277
TF109278,TM709278
TF109279,TM709279
TF109280,TM709280
TF109281,TM709281
TF109282,TM709282
TF109283,TM709283
TF109284,TM709284
TF109285,TM709285
TF109286,TM709286
TF109287,TM709287
TF109288,TM709288
TF109289,TM709289
TF109290,TM709290
TF109291,TM709291
TF109292,TM709292
TF109293,TM709293
TF109294,TM709294
TF109295,TM709295
TF109296,TM709296
TF109297,TM709297
TF109298,TM709298
TF109299,TM709299
TF109300,TM709300
TF109301,TM709301
TF109302,TM709302
TF109303,TM709303
TF109304,TM709304
TF109305,TM709305
TF109306,TM709306
TF109307,TM709307
TF109308,TM709308
TF109309,TM709309
TF109310,TM709310
TF109311,TM709311
TF109312,TM709312
TF109313,TM709313
TF109314,TM709314
TF109315,TM709315
TF109316,TM709316
TF109317,TM709317
TF109318,TM709318
TF109319,TM709319
TF109320,TM709320
TF109321,TM709321
TF109322,TM709322
TF109323,TM709323
TF109324,TM709324
TF109325,TM709325
TF109326,TM709326
TF109327,TM709327
TF109328,TM709328
TF109329,TM709329
TF109330,TM709330
TF109331,TM709331
TF109332,TM709332
TF109333,TM709333
TF109334,TM709334
TF109335,TM709335
TF109336,TM709336
TF109337,TM709337
TF109338,TM709338
TF109339,TM709339
TF109340,TM709340
TF109341,TM709341
TF109342,TM709342
TF109343,TM709343
TF109344,TM709344
TF109345,TM709345
TF109346,TM709346
TF109347,TM709347
TF109348,TM709348
TF109349,TM709349
TF109350,TM709350
TF109351,TM709351
TF109352,TM709352
TF109353,TM709353
TF109354,TM709354
TF109355,TM709355
TF109356,TM709356
TF109357,TM709357
TF109358,TM709358
TF109359,TM709359
TF109360,TM709360
TF109361,TM709361
TF109362,TM709362
TF109363,TM709363
TF109364,TM709364
TF109365,TM709365
TF109366,TM709366
TF109367,TM709367
TF109368,TM709368
TF109369,TM709369
TF109370,TM709370
TF109371,TM709371
TF109372,TM709372
TF109373,TM709373
TF109374,TM709374
TF109375,TM709375
TF109376,TM709376
TF109377,TM709377
TF109378,TM709378
TF109379,TM709379
TF109380,TM709380
TF109381,TM709381
TF109382,TM709382
TF109383,TM709383
TF109384,TM709384
TF109385,TM709385
TF109386,TM709386
TF109387,TM709387
TF109388,TM709388
TF109389,TM709389
TF109390,TM709390
TF109391,TM709391
TF109392,TM709392
TF109393,TM709393
TF109394,TM709394
TF109395,TM709395
TF109396,TM709396
TF109397,TM709397
TF109398,TM709398
TF109399,TM709399
TF109400,TM709400
TF109401,TM709401
TF109402,TM709402
TF109403,TM709403
TF109404,TM709404
TF109405,TM709405
TF109406,TM709406
TF109407,TM709407
TF109408,TM709408
TF109409,TM709409
TF109410,TM709410
TF109411,TM709411
TF109412,TM709412
TF109413,TM709413
TF109414,TM709414
TF109415,TM709415
TF109416,TM709416
TF109417,TM709417
TF109418,TM709418
TF109419,TM709419
TF109420,TM709420
TF109421,TM709421
TF109422,TM709422
TF109423,TM709423
TF109424,TM709424
TF109425,TM709425
TF109426,TM709426
TF109427,TM709427
TF109428,TM709428
TF109429,TM709429
TF109430,TM709430
TF109431,TM709431
TF109432,TM709432
TF109433,TM709433
TF109434,TM709434
TF109435,TM709435
TF109436,TM709436
TF109437,TM709437
TF109438,TM709438
TF109439,TM709439
TF109440,TM709440
TF109441,TM709441
TF109442,TM709442
TF109443,TM709443
TF109444,TM709444
TF109445,TM709445
TF109446,TM709446
TF109447,TM709447
TF109448,TM709448
TF109449,TM709449
TF109450,TM709450
TF109451,TM709451
TF109452,TM709452
TF109453,TM709453
TF109454,TM709454
TF109455,TM709455
TF109456,TM709456
TF109457,TM709457
TF109458,TM709458
TF109459,TM709459
TF109460,TM709460
TF109461,TM709461
TF109462,TM709462
TF109463,TM709463
TF109464,TM709464
TF109465,TM709465
TF109466,TM709466
TF109467,TM709467
TF109468,TM709468
TF109469,TM709469
TF109470,TM709470
TF109471,TM709471
TF109472,TM709472
TF109473,TM709473
TF109474,TM709474
TF109475,TM709475
TF109476,TM709476
TF109477,TM709477
TF109478,TM709478
TF109479,TM709479
TF109480,TM709480
TF109481,TM709481
TF109482,TM709482
TF109483,TM709483
TF109484,TM709484
TF109485,TM709485
TF109486,TM709486
TF109487,TM709487
TF109488,TM709488
TF109489,TM709489
TF109490,TM709490
TF109491,TM709491
TF109492,TM709492
TF109493,TM709493
TF109494,TM709494
TF109495,TM709495
TF109496,TM709496
TF109497,TM709497
TF109498,TM709498
TF109499,TM709499
TF109500,TM709500
TF109501,TM709501
TF109502,TM709502
TF109503,TM709503
TF109504,TM709504
TF109505,TM709505
TF109506,TM709506
TF109507,TM709507
TF109508,TM709508
TF109509,TM709509
TF109510,TM709510
TF109511,TM709511
TF109512,TM709512
TF109513,TM709513
TF109514,TM709514
TF109515,TM709515
TF109516,TM709516
TF109517,TM709517
TF109518,TM709518
TF109519,TM709519
TF109520,TM709520
TF109521,TM709521
TF109522,TM709522
TF109523,TM709523
TF109524,TM709524
TF109525,TM709525
TF109526,TM709526
TF109527,TM709527
TF109528,TM709528
TF109529,TM709529
TF109530,TM709530
TF109531,TM709531
TF109532,TM709532
TF109533,TM709533
TF109534,TM709534
TF109535,TM709535
TF109536,TM709536
TF109537,TM709537
TF109538,TM709538
TF109539,TM709539
TF109540,TM709540
TF109541,TM709541
TF109542,TM709542
TF109543,TM709543
TF109544,TM709544
TF109545,TM709545
TF109546,TM709546
TF109547,TM709547
TF109548,TM709548
TF109549,TM709549
TF109550,TM709550
TF109551,TM709551
TF109552,TM709552
TF109553,TM709553
TF109554,TM709554
TF109555,TM709555
TF109556,TM709556
TF109557,TM709557
TF109558,TM709558
TF109559,TM709559
TF109560,TM709560
TF109561,TM709561
TF109562,TM709562
TF109563,TM709563
TF109564,TM709564
TF109565,TM709565
TF109566,TM709566
TF109567,TM709567
TF109568,TM709568
TF109569,TM709569
TF109570,TM709570
TF109571,TM709571
TF109572,TM709572
TF109573,TM709573
TF109574,TM709574
TF109575,TM709575
TF109576,TM709576
TF109577,TM709577
TF109578,TM709578
TF109579,TM709579
TF109580,TM709580
TF109581,TM709581
TF109582,TM709582
TF109583,TM709583
TF109584,TM709584
TF109585,TM709585
TF109586,TM709586
TF109587,TM709587
TF109588,TM709588
TF109589,TM709589
TF109590,TM709590
TF109591,TM709591
TF109592,TM709592
TF109593,TM709593
TF109594,TM709594
TF109595,TM709595
TF109596,TM709596
TF109597,TM709597
TF109598,TM709598
TF109599,TM709599
TF109600,TM709600
TF109601,TM709601
TF109602,TM709602
TF109603,TM709603
TF109604,TM709604
TF109605,TM709605
TF109606,TM709606
TF109607,TM709607
TF109608,TM709608
TF109609,TM709609
TF109610,TM709610
TF109611,TM709611
TF109612,TM709612
TF109613,TM709613
TF109614,TM709614
TF109615,TM709615
TF109616,TM709616
TF109617,TM709617
TF109618,TM709618
TF109619,TM709619
TF109620,TM709620
TF109621,TM709621
TF109622,TM709622
TF109623,TM709623
TF109624,TM709624
TF109625,TM709625
TF109626,TM709626
TF109627,TM709627
TF109628,TM709628
TF109629,TM709629
TF109630,TM709630
TF109631,TM709631
TF109632,TM709632
TF109633,TM709633
TF109634,TM709634
TF109635,TM709635
TF109636,TM709636
TF109637,TM709637
TF109638,TM709638
TF109639,TM709639
TF109640,TM709640
TF109641,TM709641
TF109642,TM709642
TF109643,TM709643
TF109644,TM709644
TF109645,TM709645
TF109646,TM709646
TF109647,TM709647
TF109648,TM709648
TF109649,TM709649
TF109650,TM709650
TF109651,TM709651
TF109652,TM709652
TF109653,TM709653
TF109654,TM709654
TF109655,TM709655
TF109656,TM709656
TF109657,TM709657
TF109658,TM709658
TF109659,TM709659
TF109660,TM709660
TF109661,TM709661
TF109662,TM709662
TF109663,TM709663
TF109664,TM709664
TF109665,TM709665
TF109666,TM709666
TF109667,TM709667
TF109668,TM709668
TF109669,TM709669
TF109670,TM709670
TF109671,TM709671
TF109672,TM709672
TF109673,TM709673
TF109674,TM709674
TF109675,TM709675
TF109676,TM709676
TF109677,TM709677
TF109678,TM709678
TF109679,TM709679
TF109680,TM709680
TF109681,TM709681
TF109682,TM709682
TF109683,TM709683
TF109684,TM709684
TF109685,TM709685
TF109686,TM709686
TF109687,TM709687
TF109688,TM709688
TF109689,TM709689
TF109690,TM709690
TF109691,TM709691
TF109692,TM709692
TF109693,TM709693
TF109694,TM709694
TF109695,TM709695
TF109696,TM709696
TF109697,TM709697
TF109698,TM709698
TF109699,TM709699
TF109700,TM709700
TF109701,TM709701
TF109702,TM709702
TF109703,TM709703
TF109704,TM709704
TF109705,TM709705
TF109706,TM709706
TF109707,TM709707
TF109708,TM709708
TF109709,TM709709
TF109710,TM709710
TF109711,TM709711
TF109712,TM709712
TF109713,TM709713
TF109714,TM709714
TF109715,TM709715
TF109716,TM709716
TF109717,TM709717
TF109718,TM709718
TF109719,TM709719
TF109720,TM709720
TF109721,TM709721
TF109722,TM709722
TF109723,TM709723
TF109724,TM709724
TF109725,TM709725
TF109726,TM709726
TF109727,TM709727
TF109728,TM709728
TF109729,TM709729
TF109730,TM709730
TF109731,TM709731
TF109732,TM709732
TF109733,TM709733
TF109734,TM709734
TF109735,TM709735
TF109736,TM709736
TF109737,TM709737
TF109738,TM709738
TF109739,TM709739
TF109740,TM709740
TF109741,TM709741
TF109742,TM709742
TF109743,TM709743
TF109744,TM709744
TF109745,TM709745
TF109746,TM709746
TF109747,TM709747
TF109748,TM709748
TF109749,TM709749
TF109750,TM709750
TF109751,TM709751
TF109752,TM709752
TF109753,TM709753
TF109754,TM709754
TF109755,TM709755
TF109756,TM709756
TF109757,TM709757
TF109758,TM709758
TF109759,TM709759
TF109760,TM709760
TF109761,TM709761
TF109762,TM709762
TF109763,TM709763
TF109764,TM709764
TF109765,TM709765
TF109766,TM709766
TF109767,TM709767
TF109768,TM709768
TF109769,TM709769
TF109770,TM709770
TF109771,TM709771
TF109772,TM709772
TF109773,TM709773
TF109774,TM709774
TF109775,TM709775
TF109776,TM709776
TF109777,TM709777
TF109778,TM709778
TF109779,TM709779
TF109780,TM709780
TF109781,TM709781
TF109782,TM709782
TF109783,TM709783
TF109784,TM709784
TF109785,TM709785
TF109786,TM709786
TF109787,TM709787
TF109788,TM709788
TF109789,TM709789
TF109790,TM709790
TF109791,TM709791
TF109792,TM709792
TF109793,TM709793
TF109794,TM709794
TF109795,TM709795
TF109796,TM709796
TF109797,TM709797
TF109798,TM709798
TF109799,TM709799
TF109800,TM709800
TF109801,TM709801
TF109802,TM709802
TF109803,TM709803
TF109804,TM709804
TF109805,TM709805
TF109806,TM709806
TF109807,TM709807
TF109808,TM709808
TF109809,TM709809
TF109810,TM709810
TF109811,TM709811
TF109812,TM709812
TF109813,TM709813
TF109814,TM709814
TF109815,TM709815
TF109816,TM709816
TF109817,TM709817
TF109818,TM709818
TF109819,TM709819
TF109820,TM709820
TF109821,TM709821
TF109822,TM709822
TF109823,TM709823
TF109824,TM709824
TF109825,TM709825
TF109826,TM709826
TF109827,TM709827
TF109828,TM709828
TF109829,TM709829
TF109830,TM709830
TF109831,TM709831
TF109832,TM709832
TF109833,TM709833
TF109834,TM709834
TF109835,TM709835
TF109836,TM709836
TF109837,TM709837
TF109838,TM709838
TF109839,TM709839
TF109840,TM709840
TF109841,TM709841
TF109842,TM709842
TF109843,TM709843
TF109844,TM709844
TF109845,TM709845
TF109846,TM709846
TF109847,TM709847
TF109848,TM709848
TF109849,TM709849
TF109850,TM709850
TF109851,TM709851
TF109852,TM709852
TF109853,TM709853
TF109854,TM709854
TF109855,TM709855
TF109856,TM709856
TF109857,TM709857
TF109858,TM709858
TF109859,TM709859
TF109860,TM709860
TF109861,TM709861
TF109862,TM709862
TF109863,TM709863
TF109864,TM709864
TF109865,TM709865
TF109866,TM709866
TF109867,TM709867
TF109868,TM709868
TF109869,TM709869
TF109870,TM709870
TF109871,TM709871
TF109872,TM709872
TF109873,TM709873
TF109874,TM709874
TF109875,TM709875
TF109876,TM709876
TF109877,TM709877
TF109878,TM709878
TF109879,TM709879
TF109880,TM709880
TF109881,TM709881
TF109882,TM709882
TF109883,TM709883
TF109884,TM709884
TF109885,TM709885
TF109886,TM709886
TF109887,TM709887
TF109888,TM709888
TF109889,TM709889
TF109890,TM709890
TF109891,TM709891
TF109892,TM709892
TF109893,TM709893
TF109894,TM709894
TF109895,TM709895
TF109896,TM709896
TF109897,TM709897
TF109898,TM709898
TF109899,TM709899
TF109900,TM709900
TF109901,TM709901
TF109902,TM709902
TF109903,TM709903
TF109904,TM709904
TF109905,TM709905
TF109906,TM709906
TF109907,TM709907
TF109908,TM709908
TF109909,TM709909
TF109910,TM709910
TF109911,TM709911
TF109912,TM709912
TF109913,TM709913
TF109914,TM709914
TF109915,TM709915
TF109916,TM709916
TF109917,TM709917
TF109918,TM709918
TF109919,TM709919
TF109920,TM709920
TF109921,TM709921
TF109922,TM709922
TF109923,TM709923
TF109924,TM709924
TF109925,TM709925
TF109926,TM709926
TF109927,TM709927
TF109928,TM709928
TF109929,TM709929
TF109930,TM709930
TF109931,TM709931
TF109932,TM709932
TF109933,TM709933
TF109934,TM709934
TF109935,TM709935
TF109936,TM709936
TF109937,TM709937
TF109938,TM709938
TF109939,TM709939
TF109940,TM709940
TF109941,TM709941
TF109942,TM709942
TF109943,TM709943
TF109944,TM709944
TF109945,TM709945
TF109946,TM709946
TF109947,TM709947
TF109948,TM709948
TF109949,TM709949
TF109950,TM709950
TF109951,TM709951
TF109952,TM709952
TF109953,TM709953
TF109954,TM709954
TF109955,TM709955
TF109956,TM709956
TF109957,TM709957
TF109958,TM709958
TF109959,TM709959
TF109960,TM709960
TF109961,TM709961
TF109962,TM709962
TF109963,TM709963
TF109964,TM709964
TF109965,TM709965
TF109966,TM709966
TF109967,TM709967
TF109968,TM709968
TF109969,TM709969
TF109970,TM709970
TF109971,TM709971
TF109972,TM709972
TF109973,TM709973
TF109974,TM709974
TF109975,TM709975
TF109976,TM709976
TF109977,TM709977
TF109978,TM709978
TF109979,TM709979
TF109980,TM709980
TF109981,TM709981
TF109982,TM709982
TF109983,TM709983
TF109984,TM709984
TF109985,TM709985
TF109986,TM709986
TF109987,TM709987
TF109988,TM709988
TF109989,TM709989
TF109990,TM709990
TF109991,TM709991
TF109992,TM709992
TF109993,TM709993
TF109994,TM709994
TF109995,TM709995
TF109996,TM709996
TF109997,TM709997
TF109998,TM709998
TF109999,TM709999
TF110000,TM710000
TF110001,TM710001
TF110002,TM710002
TF110003,TM710003
TF110004,TM710004
TF110005,TM710005
TF110006,TM710006
TF110007,TM710007
TF110008,TM710008
TF110009,TM710009
TF110010,TM710010
TF110011,TM710011
TF110012,TM710012
TF110013,TM710013
TF110014,TM710014
TF110015,TM710015
TF110016,TM710016
TF110017,TM710017
TF110018,TM710018
TF110019,TM710019
TF110020,TM710020
TF110021,TM710021
TF110022,TM710022
TF110023,TM710023
TF110024,TM710024
TF110025,TM710025
TF110026,TM710026
TF110027,TM710027
TF110028,TM710028
TF110029,TM710029
TF110030,TM710030
TF110031,TM710031
TF110032,TM710032
TF110033,TM710033
TF110034,TM710034
TF110035,TM710035
TF110036,TM710036
TF110037,TM710037
TF110038,TM710038
TF110039,TM710039
TF110040,TM710040
TF110041,TM710041
TF110042,TM710042
TF110043,TM710043
TF110044,TM710044
TF110045,TM710045
TF110046,TM710046
TF110047,TM710047
TF110048,TM710048
TF110049,TM710049
TF110050,TM710050
TF110051,TM710051
TF110052,TM710052
TF110053,TM710053
TF110054,TM710054
TF110055,TM710055
TF110056,TM710056
TF110057,TM710057
TF110058,TM710058
TF110059,TM710059
TF110060,TM710060
TF110061,TM710061
TF110062,TM710062
TF110063,TM710063
TF110064,TM710064
TF110065,TM710065
TF110066,TM710066
TF110067,TM710067
TF110068,TM710068
TF110069,TM710069
TF110070,TM710070
TF110071,TM710071
TF110072,TM710072
TF110073,TM710073
TF110074,TM710074
TF110075,TM710075
TF110076,TM710076
TF110077,TM710077
TF110078,TM710078
TF110079,TM710079
TF110080,TM710080
TF110081,TM710081
TF110082,TM710082
TF110083,TM710083
TF110084,TM710084
TF110085,TM710085
TF110086,TM710086
TF110087,TM710087
TF110088,TM710088
TF110089,TM710089
TF110090,TM710090
TF110091,TM710091
TF110092,TM710092
TF110093,TM710093
TF110094,TM710094
TF110095,TM710095
TF110096,TM710096
TF110097,TM710097
TF110098,TM710098
TF110099,TM710099
TF110100,TM710100
TF110101,TM710101
TF110102,TM710102
TF110103,TM710103
TF110104,TM710104
TF110105,TM710105
TF110106,TM710106
TF110107,TM710107
TF110108,TM710108
TF110109,TM710109
TF110110,TM710110
TF110111,TM710111
TF110112,TM710112
TF110113,TM710113
TF110114,TM710114
TF110115,TM710115
TF110116,TM710116
TF110117,TM710117
TF110118,TM710118
TF110119,TM710119
TF110120,TM710120
TF110121,TM710121
TF110122,TM710122
TF110123,TM710123
TF110124,TM710124
TF110125,TM710125
TF110126,TM710126
TF110127,TM710127
TF110128,TM710128
TF110129,TM710129
TF110130,TM710130
TF110131,TM710131
TF110132,TM710132
TF110133,TM710133
TF110134,TM710134
TF110135,TM710135
TF110136,TM710136
TF110137,TM710137
TF110138,TM710138
TF110139,TM710139
TF110140,TM710140
TF110141,TM710141
TF110142,TM710142
TF110143,TM710143
TF110144,TM710144
TF110145,TM710145
TF110146,TM710146
TF110147,TM710147
TF110148,TM710148
TF110149,TM710149
TF110150,TM710150
TF110151,TM710151
TF110152,TM710152
TF110153,TM710153
TF110154,TM710154
TF110155,TM710155
TF110156,TM710156
TF110157,TM710157
TF110158,TM710158
TF110159,TM710159
TF110160,TM710160
TF110161,TM710161
TF110162,TM710162
TF110163,TM710163
TF110164,TM710164
TF110165,TM710165
TF110166,TM710166
TF110167,TM710167
TF110168,TM710168
TF110169,TM710169
TF110170,TM710170
TF110171,TM710171
TF110172,TM710172
TF110173,TM710173
TF110174,TM710174
TF110175,TM710175
TF110176,TM710176
TF110177,TM710177
TF110178,TM710178
TF110179,TM710179
TF110180,TM710180
TF110181,TM710181
TF110182,TM710182
TF110183,TM710183
TF110184,TM710184
TF110185,TM710185
TF110186,TM710186
TF110187,TM710187
TF110188,TM710188
TF110189,TM710189
TF110190,TM710190
TF110191,TM710191
TF110192,TM710192
TF110193,TM710193
TF110194,TM710194
TF110195,TM710195
TF110196,TM710196
TF110197,TM710197
TF110198,TM710198
TF110199,TM710199
TF110200,TM710200
TF110201,TM710201
TF110202,TM710202
TF110203,TM710203
TF110204,TM710204
TF110205,TM710205
TF110206,TM710206
TF110207,TM710207
TF110208,TM710208
TF110209,TM710209
TF110210,TM710210
TF110211,TM710211
TF110212,TM710212
TF110213,TM710213
TF110214,TM710214
TF110215,TM710215
TF110216,TM710216
TF110217,TM710217
TF110218,TM710218
TF110219,TM710219
TF110220,TM710220
TF110221,TM710221
TF110222,TM710222
TF110223,TM710223
TF110224,TM710224
TF110225,TM710225
TF110226,TM710226
TF110227,TM710227
TF110228,TM710228
TF110229,TM710229
TF110230,TM710230
TF110231,TM710231
TF110232,TM710232
TF110233,TM710233
TF110234,TM710234
TF110235,TM710235
TF110236,TM710236
TF110237,TM710237
TF110238,TM710238
TF110239,TM710239
TF110240,TM710240
TF110241,TM710241
TF110242,TM710242
TF110243,TM710243
TF110244,TM710244
TF110245,TM710245
TF110246,TM710246
TF110247,TM710247
TF110248,TM710248
TF110249,TM710249
TF110250,TM710250
TF110251,TM710251
TF110252,TM710252
TF110253,TM710253
TF110254,TM710254
TF110255,TM710255
TF110256,TM710256
TF110257,TM710257
TF110258,TM710258
TF110259,TM710259
TF110260,TM710260
TF110261,TM710261
TF110262,TM710262
TF110263,TM710263
TF110264,TM710264
TF110265,TM710265
TF110266,TM710266
TF110267,TM710267
TF110268,TM710268
TF110269,TM710269
TF110270,TM710270
TF110271,TM710271
TF110272,TM710272
TF110273,TM710273
TF110274,TM710274
TF110275,TM710275
TF110276,TM710276
TF110277,TM710277
TF110278,TM710278
TF110279,TM710279
TF110280,TM710280
TF110281,TM710281
TF110282,TM710282
TF110283,TM710283
TF110284,TM710284
TF110285,TM710285
TF110286,TM710286
TF110287,TM710287
TF110288,TM710288
TF110289,TM710289
TF110290,TM710290
TF110291,TM710291
TF110292,TM710292
TF110293,TM710293
TF110294,TM710294
TF110295,TM710295
TF110296,TM710296
TF110297,TM710297
TF110298,TM710298
TF110299,TM710299
TF110300,TM710300
TF110301,TM710301
TF110302,TM710302
TF110303,TM710303
TF110304,TM710304
TF110305,TM710305
TF110306,TM710306
TF110307,TM710307
TF110308,TM710308
TF110309,TM710309
TF110310,TM710310
TF110311,TM710311
TF110312,TM710312
TF110313,TM710313
TF110314,TM710314
TF110315,TM710315
TF110316,TM710316
TF110317,TM710317
TF110318,TM710318
TF110319,TM710319
TF110320,TM710320
TF110321,TM710321
TF110322,TM710322
TF110323,TM710323
TF110324,TM710324
TF110325,TM710325
TF110326,TM710326
TF110327,TM710327
TF110328,TM710328
TF110329,TM710329
TF110330,TM710330
TF110331,TM710331
TF110332,TM710332
TF110333,TM710333
TF110334,TM710334
TF110335,TM710335
TF110336,TM710336
TF110337,TM710337
TF110338,TM710338
TF110339,TM710339
TF110340,TM710340
TF110341,TM710341
TF110342,TM710342
TF110343,TM710343
TF110344,TM710344
TF110345,TM710345
TF110346,TM710346
TF110347,TM710347
TF110348,TM710348
TF110349,TM710349
TF110350,TM710350
TF110351,TM710351
TF110352,TM710352
TF110353,TM710353
TF110354,TM710354
TF110355,TM710355
TF110356,TM710356
TF110357,TM710357
TF110358,TM710358
TF110359,TM710359
TF110360,TM710360
TF110361,TM710361
TF110362,TM710362
TF110363,TM710363
TF110364,TM710364
TF110365,TM710365
TF110366,TM710366
TF110367,TM710367
TF110368,TM710368
TF110369,TM710369
TF110370,TM710370
TF110371,TM710371
TF110372,TM710372
TF110373,TM710373
TF110374,TM710374
TF110375,TM710375
TF110376,TM710376
TF110377,TM710377
TF110378,TM710378
TF110379,TM710379
TF110380,TM710380
TF110381,TM710381
TF110382,TM710382
TF110383,TM710383
TF110384,TM710384
TF110385,TM710385
TF110386,TM710386
TF110387,TM710387
TF110388,TM710388
TF110389,TM710389
TF110390,TM710390
TF110391,TM710391
TF110392,TM710392
TF110393,TM710393
TF110394,TM710394
TF110395,TM710395
TF110396,TM710396
TF110397,TM710397
TF110398,TM710398
TF110399,TM710399
TF110400,TM710400
TF110401,TM710401
TF110402,TM710402
TF110403,TM710403
TF110404,TM710404
TF110405,TM710405
TF110406,TM710406
TF110407,TM710407
TF110408,TM710408
TF110409,TM710409
TF110410,TM710410
TF110411,TM710411
TF110412,TM710412
TF110413,TM710413
TF110414,TM710414
TF110415,TM710415
TF110416,TM710416
TF110417,TM710417
TF110418,TM710418
TF110419,TM710419
TF110420,TM710420
TF110421,TM710421
TF110422,TM710422
TF110423,TM710423
TF110424,TM710424
TF110425,TM710425
TF110426,TM710426
TF110427,TM710427
TF110428,TM710428
TF110429,TM710429
TF110430,TM710430
TF110431,TM710431
TF110432,TM710432
TF110433,TM710433
TF110434,TM710434
TF110435,TM710435
TF110436,TM710436
TF110437,TM710437
TF110438,TM710438
TF110439,TM710439
TF110440,TM710440
TF110441,TM710441
TF110442,TM710442
TF110443,TM710443
TF110444,TM710444
TF110445,TM710445
TF110446,TM710446
TF110447,TM710447
TF110448,TM710448
TF110449,TM710449
TF110450,TM710450
TF110451,TM710451
TF110452,TM710452
TF110453,TM710453
TF110454,TM710454
TF110455,TM710455
TF110456,TM710456
TF110457,TM710457
TF110458,TM710458
TF110459,TM710459
TF110460,TM710460
TF110461,TM710461
TF110462,TM710462
TF110463,TM710463
TF110464,TM710464
TF110465,TM710465
TF110466,TM710466
TF110467,TM710467
TF110468,TM710468
TF110469,TM710469
TF110470,TM710470
TF110471,TM710471
TF110472,TM710472
TF110473,TM710473
TF110474,TM710474
TF110475,TM710475
TF110476,TM710476
TF110477,TM710477
TF110478,TM710478
TF110479,TM710479
TF110480,TM710480
TF110481,TM710481
TF110482,TM710482
TF110483,TM710483
TF110484,TM710484
TF110485,TM710485
TF110486,TM710486
TF110487,TM710487
TF110488,TM710488
TF110489,TM710489
TF110490,TM710490
TF110491,TM710491
TF110492,TM710492
TF110493,TM710493
TF110494,TM710494
TF110495,TM710495
TF110496,TM710496
TF110497,TM710497
TF110498,TM710498
TF110499,TM710499
TF110500,TM710500
TF110501,TM710501
TF110502,TM710502
TF110503,TM710503
TF110504,TM710504
TF110505,TM710505
TF110506,TM710506
TF110507,TM710507
TF110508,TM710508
TF110509,TM710509
TF110510,TM710510
TF110511,TM710511
TF110512,TM710512
TF110513,TM710513
TF110514,TM710514
TF110515,TM710515
TF110516,TM710516
TF110517,TM710517
TF110518,TM710518
TF110519,TM710519
TF110520,TM710520
TF110521,TM710521
TF110522,TM710522
TF110523,TM710523
TF110524,TM710524
TF110525,TM710525
TF110526,TM710526
TF110527,TM710527
TF110528,TM710528
TF110529,TM710529
TF110530,TM710530
TF110531,TM710531
TF110532,TM710532
TF110533,TM710533
TF110534,TM710534
TF110535,TM710535
TF110536,TM710536
TF110537,TM710537
TF110538,TM710538
TF110539,TM710539
TF110540,TM710540
TF110541,TM710541
TF110542,TM710542
TF110543,TM710543
TF110544,TM710544
TF110545,TM710545
TF110546,TM710546
TF110547,TM710547
TF110548,TM710548
TF110549,TM710549
TF110550,TM710550
TF110551,TM710551
TF110552,TM710552
TF110553,TM710553
TF110554,TM710554
TF110555,TM710555
TF110556,TM710556
TF110557,TM710557
TF110558,TM710558
TF110559,TM710559
TF110560,TM710560
TF110561,TM710561
TF110562,TM710562
TF110563,TM710563
TF110564,TM710564
TF110565,TM710565
TF110566,TM710566
TF110567,TM710567
TF110568,TM710568
TF110569,TM710569
TF110570,TM710570
TF110571,TM710571
TF110572,TM710572
TF110573,TM710573
TF110574,TM710574
TF110575,TM710575
TF110576,TM710576
TF110577,TM710577
TF110578,TM710578
TF110579,TM710579
TF110580,TM710580
TF110581,TM710581
TF110582,TM710582
TF110583,TM710583
TF110584,TM710584
TF110585,TM710585
TF110586,TM710586
TF110587,TM710587
TF110588,TM710588
TF110589,TM710589
TF110590,TM710590
TF110591,TM710591
TF110592,TM710592
TF110593,TM710593
TF110594,TM710594
TF110595,TM710595
TF110596,TM710596
TF110597,TM710597
TF110598,TM710598
TF110599,TM710599
TF110600,TM710600
TF110601,TM710601
TF110602,TM710602
TF110603,TM710603
TF110604,TM710604
TF110605,TM710605
TF110606,TM710606
TF110607,TM710607
TF110608,TM710608
TF110609,TM710609
TF110610,TM710610
TF110611,TM710611
TF110612,TM710612
TF110613,TM710613
TF110614,TM710614
TF110615,TM710615
TF110616,TM710616
TF110617,TM710617
TF110618,TM710618
TF110619,TM710619
TF110620,TM710620
TF110621,TM710621
TF110622,TM710622
TF110623,TM710623
TF110624,TM710624
TF110625,TM710625
TF110626,TM710626
TF110627,TM710627
TF110628,TM710628
TF110629,TM710629
TF110630,TM710630
TF110631,TM710631
TF110632,TM710632
TF110633,TM710633
TF110634,TM710634
TF110635,TM710635
TF110636,TM710636
TF110637,TM710637
TF110638,TM710638
TF110639,TM710639
TF110640,TM710640
TF110641,TM710641
TF110642,TM710642
TF110643,TM710643
TF110644,TM710644
TF110645,TM710645
TF110646,TM710646
TF110647,TM710647
TF110648,TM710648
TF110649,TM710649
TF110650,TM710650
TF110651,TM710651
TF110652,TM710652
TF110653,TM710653
TF110654,TM710654
TF110655,TM710655
TF110656,TM710656
TF110657,TM710657
TF110658,TM710658
TF110659,TM710659
TF110660,TM710660
TF110661,TM710661
TF110662,TM710662
TF110663,TM710663
TF110664,TM710664
TF110665,TM710665
TF110666,TM710666
TF110667,TM710667
TF110668,TM710668
TF110669,TM710669
TF110670,TM710670
TF110671,TM710671
TF110672,TM710672
TF110673,TM710673
TF110674,TM710674
TF110675,TM710675
TF110676,TM710676
TF110677,TM710677
TF110678,TM710678
TF110679,TM710679
TF110680,TM710680
TF110681,TM710681
TF110682,TM710682
TF110683,TM710683
TF110684,TM710684
TF110685,TM710685
TF110686,TM710686
TF110687,TM710687
TF110688,TM710688
TF110689,TM710689
TF110690,TM710690
TF110691,TM710691
TF110692,TM710692
TF110693,TM710693
TF110694,TM710694
TF110695,TM710695
TF110696,TM710696
TF110697,TM710697
TF110698,TM710698
TF110699,TM710699
TF110700,TM710700
TF110701,TM710701
TF110702,TM710702
TF110703,TM710703
TF110704,TM710704
TF110705,TM710705
TF110706,TM710706
TF110707,TM710707
TF110708,TM710708
TF110709,TM710709
TF110710,TM710710
TF110711,TM710711
TF110712,TM710712
TF110713,TM710713
TF110714,TM710714
TF110715,TM710715
TF110716,TM710716
TF110717,TM710717
TF110718,TM710718
TF110719,TM710719
TF110720,TM710720
TF110721,TM710721
TF110722,TM710722
TF110723,TM710723
TF110724,TM710724
TF110725,TM710725
TF110726,TM710726
TF110727,TM710727
TF110728,TM710728
TF110729,TM710729
TF110730,TM710730
TF110731,TM710731
TF110732,TM710732
TF110733,TM710733
TF110734,TM710734
TF110735,TM710735
TF110736,TM710736
TF110737,TM710737
TF110738,TM710738
TF110739,TM710739
TF110740,TM710740
TF110741,TM710741
TF110742,TM710742
TF110743,TM710743
TF110744,TM710744
TF110745,TM710745
TF110746,TM710746
TF110747,TM710747
TF110748,TM710748
TF110749,TM710749
TF110750,TM710750
TF110751,TM710751
TF110752,TM710752
TF110753,TM710753
TF110754,TM710754
TF110755,TM710755
TF110756,TM710756
TF110757,TM710757
TF110758,TM710758
TF110759,TM710759
TF110760,TM710760
TF110761,TM710761
TF110762,TM710762
TF110763,TM710763
TF110764,TM710764
TF110765,TM710765
TF110766,TM710766
TF110767,TM710767
TF110768,TM710768
TF110769,TM710769
TF110770,TM710770
TF110771,TM710771
TF110772,TM710772
TF110773,TM710773
TF110774,TM710774
TF110775,TM710775
TF110776,TM710776
TF110777,TM710777
TF110778,TM710778
TF110779,TM710779
TF110780,TM710780
TF110781,TM710781
TF110782,TM710782
TF110783,TM710783
TF110784,TM710784
TF110785,TM710785
TF110786,TM710786
TF110787,TM710787
TF110788,TM710788
TF110789,TM710789
TF110790,TM710790
TF110791,TM710791
TF110792,TM710792
TF110793,TM710793
TF110794,TM710794
TF110795,TM710795
TF110796,TM710796
TF110797,TM710797
TF110798,TM710798
TF110799,TM710799
TF110800,TM710800
TF110801,TM710801
TF110802,TM710802
TF110803,TM710803
TF110804,TM710804
TF110805,TM710805
TF110806,TM710806
TF110807,TM710807
TF110808,TM710808
TF110809,TM710809
TF110810,TM710810
TF110811,TM710811
TF110812,TM710812
TF110813,TM710813
TF110814,TM710814
TF110815,TM710815
TF110816,TM710816
TF110817,TM710817
TF110818,TM710818
TF110819,TM710819
TF110820,TM710820
TF110821,TM710821
TF110822,TM710822
TF110823,TM710823
TF110824,TM710824
TF110825,TM710825
TF110826,TM710826
TF110827,TM710827
TF110828,TM710828
TF110829,TM710829
TF110830,TM710830
TF110831,TM710831
TF110832,TM710832
TF110833,TM710833
TF110834,TM710834
TF110835,TM710835
TF110836,TM710836
TF110837,TM710837
TF110838,TM710838
TF110839,TM710839
TF110840,TM710840
TF110841,TM710841
TF110842,TM710842
TF110843,TM710843
TF110844,TM710844
TF110845,TM710845
TF110846,TM710846
TF110847,TM710847
TF110848,TM710848
TF110849,TM710849
TF110850,TM710850
TF110851,TM710851
TF110852,TM710852
TF110853,TM710853
TF110854,TM710854
TF110855,TM710855
TF110856,TM710856
TF110857,TM710857
TF110858,TM710858
TF110859,TM710859
TF110860,TM710860
TF110861,TM710861
TF110862,TM710862
TF110863,TM710863
TF110864,TM710864
TF110865,TM710865
TF110866,TM710866
TF110867,TM710867
TF110868,TM710868
TF110869,TM710869
TF110870,TM710870
TF110871,TM710871
TF110872,TM710872
TF110873,TM710873
TF110874,TM710874
TF110875,TM710875
TF110876,TM710876
TF110877,TM710877
TF110878,TM710878
TF110879,TM710879
TF110880,TM710880
TF110881,TM710881
TF110882,TM710882
TF110883,TM710883
TF110884,TM710884
TF110885,TM710885
TF110886,TM710886
TF110887,TM710887
TF110888,TM710888
TF110889,TM710889
TF110890,TM710890
TF110891,TM710891
TF110892,TM710892
TF110893,TM710893
TF110894,TM710894
TF110895,TM710895
TF110896,TM710896
TF110897,TM710897
TF110898,TM710898
TF110899,TM710899
TF110900,TM710900
TF110901,TM710901
TF110902,TM710902
TF110903,TM710903
TF110904,TM710904
TF110905,TM710905
TF110906,TM710906
TF110907,TM710907
TF110908,TM710908
TF110909,TM710909
TF110910,TM710910
TF110911,TM710911
TF110912,TM710912
TF110913,TM710913
TF110914,TM710914
TF110915,TM710915
TF110916,TM710916
TF110917,TM710917
TF110918,TM710918
TF110919,TM710919
TF110920,TM710920
TF110921,TM710921
TF110922,TM710922
TF110923,TM710923
TF110924,TM710924
TF110925,TM710925
TF110926,TM710926
TF110927,TM710927
TF110928,TM710928
TF110929,TM710929
TF110930,TM710930
TF110931,TM710931
TF110932,TM710932
TF110933,TM710933
TF110934,TM710934
TF110935,TM710935
TF110936,TM710936
TF110937,TM710937
TF110938,TM710938
TF110939,TM710939
TF110940,TM710940
TF110941,TM710941
TF110942,TM710942
TF110943,TM710943
TF110944,TM710944
TF110945,TM710945
TF110946,TM710946
TF110947,TM710947
TF110948,TM710948
TF110949,TM710949
TF110950,TM710950
TF110951,TM710951
TF110952,TM710952
TF110953,TM710953
TF110954,TM710954
TF110955,TM710955
TF110956,TM710956
TF110957,TM710957
TF110958,TM710958
TF110959,TM710959
TF110960,TM710960
TF110961,TM710961
TF110962,TM710962
TF110963,TM710963
TF110964,TM710964
TF110965,TM710965
TF110966,TM710966
TF110967,TM710967
TF110968,TM710968
TF110969,TM710969
TF110970,TM710970
TF110971,TM710971
TF110972,TM710972
TF110973,TM710973
TF110974,TM710974
TF110975,TM710975
TF110976,TM710976
TF110977,TM710977
TF110978,TM710978
TF110979,TM710979
TF110980,TM710980
TF110981,TM710981
TF110982,TM710982
TF110983,TM710983
TF110984,TM710984
TF110985,TM710985
TF110986,TM710986
TF110987,TM710987
TF110988,TM710988
TF110989,TM710989
TF110990,TM710990
TF110991,TM710991
TF110992,TM710992
TF110993,TM710993
TF110994,TM710994
TF110995,TM710995
TF110996,TM710996
TF110997,TM710997
TF110998,TM710998
TF110999,TM710999
TF111000,TM711000
TF111001,TM711001
TF111002,TM711002
TF111003,TM711003
TF111004,TM711004
TF111005,TM711005
TF111006,TM711006
TF111007,TM711007
TF111008,TM711008
TF111009,TM711009
TF111010,TM711010
TF111011,TM711011
TF111012,TM711012
TF111013,TM711013
TF111014,TM711014
TF111015,TM711015
TF111016,TM711016
TF111017,TM711017
TF111018,TM711018
TF111019,TM711019
TF111020,TM711020
TF111021,TM711021
TF111022,TM711022
TF111023,TM711023
TF111024,TM711024
TF111025,TM711025
TF111026,TM711026
TF111027,TM711027
TF111028,TM711028
TF111029,TM711029
TF111030,TM711030
TF111031,TM711031
TF111032,TM711032
TF111033,TM711033
TF111034,TM711034
TF111035,TM711035
TF111036,TM711036
TF111037,TM711037
TF111038,TM711038
TF111039,TM711039
TF111040,TM711040
TF111041,TM711041
TF111042,TM711042
TF111043,TM711043
TF111044,TM711044
TF111045,TM711045
TF111046,TM711046
TF111047,TM711047
TF111048,TM711048
TF111049,TM711049
TF111050,TM711050
TF111051,TM711051
TF111052,TM711052
TF111053,TM711053
TF111054,TM711054
TF111055,TM711055
TF111056,TM711056
TF111057,TM711057
TF111058,TM711058
TF111059,TM711059
TF111060,TM711060
TF111061,TM711061
TF111062,TM711062
TF111063,TM711063
TF111064,TM711064
TF111065,TM711065
TF111066,TM711066
TF111067,TM711067
TF111068,TM711068
TF111069,TM711069
TF111070,TM711070
TF111071,TM711071
TF111072,TM711072
TF111073,TM711073
TF111074,TM711074
TF111075,TM711075
TF111076,TM711076
TF111077,TM711077
TF111078,TM711078
TF111079,TM711079
TF111080,TM711080
TF111081,TM711081
TF111082,TM711082
TF111083,TM711083
TF111084,TM711084
TF111085,TM711085
TF111086,TM711086
TF111087,TM711087
TF111088,TM711088
TF111089,TM711089
TF111090,TM711090
TF111091,TM711091
TF111092,TM711092
TF111093,TM711093
TF111094,TM711094
TF111095,TM711095
TF111096,TM711096
TF111097,TM711097
TF111098,TM711098
TF111099,TM711099
TF111100,TM711100
TF111101,TM711101
TF111102,TM711102
TF111103,TM711103
TF111104,TM711104
TF111105,TM711105
TF111106,TM711106
TF111107,TM711107
TF111108,TM711108
TF111109,TM711109
TF111110,TM711110
TF111111,TM711111
TF111112,TM711112
TF111113,TM711113
TF111114,TM711114
TF111115,TM711115
TF111116,TM711116
TF111117,TM711117
TF111118,TM711118
TF111119,TM711119
TF111120,TM711120
TF111121,TM711121
TF111122,TM711122
TF111123,TM711123
TF111124,TM711124
TF111125,TM711125
TF111126,TM711126
TF111127,TM711127
TF111128,TM711128
TF111129,TM711129
TF111130,TM711130
TF111131,TM711131
TF111132,TM711132
TF111133,TM711133
TF111134,TM711134
TF111135,TM711135
TF111136,TM711136
TF111137,TM711137
TF111138,TM711138
TF111139,TM711139
TF111140,TM711140
TF111141,TM711141
TF111142,TM711142
TF111143,TM711143
TF111144,TM711144
TF111145,TM711145
TF111146,TM711146
TF111147,TM711147
TF111148,TM711148
TF111149,TM711149
TF111150,TM711150
TF111151,TM711151
TF111152,TM711152
TF111153,TM711153
TF111154,TM711154
TF111155,TM711155
TF111156,TM711156
TF111157,TM711157
TF111158,TM711158
TF111159,TM711159
TF111160,TM711160
TF111161,TM711161
TF111162,TM711162
TF111163,TM711163
TF111164,TM711164
TF111165,TM711165
TF111166,TM711166
TF111167,TM711167
TF111168,TM711168
TF111169,TM711169
TF111170,TM711170
TF111171,TM711171
TF111172,TM711172
TF111173,TM711173
TF111174,TM711174
TF111175,TM711175
TF111176,TM711176
TF111177,TM711177
TF111178,TM711178
TF111179,TM711179
TF111180,TM711180
TF111181,TM711181
TF111182,TM711182
TF111183,TM711183
TF111184,TM711184
TF111185,TM711185
TF111186,TM711186
TF111187,TM711187
TF111188,TM711188
TF111189,TM711189
TF111190,TM711190
TF111191,TM711191
TF111192,TM711192
TF111193,TM711193
TF111194,TM711194
TF111195,TM711195
TF111196,TM711196
TF111197,TM711197
TF111198,TM711198
TF111199,TM711199
TF111200,TM711200
TF111201,TM711201
TF111202,TM711202
TF111203,TM711203
TF111204,TM711204
TF111205,TM711205
TF111206,TM711206
TF111207,TM711207
TF111208,TM711208
TF111209,TM711209
TF111210,TM711210
TF111211,TM711211
TF111212,TM711212
TF111213,TM711213
TF111214,TM711214
TF111215,TM711215
TF111216,TM711216
TF111217,TM711217
TF111218,TM711218
TF111219,TM711219
TF111220,TM711220
TF111221,TM711221
TF111222,TM711222
TF111223,TM711223
TF111224,TM711224
TF111225,TM711225
TF111226,TM711226
TF111227,TM711227
TF111228,TM711228
TF111229,TM711229
TF111230,TM711230
TF111231,TM711231
TF111232,TM711232
TF111233,TM711233
TF111234,TM711234
TF111235,TM711235
TF111236,TM711236
TF111237,TM711237
TF111238,TM711238
TF111239,TM711239
TF111240,TM711240
TF111241,TM711241
TF111242,TM711242
TF111243,TM711243
TF111244,TM711244
TF111245,TM711245
TF111246,TM711246
TF111247,TM711247
TF111248,TM711248
TF111249,TM711249
TF111250,TM711250
TF111251,TM711251
TF111252,TM711252
TF111253,TM711253
TF111254,TM711254
TF111255,TM711255
TF111256,TM711256
TF111257,TM711257
TF111258,TM711258
TF111259,TM711259
TF111260,TM711260
TF111261,TM711261
TF111262,TM711262
TF111263,TM711263
TF111264,TM711264
TF111265,TM711265
TF111266,TM711266
TF111267,TM711267
TF111268,TM711268
TF111269,TM711269
TF111270,TM711270
TF111271,TM711271
TF111272,TM711272
TF111273,TM711273
TF111274,TM711274
TF111275,TM711275
TF111276,TM711276
TF111277,TM711277
TF111278,TM711278
TF111279,TM711279
TF111280,TM711280
TF111281,TM711281
TF111282,TM711282
TF111283,TM711283
TF111284,TM711284
TF111285,TM711285
TF111286,TM711286
TF111287,TM711287
TF111288,TM711288
TF111289,TM711289
TF111290,TM711290
TF111291,TM711291
TF111292,TM711292
TF111293,TM711293
TF111294,TM711294
TF111295,TM711295
TF111296,TM711296
TF111297,TM711297
TF111298,TM711298
TF111299,TM711299
TF111300,TM711300
TF111301,TM711301
TF111302,TM711302
TF111303,TM711303
TF111304,TM711304
TF111305,TM711305
TF111306,TM711306
TF111307,TM711307
TF111308,TM711308
TF111309,TM711309
TF111310,TM711310
TF111311,TM711311
TF111312,TM711312
TF111313,TM711313
TF111314,TM711314
TF111315,TM711315
TF111316,TM711316
TF111317,TM711317
TF111318,TM711318
TF111319,TM711319
TF111320,TM711320
TF111321,TM711321
TF111322,TM711322
TF111323,TM711323
TF111324,TM711324
TF111325,TM711325
TF111326,TM711326
TF111327,TM711327
TF111328,TM711328
TF111329,TM711329
TF111330,TM711330
TF111331,TM711331
TF111332,TM711332
TF111333,TM711333
TF111334,TM711334
TF111335,TM711335
TF111336,TM711336
TF111337,TM711337
TF111338,TM711338
TF111339,TM711339
TF111340,TM711340
TF111341,TM711341
TF111342,TM711342
TF111343,TM711343
TF111344,TM711344
TF111345,TM711345
TF111346,TM711346
TF111347,TM711347
TF111348,TM711348
TF111349,TM711349
TF111350,TM711350
TF111351,TM711351
TF111352,TM711352
TF111353,TM711353
TF111354,TM711354
TF111355,TM711355
TF111356,TM711356
TF111357,TM711357
TF111358,TM711358
TF111359,TM711359
TF111360,TM711360
TF111361,TM711361
TF111362,TM711362
TF111363,TM711363
TF111364,TM711364
TF111365,TM711365
TF111366,TM711366
TF111367,TM711367
TF111368,TM711368
TF111369,TM711369
TF111370,TM711370
TF111371,TM711371
TF111372,TM711372
TF111373,TM711373
TF111374,TM711374
TF111375,TM711375
TF111376,TM711376
TF111377,TM711377
TF111378,TM711378
TF111379,TM711379
TF111380,TM711380
TF111381,TM711381
TF111382,TM711382
TF111383,TM711383
TF111384,TM711384
TF111385,TM711385
TF111386,TM711386
TF111387,TM711387
TF111388,TM711388
TF111389,TM711389
TF111390,TM711390
TF111391,TM711391
TF111392,TM711392
TF111393,TM711393
TF111394,TM711394
TF111395,TM711395
TF111396,TM711396
TF111397,TM711397
TF111398,TM711398
TF111399,TM711399
TF111400,TM711400
TF111401,TM711401
TF111402,TM711402
TF111403,TM711403
TF111404,TM711404
TF111405,TM711405
TF111406,TM711406
TF111407,TM711407
TF111408,TM711408
TF111409,TM711409
TF111410,TM711410
TF111411,TM711411
TF111412,TM711412
TF111413,TM711413
TF111414,TM711414
TF111415,TM711415
TF111416,TM711416
TF111417,TM711417
TF111418,TM711418
TF111419,TM711419
TF111420,TM711420
TF111421,TM711421
TF111422,TM711422
TF111423,TM711423
TF111424,TM711424
TF111425,TM711425
TF111426,TM711426
TF111427,TM711427
TF111428,TM711428
TF111429,TM711429
TF111430,TM711430
TF111431,TM711431
TF111432,TM711432
TF111433,TM711433
TF111434,TM711434
TF111435,TM711435
TF111436,TM711436
TF111437,TM711437
TF111438,TM711438
TF111439,TM711439
TF111440,TM711440
TF111441,TM711441
TF111442,TM711442
TF111443,TM711443
TF111444,TM711444
TF111445,TM711445
TF111446,TM711446
TF111447,TM711447
TF111448,TM711448
TF111449,TM711449
TF111450,TM711450
TF111451,TM711451
TF111452,TM711452
TF111453,TM711453
TF111454,TM711454
TF111455,TM711455
TF111456,TM711456
TF111457,TM711457
TF111458,TM711458
TF111459,TM711459
TF111460,TM711460
TF111461,TM711461
TF111462,TM711462
TF111463,TM711463
TF111464,TM711464
TF111465,TM711465
TF111466,TM711466
TF111467,TM711467
TF111468,TM711468
TF111469,TM711469
TF111470,TM711470
TF111471,TM711471
TF111472,TM711472
TF111473,TM711473
TF111474,TM711474
TF111475,TM711475
TF111476,TM711476
TF111477,TM711477
TF111478,TM711478
TF111479,TM711479
TF111480,TM711480
TF111481,TM711481
TF111482,TM711482
TF111483,TM711483
TF111484,TM711484
TF111485,TM711485
TF111486,TM711486
TF111487,TM711487
TF111488,TM711488
TF111489,TM711489
TF111490,TM711490
TF111491,TM711491
TF111492,TM711492
TF111493,TM711493
TF111494,TM711494
TF111495,TM711495
TF111496,TM711496
TF111497,TM711497
TF111498,TM711498
TF111499,TM711499
TF111500,TM711500
TF111501,TM711501
TF111502,TM711502
TF111503,TM711503
TF111504,TM711504
TF111505,TM711505
TF111506,TM711506
TF111507,TM711507
TF111508,TM711508
TF111509,TM711509
TF111510,TM711510
TF111511,TM711511
TF111512,TM711512
TF111513,TM711513
TF111514,TM711514
TF111515,TM711515
TF111516,TM711516
TF111517,TM711517
TF111518,TM711518
TF111519,TM711519
TF111520,TM711520
TF111521,TM711521
TF111522,TM711522
TF111523,TM711523
TF111524,TM711524
TF111525,TM711525
TF111526,TM711526
TF111527,TM711527
TF111528,TM711528
TF111529,TM711529
TF111530,TM711530
TF111531,TM711531
TF111532,TM711532
TF111533,TM711533
TF111534,TM711534
TF111535,TM711535
TF111536,TM711536
TF111537,TM711537
TF111538,TM711538
TF111539,TM711539
TF111540,TM711540
TF111541,TM711541
TF111542,TM711542
TF111543,TM711543
TF111544,TM711544
TF111545,TM711545
TF111546,TM711546
TF111547,TM711547
TF111548,TM711548
TF111549,TM711549
TF111550,TM711550
TF111551,TM711551
TF111552,TM711552
TF111553,TM711553
TF111554,TM711554
TF111555,TM711555
TF111556,TM711556
TF111557,TM711557
TF111558,TM711558
TF111559,TM711559
TF111560,TM711560
TF111561,TM711561
TF111562,TM711562
TF111563,TM711563
TF111564,TM711564
TF111565,TM711565
TF111566,TM711566
TF111567,TM711567
TF111568,TM711568
TF111569,TM711569
TF111570,TM711570
TF111571,TM711571
TF111572,TM711572
TF111573,TM711573
TF111574,TM711574
TF111575,TM711575
TF111576,TM711576
TF111577,TM711577
TF111578,TM711578
TF111579,TM711579
TF111580,TM711580
TF111581,TM711581
TF111582,TM711582
TF111583,TM711583
TF111584,TM711584
TF111585,TM711585
TF111586,TM711586
TF111587,TM711587
TF111588,TM711588
TF111589,TM711589
TF111590,TM711590
TF111591,TM711591
TF111592,TM711592
TF111593,TM711593
TF111594,TM711594
TF111595,TM711595
TF111596,TM711596
TF111597,TM711597
TF111598,TM711598
TF111599,TM711599
TF111600,TM711600
TF111601,TM711601
TF111602,TM711602
TF111603,TM711603
TF111604,TM711604
TF111605,TM711605
TF111606,TM711606
TF111607,TM711607
TF111608,TM711608
TF111609,TM711609
TF111610,TM711610
TF111611,TM711611
TF111612,TM711612
TF111613,TM711613
TF111614,TM711614
TF111615,TM711615
TF111616,TM711616
TF111617,TM711617
TF111618,TM711618
TF111619,TM711619
TF111620,TM711620
TF111621,TM711621
TF111622,TM711622
TF111623,TM711623
TF111624,TM711624
TF111625,TM711625
TF111626,TM711626
TF111627,TM711627
TF111628,TM711628
TF111629,TM711629
TF111630,TM711630
TF111631,TM711631
TF111632,TM711632
TF111633,TM711633
TF111634,TM711634
TF111635,TM711635
TF111636,TM711636
TF111637,TM711637
TF111638,TM711638
TF111639,TM711639
TF111640,TM711640
TF111641,TM711641
TF111642,TM711642
TF111643,TM711643
TF111644,TM711644
TF111645,TM711645
TF111646,TM711646
TF111647,TM711647
TF111648,TM711648
TF111649,TM711649
TF111650,TM711650
TF111651,TM711651
TF111652,TM711652
TF111653,TM711653
TF111654,TM711654
TF111655,TM711655
TF111656,TM711656
TF111657,TM711657
TF111658,TM711658
TF111659,TM711659
TF111660,TM711660
TF111661,TM711661
TF111662,TM711662
TF111663,TM711663
TF111664,TM711664
TF111665,TM711665
TF111666,TM711666
TF111667,TM711667
TF111668,TM711668
TF111669,TM711669
TF111670,TM711670
TF111671,TM711671
TF111672,TM711672
TF111673,TM711673
TF111674,TM711674
TF111675,TM711675
TF111676,TM711676
TF111677,TM711677
TF111678,TM711678
TF111679,TM711679
TF111680,TM711680
TF111681,TM711681
TF111682,TM711682
TF111683,TM711683
TF111684,TM711684
TF111685,TM711685
TF111686,TM711686
TF111687,TM711687
TF111688,TM711688
TF111689,TM711689
TF111690,TM711690
TF111691,TM711691
TF111692,TM711692
TF111693,TM711693
TF111694,TM711694
TF111695,TM711695
TF111696,TM711696
TF111697,TM711697
TF111698,TM711698
TF111699,TM711699
TF111700,TM711700
TF111701,TM711701
TF111702,TM711702
TF111703,TM711703
TF111704,TM711704
TF111705,TM711705
TF111706,TM711706
TF111707,TM711707
TF111708,TM711708
TF111709,TM711709
TF111710,TM711710
TF111711,TM711711
TF111712,TM711712
TF111713,TM711713
TF111714,TM711714
TF111715,TM711715
TF111716,TM711716
TF111717,TM711717
TF111718,TM711718
TF111719,TM711719
TF111720,TM711720
TF111721,TM711721
TF111722,TM711722
TF111723,TM711723
TF111724,TM711724
TF111725,TM711725
TF111726,TM711726
TF111727,TM711727
TF111728,TM711728
TF111729,TM711729
TF111730,TM711730
TF111731,TM711731
TF111732,TM711732
TF111733,TM711733
TF111734,TM711734
TF111735,TM711735
TF111736,TM711736
TF111737,TM711737
TF111738,TM711738
TF111739,TM711739
TF111740,TM711740
TF111741,TM711741
TF111742,TM711742
TF111743,TM711743
TF111744,TM711744
TF111745,TM711745
TF111746,TM711746
TF111747,TM711747
TF111748,TM711748
TF111749,TM711749
TF111750,TM711750
TF111751,TM711751
TF111752,TM711752
TF111753,TM711753
TF111754,TM711754
TF111755,TM711755
TF111756,TM711756
TF111757,TM711757
TF111758,TM711758
TF111759,TM711759
TF111760,TM711760
TF111761,TM711761
TF111762,TM711762
TF111763,TM711763
TF111764,TM711764
TF111765,TM711765
TF111766,TM711766
TF111767,TM711767
TF111768,TM711768
TF111769,TM711769
TF111770,TM711770
TF111771,TM711771
TF111772,TM711772
TF111773,TM711773
TF111774,TM711774
TF111775,TM711775
TF111776,TM711776
TF111777,TM711777
TF111778,TM711778
TF111779,TM711779
TF111780,TM711780
TF111781,TM711781
TF111782,TM711782
TF111783,TM711783
TF111784,TM711784
TF111785,TM711785
TF111786,TM711786
TF111787,TM711787
TF111788,TM711788
TF111789,TM711789
TF111790,TM711790
TF111791,TM711791
TF111792,TM711792
TF111793,TM711793
TF111794,TM711794
TF111795,TM711795
TF111796,TM711796
TF111797,TM711797
TF111798,TM711798
TF111799,TM711799
TF111800,TM711800
TF111801,TM711801
TF111802,TM711802
TF111803,TM711803
TF111804,TM711804
TF111805,TM711805
TF111806,TM711806
TF111807,TM711807
TF111808,TM711808
TF111809,TM711809
TF111810,TM711810
TF111811,TM711811
TF111812,TM711812
TF111813,TM711813
TF111814,TM711814
TF111815,TM711815
TF111816,TM711816
TF111817,TM711817
TF111818,TM711818
TF111819,TM711819
TF111820,TM711820
TF111821,TM711821
TF111822,TM711822
TF111823,TM711823
TF111824,TM711824
TF111825,TM711825
TF111826,TM711826
TF111827,TM711827
TF111828,TM711828
TF111829,TM711829
TF111830,TM711830
TF111831,TM711831
TF111832,TM711832
TF111833,TM711833
TF111834,TM711834
TF111835,TM711835
TF111836,TM711836
TF111837,TM711837
TF111838,TM711838
TF111839,TM711839
TF111840,TM711840
TF111841,TM711841
TF111842,TM711842
TF111843,TM711843
TF111844,TM711844
TF111845,TM711845
TF111846,TM711846
TF111847,TM711847
TF111848,TM711848
TF111849,TM711849
TF111850,TM711850
TF111851,TM711851
TF111852,TM711852
TF111853,TM711853
TF111854,TM711854
TF111855,TM711855
TF111856,TM711856
TF111857,TM711857
TF111858,TM711858
TF111859,TM711859
TF111860,TM711860
TF111861,TM711861
TF111862,TM711862
TF111863,TM711863
TF111864,TM711864
TF111865,TM711865
TF111866,TM711866
TF111867,TM711867
TF111868,TM711868
TF111869,TM711869
TF111870,TM711870
TF111871,TM711871
TF111872,TM711872
TF111873,TM711873
TF111874,TM711874
TF111875,TM711875
TF111876,TM711876
TF111877,TM711877
TF111878,TM711878
TF111879,TM711879
TF111880,TM711880
TF111881,TM711881
TF111882,TM711882
TF111883,TM711883
TF111884,TM711884
TF111885,TM711885
TF111886,TM711886
TF111887,TM711887
TF111888,TM711888
TF111889,TM711889
TF111890,TM711890
TF111891,TM711891
TF111892,TM711892
TF111893,TM711893
TF111894,TM711894
TF111895,TM711895
TF111896,TM711896
TF111897,TM711897
TF111898,TM711898
TF111899,TM711899
TF111900,TM711900
TF111901,TM711901
TF111902,TM711902
TF111903,TM711903
TF111904,TM711904
TF111905,TM711905
TF111906,TM711906
TF111907,TM711907
TF111908,TM711908
TF111909,TM711909
TF111910,TM711910
TF111911,TM711911
TF111912,TM711912
TF111913,TM711913
TF111914,TM711914
TF111915,TM711915
TF111916,TM711916
TF111917,TM711917
TF111918,TM711918
TF111919,TM711919
TF111920,TM711920
TF111921,TM711921
TF111922,TM711922
TF111923,TM711923
TF111924,TM711924
TF111925,TM711925
TF111926,TM711926
TF111927,TM711927
TF111928,TM711928
TF111929,TM711929
TF111930,TM711930
TF111931,TM711931
TF111932,TM711932
TF111933,TM711933
TF111934,TM711934
TF111935,TM711935
TF111936,TM711936
TF111937,TM711937
TF111938,TM711938
TF111939,TM711939
TF111940,TM711940
TF111941,TM711941
TF111942,TM711942
TF111943,TM711943
TF111944,TM711944
TF111945,TM711945
TF111946,TM711946
TF111947,TM711947
TF111948,TM711948
TF111949,TM711949
TF111950,TM711950
TF111951,TM711951
TF111952,TM711952
TF111953,TM711953
TF111954,TM711954
TF111955,TM711955
TF111956,TM711956
TF111957,TM711957
TF111958,TM711958
TF111959,TM711959
TF111960,TM711960
TF111961,TM711961
TF111962,TM711962
TF111963,TM711963
TF111964,TM711964
TF111965,TM711965
TF111966,TM711966
TF111967,TM711967
TF111968,TM711968
TF111969,TM711969
TF111970,TM711970
TF111971,TM711971
TF111972,TM711972
TF111973,TM711973
TF111974,TM711974
TF111975,TM711975
TF111976,TM711976
TF111977,TM711977
TF111978,TM711978
TF111979,TM711979
TF111980,TM711980
TF111981,TM711981
TF111982,TM711982
TF111983,TM711983
TF111984,TM711984
TF111985,TM711985
TF111986,TM711986
TF111987,TM711987
TF111988,TM711988
TF111989,TM711989
TF111990,TM711990
TF111991,TM711991
TF111992,TM711992
TF111993,TM711993
TF111994,TM711994
TF111995,TM711995
TF111996,TM711996
TF111997,TM711997
TF111998,TM711998
TF111999,TM711999
TF112000,TM712000
TF112001,TM712001
TF112002,TM712002
TF112003,TM712003
TF112004,TM712004
TF112005,TM712005
TF112006,TM712006
TF112007,TM712007
TF112008,TM712008
TF112009,TM712009
TF112010,TM712010
TF112011,TM712011
TF112012,TM712012
TF112013,TM712013
TF112014,TM712014
TF112015,TM712015
TF112016,TM712016
TF112017,TM712017
TF112018,TM712018
TF112019,TM712019
TF112020,TM712020
TF112021,TM712021
TF112022,TM712022
TF112023,TM712023
TF112024,TM712024
TF112025,TM712025
TF112026,TM712026
TF112027,TM712027
TF112028,TM712028
TF112029,TM712029
TF112030,TM712030
TF112031,TM712031
TF112032,TM712032
TF112033,TM712033
TF112034,TM712034
TF112035,TM712035
TF112036,TM712036
TF112037,TM712037
TF112038,TM712038
TF112039,TM712039
TF112040,TM712040
TF112041,TM712041
TF112042,TM712042
TF112043,TM712043
TF112044,TM712044
TF112045,TM712045
TF112046,TM712046
TF112047,TM712047
TF112048,TM712048
TF112049,TM712049
TF112050,TM712050
TF112051,TM712051
TF112052,TM712052
TF112053,TM712053
TF112054,TM712054
TF112055,TM712055
TF112056,TM712056
TF112057,TM712057
TF112058,TM712058
TF112059,TM712059
TF112060,TM712060
TF112061,TM712061
TF112062,TM712062
TF112063,TM712063
TF112064,TM712064
TF112065,TM712065
TF112066,TM712066
TF112067,TM712067
TF112068,TM712068
TF112069,TM712069
TF112070,TM712070
TF112071,TM712071
TF112072,TM712072
TF112073,TM712073
TF112074,TM712074
TF112075,TM712075
TF112076,TM712076
TF112077,TM712077
TF112078,TM712078
TF112079,TM712079
TF112080,TM712080
TF112081,TM712081
TF112082,TM712082
TF112083,TM712083
TF112084,TM712084
TF112085,TM712085
TF112086,TM712086
TF112087,TM712087
TF112088,TM712088
TF112089,TM712089
TF112090,TM712090
TF112091,TM712091
TF112092,TM712092
TF112093,TM712093
TF112094,TM712094
TF112095,TM712095
TF112096,TM712096
TF112097,TM712097
TF112098,TM712098
TF112099,TM712099
TF112100,TM712100
TF112101,TM712101
TF112102,TM712102
TF112103,TM712103
TF112104,TM712104
TF112105,TM712105
TF112106,TM712106
TF112107,TM712107
TF112108,TM712108
TF112109,TM712109
TF112110,TM712110
TF112111,TM712111
TF112112,TM712112
TF112113,TM712113
TF112114,TM712114
TF112115,TM712115
TF112116,TM712116
TF112117,TM712117
TF112118,TM712118
TF112119,TM712119
TF112120,TM712120
TF112121,TM712121
TF112122,TM712122
TF112123,TM712123
TF112124,TM712124
TF112125,TM712125
TF112126,TM712126
TF112127,TM712127
TF112128,TM712128
TF112129,TM712129
TF112130,TM712130
TF112131,TM712131
TF112132,TM712132
TF112133,TM712133
TF112134,TM712134
TF112135,TM712135
TF112136,TM712136
TF112137,TM712137
TF112138,TM712138
TF112139,TM712139
TF112140,TM712140
TF112141,TM712141
TF112142,TM712142
TF112143,TM712143
TF112144,TM712144
TF112145,TM712145
TF112146,TM712146
TF112147,TM712147
TF112148,TM712148
TF112149,TM712149
TF112150,TM712150
TF112151,TM712151
TF112152,TM712152
TF112153,TM712153
TF112154,TM712154
TF112155,TM712155
TF112156,TM712156
TF112157,TM712157
TF112158,TM712158
TF112159,TM712159
TF112160,TM712160
TF112161,TM712161
TF112162,TM712162
TF112163,TM712163
TF112164,TM712164
TF112165,TM712165
TF112166,TM712166
TF112167,TM712167
TF112168,TM712168
TF112169,TM712169
TF112170,TM712170
TF112171,TM712171
TF112172,TM712172
TF112173,TM712173
TF112174,TM712174
TF112175,TM712175
TF112176,TM712176
TF112177,TM712177
TF112178,TM712178
TF112179,TM712179
TF112180,TM712180
TF112181,TM712181
TF112182,TM712182
TF112183,TM712183
TF112184,TM712184
TF112185,TM712185
TF112186,TM712186
TF112187,TM712187
TF112188,TM712188
TF112189,TM712189
TF112190,TM712190
TF112191,TM712191
TF112192,TM712192
TF112193,TM712193
TF112194,TM712194
TF112195,TM712195
TF112196,TM712196
TF112197,TM712197
TF112198,TM712198
TF112199,TM712199
TF112200,TM712200
TF112201,TM712201
TF112202,TM712202
TF112203,TM712203
TF112204,TM712204
TF112205,TM712205
TF112206,TM712206
TF112207,TM712207
TF112208,TM712208
TF112209,TM712209
TF112210,TM712210
TF112211,TM712211
TF112212,TM712212
TF112213,TM712213
TF112214,TM712214
TF112215,TM712215
TF112216,TM712216
TF112217,TM712217
TF112218,TM712218
TF112219,TM712219
TF112220,TM712220
TF112221,TM712221
TF112222,TM712222
TF112223,TM712223
TF112224,TM712224
TF112225,TM712225
TF112226,TM712226
TF112227,TM712227
TF112228,TM712228
TF112229,TM712229
TF112230,TM712230
TF112231,TM712231
TF112232,TM712232
TF112233,TM712233
TF112234,TM712234
TF112235,TM712235
TF112236,TM712236
TF112237,TM712237
TF112238,TM712238
TF112239,TM712239
TF112240,TM712240
TF112241,TM712241
TF112242,TM712242
TF112243,TM712243
TF112244,TM712244
TF112245,TM712245
TF112246,TM712246
TF112247,TM712247
TF112248,TM712248
TF112249,TM712249
TF112250,TM712250
TF112251,TM712251
TF112252,TM712252
TF112253,TM712253
TF112254,TM712254
TF112255,TM712255
TF112256,TM712256
TF112257,TM712257
TF112258,TM712258
TF112259,TM712259
TF112260,TM712260
TF112261,TM712261
TF112262,TM712262
TF112263,TM712263
TF112264,TM712264
TF112265,TM712265
TF112266,TM712266
TF112267,TM712267
TF112268,TM712268
TF112269,TM712269
TF112270,TM712270
TF112271,TM712271
TF112272,TM712272
TF112273,TM712273
TF112274,TM712274
TF112275,TM712275
TF112276,TM712276
TF112277,TM712277
TF112278,TM712278
TF112279,TM712279
TF112280,TM712280
TF112281,TM712281
TF112282,TM712282
TF112283,TM712283
TF112284,TM712284
TF112285,TM712285
TF112286,TM712286
TF112287,TM712287
TF112288,TM712288
TF112289,TM712289
TF112290,TM712290
TF112291,TM712291
TF112292,TM712292
TF112293,TM712293
TF112294,TM712294
TF112295,TM712295
TF112296,TM712296
TF112297,TM712297
TF112298,TM712298
TF112299,TM712299
TF112300,TM712300
TF112301,TM712301
TF112302,TM712302
TF112303,TM712303
TF112304,TM712304
TF112305,TM712305
TF112306,TM712306
TF112307,TM712307
TF112308,TM712308
TF112309,TM712309
TF112310,TM712310
TF112311,TM712311
TF112312,TM712312
TF112313,TM712313
TF112314,TM712314
TF112315,TM712315
TF112316,TM712316
TF112317,TM712317
TF112318,TM712318
TF112319,TM712319
TF112320,TM712320
TF112321,TM712321
TF112322,TM712322
TF112323,TM712323
TF112324,TM712324
TF112325,TM712325
TF112326,TM712326
TF112327,TM712327
TF112328,TM712328
TF112329,TM712329
TF112330,TM712330
TF112331,TM712331
TF112332,TM712332
TF112333,TM712333
TF112334,TM712334
TF112335,TM712335
TF112336,TM712336
TF112337,TM712337
TF112338,TM712338
TF112339,TM712339
TF112340,TM712340
TF112341,TM712341
TF112342,TM712342
TF112343,TM712343
TF112344,TM712344
TF112345,TM712345
TF112346,TM712346
TF112347,TM712347
TF112348,TM712348
TF112349,TM712349
TF112350,TM712350
TF112351,TM712351
TF112352,TM712352
TF112353,TM712353
TF112354,TM712354
TF112355,TM712355
TF112356,TM712356
TF112357,TM712357
TF112358,TM712358
TF112359,TM712359
TF112360,TM712360
TF112361,TM712361
TF112362,TM712362
TF112363,TM712363
TF112364,TM712364
TF112365,TM712365
TF112366,TM712366
TF112367,TM712367
TF112368,TM712368
TF112369,TM712369
TF112370,TM712370
TF112371,TM712371
TF112372,TM712372
TF112373,TM712373
TF112374,TM712374
TF112375,TM712375
TF112376,TM712376
TF112377,TM712377
TF112378,TM712378
TF112379,TM712379
TF112380,TM712380
TF112381,TM712381
TF112382,TM712382
TF112383,TM712383
TF112384,TM712384
TF112385,TM712385
TF112386,TM712386
TF112387,TM712387
TF112388,TM712388
TF112389,TM712389
TF112390,TM712390
TF112391,TM712391
TF112392,TM712392
TF112393,TM712393
TF112394,TM712394
TF112395,TM712395
TF112396,TM712396
TF112397,TM712397
TF112398,TM712398
TF112399,TM712399
TF112400,TM712400
TF112401,TM712401
TF112402,TM712402
TF112403,TM712403
TF112404,TM712404
TF112405,TM712405
TF112406,TM712406
TF112407,TM712407
TF112408,TM712408
TF112409,TM712409
TF112410,TM712410
TF112411,TM712411
TF112412,TM712412
TF112413,TM712413
TF112414,TM712414
TF112415,TM712415
TF112416,TM712416
TF112417,TM712417
TF112418,TM712418
TF112419,TM712419
TF112420,TM712420
TF112421,TM712421
TF112422,TM712422
TF112423,TM712423
TF112424,TM712424
TF112425,TM712425
TF112426,TM712426
TF112427,TM712427
TF112428,TM712428
TF112429,TM712429
TF112430,TM712430
TF112431,TM712431
TF112432,TM712432
TF112433,TM712433
TF112434,TM712434
TF112435,TM712435
TF112436,TM712436
TF112437,TM712437
TF112438,TM712438
TF112439,TM712439
TF112440,TM712440
TF112441,TM712441
TF112442,TM712442
TF112443,TM712443
TF112444,TM712444
TF112445,TM712445
TF112446,TM712446
TF112447,TM712447
TF112448,TM712448
TF112449,TM712449
TF112450,TM712450
TF112451,TM712451
TF112452,TM712452
TF112453,TM712453
TF112454,TM712454
TF112455,TM712455
TF112456,TM712456
TF112457,TM712457
TF112458,TM712458
TF112459,TM712459
TF112460,TM712460
TF112461,TM712461
TF112462,TM712462
TF112463,TM712463
TF112464,TM712464
TF112465,TM712465
TF112466,TM712466
TF112467,TM712467
TF112468,TM712468
TF112469,TM712469
TF112470,TM712470
TF112471,TM712471
TF112472,TM712472
TF112473,TM712473
TF112474,TM712474
TF112475,TM712475
TF112476,TM712476
TF112477,TM712477
TF112478,TM712478
TF112479,TM712479
TF112480,TM712480
TF112481,TM712481
TF112482,TM712482
TF112483,TM712483
TF112484,TM712484
TF112485,TM712485
TF112486,TM712486
TF112487,TM712487
TF112488,TM712488
TF112489,TM712489
TF112490,TM712490
TF112491,TM712491
TF112492,TM712492
TF112493,TM712493
TF112494,TM712494
TF112495,TM712495
TF112496,TM712496
TF112497,TM712497
TF112498,TM712498
TF112499,TM712499
TF112500,TM712500
TF112501,TM712501
TF112502,TM712502
TF112503,TM712503
TF112504,TM712504
TF112505,TM712505
TF112506,TM712506
TF112507,TM712507
TF112508,TM712508
TF112509,TM712509
TF112510,TM712510
TF112511,TM712511
TF112512,TM712512
TF112513,TM712513
TF112514,TM712514
TF112515,TM712515
TF112516,TM712516
TF112517,TM712517
TF112518,TM712518
TF112519,TM712519
TF112520,TM712520
TF112521,TM712521
TF112522,TM712522
TF112523,TM712523
TF112524,TM712524
TF112525,TM712525
TF112526,TM712526
TF112527,TM712527
TF112528,TM712528
TF112529,TM712529
TF112530,TM712530
TF112531,TM712531
TF112532,TM712532
TF112533,TM712533
TF112534,TM712534
TF112535,TM712535
TF112536,TM712536
TF112537,TM712537
TF112538,TM712538
TF112539,TM712539
TF112540,TM712540
TF112541,TM712541
TF112542,TM712542
TF112543,TM712543
TF112544,TM712544
TF112545,TM712545
TF112546,TM712546
TF112547,TM712547
TF112548,TM712548
TF112549,TM712549
TF112550,TM712550
TF112551,TM712551
TF112552,TM712552
TF112553,TM712553
TF112554,TM712554
TF112555,TM712555
TF112556,TM712556
TF112557,TM712557
TF112558,TM712558
TF112559,TM712559
TF112560,TM712560
TF112561,TM712561
TF112562,TM712562
TF112563,TM712563
TF112564,TM712564
TF112565,TM712565
TF112566,TM712566
TF112567,TM712567
TF112568,TM712568
TF112569,TM712569
TF112570,TM712570
TF112571,TM712571
TF112572,TM712572
TF112573,TM712573
TF112574,TM712574
TF112575,TM712575
TF112576,TM712576
TF112577,TM712577
TF112578,TM712578
TF112579,TM712579
TF112580,TM712580
TF112581,TM712581
TF112582,TM712582
TF112583,TM712583
TF112584,TM712584
TF112585,TM712585
TF112586,TM712586
TF112587,TM712587
TF112588,TM712588
TF112589,TM712589
TF112590,TM712590
TF112591,TM712591
TF112592,TM712592
TF112593,TM712593
TF112594,TM712594
TF112595,TM712595
TF112596,TM712596
TF112597,TM712597
TF112598,TM712598
TF112599,TM712599
TF112600,TM712600
TF112601,TM712601
TF112602,TM712602
TF112603,TM712603
TF112604,TM712604
TF112605,TM712605
TF112606,TM712606
TF112607,TM712607
TF112608,TM712608
TF112609,TM712609
TF112610,TM712610
TF112611,TM712611
TF112612,TM712612
TF112613,TM712613
TF112614,TM712614
TF112615,TM712615
TF112616,TM712616
TF112617,TM712617
TF112618,TM712618
TF112619,TM712619
TF112620,TM712620
TF112621,TM712621
TF112622,TM712622
TF112623,TM712623
TF112624,TM712624
TF112625,TM712625
TF112626,TM712626
TF112627,TM712627
TF112628,TM712628
TF112629,TM712629
TF112630,TM712630
TF112631,TM712631
TF112632,TM712632
TF112633,TM712633
TF112634,TM712634
TF112635,TM712635
TF112636,TM712636
TF112637,TM712637
TF112638,TM712638
TF112639,TM712639
TF112640,TM712640
TF112641,TM712641
TF112642,TM712642
TF112643,TM712643
TF112644,TM712644
TF112645,TM712645
TF112646,TM712646
TF112647,TM712647
TF112648,TM712648
TF112649,TM712649
TF112650,TM712650
TF112651,TM712651
TF112652,TM712652
TF112653,TM712653
TF112654,TM712654
TF112655,TM712655
TF112656,TM712656
TF112657,TM712657
TF112658,TM712658
TF112659,TM712659
TF112660,TM712660
TF112661,TM712661
TF112662,TM712662
TF112663,TM712663
TF112664,TM712664
TF112665,TM712665
TF112666,TM712666
TF112667,TM712667
TF112668,TM712668
TF112669,TM712669
TF112670,TM712670
TF112671,TM712671
TF112672,TM712672
TF112673,TM712673
TF112674,TM712674
TF112675,TM712675
TF112676,TM712676
TF112677,TM712677
TF112678,TM712678
TF112679,TM712679
TF112680,TM712680
TF112681,TM712681
TF112682,TM712682
TF112683,TM712683
TF112684,TM712684
TF112685,TM712685
TF112686,TM712686
TF112687,TM712687
TF112688,TM712688
TF112689,TM712689
TF112690,TM712690
TF112691,TM712691
TF112692,TM712692
TF112693,TM712693
TF112694,TM712694
TF112695,TM712695
TF112696,TM712696
TF112697,TM712697
TF112698,TM712698
TF112699,TM712699
TF112700,TM712700
TF112701,TM712701
TF112702,TM712702
TF112703,TM712703
TF112704,TM712704
TF112705,TM712705
TF112706,TM712706
TF112707,TM712707
TF112708,TM712708
TF112709,TM712709
TF112710,TM712710
TF112711,TM712711
TF112712,TM712712
TF112713,TM712713
TF112714,TM712714
TF112715,TM712715
TF112716,TM712716
TF112717,TM712717
TF112718,TM712718
TF112719,TM712719
TF112720,TM712720
TF112721,TM712721
TF112722,TM712722
TF112723,TM712723
TF112724,TM712724
TF112725,TM712725
TF112726,TM712726
TF112727,TM712727
TF112728,TM712728
TF112729,TM712729
TF112730,TM712730
TF112731,TM712731
TF112732,TM712732
TF112733,TM712733
TF112734,TM712734
TF112735,TM712735
TF112736,TM712736
TF112737,TM712737
TF112738,TM712738
TF112739,TM712739
TF112740,TM712740
TF112741,TM712741
TF112742,TM712742
TF112743,TM712743
TF112744,TM712744
TF112745,TM712745
TF112746,TM712746
TF112747,TM712747
TF112748,TM712748
TF112749,TM712749
TF112750,TM712750
TF112751,TM712751
TF112752,TM712752
TF112753,TM712753
TF112754,TM712754
TF112755,TM712755
TF112756,TM712756
TF112757,TM712757
TF112758,TM712758
TF112759,TM712759
TF112760,TM712760
TF112761,TM712761
TF112762,TM712762
TF112763,TM712763
TF112764,TM712764
TF112765,TM712765
TF112766,TM712766
TF112767,TM712767
TF112768,TM712768
TF112769,TM712769
TF112770,TM712770
TF112771,TM712771
TF112772,TM712772
TF112773,TM712773
TF112774,TM712774
TF112775,TM712775
TF112776,TM712776
TF112777,TM712777
TF112778,TM712778
TF112779,TM712779
TF112780,TM712780
TF112781,TM712781
TF112782,TM712782
TF112783,TM712783
TF112784,TM712784
TF112785,TM712785
TF112786,TM712786
TF112787,TM712787
TF112788,TM712788
TF112789,TM712789
TF112790,TM712790
TF112791,TM712791
TF112792,TM712792
TF112793,TM712793
TF112794,TM712794
TF112795,TM712795
TF112796,TM712796
TF112797,TM712797
TF112798,TM712798
TF112799,TM712799
TF112800,TM712800
TF112801,TM712801
TF112802,TM712802
TF112803,TM712803
TF112804,TM712804
TF112805,TM712805
TF112806,TM712806
TF112807,TM712807
TF112808,TM712808
TF112809,TM712809
TF112810,TM712810
TF112811,TM712811
TF112812,TM712812
TF112813,TM712813
TF112814,TM712814
TF112815,TM712815
TF112816,TM712816
TF112817,TM712817
TF112818,TM712818
TF112819,TM712819
TF112820,TM712820
TF112821,TM712821
TF112822,TM712822
TF112823,TM712823
TF112824,TM712824
TF112825,TM712825
TF112826,TM712826
TF112827,TM712827
TF112828,TM712828
TF112829,TM712829
TF112830,TM712830
TF112831,TM712831
TF112832,TM712832
TF112833,TM712833
TF112834,TM712834
TF112835,TM712835
TF112836,TM712836
TF112837,TM712837
TF112838,TM712838
TF112839,TM712839
TF112840,TM712840
TF112841,TM712841
TF112842,TM712842
TF112843,TM712843
TF112844,TM712844
TF112845,TM712845
TF112846,TM712846
TF112847,TM712847
TF112848,TM712848
TF112849,TM712849
TF112850,TM712850
TF112851,TM712851
TF112852,TM712852
TF112853,TM712853
TF112854,TM712854
TF112855,TM712855
TF112856,TM712856
TF112857,TM712857
TF112858,TM712858
TF112859,TM712859
TF112860,TM712860
TF112861,TM712861
TF112862,TM712862
TF112863,TM712863
TF112864,TM712864
TF112865,TM712865
TF112866,TM712866
TF112867,TM712867
TF112868,TM712868
TF112869,TM712869
TF112870,TM712870
TF112871,TM712871
TF112872,TM712872
TF112873,TM712873
TF112874,TM712874
TF112875,TM712875
TF112876,TM712876
TF112877,TM712877
TF112878,TM712878
TF112879,TM712879
TF112880,TM712880
TF112881,TM712881
TF112882,TM712882
TF112883,TM712883
TF112884,TM712884
TF112885,TM712885
TF112886,TM712886
TF112887,TM712887
TF112888,TM712888
TF112889,TM712889
TF112890,TM712890
TF112891,TM712891
TF112892,TM712892
TF112893,TM712893
TF112894,TM712894
TF112895,TM712895
TF112896,TM712896
TF112897,TM712897
TF112898,TM712898
TF112899,TM712899
TF112900,TM712900
TF112901,TM712901
TF112902,TM712902
TF112903,TM712903
TF112904,TM712904
TF112905,TM712905
TF112906,TM712906
TF112907,TM712907
TF112908,TM712908
TF112909,TM712909
TF112910,TM712910
TF112911,TM712911
TF112912,TM712912
TF112913,TM712913
TF112914,TM712914
TF112915,TM712915
TF112916,TM712916
TF112917,TM712917
TF112918,TM712918
TF112919,TM712919
TF112920,TM712920
TF112921,TM712921
TF112922,TM712922
TF112923,TM712923
TF112924,TM712924
TF112925,TM712925
TF112926,TM712926
TF112927,TM712927
TF112928,TM712928
TF112929,TM712929
TF112930,TM712930
TF112931,TM712931
TF112932,TM712932
TF112933,TM712933
TF112934,TM712934
TF112935,TM712935
TF112936,TM712936
TF112937,TM712937
TF112938,TM712938
TF112939,TM712939
TF112940,TM712940
TF112941,TM712941
TF112942,TM712942
TF112943,TM712943
TF112944,TM712944
TF112945,TM712945
TF112946,TM712946
TF112947,TM712947
TF112948,TM712948
TF112949,TM712949
TF112950,TM712950
TF112951,TM712951
TF112952,TM712952
TF112953,TM712953
TF112954,TM712954
TF112955,TM712955
TF112956,TM712956
TF112957,TM712957
TF112958,TM712958
TF112959,TM712959
TF112960,TM712960
TF112961,TM712961
TF112962,TM712962
TF112963,TM712963
TF112964,TM712964
TF112965,TM712965
TF112966,TM712966
TF112967,TM712967
TF112968,TM712968
TF112969,TM712969
TF112970,TM712970
TF112971,TM712971
TF112972,TM712972
TF112973,TM712973
TF112974,TM712974
TF112975,TM712975
TF112976,TM712976
TF112977,TM712977
TF112978,TM712978
TF112979,TM712979
TF112980,TM712980
TF112981,TM712981
TF112982,TM712982
TF112983,TM712983
TF112984,TM712984
TF112985,TM712985
TF112986,TM712986
TF112987,TM712987
TF112988,TM712988
TF112989,TM712989
TF112990,TM712990
TF112991,TM712991
TF112992,TM712992
TF112993,TM712993
TF112994,TM712994
TF112995,TM712995
TF112996,TM712996
TF112997,TM712997
TF112998,TM712998
TF112999,TM712999
TF113000,TM713000
TF113001,TM713001
TF113002,TM713002
TF113003,TM713003
TF113004,TM713004
TF113005,TM713005
TF113006,TM713006
TF113007,TM713007
TF113008,TM713008
TF113009,TM713009
TF113010,TM713010
TF113011,TM713011
TF113012,TM713012
TF113013,TM713013
TF113014,TM713014
TF113015,TM713015
TF113016,TM713016
TF113017,TM713017
TF113018,TM713018
TF113019,TM713019
TF113020,TM713020
TF113021,TM713021
TF113022,TM713022
TF113023,TM713023
TF113024,TM713024
TF113025,TM713025
TF113026,TM713026
TF113027,TM713027
TF113028,TM713028
TF113029,TM713029
TF113030,TM713030
TF113031,TM713031
TF113032,TM713032
TF113033,TM713033
TF113034,TM713034
TF113035,TM713035
TF113036,TM713036
TF113037,TM713037
TF113038,TM713038
TF113039,TM713039
TF113040,TM713040
TF113041,TM713041
TF113042,TM713042
TF113043,TM713043
TF113044,TM713044
TF113045,TM713045
TF113046,TM713046
TF113047,TM713047
TF113048,TM713048
TF113049,TM713049
TF113050,TM713050
TF113051,TM713051
TF113052,TM713052
TF113053,TM713053
TF113054,TM713054
TF113055,TM713055
TF113056,TM713056
TF113057,TM713057
TF113058,TM713058
TF113059,TM713059
TF113060,TM713060
TF113061,TM713061
TF113062,TM713062
TF113063,TM713063
TF113064,TM713064
TF113065,TM713065
TF113066,TM713066
TF113067,TM713067
TF113068,TM713068
TF113069,TM713069
TF113070,TM713070
TF113071,TM713071
TF113072,TM713072
TF113073,TM713073
TF113074,TM713074
TF113075,TM713075
TF113076,TM713076
TF113077,TM713077
TF113078,TM713078
TF113079,TM713079
TF113080,TM713080
TF113081,TM713081
TF113082,TM713082
TF113083,TM713083
TF113084,TM713084
TF113085,TM713085
TF113086,TM713086
TF113087,TM713087
TF113088,TM713088
TF113089,TM713089
TF113090,TM713090
TF113091,TM713091
TF113092,TM713092
TF113093,TM713093
TF113094,TM713094
TF113095,TM713095
TF113096,TM713096
TF113097,TM713097
TF113098,TM713098
TF113099,TM713099
TF113100,TM713100
TF113101,TM713101
TF113102,TM713102
TF113103,TM713103
TF113104,TM713104
TF113105,TM713105
TF113106,TM713106
TF113107,TM713107
TF113108,TM713108
TF113109,TM713109
TF113110,TM713110
TF113111,TM713111
TF113112,TM713112
TF113113,TM713113
TF113114,TM713114
TF113115,TM713115
TF113116,TM713116
TF113117,TM713117
TF113118,TM713118
TF113119,TM713119
TF113120,TM713120
TF113121,TM713121
TF113122,TM713122
TF113123,TM713123
TF113124,TM713124
TF113125,TM713125
TF113126,TM713126
TF113127,TM713127
TF113128,TM713128
TF113129,TM713129
TF113130,TM713130
TF113131,TM713131
TF113132,TM713132
TF113133,TM713133
TF113134,TM713134
TF113135,TM713135
TF113136,TM713136
TF113137,TM713137
TF113138,TM713138
TF113139,TM713139
TF113140,TM713140
TF113141,TM713141
TF113142,TM713142
TF113143,TM713143
TF113144,TM713144
TF113145,TM713145
TF113146,TM713146
TF113147,TM713147
TF113148,TM713148
TF113149,TM713149
TF113150,TM713150
TF113151,TM713151
TF113152,TM713152
TF113153,TM713153
TF113154,TM713154
TF113155,TM713155
TF113156,TM713156
TF113157,TM713157
TF113158,TM713158
TF113159,TM713159
TF113160,TM713160
TF113161,TM713161
TF113162,TM713162
TF113163,TM713163
TF113164,TM713164
TF113165,TM713165
TF113166,TM713166
TF113167,TM713167
TF113168,TM713168
TF113169,TM713169
TF113170,TM713170
TF113171,TM713171
TF113172,TM713172
TF113173,TM713173
TF113174,TM713174
TF113175,TM713175
TF113176,TM713176
TF113177,TM713177
TF113178,TM713178
TF113179,TM713179
TF113180,TM713180
TF113181,TM713181
TF113182,TM713182
TF113183,TM713183
TF113184,TM713184
TF113185,TM713185
TF113186,TM713186
TF113187,TM713187
TF113188,TM713188
TF113189,TM713189
TF113190,TM713190
TF113191,TM713191
TF113192,TM713192
TF113193,TM713193
TF113194,TM713194
TF113195,TM713195
TF113196,TM713196
TF113197,TM713197
TF113198,TM713198
TF113199,TM713199
TF113200,TM713200
TF113201,TM713201
TF113202,TM713202
TF113203,TM713203
TF113204,TM713204
TF113205,TM713205
TF113206,TM713206
TF113207,TM713207
TF113208,TM713208
TF113209,TM713209
TF113210,TM713210
TF113211,TM713211
TF113212,TM713212
TF113213,TM713213
TF113214,TM713214
TF113215,TM713215
TF113216,TM713216
TF113217,TM713217
TF113218,TM713218
TF113219,TM713219
TF113220,TM713220
TF113221,TM713221
TF113222,TM713222
TF113223,TM713223
TF113224,TM713224
TF113225,TM713225
TF113226,TM713226
TF113227,TM713227
TF113228,TM713228
TF113229,TM713229
TF113230,TM713230
TF113231,TM713231
TF113232,TM713232
TF113233,TM713233
TF113234,TM713234
TF113235,TM713235
TF113236,TM713236
TF113237,TM713237
TF113238,TM713238
TF113239,TM713239
TF113240,TM713240
TF113241,TM713241
TF113242,TM713242
TF113243,TM713243
TF113244,TM713244
TF113245,TM713245
TF113246,TM713246
TF113247,TM713247
TF113248,TM713248
TF113249,TM713249
TF113250,TM713250
TF113251,TM713251
TF113252,TM713252
TF113253,TM713253
TF113254,TM713254
TF113255,TM713255
TF113256,TM713256
TF113257,TM713257
TF113258,TM713258
TF113259,TM713259
TF113260,TM713260
TF113261,TM713261
TF113262,TM713262
TF113263,TM713263
TF113264,TM713264
TF113265,TM713265
TF113266,TM713266
TF113267,TM713267
TF113268,TM713268
TF113269,TM713269
TF113270,TM713270
TF113271,TM713271
TF113272,TM713272
TF113273,TM713273
TF113274,TM713274
TF113275,TM713275
TF113276,TM713276
TF113277,TM713277
TF113278,TM713278
TF113279,TM713279
TF113280,TM713280
TF113281,TM713281
TF113282,TM713282
TF113283,TM713283
TF113284,TM713284
TF113285,TM713285
TF113286,TM713286
TF113287,TM713287
TF113288,TM713288
TF113289,TM713289
TF113290,TM713290
TF113291,TM713291
TF113292,TM713292
TF113293,TM713293
TF113294,TM713294
TF113295,TM713295
TF113296,TM713296
TF113297,TM713297
TF113298,TM713298
TF113299,TM713299
TF113300,TM713300
TF113301,TM713301
TF113302,TM713302
TF113303,TM713303
TF113304,TM713304
TF113305,TM713305
TF113306,TM713306
TF113307,TM713307
TF113308,TM713308
TF113309,TM713309
TF113310,TM713310
TF113311,TM713311
TF113312,TM713312
TF113313,TM713313
TF113314,TM713314
TF113315,TM713315
TF113316,TM713316
TF113317,TM713317
TF113318,TM713318
TF113319,TM713319
TF113320,TM713320
TF113321,TM713321
TF113322,TM713322
TF113323,TM713323
TF113324,TM713324
TF113325,TM713325
TF113326,TM713326
TF113327,TM713327
TF113328,TM713328
TF113329,TM713329
TF113330,TM713330
TF113331,TM713331
TF113332,TM713332
TF113333,TM713333
TF113334,TM713334
TF113335,TM713335
TF113336,TM713336
TF113337,TM713337
TF113338,TM713338
TF113339,TM713339
TF113340,TM713340
TF113341,TM713341
TF113342,TM713342
TF113343,TM713343
TF113344,TM713344
TF113345,TM713345
TF113346,TM713346
TF113347,TM713347
TF113348,TM713348
TF113349,TM713349
TF113350,TM713350
TF113351,TM713351
TF113352,TM713352
TF113353,TM713353
TF113354,TM713354
TF113355,TM713355
TF113356,TM713356
TF113357,TM713357
TF113358,TM713358
TF113359,TM713359
TF113360,TM713360
TF113361,TM713361
TF113362,TM713362
TF113363,TM713363
TF113364,TM713364
TF113365,TM713365
TF113366,TM713366
TF113367,TM713367
TF113368,TM713368
TF113369,TM713369
TF113370,TM713370
TF113371,TM713371
TF113372,TM713372
TF113373,TM713373
TF113374,TM713374
TF113375,TM713375
TF113376,TM713376
TF113377,TM713377
TF113378,TM713378
TF113379,TM713379
TF113380,TM713380
TF113381,TM713381
TF113382,TM713382
TF113383,TM713383
TF113384,TM713384
TF113385,TM713385
TF113386,TM713386
TF113387,TM713387
TF113388,TM713388
TF113389,TM713389
TF113390,TM713390
TF113391,TM713391
TF113392,TM713392
TF113393,TM713393
TF113394,TM713394
TF113395,TM713395
TF113396,TM713396
TF113397,TM713397
TF113398,TM713398
TF113399,TM713399
TF113400,TM713400
TF113401,TM713401
TF113402,TM713402
TF113403,TM713403
TF113404,TM713404
TF113405,TM713405
TF113406,TM713406
TF113407,TM713407
TF113408,TM713408
TF113409,TM713409
TF113410,TM713410
TF113411,TM713411
TF113412,TM713412
TF113413,TM713413
TF113414,TM713414
TF113415,TM713415
TF113416,TM713416
TF113417,TM713417
TF113418,TM713418
TF113419,TM713419
TF113420,TM713420
TF113421,TM713421
TF113422,TM713422
TF113423,TM713423
TF113424,TM713424
TF113425,TM713425
TF113426,TM713426
TF113427,TM713427
TF113428,TM713428
TF113429,TM713429
TF113430,TM713430
TF113431,TM713431
TF113432,TM713432
TF113433,TM713433
TF113434,TM713434
TF113435,TM713435
TF113436,TM713436
TF113437,TM713437
TF113438,TM713438
TF113439,TM713439
TF113440,TM713440
TF113441,TM713441
TF113442,TM713442
TF113443,TM713443
TF113444,TM713444
TF113445,TM713445
TF113446,TM713446
TF113447,TM713447
TF113448,TM713448
TF113449,TM713449
TF113450,TM713450
TF113451,TM713451
TF113452,TM713452
TF113453,TM713453
TF113454,TM713454
TF113455,TM713455
TF113456,TM713456
TF113457,TM713457
TF113458,TM713458
TF113459,TM713459
TF113460,TM713460
TF113461,TM713461
TF113462,TM713462
TF113463,TM713463
TF113464,TM713464
TF113465,TM713465
TF113466,TM713466
TF113467,TM713467
TF113468,TM713468
TF113469,TM713469
TF113470,TM713470
TF113471,TM713471
TF113472,TM713472
TF113473,TM713473
TF113474,TM713474
TF113475,TM713475
TF113476,TM713476
TF113477,TM713477
TF113478,TM713478
TF113479,TM713479
TF113480,TM713480
TF113481,TM713481
TF113482,TM713482
TF113483,TM713483
TF113484,TM713484
TF113485,TM713485
TF113486,TM713486
TF113487,TM713487
TF113488,TM713488
TF113489,TM713489
TF113490,TM713490
TF113491,TM713491
TF113492,TM713492
TF113493,TM713493
TF113494,TM713494
TF113495,TM713495
TF113496,TM713496
TF113497,TM713497
TF113498,TM713498
TF113499,TM713499
TF113500,TM713500
TF113501,TM713501
TF113502,TM713502
TF113503,TM713503
TF113504,TM713504
TF113505,TM713505
TF113506,TM713506
TF113507,TM713507
TF113508,TM713508
TF113509,TM713509
TF113510,TM713510
TF113511,TM713511
TF113512,TM713512
TF113513,TM713513
TF113514,TM713514
TF113515,TM713515
TF113516,TM713516
TF113517,TM713517
TF113518,TM713518
TF113519,TM713519
TF113520,TM713520
TF113521,TM713521
TF113522,TM713522
TF113523,TM713523
TF113524,TM713524
TF113525,TM713525
TF113526,TM713526
TF113527,TM713527
TF113528,TM713528
TF113529,TM713529
TF113530,TM713530
TF113531,TM713531
TF113532,TM713532
TF113533,TM713533
TF113534,TM713534
TF113535,TM713535
TF113536,TM713536
TF113537,TM713537
TF113538,TM713538
TF113539,TM713539
TF113540,TM713540
TF113541,TM713541
TF113542,TM713542
TF113543,TM713543
TF113544,TM713544
TF113545,TM713545
TF113546,TM713546
TF113547,TM713547
TF113548,TM713548
TF113549,TM713549
TF113550,TM713550
TF113551,TM713551
TF113552,TM713552
TF113553,TM713553
TF113554,TM713554
TF113555,TM713555
TF113556,TM713556
TF113557,TM713557
TF113558,TM713558
TF113559,TM713559
TF113560,TM713560
TF113561,TM713561
TF113562,TM713562
TF113563,TM713563
TF113564,TM713564
TF113565,TM713565
TF113566,TM713566
TF113567,TM713567
TF113568,TM713568
TF113569,TM713569
TF113570,TM713570
TF113571,TM713571
TF113572,TM713572
TF113573,TM713573
TF113574,TM713574
TF113575,TM713575
TF113576,TM713576
TF113577,TM713577
TF113578,TM713578
TF113579,TM713579
TF113580,TM713580
TF113581,TM713581
TF113582,TM713582
TF113583,TM713583
TF113584,TM713584
TF113585,TM713585
TF113586,TM713586
TF113587,TM713587
TF113588,TM713588
TF113589,TM713589
TF113590,TM713590
TF113591,TM713591
TF113592,TM713592
TF113593,TM713593
TF113594,TM713594
TF113595,TM713595
TF113596,TM713596
TF113597,TM713597
TF113598,TM713598
TF113599,TM713599
TF113600,TM713600
TF113601,TM713601
TF113602,TM713602
TF113603,TM713603
TF113604,TM713604
TF113605,TM713605
TF113606,TM713606
TF113607,TM713607
TF113608,TM713608
TF113609,TM713609
TF113610,TM713610
TF113611,TM713611
TF113612,TM713612
TF113613,TM713613
TF113614,TM713614
TF113615,TM713615
TF113616,TM713616
TF113617,TM713617
TF113618,TM713618
TF113619,TM713619
TF113620,TM713620
TF113621,TM713621
TF113622,TM713622
TF113623,TM713623
TF113624,TM713624
TF113625,TM713625
TF113626,TM713626
TF113627,TM713627
TF113628,TM713628
TF113629,TM713629
TF113630,TM713630
TF113631,TM713631
TF113632,TM713632
TF113633,TM713633
TF113634,TM713634
TF113635,TM713635
TF113636,TM713636
TF113637,TM713637
TF113638,TM713638
TF113639,TM713639
TF113640,TM713640
TF113641,TM713641
TF113642,TM713642
TF113643,TM713643
TF113644,TM713644
TF113645,TM713645
TF113646,TM713646
TF113647,TM713647
TF113648,TM713648
TF113649,TM713649
TF113650,TM713650
TF113651,TM713651
TF113652,TM713652
TF113653,TM713653
TF113654,TM713654
TF113655,TM713655
TF113656,TM713656
TF113657,TM713657
TF113658,TM713658
TF113659,TM713659
TF113660,TM713660
TF113661,TM713661
TF113662,TM713662
TF113663,TM713663
TF113664,TM713664
TF113665,TM713665
TF113666,TM713666
TF113667,TM713667
TF113668,TM713668
TF113669,TM713669
TF113670,TM713670
TF113671,TM713671
TF113672,TM713672
TF113673,TM713673
TF113674,TM713674
TF113675,TM713675
TF113676,TM713676
TF113677,TM713677
TF113678,TM713678
TF113679,TM713679
TF113680,TM713680
TF113681,TM713681
TF113682,TM713682
TF113683,TM713683
TF113684,TM713684
TF113685,TM713685
TF113686,TM713686
TF113687,TM713687
TF113688,TM713688
TF113689,TM713689
TF113690,TM713690
TF113691,TM713691
TF113692,TM713692
TF113693,TM713693
TF113694,TM713694
TF113695,TM713695
TF113696,TM713696
TF113697,TM713697
TF113698,TM713698
TF113699,TM713699
TF113700,TM713700
TF113701,TM713701
TF113702,TM713702
TF113703,TM713703
TF113704,TM713704
TF113705,TM713705
TF113706,TM713706
TF113707,TM713707
TF113708,TM713708
TF113709,TM713709
TF113710,TM713710
TF113711,TM713711
TF113712,TM713712
TF113713,TM713713
TF113714,TM713714
TF113715,TM713715
TF113716,TM713716
TF113717,TM713717
TF113718,TM713718
TF113719,TM713719
TF113720,TM713720
TF113721,TM713721
TF113722,TM713722
TF113723,TM713723
TF113724,TM713724
TF113725,TM713725
TF113726,TM713726
TF113727,TM713727
TF113728,TM713728
TF113729,TM713729
TF113730,TM713730
TF113731,TM713731
TF113732,TM713732
TF113733,TM713733
TF113734,TM713734
TF113735,TM713735
TF113736,TM713736
TF113737,TM713737
TF113738,TM713738
TF113739,TM713739
TF113740,TM713740
TF113741,TM713741
TF113742,TM713742
TF113743,TM713743
TF113744,TM713744
TF113745,TM713745
TF113746,TM713746
TF113747,TM713747
TF113748,TM713748
TF113749,TM713749
TF113750,TM713750
TF113751,TM713751
TF113752,TM713752
TF113753,TM713753
TF113754,TM713754
TF113755,TM713755
TF113756,TM713756
TF113757,TM713757
TF113758,TM713758
TF113759,TM713759
TF113760,TM713760
TF113761,TM713761
TF113762,TM713762
TF113763,TM713763
TF113764,TM713764
TF113765,TM713765
TF113766,TM713766
TF113767,TM713767
TF113768,TM713768
TF113769,TM713769
TF113770,TM713770
TF113771,TM713771
TF113772,TM713772
TF113773,TM713773
TF113774,TM713774
TF113775,TM713775
TF113776,TM713776
TF113777,TM713777
TF113778,TM713778
TF113779,TM713779
TF113780,TM713780
TF113781,TM713781
TF113782,TM713782
TF113783,TM713783
TF113784,TM713784
TF113785,TM713785
TF113786,TM713786
TF113787,TM713787
TF113788,TM713788
TF113789,TM713789
TF113790,TM713790
TF113791,TM713791
TF113792,TM713792
TF113793,TM713793
TF113794,TM713794
TF113795,TM713795
TF113796,TM713796
TF113797,TM713797
TF113798,TM713798
TF113799,TM713799
TF113800,TM713800
TF113801,TM713801
TF113802,TM713802
TF113803,TM713803
TF113804,TM713804
TF113805,TM713805
TF113806,TM713806
TF113807,TM713807
TF113808,TM713808
TF113809,TM713809
TF113810,TM713810
TF113811,TM713811
TF113812,TM713812
TF113813,TM713813
TF113814,TM713814
TF113815,TM713815
TF113816,TM713816
TF113817,TM713817
TF113818,TM713818
TF113819,TM713819
TF113820,TM713820
TF113821,TM713821
TF113822,TM713822
TF113823,TM713823
TF113824,TM713824
TF113825,TM713825
TF113826,TM713826
TF113827,TM713827
TF113828,TM713828
TF113829,TM713829
TF113830,TM713830
TF113831,TM713831
TF113832,TM713832
TF113833,TM713833
TF113834,TM713834
TF113835,TM713835
TF113836,TM713836
TF113837,TM713837
TF113838,TM713838
TF113839,TM713839
TF113840,TM713840
TF113841,TM713841
TF113842,TM713842
TF113843,TM713843
TF113844,TM713844
TF113845,TM713845
TF113846,TM713846
TF113847,TM713847
TF113848,TM713848
TF113849,TM713849
TF113850,TM713850
TF113851,TM713851
TF113852,TM713852
TF113853,TM713853
TF113854,TM713854
TF113855,TM713855
TF113856,TM713856
TF113857,TM713857
TF113858,TM713858
TF113859,TM713859
TF113860,TM713860
TF113861,TM713861
TF113862,TM713862
TF113863,TM713863
TF113864,TM713864
TF113865,TM713865
TF113866,TM713866
TF113867,TM713867
TF113868,TM713868
TF113869,TM713869
TF113870,TM713870
TF113871,TM713871
TF113872,TM713872
TF113873,TM713873
TF113874,TM713874
TF113875,TM713875
TF113876,TM713876
TF113877,TM713877
TF113878,TM713878
TF113879,TM713879
TF113880,TM713880
TF113881,TM713881
TF113882,TM713882
TF113883,TM713883
TF113884,TM713884
TF113885,TM713885
TF113886,TM713886
TF113887,TM713887
TF113888,TM713888
TF113889,TM713889
TF113890,TM713890
TF113891,TM713891
TF113892,TM713892
TF113893,TM713893
TF113894,TM713894
TF113895,TM713895
TF113896,TM713896
TF113897,TM713897
TF113898,TM713898
TF113899,TM713899
TF113900,TM713900
TF113901,TM713901
TF113902,TM713902
TF113903,TM713903
TF113904,TM713904
TF113905,TM713905
TF113906,TM713906
TF113907,TM713907
TF113908,TM713908
TF113909,TM713909
TF113910,TM713910
TF113911,TM713911
TF113912,TM713912
TF113913,TM713913
TF113914,TM713914
TF113915,TM713915
TF113916,TM713916
TF113917,TM713917
TF113918,TM713918
TF113919,TM713919
TF113920,TM713920
TF113921,TM713921
TF113922,TM713922
TF113923,TM713923
TF113924,TM713924
TF113925,TM713925
TF113926,TM713926
TF113927,TM713927
TF113928,TM713928
TF113929,TM713929
TF113930,TM713930
TF113931,TM713931
TF113932,TM713932
TF113933,TM713933
TF113934,TM713934
TF113935,TM713935
TF113936,TM713936
TF113937,TM713937
TF113938,TM713938
TF113939,TM713939
TF113940,TM713940
TF113941,TM713941
TF113942,TM713942
TF113943,TM713943
TF113944,TM713944
TF113945,TM713945
TF113946,TM713946
TF113947,TM713947
TF113948,TM713948
TF113949,TM713949
TF113950,TM713950
TF113951,TM713951
TF113952,TM713952
TF113953,TM713953
TF113954,TM713954
TF113955,TM713955
TF113956,TM713956
TF113957,TM713957
TF113958,TM713958
TF113959,TM713959
TF113960,TM713960
TF113961,TM713961
TF113962,TM713962
TF113963,TM713963
TF113964,TM713964
TF113965,TM713965
TF113966,TM713966
TF113967,TM713967
TF113968,TM713968
TF113969,TM713969
TF113970,TM713970
TF113971,TM713971
TF113972,TM713972
TF113973,TM713973
TF113974,TM713974
TF113975,TM713975
TF113976,TM713976
TF113977,TM713977
TF113978,TM713978
TF113979,TM713979
TF113980,TM713980
TF113981,TM713981
TF113982,TM713982
TF113983,TM713983
TF113984,TM713984
TF113985,TM713985
TF113986,TM713986
TF113987,TM713987
TF113988,TM713988
TF113989,TM713989
TF113990,TM713990
TF113991,TM713991
TF113992,TM713992
TF113993,TM713993
TF113994,TM713994
TF113995,TM713995
TF113996,TM713996
TF113997,TM713997
TF113998,TM713998
TF113999,TM713999
TF114000,TM714000
TF114001,TM714001
TF114002,TM714002
TF114003,TM714003
TF114004,TM714004
TF114005,TM714005
TF114006,TM714006
TF114007,TM714007
TF114008,TM714008
TF114009,TM714009
TF114010,TM714010
TF114011,TM714011
TF114012,TM714012
TF114013,TM714013
TF114014,TM714014
TF114015,TM714015
TF114016,TM714016
TF114017,TM714017
TF114018,TM714018
TF114019,TM714019
TF114020,TM714020
TF114021,TM714021
TF114022,TM714022
TF114023,TM714023
TF114024,TM714024
TF114025,TM714025
TF114026,TM714026
TF114027,TM714027
TF114028,TM714028
TF114029,TM714029
TF114030,TM714030
TF114031,TM714031
TF114032,TM714032
TF114033,TM714033
TF114034,TM714034
TF114035,TM714035
TF114036,TM714036
TF114037,TM714037
TF114038,TM714038
TF114039,TM714039
TF114040,TM714040
TF114041,TM714041
TF114042,TM714042
TF114043,TM714043
TF114044,TM714044
TF114045,TM714045
TF114046,TM714046
TF114047,TM714047
TF114048,TM714048
TF114049,TM714049
TF114050,TM714050
TF114051,TM714051
TF114052,TM714052
TF114053,TM714053
TF114054,TM714054
TF114055,TM714055
TF114056,TM714056
TF114057,TM714057
TF114058,TM714058
TF114059,TM714059
TF114060,TM714060
TF114061,TM714061
TF114062,TM714062
TF114063,TM714063
TF114064,TM714064
TF114065,TM714065
TF114066,TM714066
TF114067,TM714067
TF114068,TM714068
TF114069,TM714069
TF114070,TM714070
TF114071,TM714071
TF114072,TM714072
TF114073,TM714073
TF114074,TM714074
TF114075,TM714075
TF114076,TM714076
TF114077,TM714077
TF114078,TM714078
TF114079,TM714079
TF114080,TM714080
TF114081,TM714081
TF114082,TM714082
TF114083,TM714083
TF114084,TM714084
TF114085,TM714085
TF114086,TM714086
TF114087,TM714087
TF114088,TM714088
TF114089,TM714089
TF114090,TM714090
TF114091,TM714091
TF114092,TM714092
TF114093,TM714093
TF114094,TM714094
TF114095,TM714095
TF114096,TM714096
TF114097,TM714097
TF114098,TM714098
TF114099,TM714099
TF114100,TM714100
TF114101,TM714101
TF114102,TM714102
TF114103,TM714103
TF114104,TM714104
TF114105,TM714105
TF114106,TM714106
TF114107,TM714107
TF114108,TM714108
TF114109,TM714109
TF114110,TM714110
TF114111,TM714111
TF114112,TM714112
TF114113,TM714113
TF114114,TM714114
TF114115,TM714115
TF114116,TM714116
TF114117,TM714117
TF114118,TM714118
TF114119,TM714119
TF114120,TM714120
TF114121,TM714121
TF114122,TM714122
TF114123,TM714123
TF114124,TM714124
TF114125,TM714125
TF114126,TM714126
TF114127,TM714127
TF114128,TM714128
TF114129,TM714129
TF114130,TM714130
TF114131,TM714131
TF114132,TM714132
TF114133,TM714133
TF114134,TM714134
TF114135,TM714135
TF114136,TM714136
TF114137,TM714137
TF114138,TM714138
TF114139,TM714139
TF114140,TM714140
TF114141,TM714141
TF114142,TM714142
TF114143,TM714143
TF114144,TM714144
TF114145,TM714145
TF114146,TM714146
TF114147,TM714147
TF114148,TM714148
TF114149,TM714149
TF114150,TM714150
TF114151,TM714151
TF114152,TM714152
TF114153,TM714153
TF114154,TM714154
TF114155,TM714155
TF114156,TM714156
TF114157,TM714157
TF114158,TM714158
TF114159,TM714159
TF114160,TM714160
TF114161,TM714161
TF114162,TM714162
TF114163,TM714163
TF114164,TM714164
TF114165,TM714165
TF114166,TM714166
TF114167,TM714167
TF114168,TM714168
TF114169,TM714169
TF114170,TM714170
TF114171,TM714171
TF114172,TM714172
TF114173,TM714173
TF114174,TM714174
TF114175,TM714175
TF114176,TM714176
TF114177,TM714177
TF114178,TM714178
TF114179,TM714179
TF114180,TM714180
TF114181,TM714181
TF114182,TM714182
TF114183,TM714183
TF114184,TM714184
TF114185,TM714185
TF114186,TM714186
TF114187,TM714187
TF114188,TM714188
TF114189,TM714189
TF114190,TM714190
TF114191,TM714191
TF114192,TM714192
TF114193,TM714193
TF114194,TM714194
TF114195,TM714195
TF114196,TM714196
TF114197,TM714197
TF114198,TM714198
TF114199,TM714199
TF114200,TM714200
TF114201,TM714201
TF114202,TM714202
TF114203,TM714203
TF114204,TM714204
TF114205,TM714205
TF114206,TM714206
TF114207,TM714207
TF114208,TM714208
TF114209,TM714209
TF114210,TM714210
TF114211,TM714211
TF114212,TM714212
TF114213,TM714213
TF114214,TM714214
TF114215,TM714215
TF114216,TM714216
TF114217,TM714217
TF114218,TM714218
TF114219,TM714219
TF114220,TM714220
TF114221,TM714221
TF114222,TM714222
TF114223,TM714223
TF114224,TM714224
TF114225,TM714225
TF114226,TM714226
TF114227,TM714227
TF114228,TM714228
TF114229,TM714229
TF114230,TM714230
TF114231,TM714231
TF114232,TM714232
TF114233,TM714233
TF114234,TM714234
TF114235,TM714235
TF114236,TM714236
TF114237,TM714237
TF114238,TM714238
TF114239,TM714239
TF114240,TM714240
TF114241,TM714241
TF114242,TM714242
TF114243,TM714243
TF114244,TM714244
TF114245,TM714245
TF114246,TM714246
TF114247,TM714247
TF114248,TM714248
TF114249,TM714249
TF114250,TM714250
TF114251,TM714251
TF114252,TM714252
TF114253,TM714253
TF114254,TM714254
TF114255,TM714255
TF114256,TM714256
TF114257,TM714257
TF114258,TM714258
TF114259,TM714259
TF114260,TM714260
TF114261,TM714261
TF114262,TM714262
TF114263,TM714263
TF114264,TM714264
TF114265,TM714265
TF114266,TM714266
TF114267,TM714267
TF114268,TM714268
TF114269,TM714269
TF114270,TM714270
TF114271,TM714271
TF114272,TM714272
TF114273,TM714273
TF114274,TM714274
TF114275,TM714275
TF114276,TM714276
TF114277,TM714277
TF114278,TM714278
TF114279,TM714279
TF114280,TM714280
TF114281,TM714281
TF114282,TM714282
TF114283,TM714283
TF114284,TM714284
TF114285,TM714285
TF114286,TM714286
TF114287,TM714287
TF114288,TM714288
TF114289,TM714289
TF114290,TM714290
TF114291,TM714291
TF114292,TM714292
TF114293,TM714293
TF114294,TM714294
TF114295,TM714295
TF114296,TM714296
TF114297,TM714297
TF114298,TM714298
TF114299,TM714299
TF114300,TM714300
TF114301,TM714301
TF114302,TM714302
TF114303,TM714303
TF114304,TM714304
TF114305,TM714305
TF114306,TM714306
TF114307,TM714307
TF114308,TM714308
TF114309,TM714309
TF114310,TM714310
TF114311,TM714311
TF114312,TM714312
TF114313,TM714313
TF114314,TM714314
TF114315,TM714315
TF114316,TM714316
TF114317,TM714317
TF114318,TM714318
TF114319,TM714319
TF114320,TM714320
TF114321,TM714321
TF114322,TM714322
TF114323,TM714323
TF114324,TM714324
TF114325,TM714325
TF114326,TM714326
TF114327,TM714327
TF114328,TM714328
TF114329,TM714329
TF114330,TM714330
TF114331,TM714331
TF114332,TM714332
TF114333,TM714333
TF114334,TM714334
TF114335,TM714335
TF114336,TM714336
TF114337,TM714337
TF114338,TM714338
TF114339,TM714339
TF114340,TM714340
TF114341,TM714341
TF114342,TM714342
TF114343,TM714343
TF114344,TM714344
TF114345,TM714345
TF114346,TM714346
TF114347,TM714347
TF114348,TM714348
TF114349,TM714349
TF114350,TM714350
TF114351,TM714351
TF114352,TM714352
TF114353,TM714353
TF114354,TM714354
TF114355,TM714355
TF114356,TM714356
TF114357,TM714357
TF114358,TM714358
TF114359,TM714359
TF114360,TM714360
TF114361,TM714361
TF114362,TM714362
TF114363,TM714363
TF114364,TM714364
TF114365,TM714365
TF114366,TM714366
TF114367,TM714367
TF114368,TM714368
TF114369,TM714369
TF114370,TM714370
TF114371,TM714371
TF114372,TM714372
TF114373,TM714373
TF114374,TM714374
TF114375,TM714375
TF114376,TM714376
TF114377,TM714377
TF114378,TM714378
TF114379,TM714379
TF114380,TM714380
TF114381,TM714381
TF114382,TM714382
TF114383,TM714383
TF114384,TM714384
TF114385,TM714385
TF114386,TM714386
TF114387,TM714387
TF114388,TM714388
TF114389,TM714389
TF114390,TM714390
TF114391,TM714391
TF114392,TM714392
TF114393,TM714393
TF114394,TM714394
TF114395,TM714395
TF114396,TM714396
TF114397,TM714397
TF114398,TM714398
TF114399,TM714399
TF114400,TM714400
TF114401,TM714401
TF114402,TM714402
TF114403,TM714403
TF114404,TM714404
TF114405,TM714405
TF114406,TM714406
TF114407,TM714407
TF114408,TM714408
TF114409,TM714409
TF114410,TM714410
TF114411,TM714411
TF114412,TM714412
TF114413,TM714413
TF114414,TM714414
TF114415,TM714415
TF114416,TM714416
TF114417,TM714417
TF114418,TM714418
TF114419,TM714419
TF114420,TM714420
TF114421,TM714421
TF114422,TM714422
TF114423,TM714423
TF114424,TM714424
TF114425,TM714425
TF114426,TM714426
TF114427,TM714427
TF114428,TM714428
TF114429,TM714429
TF114430,TM714430
TF114431,TM714431
TF114432,TM714432
TF114433,TM714433
TF114434,TM714434
TF114435,TM714435
TF114436,TM714436
TF114437,TM714437
TF114438,TM714438
TF114439,TM714439
TF114440,TM714440
TF114441,TM714441
TF114442,TM714442
TF114443,TM714443
TF114444,TM714444
TF114445,TM714445
TF114446,TM714446
TF114447,TM714447
TF114448,TM714448
TF114449,TM714449
TF114450,TM714450
TF114451,TM714451
TF114452,TM714452
TF114453,TM714453
TF114454,TM714454
TF114455,TM714455
TF114456,TM714456
TF114457,TM714457
TF114458,TM714458
TF114459,TM714459
TF114460,TM714460
TF114461,TM714461
TF114462,TM714462
TF114463,TM714463
TF114464,TM714464
TF114465,TM714465
TF114466,TM714466
TF114467,TM714467
TF114468,TM714468
TF114469,TM714469
TF114470,TM714470
TF114471,TM714471
TF114472,TM714472
TF114473,TM714473
TF114474,TM714474
TF114475,TM714475
TF114476,TM714476
TF114477,TM714477
TF114478,TM714478
TF114479,TM714479
TF114480,TM714480
TF114481,TM714481
TF114482,TM714482
TF114483,TM714483
TF114484,TM714484
TF114485,TM714485
TF114486,TM714486
TF114487,TM714487
TF114488,TM714488
TF114489,TM714489
TF114490,TM714490
TF114491,TM714491
TF114492,TM714492
TF114493,TM714493
TF114494,TM714494
TF114495,TM714495
TF114496,TM714496
TF114497,TM714497
TF114498,TM714498
TF114499,TM714499
TF114500,TM714500
TF114501,TM714501
TF114502,TM714502
TF114503,TM714503
TF114504,TM714504
TF114505,TM714505
TF114506,TM714506
TF114507,TM714507
TF114508,TM714508
TF114509,TM714509
TF114510,TM714510
TF114511,TM714511
TF114512,TM714512
TF114513,TM714513
TF114514,TM714514
TF114515,TM714515
TF114516,TM714516
TF114517,TM714517
TF114518,TM714518
TF114519,TM714519
TF114520,TM714520
TF114521,TM714521
TF114522,TM714522
TF114523,TM714523
TF114524,TM714524
TF114525,TM714525
TF114526,TM714526
TF114527,TM714527
TF114528,TM714528
TF114529,TM714529
TF114530,TM714530
TF114531,TM714531
TF114532,TM714532
TF114533,TM714533
TF114534,TM714534
TF114535,TM714535
TF114536,TM714536
TF114537,TM714537
TF114538,TM714538
TF114539,TM714539
TF114540,TM714540
TF114541,TM714541
TF114542,TM714542
TF114543,TM714543
TF114544,TM714544
TF114545,TM714545
TF114546,TM714546
TF114547,TM714547
TF114548,TM714548
TF114549,TM714549
TF114550,TM714550
TF114551,TM714551
TF114552,TM714552
TF114553,TM714553
TF114554,TM714554
TF114555,TM714555
TF114556,TM714556
TF114557,TM714557
TF114558,TM714558
TF114559,TM714559
TF114560,TM714560
TF114561,TM714561
TF114562,TM714562
TF114563,TM714563
TF114564,TM714564
TF114565,TM714565
TF114566,TM714566
TF114567,TM714567
TF114568,TM714568
TF114569,TM714569
TF114570,TM714570
TF114571,TM714571
TF114572,TM714572
TF114573,TM714573
TF114574,TM714574
TF114575,TM714575
TF114576,TM714576
TF114577,TM714577
TF114578,TM714578
TF114579,TM714579
TF114580,TM714580
TF114581,TM714581
TF114582,TM714582
TF114583,TM714583
TF114584,TM714584
TF114585,TM714585
TF114586,TM714586
TF114587,TM714587
TF114588,TM714588
TF114589,TM714589
TF114590,TM714590
TF114591,TM714591
TF114592,TM714592
TF114593,TM714593
TF114594,TM714594
TF114595,TM714595
TF114596,TM714596
TF114597,TM714597
TF114598,TM714598
TF114599,TM714599
TF114600,TM714600
TF114601,TM714601
TF114602,TM714602
TF114603,TM714603
TF114604,TM714604
TF114605,TM714605
TF114606,TM714606
TF114607,TM714607
TF114608,TM714608
TF114609,TM714609
TF114610,TM714610
TF114611,TM714611
TF114612,TM714612
TF114613,TM714613
TF114614,TM714614
TF114615,TM714615
TF114616,TM714616
TF114617,TM714617
TF114618,TM714618
TF114619,TM714619
TF114620,TM714620
TF114621,TM714621
TF114622,TM714622
TF114623,TM714623
TF114624,TM714624
TF114625,TM714625
TF114626,TM714626
TF114627,TM714627
TF114628,TM714628
TF114629,TM714629
TF114630,TM714630
TF114631,TM714631
TF114632,TM714632
TF114633,TM714633
TF114634,TM714634
TF114635,TM714635
TF114636,TM714636
TF114637,TM714637
TF114638,TM714638
TF114639,TM714639
TF114640,TM714640
TF114641,TM714641
TF114642,TM714642
TF114643,TM714643
TF114644,TM714644
TF114645,TM714645
TF114646,TM714646
TF114647,TM714647
TF114648,TM714648
TF114649,TM714649
TF114650,TM714650
TF114651,TM714651
TF114652,TM714652
TF114653,TM714653
TF114654,TM714654
TF114655,TM714655
TF114656,TM714656
TF114657,TM714657
TF114658,TM714658
TF114659,TM714659
TF114660,TM714660
TF114661,TM714661
TF114662,TM714662
TF114663,TM714663
TF114664,TM714664
TF114665,TM714665
TF114666,TM714666
TF114667,TM714667
TF114668,TM714668
TF114669,TM714669
TF114670,TM714670
TF114671,TM714671
TF114672,TM714672
TF114673,TM714673
TF114674,TM714674
TF114675,TM714675
TF114676,TM714676
TF114677,TM714677
TF114678,TM714678
TF114679,TM714679
TF114680,TM714680
TF114681,TM714681
TF114682,TM714682
TF114683,TM714683
TF114684,TM714684
TF114685,TM714685
TF114686,TM714686
TF114687,TM714687
TF114688,TM714688
TF114689,TM714689
TF114690,TM714690
TF114691,TM714691
TF114692,TM714692
TF114693,TM714693
TF114694,TM714694
TF114695,TM714695
TF114696,TM714696
TF114697,TM714697
TF114698,TM714698
TF114699,TM714699
TF114700,TM714700
TF114701,TM714701
TF114702,TM714702
TF114703,TM714703
TF114704,TM714704
TF114705,TM714705
TF114706,TM714706
TF114707,TM714707
TF114708,TM714708
TF114709,TM714709
TF114710,TM714710
TF114711,TM714711
TF114712,TM714712
TF114713,TM714713
TF114714,TM714714
TF114715,TM714715
TF114716,TM714716
TF114717,TM714717
TF114718,TM714718
TF114719,TM714719
TF114720,TM714720
TF114721,TM714721
TF114722,TM714722
TF114723,TM714723
TF114724,TM714724
TF114725,TM714725
TF114726,TM714726
TF114727,TM714727
TF114728,TM714728
TF114729,TM714729
TF114730,TM714730
TF114731,TM714731
TF114732,TM714732
TF114733,TM714733
TF114734,TM714734
TF114735,TM714735
TF114736,TM714736
TF114737,TM714737
TF114738,TM714738
TF114739,TM714739
TF114740,TM714740
TF114741,TM714741
TF114742,TM714742
TF114743,TM714743
TF114744,TM714744
TF114745,TM714745
TF114746,TM714746
TF114747,TM714747
TF114748,TM714748
TF114749,TM714749
TF114750,TM714750
TF114751,TM714751
TF114752,TM714752
TF114753,TM714753
TF114754,TM714754
TF114755,TM714755
TF114756,TM714756
TF114757,TM714757
TF114758,TM714758
TF114759,TM714759
TF114760,TM714760
TF114761,TM714761
TF114762,TM714762
TF114763,TM714763
TF114764,TM714764
TF114765,TM714765
TF114766,TM714766
TF114767,TM714767
TF114768,TM714768
TF114769,TM714769
TF114770,TM714770
TF114771,TM714771
TF114772,TM714772
TF114773,TM714773
TF114774,TM714774
TF114775,TM714775
TF114776,TM714776
TF114777,TM714777
TF114778,TM714778
TF114779,TM714779
TF114780,TM714780
TF114781,TM714781
TF114782,TM714782
TF114783,TM714783
TF114784,TM714784
TF114785,TM714785
TF114786,TM714786
TF114787,TM714787
TF114788,TM714788
TF114789,TM714789
TF114790,TM714790
TF114791,TM714791
TF114792,TM714792
TF114793,TM714793
TF114794,TM714794
TF114795,TM714795
TF114796,TM714796
TF114797,TM714797
TF114798,TM714798
TF114799,TM714799
TF114800,TM714800
TF114801,TM714801
TF114802,TM714802
TF114803,TM714803
TF114804,TM714804
TF114805,TM714805
TF114806,TM714806
TF114807,TM714807
TF114808,TM714808
TF114809,TM714809
TF114810,TM714810
TF114811,TM714811
TF114812,TM714812
TF114813,TM714813
TF114814,TM714814
TF114815,TM714815
TF114816,TM714816
TF114817,TM714817
TF114818,TM714818
TF114819,TM714819
TF114820,TM714820
TF114821,TM714821
TF114822,TM714822
TF114823,TM714823
TF114824,TM714824
TF114825,TM714825
TF114826,TM714826
TF114827,TM714827
TF114828,TM714828
TF114829,TM714829
TF114830,TM714830
TF114831,TM714831
TF114832,TM714832
TF114833,TM714833
TF114834,TM714834
TF114835,TM714835
TF114836,TM714836
TF114837,TM714837
TF114838,TM714838
TF114839,TM714839
TF114840,TM714840
TF114841,TM714841
TF114842,TM714842
TF114843,TM714843
TF114844,TM714844
TF114845,TM714845
TF114846,TM714846
TF114847,TM714847
TF114848,TM714848
TF114849,TM714849
TF114850,TM714850
TF114851,TM714851
TF114852,TM714852
TF114853,TM714853
TF114854,TM714854
TF114855,TM714855
TF114856,TM714856
TF114857,TM714857
TF114858,TM714858
TF114859,TM714859
TF114860,TM714860
TF114861,TM714861
TF114862,TM714862
TF114863,TM714863
TF114864,TM714864
TF114865,TM714865
TF114866,TM714866
TF114867,TM714867
TF114868,TM714868
TF114869,TM714869
TF114870,TM714870
TF114871,TM714871
TF114872,TM714872
TF114873,TM714873
TF114874,TM714874
TF114875,TM714875
TF114876,TM714876
TF114877,TM714877
TF114878,TM714878
TF114879,TM714879
TF114880,TM714880
TF114881,TM714881
TF114882,TM714882
TF114883,TM714883
TF114884,TM714884
TF114885,TM714885
TF114886,TM714886
TF114887,TM714887
TF114888,TM714888
TF114889,TM714889
TF114890,TM714890
TF114891,TM714891
TF114892,TM714892
TF114893,TM714893
TF114894,TM714894
TF114895,TM714895
TF114896,TM714896
TF114897,TM714897
TF114898,TM714898
TF114899,TM714899
TF114900,TM714900
TF114901,TM714901
TF114902,TM714902
TF114903,TM714903
TF114904,TM714904
TF114905,TM714905
TF114906,TM714906
TF114907,TM714907
TF114908,TM714908
TF114909,TM714909
TF114910,TM714910
TF114911,TM714911
TF114912,TM714912
TF114913,TM714913
TF114914,TM714914
TF114915,TM714915
TF114916,TM714916
TF114917,TM714917
TF114918,TM714918
TF114919,TM714919
TF114920,TM714920
TF114921,TM714921
TF114922,TM714922
TF114923,TM714923
TF114924,TM714924
TF114925,TM714925
TF114926,TM714926
TF114927,TM714927
TF114928,TM714928
TF114929,TM714929
TF114930,TM714930
TF114931,TM714931
TF114932,TM714932
TF114933,TM714933
TF114934,TM714934
TF114935,TM714935
TF114936,TM714936
TF114937,TM714937
TF114938,TM714938
TF114939,TM714939
TF114940,TM714940
TF114941,TM714941
TF114942,TM714942
TF114943,TM714943
TF114944,TM714944
TF114945,TM714945
TF114946,TM714946
TF114947,TM714947
TF114948,TM714948
TF114949,TM714949
TF114950,TM714950
TF114951,TM714951
TF114952,TM714952
TF114953,TM714953
TF114954,TM714954
TF114955,TM714955
TF114956,TM714956
TF114957,TM714957
TF114958,TM714958
TF114959,TM714959
TF114960,TM714960
TF114961,TM714961
TF114962,TM714962
TF114963,TM714963
TF114964,TM714964
TF114965,TM714965
TF114966,TM714966
TF114967,TM714967
TF114968,TM714968
TF114969,TM714969
TF114970,TM714970
TF114971,TM714971
TF114972,TM714972
TF114973,TM714973
TF114974,TM714974
TF114975,TM714975
TF114976,TM714976
TF114977,TM714977
TF114978,TM714978
TF114979,TM714979
TF114980,TM714980
TF114981,TM714981
TF114982,TM714982
TF114983,TM714983
TF114984,TM714984
TF114985,TM714985
TF114986,TM714986
TF114987,TM714987
TF114988,TM714988
TF114989,TM714989
TF114990,TM714990
TF114991,TM714991
TF114992,TM714992
TF114993,TM714993
TF114994,TM714994
TF114995,TM714995
TF114996,TM714996
TF114997,TM714997
TF114998,TM714998
TF114999,TM714999
TF115000,TM715000
TF115001,TM715001
TF115002,TM715002
TF115003,TM715003
TF115004,TM715004
TF115005,TM715005
TF115006,TM715006
TF115007,TM715007
TF115008,TM715008
TF115009,TM715009
TF115010,TM715010
TF115011,TM715011
TF115012,TM715012
TF115013,TM715013
TF115014,TM715014
TF115015,TM715015
TF115016,TM715016
TF115017,TM715017
TF115018,TM715018
TF115019,TM715019
TF115020,TM715020
TF115021,TM715021
TF115022,TM715022
TF115023,TM715023
TF115024,TM715024
TF115025,TM715025
TF115026,TM715026
TF115027,TM715027
TF115028,TM715028
TF115029,TM715029
TF115030,TM715030
TF115031,TM715031
TF115032,TM715032
TF115033,TM715033
TF115034,TM715034
TF115035,TM715035
TF115036,TM715036
TF115037,TM715037
TF115038,TM715038
TF115039,TM715039
TF115040,TM715040
TF115041,TM715041
TF115042,TM715042
TF115043,TM715043
TF115044,TM715044
TF115045,TM715045
TF115046,TM715046
TF115047,TM715047
TF115048,TM715048
TF115049,TM715049
TF115050,TM715050
TF115051,TM715051
TF115052,TM715052
TF115053,TM715053
TF115054,TM715054
TF115055,TM715055
TF115056,TM715056
TF115057,TM715057
TF115058,TM715058
TF115059,TM715059
TF115060,TM715060
TF115061,TM715061
TF115062,TM715062
TF115063,TM715063
TF115064,TM715064
TF115065,TM715065
TF115066,TM715066
TF115067,TM715067
TF115068,TM715068
TF115069,TM715069
TF115070,TM715070
TF115071,TM715071
TF115072,TM715072
TF115073,TM715073
TF115074,TM715074
TF115075,TM715075
TF115076,TM715076
TF115077,TM715077
TF115078,TM715078
TF115079,TM715079
TF115080,TM715080
TF115081,TM715081
TF115082,TM715082
TF115083,TM715083
TF115084,TM715084
TF115085,TM715085
TF115086,TM715086
TF115087,TM715087
TF115088,TM715088
TF115089,TM715089
TF115090,TM715090
TF115091,TM715091
TF115092,TM715092
TF115093,TM715093
TF115094,TM715094
TF115095,TM715095
TF115096,TM715096
TF115097,TM715097
TF115098,TM715098
TF115099,TM715099
TF115100,TM715100
TF115101,TM715101
TF115102,TM715102
TF115103,TM715103
TF115104,TM715104
TF115105,TM715105
TF115106,TM715106
TF115107,TM715107
TF115108,TM715108
TF115109,TM715109
TF115110,TM715110
TF115111,TM715111
TF115112,TM715112
TF115113,TM715113
TF115114,TM715114
TF115115,TM715115
TF115116,TM715116
TF115117,TM715117
TF115118,TM715118
TF115119,TM715119
TF115120,TM715120
TF115121,TM715121
TF115122,TM715122
TF115123,TM715123
TF115124,TM715124
TF115125,TM715125
TF115126,TM715126
TF115127,TM715127
TF115128,TM715128
TF115129,TM715129
TF115130,TM715130
TF115131,TM715131
TF115132,TM715132
TF115133,TM715133
TF115134,TM715134
TF115135,TM715135
TF115136,TM715136
TF115137,TM715137
TF115138,TM715138
TF115139,TM715139
TF115140,TM715140
TF115141,TM715141
TF115142,TM715142
TF115143,TM715143
TF115144,TM715144
TF115145,TM715145
TF115146,TM715146
TF115147,TM715147
TF115148,TM715148
TF115149,TM715149
TF115150,TM715150
TF115151,TM715151
TF115152,TM715152
TF115153,TM715153
TF115154,TM715154
TF115155,TM715155
TF115156,TM715156
TF115157,TM715157
TF115158,TM715158
TF115159,TM715159
TF115160,TM715160
TF115161,TM715161
TF115162,TM715162
TF115163,TM715163
TF115164,TM715164
TF115165,TM715165
TF115166,TM715166
TF115167,TM715167
TF115168,TM715168
TF115169,TM715169
TF115170,TM715170
TF115171,TM715171
TF115172,TM715172
TF115173,TM715173
TF115174,TM715174
TF115175,TM715175
TF115176,TM715176
TF115177,TM715177
TF115178,TM715178
TF115179,TM715179
TF115180,TM715180
TF115181,TM715181
TF115182,TM715182
TF115183,TM715183
TF115184,TM715184
TF115185,TM715185
TF115186,TM715186
TF115187,TM715187
TF115188,TM715188
TF115189,TM715189
TF115190,TM715190
TF115191,TM715191
TF115192,TM715192
TF115193,TM715193
TF115194,TM715194
TF115195,TM715195
TF115196,TM715196
TF115197,TM715197
TF115198,TM715198
TF115199,TM715199
TF115200,TM715200
TF115201,TM715201
TF115202,TM715202
TF115203,TM715203
TF115204,TM715204
TF115205,TM715205
TF115206,TM715206
TF115207,TM715207
TF115208,TM715208
TF115209,TM715209
TF115210,TM715210
TF115211,TM715211
TF115212,TM715212
TF115213,TM715213
TF115214,TM715214
TF115215,TM715215
TF115216,TM715216
TF115217,TM715217
TF115218,TM715218
TF115219,TM715219
TF115220,TM715220
TF115221,TM715221
TF115222,TM715222
TF115223,TM715223
TF115224,TM715224
TF115225,TM715225
TF115226,TM715226
TF115227,TM715227
TF115228,TM715228
TF115229,TM715229
TF115230,TM715230
TF115231,TM715231
TF115232,TM715232
TF115233,TM715233
TF115234,TM715234
TF115235,TM715235
TF115236,TM715236
TF115237,TM715237
TF115238,TM715238
TF115239,TM715239
TF115240,TM715240
TF115241,TM715241
TF115242,TM715242
TF115243,TM715243
TF115244,TM715244
TF115245,TM715245
TF115246,TM715246
TF115247,TM715247
TF115248,TM715248
TF115249,TM715249
TF115250,TM715250
TF115251,TM715251
TF115252,TM715252
TF115253,TM715253
TF115254,TM715254
TF115255,TM715255
TF115256,TM715256
TF115257,TM715257
TF115258,TM715258
TF115259,TM715259
TF115260,TM715260
TF115261,TM715261
TF115262,TM715262
TF115263,TM715263
TF115264,TM715264
TF115265,TM715265
TF115266,TM715266
TF115267,TM715267
TF115268,TM715268
TF115269,TM715269
TF115270,TM715270
TF115271,TM715271
TF115272,TM715272
TF115273,TM715273
TF115274,TM715274
TF115275,TM715275
TF115276,TM715276
TF115277,TM715277
TF115278,TM715278
TF115279,TM715279
TF115280,TM715280
TF115281,TM715281
TF115282,TM715282
TF115283,TM715283
TF115284,TM715284
TF115285,TM715285
TF115286,TM715286
TF115287,TM715287
TF115288,TM715288
TF115289,TM715289
TF115290,TM715290
TF115291,TM715291
TF115292,TM715292
TF115293,TM715293
TF115294,TM715294
TF115295,TM715295
TF115296,TM715296
TF115297,TM715297
TF115298,TM715298
TF115299,TM715299
TF115300,TM715300
TF115301,TM715301
TF115302,TM715302
TF115303,TM715303
TF115304,TM715304
TF115305,TM715305
TF115306,TM715306
TF115307,TM715307
TF115308,TM715308
TF115309,TM715309
TF115310,TM715310
TF115311,TM715311
TF115312,TM715312
TF115313,TM715313
TF115314,TM715314
TF115315,TM715315
TF115316,TM715316
TF115317,TM715317
TF115318,TM715318
TF115319,TM715319
TF115320,TM715320
TF115321,TM715321
TF115322,TM715322
TF115323,TM715323
TF115324,TM715324
TF115325,TM715325
TF115326,TM715326
TF115327,TM715327
TF115328,TM715328
TF115329,TM715329
TF115330,TM715330
TF115331,TM715331
TF115332,TM715332
TF115333,TM715333
TF115334,TM715334
TF115335,TM715335
TF115336,TM715336
TF115337,TM715337
TF115338,TM715338
TF115339,TM715339
TF115340,TM715340
TF115341,TM715341
TF115342,TM715342
TF115343,TM715343
TF115344,TM715344
TF115345,TM715345
TF115346,TM715346
TF115347,TM715347
TF115348,TM715348
TF115349,TM715349
TF115350,TM715350
TF115351,TM715351
TF115352,TM715352
TF115353,TM715353
TF115354,TM715354
TF115355,TM715355
TF115356,TM715356
TF115357,TM715357
TF115358,TM715358
TF115359,TM715359
TF115360,TM715360
TF115361,TM715361
TF115362,TM715362
TF115363,TM715363
TF115364,TM715364
TF115365,TM715365
TF115366,TM715366
TF115367,TM715367
TF115368,TM715368
TF115369,TM715369
TF115370,TM715370
TF115371,TM715371
TF115372,TM715372
TF115373,TM715373
TF115374,TM715374
TF115375,TM715375
TF115376,TM715376
TF115377,TM715377
TF115378,TM715378
TF115379,TM715379
TF115380,TM715380
TF115381,TM715381
TF115382,TM715382
TF115383,TM715383
TF115384,TM715384
TF115385,TM715385
TF115386,TM715386
TF115387,TM715387
TF115388,TM715388
TF115389,TM715389
TF115390,TM715390
TF115391,TM715391
TF115392,TM715392
TF115393,TM715393
TF115394,TM715394
TF115395,TM715395
TF115396,TM715396
TF115397,TM715397
TF115398,TM715398
TF115399,TM715399
TF115400,TM715400
TF115401,TM715401
TF115402,TM715402
TF115403,TM715403
TF115404,TM715404
TF115405,TM715405
TF115406,TM715406
TF115407,TM715407
TF115408,TM715408
TF115409,TM715409
TF115410,TM715410
TF115411,TM715411
TF115412,TM715412
TF115413,TM715413
TF115414,TM715414
TF115415,TM715415
TF115416,TM715416
TF115417,TM715417
TF115418,TM715418
TF115419,TM715419
TF115420,TM715420
TF115421,TM715421
TF115422,TM715422
TF115423,TM715423
TF115424,TM715424
TF115425,TM715425
TF115426,TM715426
TF115427,TM715427
TF115428,TM715428
TF115429,TM715429
TF115430,TM715430
TF115431,TM715431
TF115432,TM715432
TF115433,TM715433
TF115434,TM715434
TF115435,TM715435
TF115436,TM715436
TF115437,TM715437
TF115438,TM715438
TF115439,TM715439
TF115440,TM715440
TF115441,TM715441
TF115442,TM715442
TF115443,TM715443
TF115444,TM715444
TF115445,TM715445
TF115446,TM715446
TF115447,TM715447
TF115448,TM715448
TF115449,TM715449
TF115450,TM715450
TF115451,TM715451
TF115452,TM715452
TF115453,TM715453
TF115454,TM715454
TF115455,TM715455
TF115456,TM715456
TF115457,TM715457
TF115458,TM715458
TF115459,TM715459
TF115460,TM715460
TF115461,TM715461
TF115462,TM715462
TF115463,TM715463
TF115464,TM715464
TF115465,TM715465
TF115466,TM715466
TF115467,TM715467
TF115468,TM715468
TF115469,TM715469
TF115470,TM715470
TF115471,TM715471
TF115472,TM715472
TF115473,TM715473
TF115474,TM715474
TF115475,TM715475
TF115476,TM715476
TF115477,TM715477
TF115478,TM715478
TF115479,TM715479
TF115480,TM715480
TF115481,TM715481
TF115482,TM715482
TF115483,TM715483
TF115484,TM715484
TF115485,TM715485
TF115486,TM715486
TF115487,TM715487
TF115488,TM715488
TF115489,TM715489
TF115490,TM715490
TF115491,TM715491
TF115492,TM715492
TF115493,TM715493
TF115494,TM715494
TF115495,TM715495
TF115496,TM715496
TF115497,TM715497
TF115498,TM715498
TF115499,TM715499
TF115500,TM715500
TF115501,TM715501
TF115502,TM715502
TF115503,TM715503
TF115504,TM715504
TF115505,TM715505
TF115506,TM715506
TF115507,TM715507
TF115508,TM715508
TF115509,TM715509
TF115510,TM715510
TF115511,TM715511
TF115512,TM715512
TF115513,TM715513
TF115514,TM715514
TF115515,TM715515
TF115516,TM715516
TF115517,TM715517
TF115518,TM715518
TF115519,TM715519
TF115520,TM715520
TF115521,TM715521
TF115522,TM715522
TF115523,TM715523
TF115524,TM715524
TF115525,TM715525
TF115526,TM715526
TF115527,TM715527
TF115528,TM715528
TF115529,TM715529
TF115530,TM715530
TF115531,TM715531
TF115532,TM715532
TF115533,TM715533
TF115534,TM715534
TF115535,TM715535
TF115536,TM715536
TF115537,TM715537
TF115538,TM715538
TF115539,TM715539
TF115540,TM715540
TF115541,TM715541
TF115542,TM715542
TF115543,TM715543
TF115544,TM715544
TF115545,TM715545
TF115546,TM715546
TF115547,TM715547
TF115548,TM715548
TF115549,TM715549
TF115550,TM715550
TF115551,TM715551
TF115552,TM715552
TF115553,TM715553
TF115554,TM715554
TF115555,TM715555
TF115556,TM715556
TF115557,TM715557
TF115558,TM715558
TF115559,TM715559
TF115560,TM715560
TF115561,TM715561
TF115562,TM715562
TF115563,TM715563
TF115564,TM715564
TF115565,TM715565
TF115566,TM715566
TF115567,TM715567
TF115568,TM715568
TF115569,TM715569
TF115570,TM715570
TF115571,TM715571
TF115572,TM715572
TF115573,TM715573
TF115574,TM715574
TF115575,TM715575
TF115576,TM715576
TF115577,TM715577
TF115578,TM715578
TF115579,TM715579
TF115580,TM715580
TF115581,TM715581
TF115582,TM715582
TF115583,TM715583
TF115584,TM715584
TF115585,TM715585
TF115586,TM715586
TF115587,TM715587
TF115588,TM715588
TF115589,TM715589
TF115590,TM715590
TF115591,TM715591
TF115592,TM715592
TF115593,TM715593
TF115594,TM715594
TF115595,TM715595
TF115596,TM715596
TF115597,TM715597
TF115598,TM715598
TF115599,TM715599
TF115600,TM715600
TF115601,TM715601
TF115602,TM715602
TF115603,TM715603
TF115604,TM715604
TF115605,TM715605
TF115606,TM715606
TF115607,TM715607
TF115608,TM715608
TF115609,TM715609
TF115610,TM715610
TF115611,TM715611
TF115612,TM715612
TF115613,TM715613
TF115614,TM715614
TF115615,TM715615
TF115616,TM715616
TF115617,TM715617
TF115618,TM715618
TF115619,TM715619
TF115620,TM715620
TF115621,TM715621
TF115622,TM715622
TF115623,TM715623
TF115624,TM715624
TF115625,TM715625
TF115626,TM715626
TF115627,TM715627
TF115628,TM715628
TF115629,TM715629
TF115630,TM715630
TF115631,TM715631
TF115632,TM715632
TF115633,TM715633
TF115634,TM715634
TF115635,TM715635
TF115636,TM715636
TF115637,TM715637
TF115638,TM715638
TF115639,TM715639
TF115640,TM715640
TF115641,TM715641
TF115642,TM715642
TF115643,TM715643
TF115644,TM715644
TF115645,TM715645
TF115646,TM715646
TF115647,TM715647
TF115648,TM715648
TF115649,TM715649
TF115650,TM715650
TF115651,TM715651
TF115652,TM715652
TF115653,TM715653
TF115654,TM715654
TF115655,TM715655
TF115656,TM715656
TF115657,TM715657
TF115658,TM715658
TF115659,TM715659
TF115660,TM715660
TF115661,TM715661
TF115662,TM715662
TF115663,TM715663
TF115664,TM715664
TF115665,TM715665
TF115666,TM715666
TF115667,TM715667
TF115668,TM715668
TF115669,TM715669
TF115670,TM715670
TF115671,TM715671
TF115672,TM715672
TF115673,TM715673
TF115674,TM715674
TF115675,TM715675
TF115676,TM715676
TF115677,TM715677
TF115678,TM715678
TF115679,TM715679
TF115680,TM715680
TF115681,TM715681
TF115682,TM715682
TF115683,TM715683
TF115684,TM715684
TF115685,TM715685
TF115686,TM715686
TF115687,TM715687
TF115688,TM715688
TF115689,TM715689
TF115690,TM715690
TF115691,TM715691
TF115692,TM715692
TF115693,TM715693
TF115694,TM715694
TF115695,TM715695
TF115696,TM715696
TF115697,TM715697
TF115698,TM715698
TF115699,TM715699
TF115700,TM715700
TF115701,TM715701
TF115702,TM715702
TF115703,TM715703
TF115704,TM715704
TF115705,TM715705
TF115706,TM715706
TF115707,TM715707
TF115708,TM715708
TF115709,TM715709
TF115710,TM715710
TF115711,TM715711
TF115712,TM715712
TF115713,TM715713
TF115714,TM715714
TF115715,TM715715
TF115716,TM715716
TF115717,TM715717
TF115718,TM715718
TF115719,TM715719
TF115720,TM715720
TF115721,TM715721
TF115722,TM715722
TF115723,TM715723
TF115724,TM715724
TF115725,TM715725
TF115726,TM715726
TF115727,TM715727
TF115728,TM715728
TF115729,TM715729
TF115730,TM715730
TF115731,TM715731
TF115732,TM715732
TF115733,TM715733
TF115734,TM715734
TF115735,TM715735
TF115736,TM715736
TF115737,TM715737
TF115738,TM715738
TF115739,TM715739
TF115740,TM715740
TF115741,TM715741
TF115742,TM715742
TF115743,TM715743
TF115744,TM715744
TF115745,TM715745
TF115746,TM715746
TF115747,TM715747
TF115748,TM715748
TF115749,TM715749
TF115750,TM715750
TF115751,TM715751
TF115752,TM715752
TF115753,TM715753
TF115754,TM715754
TF115755,TM715755
TF115756,TM715756
TF115757,TM715757
TF115758,TM715758
TF115759,TM715759
TF115760,TM715760
TF115761,TM715761
TF115762,TM715762
TF115763,TM715763
TF115764,TM715764
TF115765,TM715765
TF115766,TM715766
TF115767,TM715767
TF115768,TM715768
TF115769,TM715769
TF115770,TM715770
TF115771,TM715771
TF115772,TM715772
TF115773,TM715773
TF115774,TM715774
TF115775,TM715775
TF115776,TM715776
TF115777,TM715777
TF115778,TM715778
TF115779,TM715779
TF115780,TM715780
TF115781,TM715781
TF115782,TM715782
TF115783,TM715783
TF115784,TM715784
TF115785,TM715785
TF115786,TM715786
TF115787,TM715787
TF115788,TM715788
TF115789,TM715789
TF115790,TM715790
TF115791,TM715791
TF115792,TM715792
TF115793,TM715793
TF115794,TM715794
TF115795,TM715795
TF115796,TM715796
TF115797,TM715797
TF115798,TM715798
TF115799,TM715799
TF115800,TM715800
TF115801,TM715801
TF115802,TM715802
TF115803,TM715803
TF115804,TM715804
TF115805,TM715805
TF115806,TM715806
TF115807,TM715807
TF115808,TM715808
TF115809,TM715809
TF115810,TM715810
TF115811,TM715811
TF115812,TM715812
TF115813,TM715813
TF115814,TM715814
TF115815,TM715815
TF115816,TM715816
TF115817,TM715817
TF115818,TM715818
TF115819,TM715819
TF115820,TM715820
TF115821,TM715821
TF115822,TM715822
TF115823,TM715823
TF115824,TM715824
TF115825,TM715825
TF115826,TM715826
TF115827,TM715827
TF115828,TM715828
TF115829,TM715829
TF115830,TM715830
TF115831,TM715831
TF115832,TM715832
TF115833,TM715833
TF115834,TM715834
TF115835,TM715835
TF115836,TM715836
TF115837,TM715837
TF115838,TM715838
TF115839,TM715839
TF115840,TM715840
TF115841,TM715841
TF115842,TM715842
TF115843,TM715843
TF115844,TM715844
TF115845,TM715845
TF115846,TM715846
TF115847,TM715847
TF115848,TM715848
TF115849,TM715849
TF115850,TM715850
TF115851,TM715851
TF115852,TM715852
TF115853,TM715853
TF115854,TM715854
TF115855,TM715855
TF115856,TM715856
TF115857,TM715857
TF115858,TM715858
TF115859,TM715859
TF115860,TM715860
TF115861,TM715861
TF115862,TM715862
TF115863,TM715863
TF115864,TM715864
TF115865,TM715865
TF115866,TM715866
TF115867,TM715867
TF115868,TM715868
TF115869,TM715869
TF115870,TM715870
TF115871,TM715871
TF115872,TM715872
TF115873,TM715873
TF115874,TM715874
TF115875,TM715875
TF115876,TM715876
TF115877,TM715877
TF115878,TM715878
TF115879,TM715879
TF115880,TM715880
TF115881,TM715881
TF115882,TM715882
TF115883,TM715883
TF115884,TM715884
TF115885,TM715885
TF115886,TM715886
TF115887,TM715887
TF115888,TM715888
TF115889,TM715889
TF115890,TM715890
TF115891,TM715891
TF115892,TM715892
TF115893,TM715893
TF115894,TM715894
TF115895,TM715895
TF115896,TM715896
TF115897,TM715897
TF115898,TM715898
TF115899,TM715899
TF115900,TM715900
TF115901,TM715901
TF115902,TM715902
TF115903,TM715903
TF115904,TM715904
TF115905,TM715905
TF115906,TM715906
TF115907,TM715907
TF115908,TM715908
TF115909,TM715909
TF115910,TM715910
TF115911,TM715911
TF115912,TM715912
TF115913,TM715913
TF115914,TM715914
TF115915,TM715915
TF115916,TM715916
TF115917,TM715917
TF115918,TM715918
TF115919,TM715919
TF115920,TM715920
TF115921,TM715921
TF115922,TM715922
TF115923,TM715923
TF115924,TM715924
TF115925,TM715925
TF115926,TM715926
TF115927,TM715927
TF115928,TM715928
TF115929,TM715929
TF115930,TM715930
TF115931,TM715931
TF115932,TM715932
TF115933,TM715933
TF115934,TM715934
TF115935,TM715935
TF115936,TM715936
TF115937,TM715937
TF115938,TM715938
TF115939,TM715939
TF115940,TM715940
TF115941,TM715941
TF115942,TM715942
TF115943,TM715943
TF115944,TM715944
TF115945,TM715945
TF115946,TM715946
TF115947,TM715947
TF115948,TM715948
TF115949,TM715949
TF115950,TM715950
TF115951,TM715951
TF115952,TM715952
TF115953,TM715953
TF115954,TM715954
TF115955,TM715955
TF115956,TM715956
TF115957,TM715957
TF115958,TM715958
TF115959,TM715959
TF115960,TM715960
TF115961,TM715961
TF115962,TM715962
TF115963,TM715963
TF115964,TM715964
TF115965,TM715965
TF115966,TM715966
TF115967,TM715967
TF115968,TM715968
TF115969,TM715969
TF115970,TM715970
TF115971,TM715971
TF115972,TM715972
TF115973,TM715973
TF115974,TM715974
TF115975,TM715975
TF115976,TM715976
TF115977,TM715977
TF115978,TM715978
TF115979,TM715979
TF115980,TM715980
TF115981,TM715981
TF115982,TM715982
TF115983,TM715983
TF115984,TM715984
TF115985,TM715985
TF115986,TM715986
TF115987,TM715987
TF115988,TM715988
TF115989,TM715989
TF115990,TM715990
TF115991,TM715991
TF115992,TM715992
TF115993,TM715993
TF115994,TM715994
TF115995,TM715995
TF115996,TM715996
TF115997,TM715997
TF115998,TM715998
TF115999,TM715999
TF116000,TM716000
TF116001,TM716001
TF116002,TM716002
TF116003,TM716003
TF116004,TM716004
TF116005,TM716005
TF116006,TM716006
TF116007,TM716007
TF116008,TM716008
TF116009,TM716009
TF116010,TM716010
TF116011,TM716011
TF116012,TM716012
TF116013,TM716013
TF116014,TM716014
TF116015,TM716015
TF116016,TM716016
TF116017,TM716017
TF116018,TM716018
TF116019,TM716019
TF116020,TM716020
TF116021,TM716021
TF116022,TM716022
TF116023,TM716023
TF116024,TM716024
TF116025,TM716025
TF116026,TM716026
TF116027,TM716027
TF116028,TM716028
TF116029,TM716029
TF116030,TM716030
TF116031,TM716031
TF116032,TM716032
TF116033,TM716033
TF116034,TM716034
TF116035,TM716035
TF116036,TM716036
TF116037,TM716037
TF116038,TM716038
TF116039,TM716039
TF116040,TM716040
TF116041,TM716041
TF116042,TM716042
TF116043,TM716043
TF116044,TM716044
TF116045,TM716045
TF116046,TM716046
TF116047,TM716047
TF116048,TM716048
TF116049,TM716049
TF116050,TM716050
TF116051,TM716051
TF116052,TM716052
TF116053,TM716053
TF116054,TM716054
TF116055,TM716055
TF116056,TM716056
TF116057,TM716057
TF116058,TM716058
TF116059,TM716059
TF116060,TM716060
TF116061,TM716061
TF116062,TM716062
TF116063,TM716063
TF116064,TM716064
TF116065,TM716065
TF116066,TM716066
TF116067,TM716067
TF116068,TM716068
TF116069,TM716069
TF116070,TM716070
TF116071,TM716071
TF116072,TM716072
TF116073,TM716073
TF116074,TM716074
TF116075,TM716075
TF116076,TM716076
TF116077,TM716077
TF116078,TM716078
TF116079,TM716079
TF116080,TM716080
TF116081,TM716081
TF116082,TM716082
TF116083,TM716083
TF116084,TM716084
TF116085,TM716085
TF116086,TM716086
TF116087,TM716087
TF116088,TM716088
TF116089,TM716089
TF116090,TM716090
TF116091,TM716091
TF116092,TM716092
TF116093,TM716093
TF116094,TM716094
TF116095,TM716095
TF116096,TM716096
TF116097,TM716097
TF116098,TM716098
TF116099,TM716099
TF116100,TM716100
TF116101,TM716101
TF116102,TM716102
TF116103,TM716103
TF116104,TM716104
TF116105,TM716105
TF116106,TM716106
TF116107,TM716107
TF116108,TM716108
TF116109,TM716109
TF116110,TM716110
TF116111,TM716111
TF116112,TM716112
TF116113,TM716113
TF116114,TM716114
TF116115,TM716115
TF116116,TM716116
TF116117,TM716117
TF116118,TM716118
TF116119,TM716119
TF116120,TM716120
TF116121,TM716121
TF116122,TM716122
TF116123,TM716123
TF116124,TM716124
TF116125,TM716125
TF116126,TM716126
TF116127,TM716127
TF116128,TM716128
TF116129,TM716129
TF116130,TM716130
TF116131,TM716131
TF116132,TM716132
TF116133,TM716133
TF116134,TM716134
TF116135,TM716135
TF116136,TM716136
TF116137,TM716137
TF116138,TM716138
TF116139,TM716139
TF116140,TM716140
TF116141,TM716141
TF116142,TM716142
TF116143,TM716143
TF116144,TM716144
TF116145,TM716145
TF116146,TM716146
TF116147,TM716147
TF116148,TM716148
TF116149,TM716149
TF116150,TM716150
TF116151,TM716151
TF116152,TM716152
TF116153,TM716153
TF116154,TM716154
TF116155,TM716155
TF116156,TM716156
TF116157,TM716157
TF116158,TM716158
TF116159,TM716159
TF116160,TM716160
TF116161,TM716161
TF116162,TM716162
TF116163,TM716163
TF116164,TM716164
TF116165,TM716165
TF116166,TM716166
TF116167,TM716167
TF116168,TM716168
TF116169,TM716169
TF116170,TM716170
TF116171,TM716171
TF116172,TM716172
TF116173,TM716173
TF116174,TM716174
TF116175,TM716175
TF116176,TM716176
TF116177,TM716177
TF116178,TM716178
TF116179,TM716179
TF116180,TM716180
TF116181,TM716181
TF116182,TM716182
TF116183,TM716183
TF116184,TM716184
TF116185,TM716185
TF116186,TM716186
TF116187,TM716187
TF116188,TM716188
TF116189,TM716189
TF116190,TM716190
TF116191,TM716191
TF116192,TM716192
TF116193,TM716193
TF116194,TM716194
TF116195,TM716195
TF116196,TM716196
TF116197,TM716197
TF116198,TM716198
TF116199,TM716199
TF116200,TM716200
TF116201,TM716201
TF116202,TM716202
TF116203,TM716203
TF116204,TM716204
TF116205,TM716205
TF116206,TM716206
TF116207,TM716207
TF116208,TM716208
TF116209,TM716209
TF116210,TM716210
TF116211,TM716211
TF116212,TM716212
TF116213,TM716213
TF116214,TM716214
TF116215,TM716215
TF116216,TM716216
TF116217,TM716217
TF116218,TM716218
TF116219,TM716219
TF116220,TM716220
TF116221,TM716221
TF116222,TM716222
TF116223,TM716223
TF116224,TM716224
TF116225,TM716225
TF116226,TM716226
TF116227,TM716227
TF116228,TM716228
TF116229,TM716229
TF116230,TM716230
TF116231,TM716231
TF116232,TM716232
TF116233,TM716233
TF116234,TM716234
TF116235,TM716235
TF116236,TM716236
TF116237,TM716237
TF116238,TM716238
TF116239,TM716239
TF116240,TM716240
TF116241,TM716241
TF116242,TM716242
TF116243,TM716243
TF116244,TM716244
TF116245,TM716245
TF116246,TM716246
TF116247,TM716247
TF116248,TM716248
TF116249,TM716249
TF116250,TM716250
TF116251,TM716251
TF116252,TM716252
TF116253,TM716253
TF116254,TM716254
TF116255,TM716255
TF116256,TM716256
TF116257,TM716257
TF116258,TM716258
TF116259,TM716259
TF116260,TM716260
TF116261,TM716261
TF116262,TM716262
TF116263,TM716263
TF116264,TM716264
TF116265,TM716265
TF116266,TM716266
TF116267,TM716267
TF116268,TM716268
TF116269,TM716269
TF116270,TM716270
TF116271,TM716271
TF116272,TM716272
TF116273,TM716273
TF116274,TM716274
TF116275,TM716275
TF116276,TM716276
TF116277,TM716277
TF116278,TM716278
TF116279,TM716279
TF116280,TM716280
TF116281,TM716281
TF116282,TM716282
TF116283,TM716283
TF116284,TM716284
TF116285,TM716285
TF116286,TM716286
TF116287,TM716287
TF116288,TM716288
TF116289,TM716289
TF116290,TM716290
TF116291,TM716291
TF116292,TM716292
TF116293,TM716293
TF116294,TM716294
TF116295,TM716295
TF116296,TM716296
TF116297,TM716297
TF116298,TM716298
TF116299,TM716299
TF116300,TM716300
TF116301,TM716301
TF116302,TM716302
TF116303,TM716303
TF116304,TM716304
TF116305,TM716305
TF116306,TM716306
TF116307,TM716307
TF116308,TM716308
TF116309,TM716309
TF116310,TM716310
TF116311,TM716311
TF116312,TM716312
TF116313,TM716313
TF116314,TM716314
TF116315,TM716315
TF116316,TM716316
TF116317,TM716317
TF116318,TM716318
TF116319,TM716319
TF116320,TM716320
TF116321,TM716321
TF116322,TM716322
TF116323,TM716323
TF116324,TM716324
TF116325,TM716325
TF116326,TM716326
TF116327,TM716327
TF116328,TM716328
TF116329,TM716329
TF116330,TM716330
TF116331,TM716331
TF116332,TM716332
TF116333,TM716333
TF116334,TM716334
TF116335,TM716335
TF116336,TM716336
TF116337,TM716337
TF116338,TM716338
TF116339,TM716339
TF116340,TM716340
TF116341,TM716341
TF116342,TM716342
TF116343,TM716343
TF116344,TM716344
TF116345,TM716345
TF116346,TM716346
TF116347,TM716347
TF116348,TM716348
TF116349,TM716349
TF116350,TM716350
TF116351,TM716351
TF116352,TM716352
TF116353,TM716353
TF116354,TM716354
TF116355,TM716355
TF116356,TM716356
TF116357,TM716357
TF116358,TM716358
TF116359,TM716359
TF116360,TM716360
TF116361,TM716361
TF116362,TM716362
TF116363,TM716363
TF116364,TM716364
TF116365,TM716365
TF116366,TM716366
TF116367,TM716367
TF116368,TM716368
TF116369,TM716369
TF116370,TM716370
TF116371,TM716371
TF116372,TM716372
TF116373,TM716373
TF116374,TM716374
TF116375,TM716375
TF116376,TM716376
TF116377,TM716377
TF116378,TM716378
TF116379,TM716379
TF116380,TM716380
TF116381,TM716381
TF116382,TM716382
TF116383,TM716383
TF116384,TM716384
TF116385,TM716385
TF116386,TM716386
TF116387,TM716387
TF116388,TM716388
TF116389,TM716389
TF116390,TM716390
TF116391,TM716391
TF116392,TM716392
TF116393,TM716393
TF116394,TM716394
TF116395,TM716395
TF116396,TM716396
TF116397,TM716397
TF116398,TM716398
TF116399,TM716399
TF116400,TM716400
TF116401,TM716401
TF116402,TM716402
TF116403,TM716403
TF116404,TM716404
TF116405,TM716405
TF116406,TM716406
TF116407,TM716407
TF116408,TM716408
TF116409,TM716409
TF116410,TM716410
TF116411,TM716411
TF116412,TM716412
TF116413,TM716413
TF116414,TM716414
TF116415,TM716415
TF116416,TM716416
TF116417,TM716417
TF116418,TM716418
TF116419,TM716419
TF116420,TM716420
TF116421,TM716421
TF116422,TM716422
TF116423,TM716423
TF116424,TM716424
TF116425,TM716425
TF116426,TM716426
TF116427,TM716427
TF116428,TM716428
TF116429,TM716429
TF116430,TM716430
TF116431,TM716431
TF116432,TM716432
TF116433,TM716433
TF116434,TM716434
TF116435,TM716435
TF116436,TM716436
TF116437,TM716437
TF116438,TM716438
TF116439,TM716439
TF116440,TM716440
TF116441,TM716441
TF116442,TM716442
TF116443,TM716443
TF116444,TM716444
TF116445,TM716445
TF116446,TM716446
TF116447,TM716447
TF116448,TM716448
TF116449,TM716449
TF116450,TM716450
TF116451,TM716451
TF116452,TM716452
TF116453,TM716453
TF116454,TM716454
TF116455,TM716455
TF116456,TM716456
TF116457,TM716457
TF116458,TM716458
TF116459,TM716459
TF116460,TM716460
TF116461,TM716461
TF116462,TM716462
TF116463,TM716463
TF116464,TM716464
TF116465,TM716465
TF116466,TM716466
TF116467,TM716467
TF116468,TM716468
TF116469,TM716469
TF116470,TM716470
TF116471,TM716471
TF116472,TM716472
TF116473,TM716473
TF116474,TM716474
TF116475,TM716475
TF116476,TM716476
TF116477,TM716477
TF116478,TM716478
TF116479,TM716479
TF116480,TM716480
TF116481,TM716481
TF116482,TM716482
TF116483,TM716483
TF116484,TM716484
TF116485,TM716485
TF116486,TM716486
TF116487,TM716487
TF116488,TM716488
TF116489,TM716489
TF116490,TM716490
TF116491,TM716491
TF116492,TM716492
TF116493,TM716493
TF116494,TM716494
TF116495,TM716495
TF116496,TM716496
TF116497,TM716497
TF116498,TM716498
TF116499,TM716499
TF116500,TM716500
TF116501,TM716501
TF116502,TM716502
TF116503,TM716503
TF116504,TM716504
TF116505,TM716505
TF116506,TM716506
TF116507,TM716507
TF116508,TM716508
TF116509,TM716509
TF116510,TM716510
TF116511,TM716511
TF116512,TM716512
TF116513,TM716513
TF116514,TM716514
TF116515,TM716515
TF116516,TM716516
TF116517,TM716517
TF116518,TM716518
TF116519,TM716519
TF116520,TM716520
TF116521,TM716521
TF116522,TM716522
TF116523,TM716523
TF116524,TM716524
TF116525,TM716525
TF116526,TM716526
TF116527,TM716527
TF116528,TM716528
TF116529,TM716529
TF116530,TM716530
TF116531,TM716531
TF116532,TM716532
TF116533,TM716533
TF116534,TM716534
TF116535,TM716535
TF116536,TM716536
TF116537,TM716537
TF116538,TM716538
TF116539,TM716539
TF116540,TM716540
TF116541,TM716541
TF116542,TM716542
TF116543,TM716543
TF116544,TM716544
TF116545,TM716545
TF116546,TM716546
TF116547,TM716547
TF116548,TM716548
TF116549,TM716549
TF116550,TM716550
TF116551,TM716551
TF116552,TM716552
TF116553,TM716553
TF116554,TM716554
TF116555,TM716555
TF116556,TM716556
TF116557,TM716557
TF116558,TM716558
TF116559,TM716559
TF116560,TM716560
TF116561,TM716561
TF116562,TM716562
TF116563,TM716563
TF116564,TM716564
TF116565,TM716565
TF116566,TM716566
TF116567,TM716567
TF116568,TM716568
TF116569,TM716569
TF116570,TM716570
TF116571,TM716571
TF116572,TM716572
TF116573,TM716573
TF116574,TM716574
TF116575,TM716575
TF116576,TM716576
TF116577,TM716577
TF116578,TM716578
TF116579,TM716579
TF116580,TM716580
TF116581,TM716581
TF116582,TM716582
TF116583,TM716583
TF116584,TM716584
TF116585,TM716585
TF116586,TM716586
TF116587,TM716587
TF116588,TM716588
TF116589,TM716589
TF116590,TM716590
TF116591,TM716591
TF116592,TM716592
TF116593,TM716593
TF116594,TM716594
TF116595,TM716595
TF116596,TM716596
TF116597,TM716597
TF116598,TM716598
TF116599,TM716599
TF116600,TM716600
TF116601,TM716601
TF116602,TM716602
TF116603,TM716603
TF116604,TM716604
TF116605,TM716605
TF116606,TM716606
TF116607,TM716607
TF116608,TM716608
TF116609,TM716609
TF116610,TM716610
TF116611,TM716611
TF116612,TM716612
TF116613,TM716613
TF116614,TM716614
TF116615,TM716615
TF116616,TM716616
TF116617,TM716617
TF116618,TM716618
TF116619,TM716619
TF116620,TM716620
TF116621,TM716621
TF116622,TM716622
TF116623,TM716623
TF116624,TM716624
TF116625,TM716625
TF116626,TM716626
TF116627,TM716627
TF116628,TM716628
TF116629,TM716629
TF116630,TM716630
TF116631,TM716631
TF116632,TM716632
TF116633,TM716633
TF116634,TM716634
TF116635,TM716635
TF116636,TM716636
TF116637,TM716637
TF116638,TM716638
TF116639,TM716639
TF116640,TM716640
TF116641,TM716641
TF116642,TM716642
TF116643,TM716643
TF116644,TM716644
TF116645,TM716645
TF116646,TM716646
TF116647,TM716647
TF116648,TM716648
TF116649,TM716649
TF116650,TM716650
TF116651,TM716651
TF116652,TM716652
TF116653,TM716653
TF116654,TM716654
TF116655,TM716655
TF116656,TM716656
TF116657,TM716657
TF116658,TM716658
TF116659,TM716659
TF116660,TM716660
TF116661,TM716661
TF116662,TM716662
TF116663,TM716663
TF116664,TM716664
TF116665,TM716665
TF116666,TM716666
TF116667,TM716667
TF116668,TM716668
TF116669,TM716669
TF116670,TM716670
TF116671,TM716671
TF116672,TM716672
TF116673,TM716673
TF116674,TM716674
TF116675,TM716675
TF116676,TM716676
TF116677,TM716677
TF116678,TM716678
TF116679,TM716679
TF116680,TM716680
TF116681,TM716681
TF116682,TM716682
TF116683,TM716683
TF116684,TM716684
TF116685,TM716685
TF116686,TM716686
TF116687,TM716687
TF116688,TM716688
TF116689,TM716689
TF116690,TM716690
TF116691,TM716691
TF116692,TM716692
TF116693,TM716693
TF116694,TM716694
TF116695,TM716695
TF116696,TM716696
TF116697,TM716697
TF116698,TM716698
TF116699,TM716699
TF116700,TM716700
TF116701,TM716701
TF116702,TM716702
TF116703,TM716703
TF116704,TM716704
TF116705,TM716705
TF116706,TM716706
TF116707,TM716707
TF116708,TM716708
TF116709,TM716709
TF116710,TM716710
TF116711,TM716711
TF116712,TM716712
TF116713,TM716713
TF116714,TM716714
TF116715,TM716715
TF116716,TM716716
TF116717,TM716717
TF116718,TM716718
TF116719,TM716719
TF116720,TM716720
TF116721,TM716721
TF116722,TM716722
TF116723,TM716723
TF116724,TM716724
TF116725,TM716725
TF116726,TM716726
TF116727,TM716727
TF116728,TM716728
TF116729,TM716729
TF116730,TM716730
TF116731,TM716731
TF116732,TM716732
TF116733,TM716733
TF116734,TM716734
TF116735,TM716735
TF116736,TM716736
TF116737,TM716737
TF116738,TM716738
TF116739,TM716739
TF116740,TM716740
TF116741,TM716741
TF116742,TM716742
TF116743,TM716743
TF116744,TM716744
TF116745,TM716745
TF116746,TM716746
TF116747,TM716747
TF116748,TM716748
TF116749,TM716749
TF116750,TM716750
TF116751,TM716751
TF116752,TM716752
TF116753,TM716753
TF116754,TM716754
TF116755,TM716755
TF116756,TM716756
TF116757,TM716757
TF116758,TM716758
TF116759,TM716759
TF116760,TM716760
TF116761,TM716761
TF116762,TM716762
TF116763,TM716763
TF116764,TM716764
TF116765,TM716765
TF116766,TM716766
TF116767,TM716767
TF116768,TM716768
TF116769,TM716769
TF116770,TM716770
TF116771,TM716771
TF116772,TM716772
TF116773,TM716773
TF116774,TM716774
TF116775,TM716775
TF116776,TM716776
TF116777,TM716777
TF116778,TM716778
TF116779,TM716779
TF116780,TM716780
TF116781,TM716781
TF116782,TM716782
TF116783,TM716783
TF116784,TM716784
TF116785,TM716785
TF116786,TM716786
TF116787,TM716787
TF116788,TM716788
TF116789,TM716789
TF116790,TM716790
TF116791,TM716791
TF116792,TM716792
TF116793,TM716793
TF116794,TM716794
TF116795,TM716795
TF116796,TM716796
TF116797,TM716797
TF116798,TM716798
TF116799,TM716799
TF116800,TM716800
TF116801,TM716801
TF116802,TM716802
TF116803,TM716803
TF116804,TM716804
TF116805,TM716805
TF116806,TM716806
TF116807,TM716807
TF116808,TM716808
TF116809,TM716809
TF116810,TM716810
TF116811,TM716811
TF116812,TM716812
TF116813,TM716813
TF116814,TM716814
TF116815,TM716815
TF116816,TM716816
TF116817,TM716817
TF116818,TM716818
TF116819,TM716819
TF116820,TM716820
TF116821,TM716821
TF116822,TM716822
TF116823,TM716823
TF116824,TM716824
TF116825,TM716825
TF116826,TM716826
TF116827,TM716827
TF116828,TM716828
TF116829,TM716829
TF116830,TM716830
TF116831,TM716831
TF116832,TM716832
TF116833,TM716833
TF116834,TM716834
TF116835,TM716835
TF116836,TM716836
TF116837,TM716837
TF116838,TM716838
TF116839,TM716839
TF116840,TM716840
TF116841,TM716841
TF116842,TM716842
TF116843,TM716843
TF116844,TM716844
TF116845,TM716845
TF116846,TM716846
TF116847,TM716847
TF116848,TM716848
TF116849,TM716849
TF116850,TM716850
TF116851,TM716851
TF116852,TM716852
TF116853,TM716853
TF116854,TM716854
TF116855,TM716855
TF116856,TM716856
TF116857,TM716857
TF116858,TM716858
TF116859,TM716859
TF116860,TM716860
TF116861,TM716861
TF116862,TM716862
TF116863,TM716863
TF116864,TM716864
TF116865,TM716865
TF116866,TM716866
TF116867,TM716867
TF116868,TM716868
TF116869,TM716869
TF116870,TM716870
TF116871,TM716871
TF116872,TM716872
TF116873,TM716873
TF116874,TM716874
TF116875,TM716875
TF116876,TM716876
TF116877,TM716877
TF116878,TM716878
TF116879,TM716879
TF116880,TM716880
TF116881,TM716881
TF116882,TM716882
TF116883,TM716883
TF116884,TM716884
TF116885,TM716885
TF116886,TM716886
TF116887,TM716887
TF116888,TM716888
TF116889,TM716889
TF116890,TM716890
TF116891,TM716891
TF116892,TM716892
TF116893,TM716893
TF116894,TM716894
TF116895,TM716895
TF116896,TM716896
TF116897,TM716897
TF116898,TM716898
TF116899,TM716899
TF116900,TM716900
TF116901,TM716901
TF116902,TM716902
TF116903,TM716903
TF116904,TM716904
TF116905,TM716905
TF116906,TM716906
TF116907,TM716907
TF116908,TM716908
TF116909,TM716909
TF116910,TM716910
TF116911,TM716911
TF116912,TM716912
TF116913,TM716913
TF116914,TM716914
TF116915,TM716915
TF116916,TM716916
TF116917,TM716917
TF116918,TM716918
TF116919,TM716919
TF116920,TM716920
TF116921,TM716921
TF116922,TM716922
TF116923,TM716923
TF116924,TM716924
TF116925,TM716925
TF116926,TM716926
TF116927,TM716927
TF116928,TM716928
TF116929,TM716929
TF116930,TM716930
TF116931,TM716931
TF116932,TM716932
TF116933,TM716933
TF116934,TM716934
TF116935,TM716935
TF116936,TM716936
TF116937,TM716937
TF116938,TM716938
TF116939,TM716939
TF116940,TM716940
TF116941,TM716941
TF116942,TM716942
TF116943,TM716943
TF116944,TM716944
TF116945,TM716945
TF116946,TM716946
TF116947,TM716947
TF116948,TM716948
TF116949,TM716949
TF116950,TM716950
TF116951,TM716951
TF116952,TM716952
TF116953,TM716953
TF116954,TM716954
TF116955,TM716955
TF116956,TM716956
TF116957,TM716957
TF116958,TM716958
TF116959,TM716959
TF116960,TM716960
TF116961,TM716961
TF116962,TM716962
TF116963,TM716963
TF116964,TM716964
TF116965,TM716965
TF116966,TM716966
TF116967,TM716967
TF116968,TM716968
TF116969,TM716969
TF116970,TM716970
TF116971,TM716971
TF116972,TM716972
TF116973,TM716973
TF116974,TM716974
TF116975,TM716975
TF116976,TM716976
TF116977,TM716977
TF116978,TM716978
TF116979,TM716979
TF116980,TM716980
TF116981,TM716981
TF116982,TM716982
TF116983,TM716983
TF116984,TM716984
TF116985,TM716985
TF116986,TM716986
TF116987,TM716987
TF116988,TM716988
TF116989,TM716989
TF116990,TM716990
TF116991,TM716991
TF116992,TM716992
TF116993,TM716993
TF116994,TM716994
TF116995,TM716995
TF116996,TM716996
TF116997,TM716997
TF116998,TM716998
TF116999,TM716999
TF117000,TM717000
TF117001,TM717001
TF117002,TM717002
TF117003,TM717003
TF117004,TM717004
TF117005,TM717005
TF117006,TM717006
TF117007,TM717007
TF117008,TM717008
TF117009,TM717009
TF117010,TM717010
TF117011,TM717011
TF117012,TM717012
TF117013,TM717013
TF117014,TM717014
TF117015,TM717015
TF117016,TM717016
TF117017,TM717017
TF117018,TM717018
TF117019,TM717019
TF117020,TM717020
TF117021,TM717021
TF117022,TM717022
TF117023,TM717023
TF117024,TM717024
TF117025,TM717025
TF117026,TM717026
TF117027,TM717027
TF117028,TM717028
TF117029,TM717029
TF117030,TM717030
TF117031,TM717031
TF117032,TM717032
TF117033,TM717033
TF117034,TM717034
TF117035,TM717035
TF117036,TM717036
TF117037,TM717037
TF117038,TM717038
TF117039,TM717039
TF117040,TM717040
TF117041,TM717041
TF117042,TM717042
TF117043,TM717043
TF117044,TM717044
TF117045,TM717045
TF117046,TM717046
TF117047,TM717047
TF117048,TM717048
TF117049,TM717049
TF117050,TM717050
TF117051,TM717051
TF117052,TM717052
TF117053,TM717053
TF117054,TM717054
TF117055,TM717055
TF117056,TM717056
TF117057,TM717057
TF117058,TM717058
TF117059,TM717059
TF117060,TM717060
TF117061,TM717061
TF117062,TM717062
TF117063,TM717063
TF117064,TM717064
TF117065,TM717065
TF117066,TM717066
TF117067,TM717067
TF117068,TM717068
TF117069,TM717069
TF117070,TM717070
TF117071,TM717071
TF117072,TM717072
TF117073,TM717073
TF117074,TM717074
TF117075,TM717075
TF117076,TM717076
TF117077,TM717077
TF117078,TM717078
TF117079,TM717079
TF117080,TM717080
TF117081,TM717081
TF117082,TM717082
TF117083,TM717083
TF117084,TM717084
TF117085,TM717085
TF117086,TM717086
TF117087,TM717087
TF117088,TM717088
TF117089,TM717089
TF117090,TM717090
TF117091,TM717091
TF117092,TM717092
TF117093,TM717093
TF117094,TM717094
TF117095,TM717095
TF117096,TM717096
TF117097,TM717097
TF117098,TM717098
TF117099,TM717099
TF117100,TM717100
TF117101,TM717101
TF117102,TM717102
TF117103,TM717103
TF117104,TM717104
TF117105,TM717105
TF117106,TM717106
TF117107,TM717107
TF117108,TM717108
TF117109,TM717109
TF117110,TM717110
TF117111,TM717111
TF117112,TM717112
TF117113,TM717113
TF117114,TM717114
TF117115,TM717115
TF117116,TM717116
TF117117,TM717117
TF117118,TM717118
TF117119,TM717119
TF117120,TM717120
TF117121,TM717121
TF117122,TM717122
TF117123,TM717123
TF117124,TM717124
TF117125,TM717125
TF117126,TM717126
TF117127,TM717127
TF117128,TM717128
TF117129,TM717129
TF117130,TM717130
TF117131,TM717131
TF117132,TM717132
TF117133,TM717133
TF117134,TM717134
TF117135,TM717135
TF117136,TM717136
TF117137,TM717137
TF117138,TM717138
TF117139,TM717139
TF117140,TM717140
TF117141,TM717141
TF117142,TM717142
TF117143,TM717143
TF117144,TM717144
TF117145,TM717145
TF117146,TM717146
TF117147,TM717147
TF117148,TM717148
TF117149,TM717149
TF117150,TM717150
TF117151,TM717151
TF117152,TM717152
TF117153,TM717153
TF117154,TM717154
TF117155,TM717155
TF117156,TM717156
TF117157,TM717157
TF117158,TM717158
TF117159,TM717159
TF117160,TM717160
TF117161,TM717161
TF117162,TM717162
TF117163,TM717163
TF117164,TM717164
TF117165,TM717165
TF117166,TM717166
TF117167,TM717167
TF117168,TM717168
TF117169,TM717169
TF117170,TM717170
TF117171,TM717171
TF117172,TM717172
TF117173,TM717173
TF117174,TM717174
TF117175,TM717175
TF117176,TM717176
TF117177,TM717177
TF117178,TM717178
TF117179,TM717179
TF117180,TM717180
TF117181,TM717181
TF117182,TM717182
TF117183,TM717183
TF117184,TM717184
TF117185,TM717185
TF117186,TM717186
TF117187,TM717187
TF117188,TM717188
TF117189,TM717189
TF117190,TM717190
TF117191,TM717191
TF117192,TM717192
TF117193,TM717193
TF117194,TM717194
TF117195,TM717195
TF117196,TM717196
TF117197,TM717197
TF117198,TM717198
TF117199,TM717199
TF117200,TM717200
TF117201,TM717201
TF117202,TM717202
TF117203,TM717203
TF117204,TM717204
TF117205,TM717205
TF117206,TM717206
TF117207,TM717207
TF117208,TM717208
TF117209,TM717209
TF117210,TM717210
TF117211,TM717211
TF117212,TM717212
TF117213,TM717213
TF117214,TM717214
TF117215,TM717215
TF117216,TM717216
TF117217,TM717217
TF117218,TM717218
TF117219,TM717219
TF117220,TM717220
TF117221,TM717221
TF117222,TM717222
TF117223,TM717223
TF117224,TM717224
TF117225,TM717225
TF117226,TM717226
TF117227,TM717227
TF117228,TM717228
TF117229,TM717229
TF117230,TM717230
TF117231,TM717231
TF117232,TM717232
TF117233,TM717233
TF117234,TM717234
TF117235,TM717235
TF117236,TM717236
TF117237,TM717237
TF117238,TM717238
TF117239,TM717239
TF117240,TM717240
TF117241,TM717241
TF117242,TM717242
TF117243,TM717243
TF117244,TM717244
TF117245,TM717245
TF117246,TM717246
TF117247,TM717247
TF117248,TM717248
TF117249,TM717249
TF117250,TM717250
TF117251,TM717251
TF117252,TM717252
TF117253,TM717253
TF117254,TM717254
TF117255,TM717255
TF117256,TM717256
TF117257,TM717257
TF117258,TM717258
TF117259,TM717259
TF117260,TM717260
TF117261,TM717261
TF117262,TM717262
TF117263,TM717263
TF117264,TM717264
TF117265,TM717265
TF117266,TM717266
TF117267,TM717267
TF117268,TM717268
TF117269,TM717269
TF117270,TM717270
TF117271,TM717271
TF117272,TM717272
TF117273,TM717273
TF117274,TM717274
TF117275,TM717275
TF117276,TM717276
TF117277,TM717277
TF117278,TM717278
TF117279,TM717279
TF117280,TM717280
TF117281,TM717281
TF117282,TM717282
TF117283,TM717283
TF117284,TM717284
TF117285,TM717285
TF117286,TM717286
TF117287,TM717287
TF117288,TM717288
TF117289,TM717289
TF117290,TM717290
TF117291,TM717291
TF117292,TM717292
TF117293,TM717293
TF117294,TM717294
TF117295,TM717295
TF117296,TM717296
TF117297,TM717297
TF117298,TM717298
TF117299,TM717299
TF117300,TM717300
TF117301,TM717301
TF117302,TM717302
TF117303,TM717303
TF117304,TM717304
TF117305,TM717305
TF117306,TM717306
TF117307,TM717307
TF117308,TM717308
TF117309,TM717309
TF117310,TM717310
TF117311,TM717311
TF117312,TM717312
TF117313,TM717313
TF117314,TM717314
TF117315,TM717315
TF117316,TM717316
TF117317,TM717317
TF117318,TM717318
TF117319,TM717319
TF117320,TM717320
TF117321,TM717321
TF117322,TM717322
TF117323,TM717323
TF117324,TM717324
TF117325,TM717325
TF117326,TM717326
TF117327,TM717327
TF117328,TM717328
TF117329,TM717329
TF117330,TM717330
TF117331,TM717331
TF117332,TM717332
TF117333,TM717333
TF117334,TM717334
TF117335,TM717335
TF117336,TM717336
TF117337,TM717337
TF117338,TM717338
TF117339,TM717339
TF117340,TM717340
TF117341,TM717341
TF117342,TM717342
TF117343,TM717343
TF117344,TM717344
TF117345,TM717345
TF117346,TM717346
TF117347,TM717347
TF117348,TM717348
TF117349,TM717349
TF117350,TM717350
TF117351,TM717351
TF117352,TM717352
TF117353,TM717353
TF117354,TM717354
TF117355,TM717355
TF117356,TM717356
TF117357,TM717357
TF117358,TM717358
TF117359,TM717359
TF117360,TM717360
TF117361,TM717361
TF117362,TM717362
TF117363,TM717363
TF117364,TM717364
TF117365,TM717365
TF117366,TM717366
TF117367,TM717367
TF117368,TM717368
TF117369,TM717369
TF117370,TM717370
TF117371,TM717371
TF117372,TM717372
TF117373,TM717373
TF117374,TM717374
TF117375,TM717375
TF117376,TM717376
TF117377,TM717377
TF117378,TM717378
TF117379,TM717379
TF117380,TM717380
TF117381,TM717381
TF117382,TM717382
TF117383,TM717383
TF117384,TM717384
TF117385,TM717385
TF117386,TM717386
TF117387,TM717387
TF117388,TM717388
TF117389,TM717389
TF117390,TM717390
TF117391,TM717391
TF117392,TM717392
TF117393,TM717393
TF117394,TM717394
TF117395,TM717395
TF117396,TM717396
TF117397,TM717397
TF117398,TM717398
TF117399,TM717399
TF117400,TM717400
TF117401,TM717401
TF117402,TM717402
TF117403,TM717403
TF117404,TM717404
TF117405,TM717405
TF117406,TM717406
TF117407,TM717407
TF117408,TM717408
TF117409,TM717409
TF117410,TM717410
TF117411,TM717411
TF117412,TM717412
TF117413,TM717413
TF117414,TM717414
TF117415,TM717415
TF117416,TM717416
TF117417,TM717417
TF117418,TM717418
TF117419,TM717419
TF117420,TM717420
TF117421,TM717421
TF117422,TM717422
TF117423,TM717423
TF117424,TM717424
TF117425,TM717425
TF117426,TM717426
TF117427,TM717427
TF117428,TM717428
TF117429,TM717429
TF117430,TM717430
TF117431,TM717431
TF117432,TM717432
TF117433,TM717433
TF117434,TM717434
TF117435,TM717435
TF117436,TM717436
TF117437,TM717437
TF117438,TM717438
TF117439,TM717439
TF117440,TM717440
TF117441,TM717441
TF117442,TM717442
TF117443,TM717443
TF117444,TM717444
TF117445,TM717445
TF117446,TM717446
TF117447,TM717447
TF117448,TM717448
TF117449,TM717449
TF117450,TM717450
TF117451,TM717451
TF117452,TM717452
TF117453,TM717453
TF117454,TM717454
TF117455,TM717455
TF117456,TM717456
TF117457,TM717457
TF117458,TM717458
TF117459,TM717459
TF117460,TM717460
TF117461,TM717461
TF117462,TM717462
TF117463,TM717463
TF117464,TM717464
TF117465,TM717465
TF117466,TM717466
TF117467,TM717467
TF117468,TM717468
TF117469,TM717469
TF117470,TM717470
TF117471,TM717471
TF117472,TM717472
TF117473,TM717473
TF117474,TM717474
TF117475,TM717475
TF117476,TM717476
TF117477,TM717477
TF117478,TM717478
TF117479,TM717479
TF117480,TM717480
TF117481,TM717481
TF117482,TM717482
TF117483,TM717483
TF117484,TM717484
TF117485,TM717485
TF117486,TM717486
TF117487,TM717487
TF117488,TM717488
TF117489,TM717489
TF117490,TM717490
TF117491,TM717491
TF117492,TM717492
TF117493,TM717493
TF117494,TM717494
TF117495,TM717495
TF117496,TM717496
TF117497,TM717497
TF117498,TM717498
TF117499,TM717499
TF117500,TM717500
TF117501,TM717501
TF117502,TM717502
TF117503,TM717503
TF117504,TM717504
TF117505,TM717505
TF117506,TM717506
TF117507,TM717507
TF117508,TM717508
TF117509,TM717509
TF117510,TM717510
TF117511,TM717511
TF117512,TM717512
TF117513,TM717513
TF117514,TM717514
TF117515,TM717515
TF117516,TM717516
TF117517,TM717517
TF117518,TM717518
TF117519,TM717519
TF117520,TM717520
TF117521,TM717521
TF117522,TM717522
TF117523,TM717523
TF117524,TM717524
TF117525,TM717525
TF117526,TM717526
TF117527,TM717527
TF117528,TM717528
TF117529,TM717529
TF117530,TM717530
TF117531,TM717531
TF117532,TM717532
TF117533,TM717533
TF117534,TM717534
TF117535,TM717535
TF117536,TM717536
TF117537,TM717537
TF117538,TM717538
TF117539,TM717539
TF117540,TM717540
TF117541,TM717541
TF117542,TM717542
TF117543,TM717543
TF117544,TM717544
TF117545,TM717545
TF117546,TM717546
TF117547,TM717547
TF117548,TM717548
TF117549,TM717549
TF117550,TM717550
TF117551,TM717551
TF117552,TM717552
TF117553,TM717553
TF117554,TM717554
TF117555,TM717555
TF117556,TM717556
TF117557,TM717557
TF117558,TM717558
TF117559,TM717559
TF117560,TM717560
TF117561,TM717561
TF117562,TM717562
TF117563,TM717563
TF117564,TM717564
TF117565,TM717565
TF117566,TM717566
TF117567,TM717567
TF117568,TM717568
TF117569,TM717569
TF117570,TM717570
TF117571,TM717571
TF117572,TM717572
TF117573,TM717573
TF117574,TM717574
TF117575,TM717575
TF117576,TM717576
TF117577,TM717577
TF117578,TM717578
TF117579,TM717579
TF117580,TM717580
TF117581,TM717581
TF117582,TM717582
TF117583,TM717583
TF117584,TM717584
TF117585,TM717585
TF117586,TM717586
TF117587,TM717587
TF117588,TM717588
TF117589,TM717589
TF117590,TM717590
TF117591,TM717591
TF117592,TM717592
TF117593,TM717593
TF117594,TM717594
TF117595,TM717595
TF117596,TM717596
TF117597,TM717597
TF117598,TM717598
TF117599,TM717599
TF117600,TM717600
TF117601,TM717601
TF117602,TM717602
TF117603,TM717603
TF117604,TM717604
TF117605,TM717605
TF117606,TM717606
TF117607,TM717607
TF117608,TM717608
TF117609,TM717609
TF117610,TM717610
TF117611,TM717611
TF117612,TM717612
TF117613,TM717613
TF117614,TM717614
TF117615,TM717615
TF117616,TM717616
TF117617,TM717617
TF117618,TM717618
TF117619,TM717619
TF117620,TM717620
TF117621,TM717621
TF117622,TM717622
TF117623,TM717623
TF117624,TM717624
TF117625,TM717625
TF117626,TM717626
TF117627,TM717627
TF117628,TM717628
TF117629,TM717629
TF117630,TM717630
TF117631,TM717631
TF117632,TM717632
TF117633,TM717633
TF117634,TM717634
TF117635,TM717635
TF117636,TM717636
TF117637,TM717637
TF117638,TM717638
TF117639,TM717639
TF117640,TM717640
TF117641,TM717641
TF117642,TM717642
TF117643,TM717643
TF117644,TM717644
TF117645,TM717645
TF117646,TM717646
TF117647,TM717647
TF117648,TM717648
TF117649,TM717649
TF117650,TM717650
TF117651,TM717651
TF117652,TM717652
TF117653,TM717653
TF117654,TM717654
TF117655,TM717655
TF117656,TM717656
TF117657,TM717657
TF117658,TM717658
TF117659,TM717659
TF117660,TM717660
TF117661,TM717661
TF117662,TM717662
TF117663,TM717663
TF117664,TM717664
TF117665,TM717665
TF117666,TM717666
TF117667,TM717667
TF117668,TM717668
TF117669,TM717669
TF117670,TM717670
TF117671,TM717671
TF117672,TM717672
TF117673,TM717673
TF117674,TM717674
TF117675,TM717675
TF117676,TM717676
TF117677,TM717677
TF117678,TM717678
TF117679,TM717679
TF117680,TM717680
TF117681,TM717681
TF117682,TM717682
TF117683,TM717683
TF117684,TM717684
TF117685,TM717685
TF117686,TM717686
TF117687,TM717687
TF117688,TM717688
TF117689,TM717689
TF117690,TM717690
TF117691,TM717691
TF117692,TM717692
TF117693,TM717693
TF117694,TM717694
TF117695,TM717695
TF117696,TM717696
TF117697,TM717697
TF117698,TM717698
TF117699,TM717699
TF117700,TM717700
TF117701,TM717701
TF117702,TM717702
TF117703,TM717703
TF117704,TM717704
TF117705,TM717705
TF117706,TM717706
TF117707,TM717707
TF117708,TM717708
TF117709,TM717709
TF117710,TM717710
TF117711,TM717711
TF117712,TM717712
TF117713,TM717713
TF117714,TM717714
TF117715,TM717715
TF117716,TM717716
TF117717,TM717717
TF117718,TM717718
TF117719,TM717719
TF117720,TM717720
TF117721,TM717721
TF117722,TM717722
TF117723,TM717723
TF117724,TM717724
TF117725,TM717725
TF117726,TM717726
TF117727,TM717727
TF117728,TM717728
TF117729,TM717729
TF117730,TM717730
TF117731,TM717731
TF117732,TM717732
TF117733,TM717733
TF117734,TM717734
TF117735,TM717735
TF117736,TM717736
TF117737,TM717737
TF117738,TM717738
TF117739,TM717739
TF117740,TM717740
TF117741,TM717741
TF117742,TM717742
TF117743,TM717743
TF117744,TM717744
TF117745,TM717745
TF117746,TM717746
TF117747,TM717747
TF117748,TM717748
TF117749,TM717749
TF117750,TM717750
TF117751,TM717751
TF117752,TM717752
TF117753,TM717753
TF117754,TM717754
TF117755,TM717755
TF117756,TM717756
TF117757,TM717757
TF117758,TM717758
TF117759,TM717759
TF117760,TM717760
TF117761,TM717761
TF117762,TM717762
TF117763,TM717763
TF117764,TM717764
TF117765,TM717765
TF117766,TM717766
TF117767,TM717767
TF117768,TM717768
TF117769,TM717769
TF117770,TM717770
TF117771,TM717771
TF117772,TM717772
TF117773,TM717773
TF117774,TM717774
TF117775,TM717775
TF117776,TM717776
TF117777,TM717777
TF117778,TM717778
TF117779,TM717779
TF117780,TM717780
TF117781,TM717781
TF117782,TM717782
TF117783,TM717783
TF117784,TM717784
TF117785,TM717785
TF117786,TM717786
TF117787,TM717787
TF117788,TM717788
TF117789,TM717789
TF117790,TM717790
TF117791,TM717791
TF117792,TM717792
TF117793,TM717793
TF117794,TM717794
TF117795,TM717795
TF117796,TM717796
TF117797,TM717797
TF117798,TM717798
TF117799,TM717799
TF117800,TM717800
TF117801,TM717801
TF117802,TM717802
TF117803,TM717803
TF117804,TM717804
TF117805,TM717805
TF117806,TM717806
TF117807,TM717807
TF117808,TM717808
TF117809,TM717809
TF117810,TM717810
TF117811,TM717811
TF117812,TM717812
TF117813,TM717813
TF117814,TM717814
TF117815,TM717815
TF117816,TM717816
TF117817,TM717817
TF117818,TM717818
TF117819,TM717819
TF117820,TM717820
TF117821,TM717821
TF117822,TM717822
TF117823,TM717823
TF117824,TM717824
TF117825,TM717825
TF117826,TM717826
TF117827,TM717827
TF117828,TM717828
TF117829,TM717829
TF117830,TM717830
TF117831,TM717831
TF117832,TM717832
TF117833,TM717833
TF117834,TM717834
TF117835,TM717835
TF117836,TM717836
TF117837,TM717837
TF117838,TM717838
TF117839,TM717839
TF117840,TM717840
TF117841,TM717841
TF117842,TM717842
TF117843,TM717843
TF117844,TM717844
TF117845,TM717845
TF117846,TM717846
TF117847,TM717847
TF117848,TM717848
TF117849,TM717849
TF117850,TM717850
TF117851,TM717851
TF117852,TM717852
TF117853,TM717853
TF117854,TM717854
TF117855,TM717855
TF117856,TM717856
TF117857,TM717857
TF117858,TM717858
TF117859,TM717859
TF117860,TM717860
TF117861,TM717861
TF117862,TM717862
TF117863,TM717863
TF117864,TM717864
TF117865,TM717865
TF117866,TM717866
TF117867,TM717867
TF117868,TM717868
TF117869,TM717869
TF117870,TM717870
TF117871,TM717871
TF117872,TM717872
TF117873,TM717873
TF117874,TM717874
TF117875,TM717875
TF117876,TM717876
TF117877,TM717877
TF117878,TM717878
TF117879,TM717879
TF117880,TM717880
TF117881,TM717881
TF117882,TM717882
TF117883,TM717883
TF117884,TM717884
TF117885,TM717885
TF117886,TM717886
TF117887,TM717887
TF117888,TM717888
TF117889,TM717889
TF117890,TM717890
TF117891,TM717891
TF117892,TM717892
TF117893,TM717893
TF117894,TM717894
TF117895,TM717895
TF117896,TM717896
TF117897,TM717897
TF117898,TM717898
TF117899,TM717899
TF117900,TM717900
TF117901,TM717901
TF117902,TM717902
TF117903,TM717903
TF117904,TM717904
TF117905,TM717905
TF117906,TM717906
TF117907,TM717907
TF117908,TM717908
TF117909,TM717909
TF117910,TM717910
TF117911,TM717911
TF117912,TM717912
TF117913,TM717913
TF117914,TM717914
TF117915,TM717915
TF117916,TM717916
TF117917,TM717917
TF117918,TM717918
TF117919,TM717919
TF117920,TM717920
TF117921,TM717921
TF117922,TM717922
TF117923,TM717923
TF117924,TM717924
TF117925,TM717925
TF117926,TM717926
TF117927,TM717927
TF117928,TM717928
TF117929,TM717929
TF117930,TM717930
TF117931,TM717931
TF117932,TM717932
TF117933,TM717933
TF117934,TM717934
TF117935,TM717935
TF117936,TM717936
TF117937,TM717937
TF117938,TM717938
TF117939,TM717939
TF117940,TM717940
TF117941,TM717941
TF117942,TM717942
TF117943,TM717943
TF117944,TM717944
TF117945,TM717945
TF117946,TM717946
TF117947,TM717947
TF117948,TM717948
TF117949,TM717949
TF117950,TM717950
TF117951,TM717951
TF117952,TM717952
TF117953,TM717953
TF117954,TM717954
TF117955,TM717955
TF117956,TM717956
TF117957,TM717957
TF117958,TM717958
TF117959,TM717959
TF117960,TM717960
TF117961,TM717961
TF117962,TM717962
TF117963,TM717963
TF117964,TM717964
TF117965,TM717965
TF117966,TM717966
TF117967,TM717967
TF117968,TM717968
TF117969,TM717969
TF117970,TM717970
TF117971,TM717971
TF117972,TM717972
TF117973,TM717973
TF117974,TM717974
TF117975,TM717975
TF117976,TM717976
TF117977,TM717977
TF117978,TM717978
TF117979,TM717979
TF117980,TM717980
TF117981,TM717981
TF117982,TM717982
TF117983,TM717983
TF117984,TM717984
TF117985,TM717985
TF117986,TM717986
TF117987,TM717987
TF117988,TM717988
TF117989,TM717989
TF117990,TM717990
TF117991,TM717991
TF117992,TM717992
TF117993,TM717993
TF117994,TM717994
TF117995,TM717995
TF117996,TM717996
TF117997,TM717997
TF117998,TM717998
TF117999,TM717999
TF118000,TM718000
TF118001,TM718001
TF118002,TM718002
TF118003,TM718003
TF118004,TM718004
TF118005,TM718005
TF118006,TM718006
TF118007,TM718007
TF118008,TM718008
TF118009,TM718009
TF118010,TM718010
TF118011,TM718011
TF118012,TM718012
TF118013,TM718013
TF118014,TM718014
TF118015,TM718015
TF118016,TM718016
TF118017,TM718017
TF118018,TM718018
TF118019,TM718019
TF118020,TM718020
TF118021,TM718021
TF118022,TM718022
TF118023,TM718023
TF118024,TM718024
TF118025,TM718025
TF118026,TM718026
TF118027,TM718027
TF118028,TM718028
TF118029,TM718029
TF118030,TM718030
TF118031,TM718031
TF118032,TM718032
TF118033,TM718033
TF118034,TM718034
TF118035,TM718035
TF118036,TM718036
TF118037,TM718037
TF118038,TM718038
TF118039,TM718039
TF118040,TM718040
TF118041,TM718041
TF118042,TM718042
TF118043,TM718043
TF118044,TM718044
TF118045,TM718045
TF118046,TM718046
TF118047,TM718047
TF118048,TM718048
TF118049,TM718049
TF118050,TM718050
TF118051,TM718051
TF118052,TM718052
TF118053,TM718053
TF118054,TM718054
TF118055,TM718055
TF118056,TM718056
TF118057,TM718057
TF118058,TM718058
TF118059,TM718059
TF118060,TM718060
TF118061,TM718061
TF118062,TM718062
TF118063,TM718063
TF118064,TM718064
TF118065,TM718065
TF118066,TM718066
TF118067,TM718067
TF118068,TM718068
TF118069,TM718069
TF118070,TM718070
TF118071,TM718071
TF118072,TM718072
TF118073,TM718073
TF118074,TM718074
TF118075,TM718075
TF118076,TM718076
TF118077,TM718077
TF118078,TM718078
TF118079,TM718079
TF118080,TM718080
TF118081,TM718081
TF118082,TM718082
TF118083,TM718083
TF118084,TM718084
TF118085,TM718085
TF118086,TM718086
TF118087,TM718087
TF118088,TM718088
TF118089,TM718089
TF118090,TM718090
TF118091,TM718091
TF118092,TM718092
TF118093,TM718093
TF118094,TM718094
TF118095,TM718095
TF118096,TM718096
TF118097,TM718097
TF118098,TM718098
TF118099,TM718099
TF118100,TM718100
TF118101,TM718101
TF118102,TM718102
TF118103,TM718103
TF118104,TM718104
TF118105,TM718105
TF118106,TM718106
TF118107,TM718107
TF118108,TM718108
TF118109,TM718109
TF118110,TM718110
TF118111,TM718111
TF118112,TM718112
TF118113,TM718113
TF118114,TM718114
TF118115,TM718115
TF118116,TM718116
TF118117,TM718117
TF118118,TM718118
TF118119,TM718119
TF118120,TM718120
TF118121,TM718121
TF118122,TM718122
TF118123,TM718123
TF118124,TM718124
TF118125,TM718125
TF118126,TM718126
TF118127,TM718127
TF118128,TM718128
TF118129,TM718129
TF118130,TM718130
TF118131,TM718131
TF118132,TM718132
TF118133,TM718133
TF118134,TM718134
TF118135,TM718135
TF118136,TM718136
TF118137,TM718137
TF118138,TM718138
TF118139,TM718139
TF118140,TM718140
TF118141,TM718141
TF118142,TM718142
TF118143,TM718143
TF118144,TM718144
TF118145,TM718145
TF118146,TM718146
TF118147,TM718147
TF118148,TM718148
TF118149,TM718149
TF118150,TM718150
TF118151,TM718151
TF118152,TM718152
TF118153,TM718153
TF118154,TM718154
TF118155,TM718155
TF118156,TM718156
TF118157,TM718157
TF118158,TM718158
TF118159,TM718159
TF118160,TM718160
TF118161,TM718161
TF118162,TM718162
TF118163,TM718163
TF118164,TM718164
TF118165,TM718165
TF118166,TM718166
TF118167,TM718167
TF118168,TM718168
TF118169,TM718169
TF118170,TM718170
TF118171,TM718171
TF118172,TM718172
TF118173,TM718173
TF118174,TM718174
TF118175,TM718175
TF118176,TM718176
TF118177,TM718177
TF118178,TM718178
TF118179,TM718179
TF118180,TM718180
TF118181,TM718181
TF118182,TM718182
TF118183,TM718183
TF118184,TM718184
TF118185,TM718185
TF118186,TM718186
TF118187,TM718187
TF118188,TM718188
TF118189,TM718189
TF118190,TM718190
TF118191,TM718191
TF118192,TM718192
TF118193,TM718193
TF118194,TM718194
TF118195,TM718195
TF118196,TM718196
TF118197,TM718197
TF118198,TM718198
TF118199,TM718199
TF118200,TM718200
TF118201,TM718201
TF118202,TM718202
TF118203,TM718203
TF118204,TM718204
TF118205,TM718205
TF118206,TM718206
TF118207,TM718207
TF118208,TM718208
TF118209,TM718209
TF118210,TM718210
TF118211,TM718211
TF118212,TM718212
TF118213,TM718213
TF118214,TM718214
TF118215,TM718215
TF118216,TM718216
TF118217,TM718217
TF118218,TM718218
TF118219,TM718219
TF118220,TM718220
TF118221,TM718221
TF118222,TM718222
TF118223,TM718223
TF118224,TM718224
TF118225,TM718225
TF118226,TM718226
TF118227,TM718227
TF118228,TM718228
TF118229,TM718229
TF118230,TM718230
TF118231,TM718231
TF118232,TM718232
TF118233,TM718233
TF118234,TM718234
TF118235,TM718235
TF118236,TM718236
TF118237,TM718237
TF118238,TM718238
TF118239,TM718239
TF118240,TM718240
TF118241,TM718241
TF118242,TM718242
TF118243,TM718243
TF118244,TM718244
TF118245,TM718245
TF118246,TM718246
TF118247,TM718247
TF118248,TM718248
TF118249,TM718249
TF118250,TM718250
TF118251,TM718251
TF118252,TM718252
TF118253,TM718253
TF118254,TM718254
TF118255,TM718255
TF118256,TM718256
TF118257,TM718257
TF118258,TM718258
TF118259,TM718259
TF118260,TM718260
TF118261,TM718261
TF118262,TM718262
TF118263,TM718263
TF118264,TM718264
TF118265,TM718265
TF118266,TM718266
TF118267,TM718267
TF118268,TM718268
TF118269,TM718269
TF118270,TM718270
TF118271,TM718271
TF118272,TM718272
TF118273,TM718273
TF118274,TM718274
TF118275,TM718275
TF118276,TM718276
TF118277,TM718277
TF118278,TM718278
TF118279,TM718279
TF118280,TM718280
TF118281,TM718281
TF118282,TM718282
TF118283,TM718283
TF118284,TM718284
TF118285,TM718285
TF118286,TM718286
TF118287,TM718287
TF118288,TM718288
TF118289,TM718289
TF118290,TM718290
TF118291,TM718291
TF118292,TM718292
TF118293,TM718293
TF118294,TM718294
TF118295,TM718295
TF118296,TM718296
TF118297,TM718297
TF118298,TM718298
TF118299,TM718299
TF118300,TM718300
TF118301,TM718301
TF118302,TM718302
TF118303,TM718303
TF118304,TM718304
TF118305,TM718305
TF118306,TM718306
TF118307,TM718307
TF118308,TM718308
TF118309,TM718309
TF118310,TM718310
TF118311,TM718311
TF118312,TM718312
TF118313,TM718313
TF118314,TM718314
TF118315,TM718315
TF118316,TM718316
TF118317,TM718317
TF118318,TM718318
TF118319,TM718319
TF118320,TM718320
TF118321,TM718321
TF118322,TM718322
TF118323,TM718323
TF118324,TM718324
TF118325,TM718325
TF118326,TM718326
TF118327,TM718327
TF118328,TM718328
TF118329,TM718329
TF118330,TM718330
TF118331,TM718331
TF118332,TM718332
TF118333,TM718333
TF118334,TM718334
TF118335,TM718335
TF118336,TM718336
TF118337,TM718337
TF118338,TM718338
TF118339,TM718339
TF118340,TM718340
TF118341,TM718341
TF118342,TM718342
TF118343,TM718343
TF118344,TM718344
TF118345,TM718345
TF118346,TM718346
TF118347,TM718347
TF118348,TM718348
TF118349,TM718349
TF118350,TM718350
TF118351,TM718351
TF118352,TM718352
TF118353,TM718353
TF118354,TM718354
TF118355,TM718355
TF118356,TM718356
TF118357,TM718357
TF118358,TM718358
TF118359,TM718359
TF118360,TM718360
TF118361,TM718361
TF118362,TM718362
TF118363,TM718363
TF118364,TM718364
TF118365,TM718365
TF118366,TM718366
TF118367,TM718367
TF118368,TM718368
TF118369,TM718369
TF118370,TM718370
TF118371,TM718371
TF118372,TM718372
TF118373,TM718373
TF118374,TM718374
TF118375,TM718375
TF118376,TM718376
TF118377,TM718377
TF118378,TM718378
TF118379,TM718379
TF118380,TM718380
TF118381,TM718381
TF118382,TM718382
TF118383,TM718383
TF118384,TM718384
TF118385,TM718385
TF118386,TM718386
TF118387,TM718387
TF118388,TM718388
TF118389,TM718389
TF118390,TM718390
TF118391,TM718391
TF118392,TM718392
TF118393,TM718393
TF118394,TM718394
TF118395,TM718395
TF118396,TM718396
TF118397,TM718397
TF118398,TM718398
TF118399,TM718399
TF118400,TM718400
TF118401,TM718401
TF118402,TM718402
TF118403,TM718403
TF118404,TM718404
TF118405,TM718405
TF118406,TM718406
TF118407,TM718407
TF118408,TM718408
TF118409,TM718409
TF118410,TM718410
TF118411,TM718411
TF118412,TM718412
TF118413,TM718413
TF118414,TM718414
TF118415,TM718415
TF118416,TM718416
TF118417,TM718417
TF118418,TM718418
TF118419,TM718419
TF118420,TM718420
TF118421,TM718421
TF118422,TM718422
TF118423,TM718423
TF118424,TM718424
TF118425,TM718425
TF118426,TM718426
TF118427,TM718427
TF118428,TM718428
TF118429,TM718429
TF118430,TM718430
TF118431,TM718431
TF118432,TM718432
TF118433,TM718433
TF118434,TM718434
TF118435,TM718435
TF118436,TM718436
TF118437,TM718437
TF118438,TM718438
TF118439,TM718439
TF118440,TM718440
TF118441,TM718441
TF118442,TM718442
TF118443,TM718443
TF118444,TM718444
TF118445,TM718445
TF118446,TM718446
TF118447,TM718447
TF118448,TM718448
TF118449,TM718449
TF118450,TM718450
TF118451,TM718451
TF118452,TM718452
TF118453,TM718453
TF118454,TM718454
TF118455,TM718455
TF118456,TM718456
TF118457,TM718457
TF118458,TM718458
TF118459,TM718459
TF118460,TM718460
TF118461,TM718461
TF118462,TM718462
TF118463,TM718463
TF118464,TM718464
TF118465,TM718465
TF118466,TM718466
TF118467,TM718467
TF118468,TM718468
TF118469,TM718469
TF118470,TM718470
TF118471,TM718471
TF118472,TM718472
TF118473,TM718473
TF118474,TM718474
TF118475,TM718475
TF118476,TM718476
TF118477,TM718477
TF118478,TM718478
TF118479,TM718479
TF118480,TM718480
TF118481,TM718481
TF118482,TM718482
TF118483,TM718483
TF118484,TM718484
TF118485,TM718485
TF118486,TM718486
TF118487,TM718487
TF118488,TM718488
TF118489,TM718489
TF118490,TM718490
TF118491,TM718491
TF118492,TM718492
TF118493,TM718493
TF118494,TM718494
TF118495,TM718495
TF118496,TM718496
TF118497,TM718497
TF118498,TM718498
TF118499,TM718499
TF118500,TM718500
TF118501,TM718501
TF118502,TM718502
TF118503,TM718503
TF118504,TM718504
TF118505,TM718505
TF118506,TM718506
TF118507,TM718507
TF118508,TM718508
TF118509,TM718509
TF118510,TM718510
TF118511,TM718511
TF118512,TM718512
TF118513,TM718513
TF118514,TM718514
TF118515,TM718515
TF118516,TM718516
TF118517,TM718517
TF118518,TM718518
TF118519,TM718519
TF118520,TM718520
TF118521,TM718521
TF118522,TM718522
TF118523,TM718523
TF118524,TM718524
TF118525,TM718525
TF118526,TM718526
TF118527,TM718527
TF118528,TM718528
TF118529,TM718529
TF118530,TM718530
TF118531,TM718531
TF118532,TM718532
TF118533,TM718533
TF118534,TM718534
TF118535,TM718535
TF118536,TM718536
TF118537,TM718537
TF118538,TM718538
TF118539,TM718539
TF118540,TM718540
TF118541,TM718541
TF118542,TM718542
TF118543,TM718543
TF118544,TM718544
TF118545,TM718545
TF118546,TM718546
TF118547,TM718547
TF118548,TM718548
TF118549,TM718549
TF118550,TM718550
TF118551,TM718551
TF118552,TM718552
TF118553,TM718553
TF118554,TM718554
TF118555,TM718555
TF118556,TM718556
TF118557,TM718557
TF118558,TM718558
TF118559,TM718559
TF118560,TM718560
TF118561,TM718561
TF118562,TM718562
TF118563,TM718563
TF118564,TM718564
TF118565,TM718565
TF118566,TM718566
TF118567,TM718567
TF118568,TM718568
TF118569,TM718569
TF118570,TM718570
TF118571,TM718571
TF118572,TM718572
TF118573,TM718573
TF118574,TM718574
TF118575,TM718575
TF118576,TM718576
TF118577,TM718577
TF118578,TM718578
TF118579,TM718579
TF118580,TM718580
TF118581,TM718581
TF118582,TM718582
TF118583,TM718583
TF118584,TM718584
TF118585,TM718585
TF118586,TM718586
TF118587,TM718587
TF118588,TM718588
TF118589,TM718589
TF118590,TM718590
TF118591,TM718591
TF118592,TM718592
TF118593,TM718593
TF118594,TM718594
TF118595,TM718595
TF118596,TM718596
TF118597,TM718597
TF118598,TM718598
TF118599,TM718599
TF118600,TM718600
TF118601,TM718601
TF118602,TM718602
TF118603,TM718603
TF118604,TM718604
TF118605,TM718605
TF118606,TM718606
TF118607,TM718607
TF118608,TM718608
TF118609,TM718609
TF118610,TM718610
TF118611,TM718611
TF118612,TM718612
TF118613,TM718613
TF118614,TM718614
TF118615,TM718615
TF118616,TM718616
TF118617,TM718617
TF118618,TM718618
TF118619,TM718619
TF118620,TM718620
TF118621,TM718621
TF118622,TM718622
TF118623,TM718623
TF118624,TM718624
TF118625,TM718625
TF118626,TM718626
TF118627,TM718627
TF118628,TM718628
TF118629,TM718629
TF118630,TM718630
TF118631,TM718631
TF118632,TM718632
TF118633,TM718633
TF118634,TM718634
TF118635,TM718635
TF118636,TM718636
TF118637,TM718637
TF118638,TM718638
TF118639,TM718639
TF118640,TM718640
TF118641,TM718641
TF118642,TM718642
TF118643,TM718643
TF118644,TM718644
TF118645,TM718645
TF118646,TM718646
TF118647,TM718647
TF118648,TM718648
TF118649,TM718649
TF118650,TM718650
TF118651,TM718651
TF118652,TM718652
TF118653,TM718653
TF118654,TM718654
TF118655,TM718655
TF118656,TM718656
TF118657,TM718657
TF118658,TM718658
TF118659,TM718659
TF118660,TM718660
TF118661,TM718661
TF118662,TM718662
TF118663,TM718663
TF118664,TM718664
TF118665,TM718665
TF118666,TM718666
TF118667,TM718667
TF118668,TM718668
TF118669,TM718669
TF118670,TM718670
TF118671,TM718671
TF118672,TM718672
TF118673,TM718673
TF118674,TM718674
TF118675,TM718675
TF118676,TM718676
TF118677,TM718677
TF118678,TM718678
TF118679,TM718679
TF118680,TM718680
TF118681,TM718681
TF118682,TM718682
TF118683,TM718683
TF118684,TM718684
TF118685,TM718685
TF118686,TM718686
TF118687,TM718687
TF118688,TM718688
TF118689,TM718689
TF118690,TM718690
TF118691,TM718691
TF118692,TM718692
TF118693,TM718693
TF118694,TM718694
TF118695,TM718695
TF118696,TM718696
TF118697,TM718697
TF118698,TM718698
TF118699,TM718699
TF118700,TM718700
TF118701,TM718701
TF118702,TM718702
TF118703,TM718703
TF118704,TM718704
TF118705,TM718705
TF118706,TM718706
TF118707,TM718707
TF118708,TM718708
TF118709,TM718709
TF118710,TM718710
TF118711,TM718711
TF118712,TM718712
TF118713,TM718713
TF118714,TM718714
TF118715,TM718715
TF118716,TM718716
TF118717,TM718717
TF118718,TM718718
TF118719,TM718719
TF118720,TM718720
TF118721,TM718721
TF118722,TM718722
TF118723,TM718723
TF118724,TM718724
TF118725,TM718725
TF118726,TM718726
TF118727,TM718727
TF118728,TM718728
TF118729,TM718729
TF118730,TM718730
TF118731,TM718731
TF118732,TM718732
TF118733,TM718733
TF118734,TM718734
TF118735,TM718735
TF118736,TM718736
TF118737,TM718737
TF118738,TM718738
TF118739,TM718739
TF118740,TM718740
TF118741,TM718741
TF118742,TM718742
TF118743,TM718743
TF118744,TM718744
TF118745,TM718745
TF118746,TM718746
TF118747,TM718747
TF118748,TM718748
TF118749,TM718749
TF118750,TM718750
TF118751,TM718751
TF118752,TM718752
TF118753,TM718753
TF118754,TM718754
TF118755,TM718755
TF118756,TM718756
TF118757,TM718757
TF118758,TM718758
TF118759,TM718759
TF118760,TM718760
TF118761,TM718761
TF118762,TM718762
TF118763,TM718763
TF118764,TM718764
TF118765,TM718765
TF118766,TM718766
TF118767,TM718767
TF118768,TM718768
TF118769,TM718769
TF118770,TM718770
TF118771,TM718771
TF118772,TM718772
TF118773,TM718773
TF118774,TM718774
TF118775,TM718775
TF118776,TM718776
TF118777,TM718777
TF118778,TM718778
TF118779,TM718779
TF118780,TM718780
TF118781,TM718781
TF118782,TM718782
TF118783,TM718783
TF118784,TM718784
TF118785,TM718785
TF118786,TM718786
TF118787,TM718787
TF118788,TM718788
TF118789,TM718789
TF118790,TM718790
TF118791,TM718791
TF118792,TM718792
TF118793,TM718793
TF118794,TM718794
TF118795,TM718795
TF118796,TM718796
TF118797,TM718797
TF118798,TM718798
TF118799,TM718799
TF118800,TM718800
TF118801,TM718801
TF118802,TM718802
TF118803,TM718803
TF118804,TM718804
TF118805,TM718805
TF118806,TM718806
TF118807,TM718807
TF118808,TM718808
TF118809,TM718809
TF118810,TM718810
TF118811,TM718811
TF118812,TM718812
TF118813,TM718813
TF118814,TM718814
TF118815,TM718815
TF118816,TM718816
TF118817,TM718817
TF118818,TM718818
TF118819,TM718819
TF118820,TM718820
TF118821,TM718821
TF118822,TM718822
TF118823,TM718823
TF118824,TM718824
TF118825,TM718825
TF118826,TM718826
TF118827,TM718827
TF118828,TM718828
TF118829,TM718829
TF118830,TM718830
TF118831,TM718831
TF118832,TM718832
TF118833,TM718833
TF118834,TM718834
TF118835,TM718835
TF118836,TM718836
TF118837,TM718837
TF118838,TM718838
TF118839,TM718839
TF118840,TM718840
TF118841,TM718841
TF118842,TM718842
TF118843,TM718843
TF118844,TM718844
TF118845,TM718845
TF118846,TM718846
TF118847,TM718847
TF118848,TM718848
TF118849,TM718849
TF118850,TM718850
TF118851,TM718851
TF118852,TM718852
TF118853,TM718853
TF118854,TM718854
TF118855,TM718855
TF118856,TM718856
TF118857,TM718857
TF118858,TM718858
TF118859,TM718859
TF118860,TM718860
TF118861,TM718861
TF118862,TM718862
TF118863,TM718863
TF118864,TM718864
TF118865,TM718865
TF118866,TM718866
TF118867,TM718867
TF118868,TM718868
TF118869,TM718869
TF118870,TM718870
TF118871,TM718871
TF118872,TM718872
TF118873,TM718873
TF118874,TM718874
TF118875,TM718875
TF118876,TM718876
TF118877,TM718877
TF118878,TM718878
TF118879,TM718879
TF118880,TM718880
TF118881,TM718881
TF118882,TM718882
TF118883,TM718883
TF118884,TM718884
TF118885,TM718885
TF118886,TM718886
TF118887,TM718887
TF118888,TM718888
TF118889,TM718889
TF118890,TM718890
TF118891,TM718891
TF118892,TM718892
TF118893,TM718893
TF118894,TM718894
TF118895,TM718895
TF118896,TM718896
TF118897,TM718897
TF118898,TM718898
TF118899,TM718899
TF118900,TM718900
TF118901,TM718901
TF118902,TM718902
TF118903,TM718903
TF118904,TM718904
TF118905,TM718905
TF118906,TM718906
TF118907,TM718907
TF118908,TM718908
TF118909,TM718909
TF118910,TM718910
TF118911,TM718911
TF118912,TM718912
TF118913,TM718913
TF118914,TM718914
TF118915,TM718915
TF118916,TM718916
TF118917,TM718917
TF118918,TM718918
TF118919,TM718919
TF118920,TM718920
TF118921,TM718921
TF118922,TM718922
TF118923,TM718923
TF118924,TM718924
TF118925,TM718925
TF118926,TM718926
TF118927,TM718927
TF118928,TM718928
TF118929,TM718929
TF118930,TM718930
TF118931,TM718931
TF118932,TM718932
TF118933,TM718933
TF118934,TM718934
TF118935,TM718935
TF118936,TM718936
TF118937,TM718937
TF118938,TM718938
TF118939,TM718939
TF118940,TM718940
TF118941,TM718941
TF118942,TM718942
TF118943,TM718943
TF118944,TM718944
TF118945,TM718945
TF118946,TM718946
TF118947,TM718947
TF118948,TM718948
TF118949,TM718949
TF118950,TM718950
TF118951,TM718951
TF118952,TM718952
TF118953,TM718953
TF118954,TM718954
TF118955,TM718955
TF118956,TM718956
TF118957,TM718957
TF118958,TM718958
TF118959,TM718959
TF118960,TM718960
TF118961,TM718961
TF118962,TM718962
TF118963,TM718963
TF118964,TM718964
TF118965,TM718965
TF118966,TM718966
TF118967,TM718967
TF118968,TM718968
TF118969,TM718969
TF118970,TM718970
TF118971,TM718971
TF118972,TM718972
TF118973,TM718973
TF118974,TM718974
TF118975,TM718975
TF118976,TM718976
TF118977,TM718977
TF118978,TM718978
TF118979,TM718979
TF118980,TM718980
TF118981,TM718981
TF118982,TM718982
TF118983,TM718983
TF118984,TM718984
TF118985,TM718985
TF118986,TM718986
TF118987,TM718987
TF118988,TM718988
TF118989,TM718989
TF118990,TM718990
TF118991,TM718991
TF118992,TM718992
TF118993,TM718993
TF118994,TM718994
TF118995,TM718995
TF118996,TM718996
TF118997,TM718997
TF118998,TM718998
TF118999,TM718999
TF119000,TM719000
TF119001,TM719001
TF119002,TM719002
TF119003,TM719003
TF119004,TM719004
TF119005,TM719005
TF119006,TM719006
TF119007,TM719007
TF119008,TM719008
TF119009,TM719009
TF119010,TM719010
TF119011,TM719011
TF119012,TM719012
TF119013,TM719013
TF119014,TM719014
TF119015,TM719015
TF119016,TM719016
TF119017,TM719017
TF119018,TM719018
TF119019,TM719019
TF119020,TM719020
TF119021,TM719021
TF119022,TM719022
TF119023,TM719023
TF119024,TM719024
TF119025,TM719025
TF119026,TM719026
TF119027,TM719027
TF119028,TM719028
TF119029,TM719029
TF119030,TM719030
TF119031,TM719031
TF119032,TM719032
TF119033,TM719033
TF119034,TM719034
TF119035,TM719035
TF119036,TM719036
TF119037,TM719037
TF119038,TM719038
TF119039,TM719039
TF119040,TM719040
TF119041,TM719041
TF119042,TM719042
TF119043,TM719043
TF119044,TM719044
TF119045,TM719045
TF119046,TM719046
TF119047,TM719047
TF119048,TM719048
TF119049,TM719049
TF119050,TM719050
TF119051,TM719051
TF119052,TM719052
TF119053,TM719053
TF119054,TM719054
TF119055,TM719055
TF119056,TM719056
TF119057,TM719057
TF119058,TM719058
TF119059,TM719059
TF119060,TM719060
TF119061,TM719061
TF119062,TM719062
TF119063,TM719063
TF119064,TM719064
TF119065,TM719065
TF119066,TM719066
TF119067,TM719067
TF119068,TM719068
TF119069,TM719069
TF119070,TM719070
TF119071,TM719071
TF119072,TM719072
TF119073,TM719073
TF119074,TM719074
TF119075,TM719075
TF119076,TM719076
TF119077,TM719077
TF119078,TM719078
TF119079,TM719079
TF119080,TM719080
TF119081,TM719081
TF119082,TM719082
TF119083,TM719083
TF119084,TM719084
TF119085,TM719085
TF119086,TM719086
TF119087,TM719087
TF119088,TM719088
TF119089,TM719089
TF119090,TM719090
TF119091,TM719091
TF119092,TM719092
TF119093,TM719093
TF119094,TM719094
TF119095,TM719095
TF119096,TM719096
TF119097,TM719097
TF119098,TM719098
TF119099,TM719099
TF119100,TM719100
TF119101,TM719101
TF119102,TM719102
TF119103,TM719103
TF119104,TM719104
TF119105,TM719105
TF119106,TM719106
TF119107,TM719107
TF119108,TM719108
TF119109,TM719109
TF119110,TM719110
TF119111,TM719111
TF119112,TM719112
TF119113,TM719113
TF119114,TM719114
TF119115,TM719115
TF119116,TM719116
TF119117,TM719117
TF119118,TM719118
TF119119,TM719119
TF119120,TM719120
TF119121,TM719121
TF119122,TM719122
TF119123,TM719123
TF119124,TM719124
TF119125,TM719125
TF119126,TM719126
TF119127,TM719127
TF119128,TM719128
TF119129,TM719129
TF119130,TM719130
TF119131,TM719131
TF119132,TM719132
TF119133,TM719133
TF119134,TM719134
TF119135,TM719135
TF119136,TM719136
TF119137,TM719137
TF119138,TM719138
TF119139,TM719139
TF119140,TM719140
TF119141,TM719141
TF119142,TM719142
TF119143,TM719143
TF119144,TM719144
TF119145,TM719145
TF119146,TM719146
TF119147,TM719147
TF119148,TM719148
TF119149,TM719149
TF119150,TM719150
TF119151,TM719151
TF119152,TM719152
TF119153,TM719153
TF119154,TM719154
TF119155,TM719155
TF119156,TM719156
TF119157,TM719157
TF119158,TM719158
TF119159,TM719159
TF119160,TM719160
TF119161,TM719161
TF119162,TM719162
TF119163,TM719163
TF119164,TM719164
TF119165,TM719165
TF119166,TM719166
TF119167,TM719167
TF119168,TM719168
TF119169,TM719169
TF119170,TM719170
TF119171,TM719171
TF119172,TM719172
TF119173,TM719173
TF119174,TM719174
TF119175,TM719175
TF119176,TM719176
TF119177,TM719177
TF119178,TM719178
TF119179,TM719179
TF119180,TM719180
TF119181,TM719181
TF119182,TM719182
TF119183,TM719183
TF119184,TM719184
TF119185,TM719185
TF119186,TM719186
TF119187,TM719187
TF119188,TM719188
TF119189,TM719189
TF119190,TM719190
TF119191,TM719191
TF119192,TM719192
TF119193,TM719193
TF119194,TM719194
TF119195,TM719195
TF119196,TM719196
TF119197,TM719197
TF119198,TM719198
TF119199,TM719199
TF119200,TM719200
TF119201,TM719201
TF119202,TM719202
TF119203,TM719203
TF119204,TM719204
TF119205,TM719205
TF119206,TM719206
TF119207,TM719207
TF119208,TM719208
TF119209,TM719209
TF119210,TM719210
TF119211,TM719211
TF119212,TM719212
TF119213,TM719213
TF119214,TM719214
TF119215,TM719215
TF119216,TM719216
TF119217,TM719217
TF119218,TM719218
TF119219,TM719219
TF119220,TM719220
TF119221,TM719221
TF119222,TM719222
TF119223,TM719223
TF119224,TM719224
TF119225,TM719225
TF119226,TM719226
TF119227,TM719227
TF119228,TM719228
TF119229,TM719229
TF119230,TM719230
TF119231,TM719231
TF119232,TM719232
TF119233,TM719233
TF119234,TM719234
TF119235,TM719235
TF119236,TM719236
TF119237,TM719237
TF119238,TM719238
TF119239,TM719239
TF119240,TM719240
TF119241,TM719241
TF119242,TM719242
TF119243,TM719243
TF119244,TM719244
TF119245,TM719245
TF119246,TM719246
TF119247,TM719247
TF119248,TM719248
TF119249,TM719249
TF119250,TM719250
TF119251,TM719251
TF119252,TM719252
TF119253,TM719253
TF119254,TM719254
TF119255,TM719255
TF119256,TM719256
TF119257,TM719257
TF119258,TM719258
TF119259,TM719259
TF119260,TM719260
TF119261,TM719261
TF119262,TM719262
TF119263,TM719263
TF119264,TM719264
TF119265,TM719265
TF119266,TM719266
TF119267,TM719267
TF119268,TM719268
TF119269,TM719269
TF119270,TM719270
TF119271,TM719271
TF119272,TM719272
TF119273,TM719273
TF119274,TM719274
TF119275,TM719275
TF119276,TM719276
TF119277,TM719277
TF119278,TM719278
TF119279,TM719279
TF119280,TM719280
TF119281,TM719281
TF119282,TM719282
TF119283,TM719283
TF119284,TM719284
TF119285,TM719285
TF119286,TM719286
TF119287,TM719287
TF119288,TM719288
TF119289,TM719289
TF119290,TM719290
TF119291,TM719291
TF119292,TM719292
TF119293,TM719293
TF119294,TM719294
TF119295,TM719295
TF119296,TM719296
TF119297,TM719297
TF119298,TM719298
TF119299,TM719299
TF119300,TM719300
TF119301,TM719301
TF119302,TM719302
TF119303,TM719303
TF119304,TM719304
TF119305,TM719305
TF119306,TM719306
TF119307,TM719307
TF119308,TM719308
TF119309,TM719309
TF119310,TM719310
TF119311,TM719311
TF119312,TM719312
TF119313,TM719313
TF119314,TM719314
TF119315,TM719315
TF119316,TM719316
TF119317,TM719317
TF119318,TM719318
TF119319,TM719319
TF119320,TM719320
TF119321,TM719321
TF119322,TM719322
TF119323,TM719323
TF119324,TM719324
TF119325,TM719325
TF119326,TM719326
TF119327,TM719327
TF119328,TM719328
TF119329,TM719329
TF119330,TM719330
TF119331,TM719331
TF119332,TM719332
TF119333,TM719333
TF119334,TM719334
TF119335,TM719335
TF119336,TM719336
TF119337,TM719337
TF119338,TM719338
TF119339,TM719339
TF119340,TM719340
TF119341,TM719341
TF119342,TM719342
TF119343,TM719343
TF119344,TM719344
TF119345,TM719345
TF119346,TM719346
TF119347,TM719347
TF119348,TM719348
TF119349,TM719349
TF119350,TM719350
TF119351,TM719351
TF119352,TM719352
TF119353,TM719353
TF119354,TM719354
TF119355,TM719355
TF119356,TM719356
TF119357,TM719357
TF119358,TM719358
TF119359,TM719359
TF119360,TM719360
TF119361,TM719361
TF119362,TM719362
TF119363,TM719363
TF119364,TM719364
TF119365,TM719365
TF119366,TM719366
TF119367,TM719367
TF119368,TM719368
TF119369,TM719369
TF119370,TM719370
TF119371,TM719371
TF119372,TM719372
TF119373,TM719373
TF119374,TM719374
TF119375,TM719375
TF119376,TM719376
TF119377,TM719377
TF119378,TM719378
TF119379,TM719379
TF119380,TM719380
TF119381,TM719381
TF119382,TM719382
TF119383,TM719383
TF119384,TM719384
TF119385,TM719385
TF119386,TM719386
TF119387,TM719387
TF119388,TM719388
TF119389,TM719389
TF119390,TM719390
TF119391,TM719391
TF119392,TM719392
TF119393,TM719393
TF119394,TM719394
TF119395,TM719395
TF119396,TM719396
TF119397,TM719397
TF119398,TM719398
TF119399,TM719399
TF119400,TM719400
TF119401,TM719401
TF119402,TM719402
TF119403,TM719403
TF119404,TM719404
TF119405,TM719405
TF119406,TM719406
TF119407,TM719407
TF119408,TM719408
TF119409,TM719409
TF119410,TM719410
TF119411,TM719411
TF119412,TM719412
TF119413,TM719413
TF119414,TM719414
TF119415,TM719415
TF119416,TM719416
TF119417,TM719417
TF119418,TM719418
TF119419,TM719419
TF119420,TM719420
TF119421,TM719421
TF119422,TM719422
TF119423,TM719423
TF119424,TM719424
TF119425,TM719425
TF119426,TM719426
TF119427,TM719427
TF119428,TM719428
TF119429,TM719429
TF119430,TM719430
TF119431,TM719431
TF119432,TM719432
TF119433,TM719433
TF119434,TM719434
TF119435,TM719435
TF119436,TM719436
TF119437,TM719437
TF119438,TM719438
TF119439,TM719439
TF119440,TM719440
TF119441,TM719441
TF119442,TM719442
TF119443,TM719443
TF119444,TM719444
TF119445,TM719445
TF119446,TM719446
TF119447,TM719447
TF119448,TM719448
TF119449,TM719449
TF119450,TM719450
TF119451,TM719451
TF119452,TM719452
TF119453,TM719453
TF119454,TM719454
TF119455,TM719455
TF119456,TM719456
TF119457,TM719457
TF119458,TM719458
TF119459,TM719459
TF119460,TM719460
TF119461,TM719461
TF119462,TM719462
TF119463,TM719463
TF119464,TM719464
TF119465,TM719465
TF119466,TM719466
TF119467,TM719467
TF119468,TM719468
TF119469,TM719469
TF119470,TM719470
TF119471,TM719471
TF119472,TM719472
TF119473,TM719473
TF119474,TM719474
TF119475,TM719475
TF119476,TM719476
TF119477,TM719477
TF119478,TM719478
TF119479,TM719479
TF119480,TM719480
TF119481,TM719481
TF119482,TM719482
TF119483,TM719483
TF119484,TM719484
TF119485,TM719485
TF119486,TM719486
TF119487,TM719487
TF119488,TM719488
TF119489,TM719489
TF119490,TM719490
TF119491,TM719491
TF119492,TM719492
TF119493,TM719493
TF119494,TM719494
TF119495,TM719495
TF119496,TM719496
TF119497,TM719497
TF119498,TM719498
TF119499,TM719499
TF119500,TM719500
TF119501,TM719501
TF119502,TM719502
TF119503,TM719503
TF119504,TM719504
TF119505,TM719505
TF119506,TM719506
TF119507,TM719507
TF119508,TM719508
TF119509,TM719509
TF119510,TM719510
TF119511,TM719511
TF119512,TM719512
TF119513,TM719513
TF119514,TM719514
TF119515,TM719515
TF119516,TM719516
TF119517,TM719517
TF119518,TM719518
TF119519,TM719519
TF119520,TM719520
TF119521,TM719521
TF119522,TM719522
TF119523,TM719523
TF119524,TM719524
TF119525,TM719525
TF119526,TM719526
TF119527,TM719527
TF119528,TM719528
TF119529,TM719529
TF119530,TM719530
TF119531,TM719531
TF119532,TM719532
TF119533,TM719533
TF119534,TM719534
TF119535,TM719535
TF119536,TM719536
TF119537,TM719537
TF119538,TM719538
TF119539,TM719539
TF119540,TM719540
TF119541,TM719541
TF119542,TM719542
TF119543,TM719543
TF119544,TM719544
TF119545,TM719545
TF119546,TM719546
TF119547,TM719547
TF119548,TM719548
TF119549,TM719549
TF119550,TM719550
TF119551,TM719551
TF119552,TM719552
TF119553,TM719553
TF119554,TM719554
TF119555,TM719555
TF119556,TM719556
TF119557,TM719557
TF119558,TM719558
TF119559,TM719559
TF119560,TM719560
TF119561,TM719561
TF119562,TM719562
TF119563,TM719563
TF119564,TM719564
TF119565,TM719565
TF119566,TM719566
TF119567,TM719567
TF119568,TM719568
TF119569,TM719569
TF119570,TM719570
TF119571,TM719571
TF119572,TM719572
TF119573,TM719573
TF119574,TM719574
TF119575,TM719575
TF119576,TM719576
TF119577,TM719577
TF119578,TM719578
TF119579,TM719579
TF119580,TM719580
TF119581,TM719581
TF119582,TM719582
TF119583,TM719583
TF119584,TM719584
TF119585,TM719585
TF119586,TM719586
TF119587,TM719587
TF119588,TM719588
TF119589,TM719589
TF119590,TM719590
TF119591,TM719591
TF119592,TM719592
TF119593,TM719593
TF119594,TM719594
TF119595,TM719595
TF119596,TM719596
TF119597,TM719597
TF119598,TM719598
TF119599,TM719599
TF119600,TM719600
TF119601,TM719601
TF119602,TM719602
TF119603,TM719603
TF119604,TM719604
TF119605,TM719605
TF119606,TM719606
TF119607,TM719607
TF119608,TM719608
TF119609,TM719609
TF119610,TM719610
TF119611,TM719611
TF119612,TM719612
TF119613,TM719613
TF119614,TM719614
TF119615,TM719615
TF119616,TM719616
TF119617,TM719617
TF119618,TM719618
TF119619,TM719619
TF119620,TM719620
TF119621,TM719621
TF119622,TM719622
TF119623,TM719623
TF119624,TM719624
TF119625,TM719625
TF119626,TM719626
TF119627,TM719627
TF119628,TM719628
TF119629,TM719629
TF119630,TM719630
TF119631,TM719631
TF119632,TM719632
TF119633,TM719633
TF119634,TM719634
TF119635,TM719635
TF119636,TM719636
TF119637,TM719637
TF119638,TM719638
TF119639,TM719639
TF119640,TM719640
TF119641,TM719641
TF119642,TM719642
TF119643,TM719643
TF119644,TM719644
TF119645,TM719645
TF119646,TM719646
TF119647,TM719647
TF119648,TM719648
TF119649,TM719649
TF119650,TM719650
TF119651,TM719651
TF119652,TM719652
TF119653,TM719653
TF119654,TM719654
TF119655,TM719655
TF119656,TM719656
TF119657,TM719657
TF119658,TM719658
TF119659,TM719659
TF119660,TM719660
TF119661,TM719661
TF119662,TM719662
TF119663,TM719663
TF119664,TM719664
TF119665,TM719665
TF119666,TM719666
TF119667,TM719667
TF119668,TM719668
TF119669,TM719669
TF119670,TM719670
TF119671,TM719671
TF119672,TM719672
TF119673,TM719673
TF119674,TM719674
TF119675,TM719675
TF119676,TM719676
TF119677,TM719677
TF119678,TM719678
TF119679,TM719679
TF119680,TM719680
TF119681,TM719681
TF119682,TM719682
TF119683,TM719683
TF119684,TM719684
TF119685,TM719685
TF119686,TM719686
TF119687,TM719687
TF119688,TM719688
TF119689,TM719689
TF119690,TM719690
TF119691,TM719691
TF119692,TM719692
TF119693,TM719693
TF119694,TM719694
TF119695,TM719695
TF119696,TM719696
TF119697,TM719697
TF119698,TM719698
TF119699,TM719699
TF119700,TM719700
TF119701,TM719701
TF119702,TM719702
TF119703,TM719703
TF119704,TM719704
TF119705,TM719705
TF119706,TM719706
TF119707,TM719707
TF119708,TM719708
TF119709,TM719709
TF119710,TM719710
TF119711,TM719711
TF119712,TM719712
TF119713,TM719713
TF119714,TM719714
TF119715,TM719715
TF119716,TM719716
TF119717,TM719717
TF119718,TM719718
TF119719,TM719719
TF119720,TM719720
TF119721,TM719721
TF119722,TM719722
TF119723,TM719723
TF119724,TM719724
TF119725,TM719725
TF119726,TM719726
TF119727,TM719727
TF119728,TM719728
TF119729,TM719729
TF119730,TM719730
TF119731,TM719731
TF119732,TM719732
TF119733,TM719733
TF119734,TM719734
TF119735,TM719735
TF119736,TM719736
TF119737,TM719737
TF119738,TM719738
TF119739,TM719739
TF119740,TM719740
TF119741,TM719741
TF119742,TM719742
TF119743,TM719743
TF119744,TM719744
TF119745,TM719745
TF119746,TM719746
TF119747,TM719747
TF119748,TM719748
TF119749,TM719749
TF119750,TM719750
TF119751,TM719751
TF119752,TM719752
TF119753,TM719753
TF119754,TM719754
TF119755,TM719755
TF119756,TM719756
TF119757,TM719757
TF119758,TM719758
TF119759,TM719759
TF119760,TM719760
TF119761,TM719761
TF119762,TM719762
TF119763,TM719763
TF119764,TM719764
TF119765,TM719765
TF119766,TM719766
TF119767,TM719767
TF119768,TM719768
TF119769,TM719769
TF119770,TM719770
TF119771,TM719771
TF119772,TM719772
TF119773,TM719773
TF119774,TM719774
TF119775,TM719775
TF119776,TM719776
TF119777,TM719777
TF119778,TM719778
TF119779,TM719779
TF119780,TM719780
TF119781,TM719781
TF119782,TM719782
TF119783,TM719783
TF119784,TM719784
TF119785,TM719785
TF119786,TM719786
TF119787,TM719787
TF119788,TM719788
TF119789,TM719789
TF119790,TM719790
TF119791,TM719791
TF119792,TM719792
TF119793,TM719793
TF119794,TM719794
TF119795,TM719795
TF119796,TM719796
TF119797,TM719797
TF119798,TM719798
TF119799,TM719799
TF119800,TM719800
TF119801,TM719801
TF119802,TM719802
TF119803,TM719803
TF119804,TM719804
TF119805,TM719805
TF119806,TM719806
TF119807,TM719807
TF119808,TM719808
TF119809,TM719809
TF119810,TM719810
TF119811,TM719811
TF119812,TM719812
TF119813,TM719813
TF119814,TM719814
TF119815,TM719815
TF119816,TM719816
TF119817,TM719817
TF119818,TM719818
TF119819,TM719819
TF119820,TM719820
TF119821,TM719821
TF119822,TM719822
TF119823,TM719823
TF119824,TM719824
TF119825,TM719825
TF119826,TM719826
TF119827,TM719827
TF119828,TM719828
TF119829,TM719829
TF119830,TM719830
TF119831,TM719831
TF119832,TM719832
TF119833,TM719833
TF119834,TM719834
TF119835,TM719835
TF119836,TM719836
TF119837,TM719837
TF119838,TM719838
TF119839,TM719839
TF119840,TM719840
TF119841,TM719841
TF119842,TM719842
TF119843,TM719843
TF119844,TM719844
TF119845,TM719845
TF119846,TM719846
TF119847,TM719847
TF119848,TM719848
TF119849,TM719849
TF119850,TM719850
TF119851,TM719851
TF119852,TM719852
TF119853,TM719853
TF119854,TM719854
TF119855,TM719855
TF119856,TM719856
TF119857,TM719857
TF119858,TM719858
TF119859,TM719859
TF119860,TM719860
TF119861,TM719861
TF119862,TM719862
TF119863,TM719863
TF119864,TM719864
TF119865,TM719865
TF119866,TM719866
TF119867,TM719867
TF119868,TM719868
TF119869,TM719869
TF119870,TM719870
TF119871,TM719871
TF119872,TM719872
TF119873,TM719873
TF119874,TM719874
TF119875,TM719875
TF119876,TM719876
TF119877,TM719877
TF119878,TM719878
TF119879,TM719879
TF119880,TM719880
TF119881,TM719881
TF119882,TM719882
TF119883,TM719883
TF119884,TM719884
TF119885,TM719885
TF119886,TM719886
TF119887,TM719887
TF119888,TM719888
TF119889,TM719889
TF119890,TM719890
TF119891,TM719891
TF119892,TM719892
TF119893,TM719893
TF119894,TM719894
TF119895,TM719895
TF119896,TM719896
TF119897,TM719897
TF119898,TM719898
TF119899,TM719899
TF119900,TM719900
TF119901,TM719901
TF119902,TM719902
TF119903,TM719903
TF119904,TM719904
TF119905,TM719905
TF119906,TM719906
TF119907,TM719907
TF119908,TM719908
TF119909,TM719909
TF119910,TM719910
TF119911,TM719911
TF119912,TM719912
TF119913,TM719913
TF119914,TM719914
TF119915,TM719915
TF119916,TM719916
TF119917,TM719917
TF119918,TM719918
TF119919,TM719919
TF119920,TM719920
TF119921,TM719921
TF119922,TM719922
TF119923,TM719923
TF119924,TM719924
TF119925,TM719925
TF119926,TM719926
TF119927,TM719927
TF119928,TM719928
TF119929,TM719929
TF119930,TM719930
TF119931,TM719931
TF119932,TM719932
TF119933,TM719933
TF119934,TM719934
TF119935,TM719935
TF119936,TM719936
TF119937,TM719937
TF119938,TM719938
TF119939,TM719939
TF119940,TM719940
TF119941,TM719941
TF119942,TM719942
TF119943,TM719943
TF119944,TM719944
TF119945,TM719945
TF119946,TM719946
TF119947,TM719947
TF119948,TM719948
TF119949,TM719949
TF119950,TM719950
TF119951,TM719951
TF119952,TM719952
TF119953,TM719953
TF119954,TM719954
TF119955,TM719955
TF119956,TM719956
TF119957,TM719957
TF119958,TM719958
TF119959,TM719959
TF119960,TM719960
TF119961,TM719961
TF119962,TM719962
TF119963,TM719963
TF119964,TM719964
TF119965,TM719965
TF119966,TM719966
TF119967,TM719967
TF119968,TM719968
TF119969,TM719969
TF119970,TM719970
TF119971,TM719971
TF119972,TM719972
TF119973,TM719973
TF119974,TM719974
TF119975,TM719975
TF119976,TM719976
TF119977,TM719977
TF119978,TM719978
TF119979,TM719979
TF119980,TM719980
TF119981,TM719981
TF119982,TM719982
TF119983,TM719983
TF119984,TM719984
TF119985,TM719985
TF119986,TM719986
TF119987,TM719987
TF119988,TM719988
TF119989,TM719989
TF119990,TM719990
TF119991,TM719991
TF119992,TM719992
TF119993,TM719993
TF119994,TM719994
TF119995,TM719995
TF119996,TM719996
TF119997,TM719997
TF119998,TM719998
TF119999,TM719999
TF120000,TM720000
TF120001,TM720001
TF120002,TM720002
TF120003,TM720003
TF120004,TM720004
TF120005,TM720005
TF120006,TM720006
TF120007,TM720007
TF120008,TM720008
TF120009,TM720009
TF120010,TM720010
TF120011,TM720011
TF120012,TM720012
TF120013,TM720013
TF120014,TM720014
TF120015,TM720015
TF120016,TM720016
TF120017,TM720017
TF120018,TM720018
TF120019,TM720019
TF120020,TM720020
TF120021,TM720021
TF120022,TM720022
TF120023,TM720023
TF120024,TM720024
TF120025,TM720025
TF120026,TM720026
TF120027,TM720027
TF120028,TM720028
TF120029,TM720029
TF120030,TM720030
TF120031,TM720031
TF120032,TM720032
TF120033,TM720033
TF120034,TM720034
TF120035,TM720035
TF120036,TM720036
TF120037,TM720037
TF120038,TM720038
TF120039,TM720039
TF120040,TM720040
TF120041,TM720041
TF120042,TM720042
TF120043,TM720043
TF120044,TM720044
TF120045,TM720045
TF120046,TM720046
TF120047,TM720047
TF120048,TM720048
TF120049,TM720049
TF120050,TM720050
TF120051,TM720051
TF120052,TM720052
TF120053,TM720053
TF120054,TM720054
TF120055,TM720055
TF120056,TM720056
TF120057,TM720057
TF120058,TM720058
TF120059,TM720059
TF120060,TM720060
TF120061,TM720061
TF120062,TM720062
TF120063,TM720063
TF120064,TM720064
TF120065,TM720065
TF120066,TM720066
TF120067,TM720067
TF120068,TM720068
TF120069,TM720069
TF120070,TM720070
TF120071,TM720071
TF120072,TM720072
TF120073,TM720073
TF120074,TM720074
TF120075,TM720075
TF120076,TM720076
TF120077,TM720077
TF120078,TM720078
TF120079,TM720079
TF120080,TM720080
TF120081,TM720081
TF120082,TM720082
TF120083,TM720083
TF120084,TM720084
TF120085,TM720085
TF120086,TM720086
TF120087,TM720087
TF120088,TM720088
TF120089,TM720089
TF120090,TM720090
TF120091,TM720091
TF120092,TM720092
TF120093,TM720093
TF120094,TM720094
TF120095,TM720095
TF120096,TM720096
TF120097,TM720097
TF120098,TM720098
TF120099,TM720099
TF120100,TM720100
TF120101,TM720101
TF120102,TM720102
TF120103,TM720103
TF120104,TM720104
TF120105,TM720105
TF120106,TM720106
TF120107,TM720107
TF120108,TM720108
TF120109,TM720109
TF120110,TM720110
TF120111,TM720111
TF120112,TM720112
TF120113,TM720113
TF120114,TM720114
TF120115,TM720115
TF120116,TM720116
TF120117,TM720117
TF120118,TM720118
TF120119,TM720119
TF120120,TM720120
TF120121,TM720121
TF120122,TM720122
TF120123,TM720123
TF120124,TM720124
TF120125,TM720125
TF120126,TM720126
TF120127,TM720127
TF120128,TM720128
TF120129,TM720129
TF120130,TM720130
TF120131,TM720131
TF120132,TM720132
TF120133,TM720133
TF120134,TM720134
TF120135,TM720135
TF120136,TM720136
TF120137,TM720137
TF120138,TM720138
TF120139,TM720139
TF120140,TM720140
TF120141,TM720141
TF120142,TM720142
TF120143,TM720143
TF120144,TM720144
TF120145,TM720145
TF120146,TM720146
TF120147,TM720147
TF120148,TM720148
TF120149,TM720149
TF120150,TM720150
TF120151,TM720151
TF120152,TM720152
TF120153,TM720153
TF120154,TM720154
TF120155,TM720155
TF120156,TM720156
TF120157,TM720157
TF120158,TM720158
TF120159,TM720159
TF120160,TM720160
TF120161,TM720161
TF120162,TM720162
TF120163,TM720163
TF120164,TM720164
TF120165,TM720165
TF120166,TM720166
TF120167,TM720167
TF120168,TM720168
TF120169,TM720169
TF120170,TM720170
TF120171,TM720171
TF120172,TM720172
TF120173,TM720173
TF120174,TM720174
TF120175,TM720175
TF120176,TM720176
TF120177,TM720177
TF120178,TM720178
TF120179,TM720179
TF120180,TM720180
TF120181,TM720181
TF120182,TM720182
TF120183,TM720183
TF120184,TM720184
TF120185,TM720185
TF120186,TM720186
TF120187,TM720187
TF120188,TM720188
TF120189,TM720189
TF120190,TM720190
TF120191,TM720191
TF120192,TM720192
TF120193,TM720193
TF120194,TM720194
TF120195,TM720195
TF120196,TM720196
TF120197,TM720197
TF120198,TM720198
TF120199,TM720199
TF120200,TM720200
TF120201,TM720201
TF120202,TM720202
TF120203,TM720203
TF120204,TM720204
TF120205,TM720205
TF120206,TM720206
TF120207,TM720207
TF120208,TM720208
TF120209,TM720209
TF120210,TM720210
TF120211,TM720211
TF120212,TM720212
TF120213,TM720213
TF120214,TM720214
TF120215,TM720215
TF120216,TM720216
TF120217,TM720217
TF120218,TM720218
TF120219,TM720219
TF120220,TM720220
TF120221,TM720221
TF120222,TM720222
TF120223,TM720223
TF120224,TM720224
TF120225,TM720225
TF120226,TM720226
TF120227,TM720227
TF120228,TM720228
TF120229,TM720229
TF120230,TM720230
TF120231,TM720231
TF120232,TM720232
TF120233,TM720233
TF120234,TM720234
TF120235,TM720235
TF120236,TM720236
TF120237,TM720237
TF120238,TM720238
TF120239,TM720239
TF120240,TM720240
TF120241,TM720241
TF120242,TM720242
TF120243,TM720243
TF120244,TM720244
TF120245,TM720245
TF120246,TM720246
TF120247,TM720247
TF120248,TM720248
TF120249,TM720249
TF120250,TM720250
TF120251,TM720251
TF120252,TM720252
TF120253,TM720253
TF120254,TM720254
TF120255,TM720255
TF120256,TM720256
TF120257,TM720257
TF120258,TM720258
TF120259,TM720259
TF120260,TM720260
TF120261,TM720261
TF120262,TM720262
TF120263,TM720263
TF120264,TM720264
TF120265,TM720265
TF120266,TM720266
TF120267,TM720267
TF120268,TM720268
TF120269,TM720269
TF120270,TM720270
TF120271,TM720271
TF120272,TM720272
TF120273,TM720273
TF120274,TM720274
TF120275,TM720275
TF120276,TM720276
TF120277,TM720277
TF120278,TM720278
TF120279,TM720279
TF120280,TM720280
TF120281,TM720281
TF120282,TM720282
TF120283,TM720283
TF120284,TM720284
TF120285,TM720285
TF120286,TM720286
TF120287,TM720287
TF120288,TM720288
TF120289,TM720289
TF120290,TM720290
TF120291,TM720291
TF120292,TM720292
TF120293,TM720293
TF120294,TM720294
TF120295,TM720295
TF120296,TM720296
TF120297,TM720297
TF120298,TM720298
TF120299,TM720299
TF120300,TM720300
TF120301,TM720301
TF120302,TM720302
TF120303,TM720303
TF120304,TM720304
TF120305,TM720305
TF120306,TM720306
TF120307,TM720307
TF120308,TM720308
TF120309,TM720309
TF120310,TM720310
TF120311,TM720311
TF120312,TM720312
TF120313,TM720313
TF120314,TM720314
TF120315,TM720315
TF120316,TM720316
TF120317,TM720317
TF120318,TM720318
TF120319,TM720319
TF120320,TM720320
TF120321,TM720321
TF120322,TM720322
TF120323,TM720323
TF120324,TM720324
TF120325,TM720325
TF120326,TM720326
TF120327,TM720327
TF120328,TM720328
TF120329,TM720329
TF120330,TM720330
TF120331,TM720331
TF120332,TM720332
TF120333,TM720333
TF120334,TM720334
TF120335,TM720335
TF120336,TM720336
TF120337,TM720337
TF120338,TM720338
TF120339,TM720339
TF120340,TM720340
TF120341,TM720341
TF120342,TM720342
TF120343,TM720343
TF120344,TM720344
TF120345,TM720345
TF120346,TM720346
TF120347,TM720347
TF120348,TM720348
TF120349,TM720349
TF120350,TM720350
TF120351,TM720351
TF120352,TM720352
TF120353,TM720353
TF120354,TM720354
TF120355,TM720355
TF120356,TM720356
TF120357,TM720357
TF120358,TM720358
TF120359,TM720359
TF120360,TM720360
TF120361,TM720361
TF120362,TM720362
TF120363,TM720363
TF120364,TM720364
TF120365,TM720365
TF120366,TM720366
TF120367,TM720367
TF120368,TM720368
TF120369,TM720369
TF120370,TM720370
TF120371,TM720371
TF120372,TM720372
TF120373,TM720373
TF120374,TM720374
TF120375,TM720375
TF120376,TM720376
TF120377,TM720377
TF120378,TM720378
TF120379,TM720379
TF120380,TM720380
TF120381,TM720381
TF120382,TM720382
TF120383,TM720383
TF120384,TM720384
TF120385,TM720385
TF120386,TM720386
TF120387,TM720387
TF120388,TM720388
TF120389,TM720389
TF120390,TM720390
TF120391,TM720391
TF120392,TM720392
TF120393,TM720393
TF120394,TM720394
TF120395,TM720395
TF120396,TM720396
TF120397,TM720397
TF120398,TM720398
TF120399,TM720399
TF120400,TM720400
TF120401,TM720401
TF120402,TM720402
TF120403,TM720403
TF120404,TM720404
TF120405,TM720405
TF120406,TM720406
TF120407,TM720407
TF120408,TM720408
TF120409,TM720409
TF120410,TM720410
TF120411,TM720411
TF120412,TM720412
TF120413,TM720413
TF120414,TM720414
TF120415,TM720415
TF120416,TM720416
TF120417,TM720417
TF120418,TM720418
TF120419,TM720419
TF120420,TM720420
TF120421,TM720421
TF120422,TM720422
TF120423,TM720423
TF120424,TM720424
TF120425,TM720425
TF120426,TM720426
TF120427,TM720427
TF120428,TM720428
TF120429,TM720429
TF120430,TM720430
TF120431,TM720431
TF120432,TM720432
TF120433,TM720433
TF120434,TM720434
TF120435,TM720435
TF120436,TM720436
TF120437,TM720437
TF120438,TM720438
TF120439,TM720439
TF120440,TM720440
TF120441,TM720441
TF120442,TM720442
TF120443,TM720443
TF120444,TM720444
TF120445,TM720445
TF120446,TM720446
TF120447,TM720447
TF120448,TM720448
TF120449,TM720449
TF120450,TM720450
TF120451,TM720451
TF120452,TM720452
TF120453,TM720453
TF120454,TM720454
TF120455,TM720455
TF120456,TM720456
TF120457,TM720457
TF120458,TM720458
TF120459,TM720459
TF120460,TM720460
TF120461,TM720461
TF120462,TM720462
TF120463,TM720463
TF120464,TM720464
TF120465,TM720465
TF120466,TM720466
TF120467,TM720467
TF120468,TM720468
TF120469,TM720469
TF120470,TM720470
TF120471,TM720471
TF120472,TM720472
TF120473,TM720473
TF120474,TM720474
TF120475,TM720475
TF120476,TM720476
TF120477,TM720477
TF120478,TM720478
TF120479,TM720479
TF120480,TM720480
TF120481,TM720481
TF120482,TM720482
TF120483,TM720483
TF120484,TM720484
TF120485,TM720485
TF120486,TM720486
TF120487,TM720487
TF120488,TM720488
TF120489,TM720489
TF120490,TM720490
TF120491,TM720491
TF120492,TM720492
TF120493,TM720493
TF120494,TM720494
TF120495,TM720495
TF120496,TM720496
TF120497,TM720497
TF120498,TM720498
TF120499,TM720499
TF120500,TM720500
TF120501,TM720501
TF120502,TM720502
TF120503,TM720503
TF120504,TM720504
TF120505,TM720505
TF120506,TM720506
TF120507,TM720507
TF120508,TM720508
TF120509,TM720509
TF120510,TM720510
TF120511,TM720511
TF120512,TM720512
TF120513,TM720513
TF120514,TM720514
TF120515,TM720515
TF120516,TM720516
TF120517,TM720517
TF120518,TM720518
TF120519,TM720519
TF120520,TM720520
TF120521,TM720521
TF120522,TM720522
TF120523,TM720523
TF120524,TM720524
TF120525,TM720525
TF120526,TM720526
TF120527,TM720527
TF120528,TM720528
TF120529,TM720529
TF120530,TM720530
TF120531,TM720531
TF120532,TM720532
TF120533,TM720533
TF120534,TM720534
TF120535,TM720535
TF120536,TM720536
TF120537,TM720537
TF120538,TM720538
TF120539,TM720539
TF120540,TM720540
TF120541,TM720541
TF120542,TM720542
TF120543,TM720543
TF120544,TM720544
TF120545,TM720545
TF120546,TM720546
TF120547,TM720547
TF120548,TM720548
TF120549,TM720549
TF120550,TM720550
TF120551,TM720551
TF120552,TM720552
TF120553,TM720553
TF120554,TM720554
TF120555,TM720555
TF120556,TM720556
TF120557,TM720557
TF120558,TM720558
TF120559,TM720559
TF120560,TM720560
TF120561,TM720561
TF120562,TM720562
TF120563,TM720563
TF120564,TM720564
TF120565,TM720565
TF120566,TM720566
TF120567,TM720567
TF120568,TM720568
TF120569,TM720569
TF120570,TM720570
TF120571,TM720571
TF120572,TM720572
TF120573,TM720573
TF120574,TM720574
TF120575,TM720575
TF120576,TM720576
TF120577,TM720577
TF120578,TM720578
TF120579,TM720579
TF120580,TM720580
TF120581,TM720581
TF120582,TM720582
TF120583,TM720583
TF120584,TM720584
TF120585,TM720585
TF120586,TM720586
TF120587,TM720587
TF120588,TM720588
TF120589,TM720589
TF120590,TM720590
TF120591,TM720591
TF120592,TM720592
TF120593,TM720593
TF120594,TM720594
TF120595,TM720595
TF120596,TM720596
TF120597,TM720597
TF120598,TM720598
TF120599,TM720599
TF120600,TM720600
TF120601,TM720601
TF120602,TM720602
TF120603,TM720603
TF120604,TM720604
TF120605,TM720605
TF120606,TM720606
TF120607,TM720607
TF120608,TM720608
TF120609,TM720609
TF120610,TM720610
TF120611,TM720611
TF120612,TM720612
TF120613,TM720613
TF120614,TM720614
TF120615,TM720615
TF120616,TM720616
TF120617,TM720617
TF120618,TM720618
TF120619,TM720619
TF120620,TM720620
TF120621,TM720621
TF120622,TM720622
TF120623,TM720623
TF120624,TM720624
TF120625,TM720625
TF120626,TM720626
TF120627,TM720627
TF120628,TM720628
TF120629,TM720629
TF120630,TM720630
TF120631,TM720631
TF120632,TM720632
TF120633,TM720633
TF120634,TM720634
TF120635,TM720635
TF120636,TM720636
TF120637,TM720637
TF120638,TM720638
TF120639,TM720639
TF120640,TM720640
TF120641,TM720641
TF120642,TM720642
TF120643,TM720643
TF120644,TM720644
TF120645,TM720645
TF120646,TM720646
TF120647,TM720647
TF120648,TM720648
TF120649,TM720649
TF120650,TM720650
TF120651,TM720651
TF120652,TM720652
TF120653,TM720653
TF120654,TM720654
TF120655,TM720655
TF120656,TM720656
TF120657,TM720657
TF120658,TM720658
TF120659,TM720659
TF120660,TM720660
TF120661,TM720661
TF120662,TM720662
TF120663,TM720663
TF120664,TM720664
TF120665,TM720665
TF120666,TM720666
TF120667,TM720667
TF120668,TM720668
TF120669,TM720669
TF120670,TM720670
TF120671,TM720671
TF120672,TM720672
TF120673,TM720673
TF120674,TM720674
TF120675,TM720675
TF120676,TM720676
TF120677,TM720677
TF120678,TM720678
TF120679,TM720679
TF120680,TM720680
TF120681,TM720681
TF120682,TM720682
TF120683,TM720683
TF120684,TM720684
TF120685,TM720685
TF120686,TM720686
TF120687,TM720687
TF120688,TM720688
TF120689,TM720689
TF120690,TM720690
TF120691,TM720691
TF120692,TM720692
TF120693,TM720693
TF120694,TM720694
TF120695,TM720695
TF120696,TM720696
TF120697,TM720697
TF120698,TM720698
TF120699,TM720699
TF120700,TM720700
TF120701,TM720701
TF120702,TM720702
TF120703,TM720703
TF120704,TM720704
TF120705,TM720705
TF120706,TM720706
TF120707,TM720707
TF120708,TM720708
TF120709,TM720709
TF120710,TM720710
TF120711,TM720711
TF120712,TM720712
TF120713,TM720713
TF120714,TM720714
TF120715,TM720715
TF120716,TM720716
TF120717,TM720717
TF120718,TM720718
TF120719,TM720719
TF120720,TM720720
TF120721,TM720721
TF120722,TM720722
TF120723,TM720723
TF120724,TM720724
TF120725,TM720725
TF120726,TM720726
TF120727,TM720727
TF120728,TM720728
TF120729,TM720729
TF120730,TM720730
TF120731,TM720731
TF120732,TM720732
TF120733,TM720733
TF120734,TM720734
TF120735,TM720735
TF120736,TM720736
TF120737,TM720737
TF120738,TM720738
TF120739,TM720739
TF120740,TM720740
TF120741,TM720741
TF120742,TM720742
TF120743,TM720743
TF120744,TM720744
TF120745,TM720745
TF120746,TM720746
TF120747,TM720747
TF120748,TM720748
TF120749,TM720749
TF120750,TM720750
TF120751,TM720751
TF120752,TM720752
TF120753,TM720753
TF120754,TM720754
TF120755,TM720755
TF120756,TM720756
TF120757,TM720757
TF120758,TM720758
TF120759,TM720759
TF120760,TM720760
TF120761,TM720761
TF120762,TM720762
TF120763,TM720763
TF120764,TM720764
TF120765,TM720765
TF120766,TM720766
TF120767,TM720767
TF120768,TM720768
TF120769,TM720769
TF120770,TM720770
TF120771,TM720771
TF120772,TM720772
TF120773,TM720773
TF120774,TM720774
TF120775,TM720775
TF120776,TM720776
TF120777,TM720777
TF120778,TM720778
TF120779,TM720779
TF120780,TM720780
TF120781,TM720781
TF120782,TM720782
TF120783,TM720783
TF120784,TM720784
TF120785,TM720785
TF120786,TM720786
TF120787,TM720787
TF120788,TM720788
TF120789,TM720789
TF120790,TM720790
TF120791,TM720791
TF120792,TM720792
TF120793,TM720793
TF120794,TM720794
TF120795,TM720795
TF120796,TM720796
TF120797,TM720797
TF120798,TM720798
TF120799,TM720799
TF120800,TM720800
TF120801,TM720801
TF120802,TM720802
TF120803,TM720803
TF120804,TM720804
TF120805,TM720805
TF120806,TM720806
TF120807,TM720807
TF120808,TM720808
TF120809,TM720809
TF120810,TM720810
TF120811,TM720811
TF120812,TM720812
TF120813,TM720813
TF120814,TM720814
TF120815,TM720815
TF120816,TM720816
TF120817,TM720817
TF120818,TM720818
TF120819,TM720819
TF120820,TM720820
TF120821,TM720821
TF120822,TM720822
TF120823,TM720823
TF120824,TM720824
TF120825,TM720825
TF120826,TM720826
TF120827,TM720827
TF120828,TM720828
TF120829,TM720829
TF120830,TM720830
TF120831,TM720831
TF120832,TM720832
TF120833,TM720833
TF120834,TM720834
TF120835,TM720835
TF120836,TM720836
TF120837,TM720837
TF120838,TM720838
TF120839,TM720839
TF120840,TM720840
TF120841,TM720841
TF120842,TM720842
TF120843,TM720843
TF120844,TM720844
TF120845,TM720845
TF120846,TM720846
TF120847,TM720847
TF120848,TM720848
TF120849,TM720849
TF120850,TM720850
TF120851,TM720851
TF120852,TM720852
TF120853,TM720853
TF120854,TM720854
TF120855,TM720855
TF120856,TM720856
TF120857,TM720857
TF120858,TM720858
TF120859,TM720859
TF120860,TM720860
TF120861,TM720861
TF120862,TM720862
TF120863,TM720863
TF120864,TM720864
TF120865,TM720865
TF120866,TM720866
TF120867,TM720867
TF120868,TM720868
TF120869,TM720869
TF120870,TM720870
TF120871,TM720871
TF120872,TM720872
TF120873,TM720873
TF120874,TM720874
TF120875,TM720875
TF120876,TM720876
TF120877,TM720877
TF120878,TM720878
TF120879,TM720879
TF120880,TM720880
TF120881,TM720881
TF120882,TM720882
TF120883,TM720883
TF120884,TM720884
TF120885,TM720885
TF120886,TM720886
TF120887,TM720887
TF120888,TM720888
TF120889,TM720889
TF120890,TM720890
TF120891,TM720891
TF120892,TM720892
TF120893,TM720893
TF120894,TM720894
TF120895,TM720895
TF120896,TM720896
TF120897,TM720897
TF120898,TM720898
TF120899,TM720899
TF120900,TM720900
TF120901,TM720901
TF120902,TM720902
TF120903,TM720903
TF120904,TM720904
TF120905,TM720905
TF120906,TM720906
TF120907,TM720907
TF120908,TM720908
TF120909,TM720909
TF120910,TM720910
TF120911,TM720911
TF120912,TM720912
TF120913,TM720913
TF120914,TM720914
TF120915,TM720915
TF120916,TM720916
TF120917,TM720917
TF120918,TM720918
TF120919,TM720919
TF120920,TM720920
TF120921,TM720921
TF120922,TM720922
TF120923,TM720923
TF120924,TM720924
TF120925,TM720925
TF120926,TM720926
TF120927,TM720927
TF120928,TM720928
TF120929,TM720929
TF120930,TM720930
TF120931,TM720931
TF120932,TM720932
TF120933,TM720933
TF120934,TM720934
TF120935,TM720935
TF120936,TM720936
TF120937,TM720937
TF120938,TM720938
TF120939,TM720939
TF120940,TM720940
TF120941,TM720941
TF120942,TM720942
TF120943,TM720943
TF120944,TM720944
TF120945,TM720945
TF120946,TM720946
TF120947,TM720947
TF120948,TM720948
TF120949,TM720949
TF120950,TM720950
TF120951,TM720951
TF120952,TM720952
TF120953,TM720953
TF120954,TM720954
TF120955,TM720955
TF120956,TM720956
TF120957,TM720957
TF120958,TM720958
TF120959,TM720959
TF120960,TM720960
TF120961,TM720961
TF120962,TM720962
TF120963,TM720963
TF120964,TM720964
TF120965,TM720965
TF120966,TM720966
TF120967,TM720967
TF120968,TM720968
TF120969,TM720969
TF120970,TM720970
TF120971,TM720971
TF120972,TM720972
TF120973,TM720973
TF120974,TM720974
TF120975,TM720975
TF120976,TM720976
TF120977,TM720977
TF120978,TM720978
TF120979,TM720979
TF120980,TM720980
TF120981,TM720981
TF120982,TM720982
TF120983,TM720983
TF120984,TM720984
TF120985,TM720985
TF120986,TM720986
TF120987,TM720987
TF120988,TM720988
TF120989,TM720989
TF120990,TM720990
TF120991,TM720991
TF120992,TM720992
TF120993,TM720993
TF120994,TM720994
TF120995,TM720995
TF120996,TM720996
TF120997,TM720997
TF120998,TM720998
TF120999,TM720999
TF121000,TM721000
TF121001,TM721001
TF121002,TM721002
TF121003,TM721003
TF121004,TM721004
TF121005,TM721005
TF121006,TM721006
TF121007,TM721007
TF121008,TM721008
TF121009,TM721009
TF121010,TM721010
TF121011,TM721011
TF121012,TM721012
TF121013,TM721013
TF121014,TM721014
TF121015,TM721015
TF121016,TM721016
TF121017,TM721017
TF121018,TM721018
TF121019,TM721019
TF121020,TM721020
TF121021,TM721021
TF121022,TM721022
TF121023,TM721023
TF121024,TM721024
TF121025,TM721025
TF121026,TM721026
TF121027,TM721027
TF121028,TM721028
TF121029,TM721029
TF121030,TM721030
TF121031,TM721031
TF121032,TM721032
TF121033,TM721033
TF121034,TM721034
TF121035,TM721035
TF121036,TM721036
TF121037,TM721037
TF121038,TM721038
TF121039,TM721039
TF121040,TM721040
TF121041,TM721041
TF121042,TM721042
TF121043,TM721043
TF121044,TM721044
TF121045,TM721045
TF121046,TM721046
TF121047,TM721047
TF121048,TM721048
TF121049,TM721049
TF121050,TM721050
TF121051,TM721051
TF121052,TM721052
TF121053,TM721053
TF121054,TM721054
TF121055,TM721055
TF121056,TM721056
TF121057,TM721057
TF121058,TM721058
TF121059,TM721059
TF121060,TM721060
TF121061,TM721061
TF121062,TM721062
TF121063,TM721063
TF121064,TM721064
TF121065,TM721065
TF121066,TM721066
TF121067,TM721067
TF121068,TM721068
TF121069,TM721069
TF121070,TM721070
TF121071,TM721071
TF121072,TM721072
TF121073,TM721073
TF121074,TM721074
TF121075,TM721075
TF121076,TM721076
TF121077,TM721077
TF121078,TM721078
TF121079,TM721079
TF121080,TM721080
TF121081,TM721081
TF121082,TM721082
TF121083,TM721083
TF121084,TM721084
TF121085,TM721085
TF121086,TM721086
TF121087,TM721087
TF121088,TM721088
TF121089,TM721089
TF121090,TM721090
TF121091,TM721091
TF121092,TM721092
TF121093,TM721093
TF121094,TM721094
TF121095,TM721095
TF121096,TM721096
TF121097,TM721097
TF121098,TM721098
TF121099,TM721099
TF121100,TM721100
TF121101,TM721101
TF121102,TM721102
TF121103,TM721103
TF121104,TM721104
TF121105,TM721105
TF121106,TM721106
TF121107,TM721107
TF121108,TM721108
TF121109,TM721109
TF121110,TM721110
TF121111,TM721111
TF121112,TM721112
TF121113,TM721113
TF121114,TM721114
TF121115,TM721115
TF121116,TM721116
TF121117,TM721117
TF121118,TM721118
TF121119,TM721119
TF121120,TM721120
TF121121,TM721121
TF121122,TM721122
TF121123,TM721123
TF121124,TM721124
TF121125,TM721125
TF121126,TM721126
TF121127,TM721127
TF121128,TM721128
TF121129,TM721129
TF121130,TM721130
TF121131,TM721131
TF121132,TM721132
TF121133,TM721133
TF121134,TM721134
TF121135,TM721135
TF121136,TM721136
TF121137,TM721137
TF121138,TM721138
TF121139,TM721139
TF121140,TM721140
TF121141,TM721141
TF121142,TM721142
TF121143,TM721143
TF121144,TM721144
TF121145,TM721145
TF121146,TM721146
TF121147,TM721147
TF121148,TM721148
TF121149,TM721149
TF121150,TM721150
TF121151,TM721151
TF121152,TM721152
TF121153,TM721153
TF121154,TM721154
TF121155,TM721155
TF121156,TM721156
TF121157,TM721157
TF121158,TM721158
TF121159,TM721159
TF121160,TM721160
TF121161,TM721161
TF121162,TM721162
TF121163,TM721163
TF121164,TM721164
TF121165,TM721165
TF121166,TM721166
TF121167,TM721167
TF121168,TM721168
TF121169,TM721169
TF121170,TM721170
TF121171,TM721171
TF121172,TM721172
TF121173,TM721173
TF121174,TM721174
TF121175,TM721175
TF121176,TM721176
TF121177,TM721177
TF121178,TM721178
TF121179,TM721179
TF121180,TM721180
TF121181,TM721181
TF121182,TM721182
TF121183,TM721183
TF121184,TM721184
TF121185,TM721185
TF121186,TM721186
TF121187,TM721187
TF121188,TM721188
TF121189,TM721189
TF121190,TM721190
TF121191,TM721191
TF121192,TM721192
TF121193,TM721193
TF121194,TM721194
TF121195,TM721195
TF121196,TM721196
TF121197,TM721197
TF121198,TM721198
TF121199,TM721199
TF121200,TM721200
TF121201,TM721201
TF121202,TM721202
TF121203,TM721203
TF121204,TM721204
TF121205,TM721205
TF121206,TM721206
TF121207,TM721207
TF121208,TM721208
TF121209,TM721209
TF121210,TM721210
TF121211,TM721211
TF121212,TM721212
TF121213,TM721213
TF121214,TM721214
TF121215,TM721215
TF121216,TM721216
TF121217,TM721217
TF121218,TM721218
TF121219,TM721219
TF121220,TM721220
TF121221,TM721221
TF121222,TM721222
TF121223,TM721223
TF121224,TM721224
TF121225,TM721225
TF121226,TM721226
TF121227,TM721227
TF121228,TM721228
TF121229,TM721229
TF121230,TM721230
TF121231,TM721231
TF121232,TM721232
TF121233,TM721233
TF121234,TM721234
TF121235,TM721235
TF121236,TM721236
TF121237,TM721237
TF121238,TM721238
TF121239,TM721239
TF121240,TM721240
TF121241,TM721241
TF121242,TM721242
TF121243,TM721243
TF121244,TM721244
TF121245,TM721245
TF121246,TM721246
TF121247,TM721247
TF121248,TM721248
TF121249,TM721249
TF121250,TM721250
TF121251,TM721251
TF121252,TM721252
TF121253,TM721253
TF121254,TM721254
TF121255,TM721255
TF121256,TM721256
TF121257,TM721257
TF121258,TM721258
TF121259,TM721259
TF121260,TM721260
TF121261,TM721261
TF121262,TM721262
TF121263,TM721263
TF121264,TM721264
TF121265,TM721265
TF121266,TM721266
TF121267,TM721267
TF121268,TM721268
TF121269,TM721269
TF121270,TM721270
TF121271,TM721271
TF121272,TM721272
TF121273,TM721273
TF121274,TM721274
TF121275,TM721275
TF121276,TM721276
TF121277,TM721277
TF121278,TM721278
TF121279,TM721279
TF121280,TM721280
TF121281,TM721281
TF121282,TM721282
TF121283,TM721283
TF121284,TM721284
TF121285,TM721285
TF121286,TM721286
TF121287,TM721287
TF121288,TM721288
TF121289,TM721289
TF121290,TM721290
TF121291,TM721291
TF121292,TM721292
TF121293,TM721293
TF121294,TM721294
TF121295,TM721295
TF121296,TM721296
TF121297,TM721297
TF121298,TM721298
TF121299,TM721299
TF121300,TM721300
TF121301,TM721301
TF121302,TM721302
TF121303,TM721303
TF121304,TM721304
TF121305,TM721305
TF121306,TM721306
TF121307,TM721307
TF121308,TM721308
TF121309,TM721309
TF121310,TM721310
TF121311,TM721311
TF121312,TM721312
TF121313,TM721313
TF121314,TM721314
TF121315,TM721315
TF121316,TM721316
TF121317,TM721317
TF121318,TM721318
TF121319,TM721319
TF121320,TM721320
TF121321,TM721321
TF121322,TM721322
TF121323,TM721323
TF121324,TM721324
TF121325,TM721325
TF121326,TM721326
TF121327,TM721327
TF121328,TM721328
TF121329,TM721329
TF121330,TM721330
TF121331,TM721331
TF121332,TM721332
TF121333,TM721333
TF121334,TM721334
TF121335,TM721335
TF121336,TM721336
TF121337,TM721337
TF121338,TM721338
TF121339,TM721339
TF121340,TM721340
TF121341,TM721341
TF121342,TM721342
TF121343,TM721343
TF121344,TM721344
TF121345,TM721345
TF121346,TM721346
TF121347,TM721347
TF121348,TM721348
TF121349,TM721349
TF121350,TM721350
TF121351,TM721351
TF121352,TM721352
TF121353,TM721353
TF121354,TM721354
TF121355,TM721355
TF121356,TM721356
TF121357,TM721357
TF121358,TM721358
TF121359,TM721359
TF121360,TM721360
TF121361,TM721361
TF121362,TM721362
TF121363,TM721363
TF121364,TM721364
TF121365,TM721365
TF121366,TM721366
TF121367,TM721367
TF121368,TM721368
TF121369,TM721369
TF121370,TM721370
TF121371,TM721371
TF121372,TM721372
TF121373,TM721373
TF121374,TM721374
TF121375,TM721375
TF121376,TM721376
TF121377,TM721377
TF121378,TM721378
TF121379,TM721379
TF121380,TM721380
TF121381,TM721381
TF121382,TM721382
TF121383,TM721383
TF121384,TM721384
TF121385,TM721385
TF121386,TM721386
TF121387,TM721387
TF121388,TM721388
TF121389,TM721389
TF121390,TM721390
TF121391,TM721391
TF121392,TM721392
TF121393,TM721393
TF121394,TM721394
TF121395,TM721395
TF121396,TM721396
TF121397,TM721397
TF121398,TM721398
TF121399,TM721399
TF121400,TM721400
TF121401,TM721401
TF121402,TM721402
TF121403,TM721403
TF121404,TM721404
TF121405,TM721405
TF121406,TM721406
TF121407,TM721407
TF121408,TM721408
TF121409,TM721409
TF121410,TM721410
TF121411,TM721411
TF121412,TM721412
TF121413,TM721413
TF121414,TM721414
TF121415,TM721415
TF121416,TM721416
TF121417,TM721417
TF121418,TM721418
TF121419,TM721419
TF121420,TM721420
TF121421,TM721421
TF121422,TM721422
TF121423,TM721423
TF121424,TM721424
TF121425,TM721425
TF121426,TM721426
TF121427,TM721427
TF121428,TM721428
TF121429,TM721429
TF121430,TM721430
TF121431,TM721431
TF121432,TM721432
TF121433,TM721433
TF121434,TM721434
TF121435,TM721435
TF121436,TM721436
TF121437,TM721437
TF121438,TM721438
TF121439,TM721439
TF121440,TM721440
TF121441,TM721441
TF121442,TM721442
TF121443,TM721443
TF121444,TM721444
TF121445,TM721445
TF121446,TM721446
TF121447,TM721447
TF121448,TM721448
TF121449,TM721449
TF121450,TM721450
TF121451,TM721451
TF121452,TM721452
TF121453,TM721453
TF121454,TM721454
TF121455,TM721455
TF121456,TM721456
TF121457,TM721457
TF121458,TM721458
TF121459,TM721459
TF121460,TM721460
TF121461,TM721461
TF121462,TM721462
TF121463,TM721463
TF121464,TM721464
TF121465,TM721465
TF121466,TM721466
TF121467,TM721467
TF121468,TM721468
TF121469,TM721469
TF121470,TM721470
TF121471,TM721471
TF121472,TM721472
TF121473,TM721473
TF121474,TM721474
TF121475,TM721475
TF121476,TM721476
TF121477,TM721477
TF121478,TM721478
TF121479,TM721479
TF121480,TM721480
TF121481,TM721481
TF121482,TM721482
TF121483,TM721483
TF121484,TM721484
TF121485,TM721485
TF121486,TM721486
TF121487,TM721487
TF121488,TM721488
TF121489,TM721489
TF121490,TM721490
TF121491,TM721491
TF121492,TM721492
TF121493,TM721493
TF121494,TM721494
TF121495,TM721495
TF121496,TM721496
TF121497,TM721497
TF121498,TM721498
TF121499,TM721499
TF121500,TM721500
TF121501,TM721501
TF121502,TM721502
TF121503,TM721503
TF121504,TM721504
TF121505,TM721505
TF121506,TM721506
TF121507,TM721507
TF121508,TM721508
TF121509,TM721509
TF121510,TM721510
TF121511,TM721511
TF121512,TM721512
TF121513,TM721513
TF121514,TM721514
TF121515,TM721515
TF121516,TM721516
TF121517,TM721517
TF121518,TM721518
TF121519,TM721519
TF121520,TM721520
TF121521,TM721521
TF121522,TM721522
TF121523,TM721523
TF121524,TM721524
TF121525,TM721525
TF121526,TM721526
TF121527,TM721527
TF121528,TM721528
TF121529,TM721529
TF121530,TM721530
TF121531,TM721531
TF121532,TM721532
TF121533,TM721533
TF121534,TM721534
TF121535,TM721535
TF121536,TM721536
TF121537,TM721537
TF121538,TM721538
TF121539,TM721539
TF121540,TM721540
TF121541,TM721541
TF121542,TM721542
TF121543,TM721543
TF121544,TM721544
TF121545,TM721545
TF121546,TM721546
TF121547,TM721547
TF121548,TM721548
TF121549,TM721549
TF121550,TM721550
TF121551,TM721551
TF121552,TM721552
TF121553,TM721553
TF121554,TM721554
TF121555,TM721555
TF121556,TM721556
TF121557,TM721557
TF121558,TM721558
TF121559,TM721559
TF121560,TM721560
TF121561,TM721561
TF121562,TM721562
TF121563,TM721563
TF121564,TM721564
TF121565,TM721565
TF121566,TM721566
TF121567,TM721567
TF121568,TM721568
TF121569,TM721569
TF121570,TM721570
TF121571,TM721571
TF121572,TM721572
TF121573,TM721573
TF121574,TM721574
TF121575,TM721575
TF121576,TM721576
TF121577,TM721577
TF121578,TM721578
TF121579,TM721579
TF121580,TM721580
TF121581,TM721581
TF121582,TM721582
TF121583,TM721583
TF121584,TM721584
TF121585,TM721585
TF121586,TM721586
TF121587,TM721587
TF121588,TM721588
TF121589,TM721589
TF121590,TM721590
TF121591,TM721591
TF121592,TM721592
TF121593,TM721593
TF121594,TM721594
TF121595,TM721595
TF121596,TM721596
TF121597,TM721597
TF121598,TM721598
TF121599,TM721599
TF121600,TM721600
TF121601,TM721601
TF121602,TM721602
TF121603,TM721603
TF121604,TM721604
TF121605,TM721605
TF121606,TM721606
TF121607,TM721607
TF121608,TM721608
TF121609,TM721609
TF121610,TM721610
TF121611,TM721611
TF121612,TM721612
TF121613,TM721613
TF121614,TM721614
TF121615,TM721615
TF121616,TM721616
TF121617,TM721617
TF121618,TM721618
TF121619,TM721619
TF121620,TM721620
TF121621,TM721621
TF121622,TM721622
TF121623,TM721623
TF121624,TM721624
TF121625,TM721625
TF121626,TM721626
TF121627,TM721627
TF121628,TM721628
TF121629,TM721629
TF121630,TM721630
TF121631,TM721631
TF121632,TM721632
TF121633,TM721633
TF121634,TM721634
TF121635,TM721635
TF121636,TM721636
TF121637,TM721637
TF121638,TM721638
TF121639,TM721639
TF121640,TM721640
TF121641,TM721641
TF121642,TM721642
TF121643,TM721643
TF121644,TM721644
TF121645,TM721645
TF121646,TM721646
TF121647,TM721647
TF121648,TM721648
TF121649,TM721649
TF121650,TM721650
TF121651,TM721651
TF121652,TM721652
TF121653,TM721653
TF121654,TM721654
TF121655,TM721655
TF121656,TM721656
TF121657,TM721657
TF121658,TM721658
TF121659,TM721659
TF121660,TM721660
TF121661,TM721661
TF121662,TM721662
TF121663,TM721663
TF121664,TM721664
TF121665,TM721665
TF121666,TM721666
TF121667,TM721667
TF121668,TM721668
TF121669,TM721669
TF121670,TM721670
TF121671,TM721671
TF121672,TM721672
TF121673,TM721673
TF121674,TM721674
TF121675,TM721675
TF121676,TM721676
TF121677,TM721677
TF121678,TM721678
TF121679,TM721679
TF121680,TM721680
TF121681,TM721681
TF121682,TM721682
TF121683,TM721683
TF121684,TM721684
TF121685,TM721685
TF121686,TM721686
TF121687,TM721687
TF121688,TM721688
TF121689,TM721689
TF121690,TM721690
TF121691,TM721691
TF121692,TM721692
TF121693,TM721693
TF121694,TM721694
TF121695,TM721695
TF121696,TM721696
TF121697,TM721697
TF121698,TM721698
TF121699,TM721699
TF121700,TM721700
TF121701,TM721701
TF121702,TM721702
TF121703,TM721703
TF121704,TM721704
TF121705,TM721705
TF121706,TM721706
TF121707,TM721707
TF121708,TM721708
TF121709,TM721709
TF121710,TM721710
TF121711,TM721711
TF121712,TM721712
TF121713,TM721713
TF121714,TM721714
TF121715,TM721715
TF121716,TM721716
TF121717,TM721717
TF121718,TM721718
TF121719,TM721719
TF121720,TM721720
TF121721,TM721721
TF121722,TM721722
TF121723,TM721723
TF121724,TM721724
TF121725,TM721725
TF121726,TM721726
TF121727,TM721727
TF121728,TM721728
TF121729,TM721729
TF121730,TM721730
TF121731,TM721731
TF121732,TM721732
TF121733,TM721733
TF121734,TM721734
TF121735,TM721735
TF121736,TM721736
TF121737,TM721737
TF121738,TM721738
TF121739,TM721739
TF121740,TM721740
TF121741,TM721741
TF121742,TM721742
TF121743,TM721743
TF121744,TM721744
TF121745,TM721745
TF121746,TM721746
TF121747,TM721747
TF121748,TM721748
TF121749,TM721749
TF121750,TM721750
TF121751,TM721751
TF121752,TM721752
TF121753,TM721753
TF121754,TM721754
TF121755,TM721755
TF121756,TM721756
TF121757,TM721757
TF121758,TM721758
TF121759,TM721759
TF121760,TM721760
TF121761,TM721761
TF121762,TM721762
TF121763,TM721763
TF121764,TM721764
TF121765,TM721765
TF121766,TM721766
TF121767,TM721767
TF121768,TM721768
TF121769,TM721769
TF121770,TM721770
TF121771,TM721771
TF121772,TM721772
TF121773,TM721773
TF121774,TM721774
TF121775,TM721775
TF121776,TM721776
TF121777,TM721777
TF121778,TM721778
TF121779,TM721779
TF121780,TM721780
TF121781,TM721781
TF121782,TM721782
TF121783,TM721783
TF121784,TM721784
TF121785,TM721785
TF121786,TM721786
TF121787,TM721787
TF121788,TM721788
TF121789,TM721789
TF121790,TM721790
TF121791,TM721791
TF121792,TM721792
TF121793,TM721793
TF121794,TM721794
TF121795,TM721795
TF121796,TM721796
TF121797,TM721797
TF121798,TM721798
TF121799,TM721799
TF121800,TM721800
TF121801,TM721801
TF121802,TM721802
TF121803,TM721803
TF121804,TM721804
TF121805,TM721805
TF121806,TM721806
TF121807,TM721807
TF121808,TM721808
TF121809,TM721809
TF121810,TM721810
TF121811,TM721811
TF121812,TM721812
TF121813,TM721813
TF121814,TM721814
TF121815,TM721815
TF121816,TM721816
TF121817,TM721817
TF121818,TM721818
TF121819,TM721819
TF121820,TM721820
TF121821,TM721821
TF121822,TM721822
TF121823,TM721823
TF121824,TM721824
TF121825,TM721825
TF121826,TM721826
TF121827,TM721827
TF121828,TM721828
TF121829,TM721829
TF121830,TM721830
TF121831,TM721831
TF121832,TM721832
TF121833,TM721833
TF121834,TM721834
TF121835,TM721835
TF121836,TM721836
TF121837,TM721837
TF121838,TM721838
TF121839,TM721839
TF121840,TM721840
TF121841,TM721841
TF121842,TM721842
TF121843,TM721843
TF121844,TM721844
TF121845,TM721845
TF121846,TM721846
TF121847,TM721847
TF121848,TM721848
TF121849,TM721849
TF121850,TM721850
TF121851,TM721851
TF121852,TM721852
TF121853,TM721853
TF121854,TM721854
TF121855,TM721855
TF121856,TM721856
TF121857,TM721857
TF121858,TM721858
TF121859,TM721859
TF121860,TM721860
TF121861,TM721861
TF121862,TM721862
TF121863,TM721863
TF121864,TM721864
TF121865,TM721865
TF121866,TM721866
TF121867,TM721867
TF121868,TM721868
TF121869,TM721869
TF121870,TM721870
TF121871,TM721871
TF121872,TM721872
TF121873,TM721873
TF121874,TM721874
TF121875,TM721875
TF121876,TM721876
TF121877,TM721877
TF121878,TM721878
TF121879,TM721879
TF121880,TM721880
TF121881,TM721881
TF121882,TM721882
TF121883,TM721883
TF121884,TM721884
TF121885,TM721885
TF121886,TM721886
TF121887,TM721887
TF121888,TM721888
TF121889,TM721889
TF121890,TM721890
TF121891,TM721891
TF121892,TM721892
TF121893,TM721893
TF121894,TM721894
TF121895,TM721895
TF121896,TM721896
TF121897,TM721897
TF121898,TM721898
TF121899,TM721899
TF121900,TM721900
TF121901,TM721901
TF121902,TM721902
TF121903,TM721903
TF121904,TM721904
TF121905,TM721905
TF121906,TM721906
TF121907,TM721907
TF121908,TM721908
TF121909,TM721909
TF121910,TM721910
TF121911,TM721911
TF121912,TM721912
TF121913,TM721913
TF121914,TM721914
TF121915,TM721915
TF121916,TM721916
TF121917,TM721917
TF121918,TM721918
TF121919,TM721919
TF121920,TM721920
TF121921,TM721921
TF121922,TM721922
TF121923,TM721923
TF121924,TM721924
TF121925,TM721925
TF121926,TM721926
TF121927,TM721927
TF121928,TM721928
TF121929,TM721929
TF121930,TM721930
TF121931,TM721931
TF121932,TM721932
TF121933,TM721933
TF121934,TM721934
TF121935,TM721935
TF121936,TM721936
TF121937,TM721937
TF121938,TM721938
TF121939,TM721939
TF121940,TM721940
TF121941,TM721941
TF121942,TM721942
TF121943,TM721943
TF121944,TM721944
TF121945,TM721945
TF121946,TM721946
TF121947,TM721947
TF121948,TM721948
TF121949,TM721949
TF121950,TM721950
TF121951,TM721951
TF121952,TM721952
TF121953,TM721953
TF121954,TM721954
TF121955,TM721955
TF121956,TM721956
TF121957,TM721957
TF121958,TM721958
TF121959,TM721959
TF121960,TM721960
TF121961,TM721961
TF121962,TM721962
TF121963,TM721963
TF121964,TM721964
TF121965,TM721965
TF121966,TM721966
TF121967,TM721967
TF121968,TM721968
TF121969,TM721969
TF121970,TM721970
TF121971,TM721971
TF121972,TM721972
TF121973,TM721973
TF121974,TM721974
TF121975,TM721975
TF121976,TM721976
TF121977,TM721977
TF121978,TM721978
TF121979,TM721979
TF121980,TM721980
TF121981,TM721981
TF121982,TM721982
TF121983,TM721983
TF121984,TM721984
TF121985,TM721985
TF121986,TM721986
TF121987,TM721987
TF121988,TM721988
TF121989,TM721989
TF121990,TM721990
TF121991,TM721991
TF121992,TM721992
TF121993,TM721993
TF121994,TM721994
TF121995,TM721995
TF121996,TM721996
TF121997,TM721997
TF121998,TM721998
TF121999,TM721999
TF122000,TM722000
TF122001,TM722001
TF122002,TM722002
TF122003,TM722003
TF122004,TM722004
TF122005,TM722005
TF122006,TM722006
TF122007,TM722007
TF122008,TM722008
TF122009,TM722009
TF122010,TM722010
TF122011,TM722011
TF122012,TM722012
TF122013,TM722013
TF122014,TM722014
TF122015,TM722015
TF122016,TM722016
TF122017,TM722017
TF122018,TM722018
TF122019,TM722019
TF122020,TM722020
TF122021,TM722021
TF122022,TM722022
TF122023,TM722023
TF122024,TM722024
TF122025,TM722025
TF122026,TM722026
TF122027,TM722027
TF122028,TM722028
TF122029,TM722029
TF122030,TM722030
TF122031,TM722031
TF122032,TM722032
TF122033,TM722033
TF122034,TM722034
TF122035,TM722035
TF122036,TM722036
TF122037,TM722037
TF122038,TM722038
TF122039,TM722039
TF122040,TM722040
TF122041,TM722041
TF122042,TM722042
TF122043,TM722043
TF122044,TM722044
TF122045,TM722045
TF122046,TM722046
TF122047,TM722047
TF122048,TM722048
TF122049,TM722049
TF122050,TM722050
TF122051,TM722051
TF122052,TM722052
TF122053,TM722053
TF122054,TM722054
TF122055,TM722055
TF122056,TM722056
TF122057,TM722057
TF122058,TM722058
TF122059,TM722059
TF122060,TM722060
TF122061,TM722061
TF122062,TM722062
TF122063,TM722063
TF122064,TM722064
TF122065,TM722065
TF122066,TM722066
TF122067,TM722067
TF122068,TM722068
TF122069,TM722069
TF122070,TM722070
TF122071,TM722071
TF122072,TM722072
TF122073,TM722073
TF122074,TM722074
TF122075,TM722075
TF122076,TM722076
TF122077,TM722077
TF122078,TM722078
TF122079,TM722079
TF122080,TM722080
TF122081,TM722081
TF122082,TM722082
TF122083,TM722083
TF122084,TM722084
TF122085,TM722085
TF122086,TM722086
TF122087,TM722087
TF122088,TM722088
TF122089,TM722089
TF122090,TM722090
TF122091,TM722091
TF122092,TM722092
TF122093,TM722093
TF122094,TM722094
TF122095,TM722095
TF122096,TM722096
TF122097,TM722097
TF122098,TM722098
TF122099,TM722099
TF122100,TM722100
TF122101,TM722101
TF122102,TM722102
TF122103,TM722103
TF122104,TM722104
TF122105,TM722105
TF122106,TM722106
TF122107,TM722107
TF122108,TM722108
TF122109,TM722109
TF122110,TM722110
TF122111,TM722111
TF122112,TM722112
TF122113,TM722113
TF122114,TM722114
TF122115,TM722115
TF122116,TM722116
TF122117,TM722117
TF122118,TM722118
TF122119,TM722119
TF122120,TM722120
TF122121,TM722121
TF122122,TM722122
TF122123,TM722123
TF122124,TM722124
TF122125,TM722125
TF122126,TM722126
TF122127,TM722127
TF122128,TM722128
TF122129,TM722129
TF122130,TM722130
TF122131,TM722131
TF122132,TM722132
TF122133,TM722133
TF122134,TM722134
TF122135,TM722135
TF122136,TM722136
TF122137,TM722137
TF122138,TM722138
TF122139,TM722139
TF122140,TM722140
TF122141,TM722141
TF122142,TM722142
TF122143,TM722143
TF122144,TM722144
TF122145,TM722145
TF122146,TM722146
TF122147,TM722147
TF122148,TM722148
TF122149,TM722149
TF122150,TM722150
TF122151,TM722151
TF122152,TM722152
TF122153,TM722153
TF122154,TM722154
TF122155,TM722155
TF122156,TM722156
TF122157,TM722157
TF122158,TM722158
TF122159,TM722159
TF122160,TM722160
TF122161,TM722161
TF122162,TM722162
TF122163,TM722163
TF122164,TM722164
TF122165,TM722165
TF122166,TM722166
TF122167,TM722167
TF122168,TM722168
TF122169,TM722169
TF122170,TM722170
TF122171,TM722171
TF122172,TM722172
TF122173,TM722173
TF122174,TM722174
TF122175,TM722175
TF122176,TM722176
TF122177,TM722177
TF122178,TM722178
TF122179,TM722179
TF122180,TM722180
TF122181,TM722181
TF122182,TM722182
TF122183,TM722183
TF122184,TM722184
TF122185,TM722185
TF122186,TM722186
TF122187,TM722187
TF122188,TM722188
TF122189,TM722189
TF122190,TM722190
TF122191,TM722191
TF122192,TM722192
TF122193,TM722193
TF122194,TM722194
TF122195,TM722195
TF122196,TM722196
TF122197,TM722197
TF122198,TM722198
TF122199,TM722199
TF122200,TM722200
TF122201,TM722201
TF122202,TM722202
TF122203,TM722203
TF122204,TM722204
TF122205,TM722205
TF122206,TM722206
TF122207,TM722207
TF122208,TM722208
TF122209,TM722209
TF122210,TM722210
TF122211,TM722211
TF122212,TM722212
TF122213,TM722213
TF122214,TM722214
TF122215,TM722215
TF122216,TM722216
TF122217,TM722217
TF122218,TM722218
TF122219,TM722219
TF122220,TM722220
TF122221,TM722221
TF122222,TM722222
TF122223,TM722223
TF122224,TM722224
TF122225,TM722225
TF122226,TM722226
TF122227,TM722227
TF122228,TM722228
TF122229,TM722229
TF122230,TM722230
TF122231,TM722231
TF122232,TM722232
TF122233,TM722233
TF122234,TM722234
TF122235,TM722235
TF122236,TM722236
TF122237,TM722237
TF122238,TM722238
TF122239,TM722239
TF122240,TM722240
TF122241,TM722241
TF122242,TM722242
TF122243,TM722243
TF122244,TM722244
TF122245,TM722245
TF122246,TM722246
TF122247,TM722247
TF122248,TM722248
TF122249,TM722249
TF122250,TM722250
TF122251,TM722251
TF122252,TM722252
TF122253,TM722253
TF122254,TM722254
TF122255,TM722255
TF122256,TM722256
TF122257,TM722257
TF122258,TM722258
TF122259,TM722259
TF122260,TM722260
TF122261,TM722261
TF122262,TM722262
TF122263,TM722263
TF122264,TM722264
TF122265,TM722265
TF122266,TM722266
TF122267,TM722267
TF122268,TM722268
TF122269,TM722269
TF122270,TM722270
TF122271,TM722271
TF122272,TM722272
TF122273,TM722273
TF122274,TM722274
TF122275,TM722275
TF122276,TM722276
TF122277,TM722277
TF122278,TM722278
TF122279,TM722279
TF122280,TM722280
TF122281,TM722281
TF122282,TM722282
TF122283,TM722283
TF122284,TM722284
TF122285,TM722285
TF122286,TM722286
TF122287,TM722287
TF122288,TM722288
TF122289,TM722289
TF122290,TM722290
TF122291,TM722291
TF122292,TM722292
TF122293,TM722293
TF122294,TM722294
TF122295,TM722295
TF122296,TM722296
TF122297,TM722297
TF122298,TM722298
TF122299,TM722299
TF122300,TM722300
TF122301,TM722301
TF122302,TM722302
TF122303,TM722303
TF122304,TM722304
TF122305,TM722305
TF122306,TM722306
TF122307,TM722307
TF122308,TM722308
TF122309,TM722309
TF122310,TM722310
TF122311,TM722311
TF122312,TM722312
TF122313,TM722313
TF122314,TM722314
TF122315,TM722315
TF122316,TM722316
TF122317,TM722317
TF122318,TM722318
TF122319,TM722319
TF122320,TM722320
TF122321,TM722321
TF122322,TM722322
TF122323,TM722323
TF122324,TM722324
TF122325,TM722325
TF122326,TM722326
TF122327,TM722327
TF122328,TM722328
TF122329,TM722329
TF122330,TM722330
TF122331,TM722331
TF122332,TM722332
TF122333,TM722333
TF122334,TM722334
TF122335,TM722335
TF122336,TM722336
TF122337,TM722337
TF122338,TM722338
TF122339,TM722339
TF122340,TM722340
TF122341,TM722341
TF122342,TM722342
TF122343,TM722343
TF122344,TM722344
TF122345,TM722345
TF122346,TM722346
TF122347,TM722347
TF122348,TM722348
TF122349,TM722349
TF122350,TM722350
TF122351,TM722351
TF122352,TM722352
TF122353,TM722353
TF122354,TM722354
TF122355,TM722355
TF122356,TM722356
TF122357,TM722357
TF122358,TM722358
TF122359,TM722359
TF122360,TM722360
TF122361,TM722361
TF122362,TM722362
TF122363,TM722363
TF122364,TM722364
TF122365,TM722365
TF122366,TM722366
TF122367,TM722367
TF122368,TM722368
TF122369,TM722369
TF122370,TM722370
TF122371,TM722371
TF122372,TM722372
TF122373,TM722373
TF122374,TM722374
TF122375,TM722375
TF122376,TM722376
TF122377,TM722377
TF122378,TM722378
TF122379,TM722379
TF122380,TM722380
TF122381,TM722381
TF122382,TM722382
TF122383,TM722383
TF122384,TM722384
TF122385,TM722385
TF122386,TM722386
TF122387,TM722387
TF122388,TM722388
TF122389,TM722389
TF122390,TM722390
TF122391,TM722391
TF122392,TM722392
TF122393,TM722393
TF122394,TM722394
TF122395,TM722395
TF122396,TM722396
TF122397,TM722397
TF122398,TM722398
TF122399,TM722399
TF122400,TM722400
TF122401,TM722401
TF122402,TM722402
TF122403,TM722403
TF122404,TM722404
TF122405,TM722405
TF122406,TM722406
TF122407,TM722407
TF122408,TM722408
TF122409,TM722409
TF122410,TM722410
TF122411,TM722411
TF122412,TM722412
TF122413,TM722413
TF122414,TM722414
TF122415,TM722415
TF122416,TM722416
TF122417,TM722417
TF122418,TM722418
TF122419,TM722419
TF122420,TM722420
TF122421,TM722421
TF122422,TM722422
TF122423,TM722423
TF122424,TM722424
TF122425,TM722425
TF122426,TM722426
TF122427,TM722427
TF122428,TM722428
TF122429,TM722429
TF122430,TM722430
TF122431,TM722431
TF122432,TM722432
TF122433,TM722433
TF122434,TM722434
TF122435,TM722435
TF122436,TM722436
TF122437,TM722437
TF122438,TM722438
TF122439,TM722439
TF122440,TM722440
TF122441,TM722441
TF122442,TM722442
TF122443,TM722443
TF122444,TM722444
TF122445,TM722445
TF122446,TM722446
TF122447,TM722447
TF122448,TM722448
TF122449,TM722449
TF122450,TM722450
TF122451,TM722451
TF122452,TM722452
TF122453,TM722453
TF122454,TM722454
TF122455,TM722455
TF122456,TM722456
TF122457,TM722457
TF122458,TM722458
TF122459,TM722459
TF122460,TM722460
TF122461,TM722461
TF122462,TM722462
TF122463,TM722463
TF122464,TM722464
TF122465,TM722465
TF122466,TM722466
TF122467,TM722467
TF122468,TM722468
TF122469,TM722469
TF122470,TM722470
TF122471,TM722471
TF122472,TM722472
TF122473,TM722473
TF122474,TM722474
TF122475,TM722475
TF122476,TM722476
TF122477,TM722477
TF122478,TM722478
TF122479,TM722479
TF122480,TM722480
TF122481,TM722481
TF122482,TM722482
TF122483,TM722483
TF122484,TM722484
TF122485,TM722485
TF122486,TM722486
TF122487,TM722487
TF122488,TM722488
TF122489,TM722489
TF122490,TM722490
TF122491,TM722491
TF122492,TM722492
TF122493,TM722493
TF122494,TM722494
TF122495,TM722495
TF122496,TM722496
TF122497,TM722497
TF122498,TM722498
TF122499,TM722499
TF122500,TM722500
TF122501,TM722501
TF122502,TM722502
TF122503,TM722503
TF122504,TM722504
TF122505,TM722505
TF122506,TM722506
TF122507,TM722507
TF122508,TM722508
TF122509,TM722509
TF122510,TM722510
TF122511,TM722511
TF122512,TM722512
TF122513,TM722513
TF122514,TM722514
TF122515,TM722515
TF122516,TM722516
TF122517,TM722517
TF122518,TM722518
TF122519,TM722519
TF122520,TM722520
TF122521,TM722521
TF122522,TM722522
TF122523,TM722523
TF122524,TM722524
TF122525,TM722525
TF122526,TM722526
TF122527,TM722527
TF122528,TM722528
TF122529,TM722529
TF122530,TM722530
TF122531,TM722531
TF122532,TM722532
TF122533,TM722533
TF122534,TM722534
TF122535,TM722535
TF122536,TM722536
TF122537,TM722537
TF122538,TM722538
TF122539,TM722539
TF122540,TM722540
TF122541,TM722541
TF122542,TM722542
TF122543,TM722543
TF122544,TM722544
TF122545,TM722545
TF122546,TM722546
TF122547,TM722547
TF122548,TM722548
TF122549,TM722549
TF122550,TM722550
TF122551,TM722551
TF122552,TM722552
TF122553,TM722553
TF122554,TM722554
TF122555,TM722555
TF122556,TM722556
TF122557,TM722557
TF122558,TM722558
TF122559,TM722559
TF122560,TM722560
TF122561,TM722561
TF122562,TM722562
TF122563,TM722563
TF122564,TM722564
TF122565,TM722565
TF122566,TM722566
TF122567,TM722567
TF122568,TM722568
TF122569,TM722569
TF122570,TM722570
TF122571,TM722571
TF122572,TM722572
TF122573,TM722573
TF122574,TM722574
TF122575,TM722575
TF122576,TM722576
TF122577,TM722577
TF122578,TM722578
TF122579,TM722579
TF122580,TM722580
TF122581,TM722581
TF122582,TM722582
TF122583,TM722583
TF122584,TM722584
TF122585,TM722585
TF122586,TM722586
TF122587,TM722587
TF122588,TM722588
TF122589,TM722589
TF122590,TM722590
TF122591,TM722591
TF122592,TM722592
TF122593,TM722593
TF122594,TM722594
TF122595,TM722595
TF122596,TM722596
TF122597,TM722597
TF122598,TM722598
TF122599,TM722599
TF122600,TM722600
TF122601,TM722601
TF122602,TM722602
TF122603,TM722603
TF122604,TM722604
TF122605,TM722605
TF122606,TM722606
TF122607,TM722607
TF122608,TM722608
TF122609,TM722609
TF122610,TM722610
TF122611,TM722611
TF122612,TM722612
TF122613,TM722613
TF122614,TM722614
TF122615,TM722615
TF122616,TM722616
TF122617,TM722617
TF122618,TM722618
TF122619,TM722619
TF122620,TM722620
TF122621,TM722621
TF122622,TM722622
TF122623,TM722623
TF122624,TM722624
TF122625,TM722625
TF122626,TM722626
TF122627,TM722627
TF122628,TM722628
TF122629,TM722629
TF122630,TM722630
TF122631,TM722631
TF122632,TM722632
TF122633,TM722633
TF122634,TM722634
TF122635,TM722635
TF122636,TM722636
TF122637,TM722637
TF122638,TM722638
TF122639,TM722639
TF122640,TM722640
TF122641,TM722641
TF122642,TM722642
TF122643,TM722643
TF122644,TM722644
TF122645,TM722645
TF122646,TM722646
TF122647,TM722647
TF122648,TM722648
TF122649,TM722649
TF122650,TM722650
TF122651,TM722651
TF122652,TM722652
TF122653,TM722653
TF122654,TM722654
TF122655,TM722655
TF122656,TM722656
TF122657,TM722657
TF122658,TM722658
TF122659,TM722659
TF122660,TM722660
TF122661,TM722661
TF122662,TM722662
TF122663,TM722663
TF122664,TM722664
TF122665,TM722665
TF122666,TM722666
TF122667,TM722667
TF122668,TM722668
TF122669,TM722669
TF122670,TM722670
TF122671,TM722671
TF122672,TM722672
TF122673,TM722673
TF122674,TM722674
TF122675,TM722675
TF122676,TM722676
TF122677,TM722677
TF122678,TM722678
TF122679,TM722679
TF122680,TM722680
TF122681,TM722681
TF122682,TM722682
TF122683,TM722683
TF122684,TM722684
TF122685,TM722685
TF122686,TM722686
TF122687,TM722687
TF122688,TM722688
TF122689,TM722689
TF122690,TM722690
TF122691,TM722691
TF122692,TM722692
TF122693,TM722693
TF122694,TM722694
TF122695,TM722695
TF122696,TM722696
TF122697,TM722697
TF122698,TM722698
TF122699,TM722699
TF122700,TM722700
TF122701,TM722701
TF122702,TM722702
TF122703,TM722703
TF122704,TM722704
TF122705,TM722705
TF122706,TM722706
TF122707,TM722707
TF122708,TM722708
TF122709,TM722709
TF122710,TM722710
TF122711,TM722711
TF122712,TM722712
TF122713,TM722713
TF122714,TM722714
TF122715,TM722715
TF122716,TM722716
TF122717,TM722717
TF122718,TM722718
TF122719,TM722719
TF122720,TM722720
TF122721,TM722721
TF122722,TM722722
TF122723,TM722723
TF122724,TM722724
TF122725,TM722725
TF122726,TM722726
TF122727,TM722727
TF122728,TM722728
TF122729,TM722729
TF122730,TM722730
TF122731,TM722731
TF122732,TM722732
TF122733,TM722733
TF122734,TM722734
TF122735,TM722735
TF122736,TM722736
TF122737,TM722737
TF122738,TM722738
TF122739,TM722739
TF122740,TM722740
TF122741,TM722741
TF122742,TM722742
TF122743,TM722743
TF122744,TM722744
TF122745,TM722745
TF122746,TM722746
TF122747,TM722747
TF122748,TM722748
TF122749,TM722749
TF122750,TM722750
TF122751,TM722751
TF122752,TM722752
TF122753,TM722753
TF122754,TM722754
TF122755,TM722755
TF122756,TM722756
TF122757,TM722757
TF122758,TM722758
TF122759,TM722759
TF122760,TM722760
TF122761,TM722761
TF122762,TM722762
TF122763,TM722763
TF122764,TM722764
TF122765,TM722765
TF122766,TM722766
TF122767,TM722767
TF122768,TM722768
TF122769,TM722769
TF122770,TM722770
TF122771,TM722771
TF122772,TM722772
TF122773,TM722773
TF122774,TM722774
TF122775,TM722775
TF122776,TM722776
TF122777,TM722777
TF122778,TM722778
TF122779,TM722779
TF122780,TM722780
TF122781,TM722781
TF122782,TM722782
TF122783,TM722783
TF122784,TM722784
TF122785,TM722785
TF122786,TM722786
TF122787,TM722787
TF122788,TM722788
TF122789,TM722789
TF122790,TM722790
TF122791,TM722791
TF122792,TM722792
TF122793,TM722793
TF122794,TM722794
TF122795,TM722795
TF122796,TM722796
TF122797,TM722797
TF122798,TM722798
TF122799,TM722799
TF122800,TM722800
TF122801,TM722801
TF122802,TM722802
TF122803,TM722803
TF122804,TM722804
TF122805,TM722805
TF122806,TM722806
TF122807,TM722807
TF122808,TM722808
TF122809,TM722809
TF122810,TM722810
TF122811,TM722811
TF122812,TM722812
TF122813,TM722813
TF122814,TM722814
TF122815,TM722815
TF122816,TM722816
TF122817,TM722817
TF122818,TM722818
TF122819,TM722819
TF122820,TM722820
TF122821,TM722821
TF122822,TM722822
TF122823,TM722823
TF122824,TM722824
TF122825,TM722825
TF122826,TM722826
TF122827,TM722827
TF122828,TM722828
TF122829,TM722829
TF122830,TM722830
TF122831,TM722831
TF122832,TM722832
TF122833,TM722833
TF122834,TM722834
TF122835,TM722835
TF122836,TM722836
TF122837,TM722837
TF122838,TM722838
TF122839,TM722839
TF122840,TM722840
TF122841,TM722841
TF122842,TM722842
TF122843,TM722843
TF122844,TM722844
TF122845,TM722845
TF122846,TM722846
TF122847,TM722847
TF122848,TM722848
TF122849,TM722849
TF122850,TM722850
TF122851,TM722851
TF122852,TM722852
TF122853,TM722853
TF122854,TM722854
TF122855,TM722855
TF122856,TM722856
TF122857,TM722857
TF122858,TM722858
TF122859,TM722859
TF122860,TM722860
TF122861,TM722861
TF122862,TM722862
TF122863,TM722863
TF122864,TM722864
TF122865,TM722865
TF122866,TM722866
TF122867,TM722867
TF122868,TM722868
TF122869,TM722869
TF122870,TM722870
TF122871,TM722871
TF122872,TM722872
TF122873,TM722873
TF122874,TM722874
TF122875,TM722875
TF122876,TM722876
TF122877,TM722877
TF122878,TM722878
TF122879,TM722879
TF122880,TM722880
TF122881,TM722881
TF122882,TM722882
TF122883,TM722883
TF122884,TM722884
TF122885,TM722885
TF122886,TM722886
TF122887,TM722887
TF122888,TM722888
TF122889,TM722889
TF122890,TM722890
TF122891,TM722891
TF122892,TM722892
TF122893,TM722893
TF122894,TM722894
TF122895,TM722895
TF122896,TM722896
TF122897,TM722897
TF122898,TM722898
TF122899,TM722899
TF122900,TM722900
TF122901,TM722901
TF122902,TM722902
TF122903,TM722903
TF122904,TM722904
TF122905,TM722905
TF122906,TM722906
TF122907,TM722907
TF122908,TM722908
TF122909,TM722909
TF122910,TM722910
TF122911,TM722911
TF122912,TM722912
TF122913,TM722913
TF122914,TM722914
TF122915,TM722915
TF122916,TM722916
TF122917,TM722917
TF122918,TM722918
TF122919,TM722919
TF122920,TM722920
TF122921,TM722921
TF122922,TM722922
TF122923,TM722923
TF122924,TM722924
TF122925,TM722925
TF122926,TM722926
TF122927,TM722927
TF122928,TM722928
TF122929,TM722929
TF122930,TM722930
TF122931,TM722931
TF122932,TM722932
TF122933,TM722933
TF122934,TM722934
TF122935,TM722935
TF122936,TM722936
TF122937,TM722937
TF122938,TM722938
TF122939,TM722939
TF122940,TM722940
TF122941,TM722941
TF122942,TM722942
TF122943,TM722943
TF122944,TM722944
TF122945,TM722945
TF122946,TM722946
TF122947,TM722947
TF122948,TM722948
TF122949,TM722949
TF122950,TM722950
TF122951,TM722951
TF122952,TM722952
TF122953,TM722953
TF122954,TM722954
TF122955,TM722955
TF122956,TM722956
TF122957,TM722957
TF122958,TM722958
TF122959,TM722959
TF122960,TM722960
TF122961,TM722961
TF122962,TM722962
TF122963,TM722963
TF122964,TM722964
TF122965,TM722965
TF122966,TM722966
TF122967,TM722967
TF122968,TM722968
TF122969,TM722969
TF122970,TM722970
TF122971,TM722971
TF122972,TM722972
TF122973,TM722973
TF122974,TM722974
TF122975,TM722975
TF122976,TM722976
TF122977,TM722977
TF122978,TM722978
TF122979,TM722979
TF122980,TM722980
TF122981,TM722981
TF122982,TM722982
TF122983,TM722983
TF122984,TM722984
TF122985,TM722985
TF122986,TM722986
TF122987,TM722987
TF122988,TM722988
TF122989,TM722989
TF122990,TM722990
TF122991,TM722991
TF122992,TM722992
TF122993,TM722993
TF122994,TM722994
TF122995,TM722995
TF122996,TM722996
TF122997,TM722997
TF122998,TM722998
TF122999,TM722999
TF123000,TM723000
TF123001,TM723001
TF123002,TM723002
TF123003,TM723003
TF123004,TM723004
TF123005,TM723005
TF123006,TM723006
TF123007,TM723007
TF123008,TM723008
TF123009,TM723009
TF123010,TM723010
TF123011,TM723011
TF123012,TM723012
TF123013,TM723013
TF123014,TM723014
TF123015,TM723015
TF123016,TM723016
TF123017,TM723017
TF123018,TM723018
TF123019,TM723019
TF123020,TM723020
TF123021,TM723021
TF123022,TM723022
TF123023,TM723023
TF123024,TM723024
TF123025,TM723025
TF123026,TM723026
TF123027,TM723027
TF123028,TM723028
TF123029,TM723029
TF123030,TM723030
TF123031,TM723031
TF123032,TM723032
TF123033,TM723033
TF123034,TM723034
TF123035,TM723035
TF123036,TM723036
TF123037,TM723037
TF123038,TM723038
TF123039,TM723039
TF123040,TM723040
TF123041,TM723041
TF123042,TM723042
TF123043,TM723043
TF123044,TM723044
TF123045,TM723045
TF123046,TM723046
TF123047,TM723047
TF123048,TM723048
TF123049,TM723049
TF123050,TM723050
TF123051,TM723051
TF123052,TM723052
TF123053,TM723053
TF123054,TM723054
TF123055,TM723055
TF123056,TM723056
TF123057,TM723057
TF123058,TM723058
TF123059,TM723059
TF123060,TM723060
TF123061,TM723061
TF123062,TM723062
TF123063,TM723063
TF123064,TM723064
TF123065,TM723065
TF123066,TM723066
TF123067,TM723067
TF123068,TM723068
TF123069,TM723069
TF123070,TM723070
TF123071,TM723071
TF123072,TM723072
TF123073,TM723073
TF123074,TM723074
TF123075,TM723075
TF123076,TM723076
TF123077,TM723077
TF123078,TM723078
TF123079,TM723079
TF123080,TM723080
TF123081,TM723081
TF123082,TM723082
TF123083,TM723083
TF123084,TM723084
TF123085,TM723085
TF123086,TM723086
TF123087,TM723087
TF123088,TM723088
TF123089,TM723089
TF123090,TM723090
TF123091,TM723091
TF123092,TM723092
TF123093,TM723093
TF123094,TM723094
TF123095,TM723095
TF123096,TM723096
TF123097,TM723097
TF123098,TM723098
TF123099,TM723099
TF123100,TM723100
TF123101,TM723101
TF123102,TM723102
TF123103,TM723103
TF123104,TM723104
TF123105,TM723105
TF123106,TM723106
TF123107,TM723107
TF123108,TM723108
TF123109,TM723109
TF123110,TM723110
TF123111,TM723111
TF123112,TM723112
TF123113,TM723113
TF123114,TM723114
TF123115,TM723115
TF123116,TM723116
TF123117,TM723117
TF123118,TM723118
TF123119,TM723119
TF123120,TM723120
TF123121,TM723121
TF123122,TM723122
TF123123,TM723123
TF123124,TM723124
TF123125,TM723125
TF123126,TM723126
TF123127,TM723127
TF123128,TM723128
TF123129,TM723129
TF123130,TM723130
TF123131,TM723131
TF123132,TM723132
TF123133,TM723133
TF123134,TM723134
TF123135,TM723135
TF123136,TM723136
TF123137,TM723137
TF123138,TM723138
TF123139,TM723139
TF123140,TM723140
TF123141,TM723141
TF123142,TM723142
TF123143,TM723143
TF123144,TM723144
TF123145,TM723145
TF123146,TM723146
TF123147,TM723147
TF123148,TM723148
TF123149,TM723149
TF123150,TM723150
TF123151,TM723151
TF123152,TM723152
TF123153,TM723153
TF123154,TM723154
TF123155,TM723155
TF123156,TM723156
TF123157,TM723157
TF123158,TM723158
TF123159,TM723159
TF123160,TM723160
TF123161,TM723161
TF123162,TM723162
TF123163,TM723163
TF123164,TM723164
TF123165,TM723165
TF123166,TM723166
TF123167,TM723167
TF123168,TM723168
TF123169,TM723169
TF123170,TM723170
TF123171,TM723171
TF123172,TM723172
TF123173,TM723173
TF123174,TM723174
TF123175,TM723175
TF123176,TM723176
TF123177,TM723177
TF123178,TM723178
TF123179,TM723179
TF123180,TM723180
TF123181,TM723181
TF123182,TM723182
TF123183,TM723183
TF123184,TM723184
TF123185,TM723185
TF123186,TM723186
TF123187,TM723187
TF123188,TM723188
TF123189,TM723189
TF123190,TM723190
TF123191,TM723191
TF123192,TM723192
TF123193,TM723193
TF123194,TM723194
TF123195,TM723195
TF123196,TM723196
TF123197,TM723197
TF123198,TM723198
TF123199,TM723199
TF123200,TM723200
TF123201,TM723201
TF123202,TM723202
TF123203,TM723203
TF123204,TM723204
TF123205,TM723205
TF123206,TM723206
TF123207,TM723207
TF123208,TM723208
TF123209,TM723209
TF123210,TM723210
TF123211,TM723211
TF123212,TM723212
TF123213,TM723213
TF123214,TM723214
TF123215,TM723215
TF123216,TM723216
TF123217,TM723217
TF123218,TM723218
TF123219,TM723219
TF123220,TM723220
TF123221,TM723221
TF123222,TM723222
TF123223,TM723223
TF123224,TM723224
TF123225,TM723225
TF123226,TM723226
TF123227,TM723227
TF123228,TM723228
TF123229,TM723229
TF123230,TM723230
TF123231,TM723231
TF123232,TM723232
TF123233,TM723233
TF123234,TM723234
TF123235,TM723235
TF123236,TM723236
TF123237,TM723237
TF123238,TM723238
TF123239,TM723239
TF123240,TM723240
TF123241,TM723241
TF123242,TM723242
TF123243,TM723243
TF123244,TM723244
TF123245,TM723245
TF123246,TM723246
TF123247,TM723247
TF123248,TM723248
TF123249,TM723249
TF123250,TM723250
TF123251,TM723251
TF123252,TM723252
TF123253,TM723253
TF123254,TM723254
TF123255,TM723255
TF123256,TM723256
TF123257,TM723257
TF123258,TM723258
TF123259,TM723259
TF123260,TM723260
TF123261,TM723261
TF123262,TM723262
TF123263,TM723263
TF123264,TM723264
TF123265,TM723265
TF123266,TM723266
TF123267,TM723267
TF123268,TM723268
TF123269,TM723269
TF123270,TM723270
TF123271,TM723271
TF123272,TM723272
TF123273,TM723273
TF123274,TM723274
TF123275,TM723275
TF123276,TM723276
TF123277,TM723277
TF123278,TM723278
TF123279,TM723279
TF123280,TM723280
TF123281,TM723281
TF123282,TM723282
TF123283,TM723283
TF123284,TM723284
TF123285,TM723285
TF123286,TM723286
TF123287,TM723287
TF123288,TM723288
TF123289,TM723289
TF123290,TM723290
TF123291,TM723291
TF123292,TM723292
TF123293,TM723293
TF123294,TM723294
TF123295,TM723295
TF123296,TM723296
TF123297,TM723297
TF123298,TM723298
TF123299,TM723299
TF123300,TM723300
TF123301,TM723301
TF123302,TM723302
TF123303,TM723303
TF123304,TM723304
TF123305,TM723305
TF123306,TM723306
TF123307,TM723307
TF123308,TM723308
TF123309,TM723309
TF123310,TM723310
TF123311,TM723311
TF123312,TM723312
TF123313,TM723313
TF123314,TM723314
TF123315,TM723315
TF123316,TM723316
TF123317,TM723317
TF123318,TM723318
TF123319,TM723319
TF123320,TM723320
TF123321,TM723321
TF123322,TM723322
TF123323,TM723323
TF123324,TM723324
TF123325,TM723325
TF123326,TM723326
TF123327,TM723327
TF123328,TM723328
TF123329,TM723329
TF123330,TM723330
TF123331,TM723331
TF123332,TM723332
TF123333,TM723333
TF123334,TM723334
TF123335,TM723335
TF123336,TM723336
TF123337,TM723337
TF123338,TM723338
TF123339,TM723339
TF123340,TM723340
TF123341,TM723341
TF123342,TM723342
TF123343,TM723343
TF123344,TM723344
TF123345,TM723345
TF123346,TM723346
TF123347,TM723347
TF123348,TM723348
TF123349,TM723349
TF123350,TM723350
TF123351,TM723351
TF123352,TM723352
TF123353,TM723353
TF123354,TM723354
TF123355,TM723355
TF123356,TM723356
TF123357,TM723357
TF123358,TM723358
TF123359,TM723359
TF123360,TM723360
TF123361,TM723361
TF123362,TM723362
TF123363,TM723363
TF123364,TM723364
TF123365,TM723365
TF123366,TM723366
TF123367,TM723367
TF123368,TM723368
TF123369,TM723369
TF123370,TM723370
TF123371,TM723371
TF123372,TM723372
TF123373,TM723373
TF123374,TM723374
TF123375,TM723375
TF123376,TM723376
TF123377,TM723377
TF123378,TM723378
TF123379,TM723379
TF123380,TM723380
TF123381,TM723381
TF123382,TM723382
TF123383,TM723383
TF123384,TM723384
TF123385,TM723385
TF123386,TM723386
TF123387,TM723387
TF123388,TM723388
TF123389,TM723389
TF123390,TM723390
TF123391,TM723391
TF123392,TM723392
TF123393,TM723393
TF123394,TM723394
TF123395,TM723395
TF123396,TM723396
TF123397,TM723397
TF123398,TM723398
TF123399,TM723399
TF123400,TM723400
TF123401,TM723401
TF123402,TM723402
TF123403,TM723403
TF123404,TM723404
TF123405,TM723405
TF123406,TM723406
TF123407,TM723407
TF123408,TM723408
TF123409,TM723409
TF123410,TM723410
TF123411,TM723411
TF123412,TM723412
TF123413,TM723413
TF123414,TM723414
TF123415,TM723415
TF123416,TM723416
TF123417,TM723417
TF123418,TM723418
TF123419,TM723419
TF123420,TM723420
TF123421,TM723421
TF123422,TM723422
TF123423,TM723423
TF123424,TM723424
TF123425,TM723425
TF123426,TM723426
TF123427,TM723427
TF123428,TM723428
TF123429,TM723429
TF123430,TM723430
TF123431,TM723431
TF123432,TM723432
TF123433,TM723433
TF123434,TM723434
TF123435,TM723435
TF123436,TM723436
TF123437,TM723437
TF123438,TM723438
TF123439,TM723439
TF123440,TM723440
TF123441,TM723441
TF123442,TM723442
TF123443,TM723443
TF123444,TM723444
TF123445,TM723445
TF123446,TM723446
TF123447,TM723447
TF123448,TM723448
TF123449,TM723449
TF123450,TM723450
TF123451,TM723451
TF123452,TM723452
TF123453,TM723453
TF123454,TM723454
TF123455,TM723455
TF123456,TM723456
TF123457,TM723457
TF123458,TM723458
TF123459,TM723459
TF123460,TM723460
TF123461,TM723461
TF123462,TM723462
TF123463,TM723463
TF123464,TM723464
TF123465,TM723465
TF123466,TM723466
TF123467,TM723467
TF123468,TM723468
TF123469,TM723469
TF123470,TM723470
TF123471,TM723471
TF123472,TM723472
TF123473,TM723473
TF123474,TM723474
TF123475,TM723475
TF123476,TM723476
TF123477,TM723477
TF123478,TM723478
TF123479,TM723479
TF123480,TM723480
TF123481,TM723481
TF123482,TM723482
TF123483,TM723483
TF123484,TM723484
TF123485,TM723485
TF123486,TM723486
TF123487,TM723487
TF123488,TM723488
TF123489,TM723489
TF123490,TM723490
TF123491,TM723491
TF123492,TM723492
TF123493,TM723493
TF123494,TM723494
TF123495,TM723495
TF123496,TM723496
TF123497,TM723497
TF123498,TM723498
TF123499,TM723499
TF123500,TM723500
TF123501,TM723501
TF123502,TM723502
TF123503,TM723503
TF123504,TM723504
TF123505,TM723505
TF123506,TM723506
TF123507,TM723507
TF123508,TM723508
TF123509,TM723509
TF123510,TM723510
TF123511,TM723511
TF123512,TM723512
TF123513,TM723513
TF123514,TM723514
TF123515,TM723515
TF123516,TM723516
TF123517,TM723517
TF123518,TM723518
TF123519,TM723519
TF123520,TM723520
TF123521,TM723521
TF123522,TM723522
TF123523,TM723523
TF123524,TM723524
TF123525,TM723525
TF123526,TM723526
TF123527,TM723527
TF123528,TM723528
TF123529,TM723529
TF123530,TM723530
TF123531,TM723531
TF123532,TM723532
TF123533,TM723533
TF123534,TM723534
TF123535,TM723535
TF123536,TM723536
TF123537,TM723537
TF123538,TM723538
TF123539,TM723539
TF123540,TM723540
TF123541,TM723541
TF123542,TM723542
TF123543,TM723543
TF123544,TM723544
TF123545,TM723545
TF123546,TM723546
TF123547,TM723547
TF123548,TM723548
TF123549,TM723549
TF123550,TM723550
TF123551,TM723551
TF123552,TM723552
TF123553,TM723553
TF123554,TM723554
TF123555,TM723555
TF123556,TM723556
TF123557,TM723557
TF123558,TM723558
TF123559,TM723559
TF123560,TM723560
TF123561,TM723561
TF123562,TM723562
TF123563,TM723563
TF123564,TM723564
TF123565,TM723565
TF123566,TM723566
TF123567,TM723567
TF123568,TM723568
TF123569,TM723569
TF123570,TM723570
TF123571,TM723571
TF123572,TM723572
TF123573,TM723573
TF123574,TM723574
TF123575,TM723575
TF123576,TM723576
TF123577,TM723577
TF123578,TM723578
TF123579,TM723579
TF123580,TM723580
TF123581,TM723581
TF123582,TM723582
TF123583,TM723583
TF123584,TM723584
TF123585,TM723585
TF123586,TM723586
TF123587,TM723587
TF123588,TM723588
TF123589,TM723589
TF123590,TM723590
TF123591,TM723591
TF123592,TM723592
TF123593,TM723593
TF123594,TM723594
TF123595,TM723595
TF123596,TM723596
TF123597,TM723597
TF123598,TM723598
TF123599,TM723599
TF123600,TM723600
TF123601,TM723601
TF123602,TM723602
TF123603,TM723603
TF123604,TM723604
TF123605,TM723605
TF123606,TM723606
TF123607,TM723607
TF123608,TM723608
TF123609,TM723609
TF123610,TM723610
TF123611,TM723611
TF123612,TM723612
TF123613,TM723613
TF123614,TM723614
TF123615,TM723615
TF123616,TM723616
TF123617,TM723617
TF123618,TM723618
TF123619,TM723619
TF123620,TM723620
TF123621,TM723621
TF123622,TM723622
TF123623,TM723623
TF123624,TM723624
TF123625,TM723625
TF123626,TM723626
TF123627,TM723627
TF123628,TM723628
TF123629,TM723629
TF123630,TM723630
TF123631,TM723631
TF123632,TM723632
TF123633,TM723633
TF123634,TM723634
TF123635,TM723635
TF123636,TM723636
TF123637,TM723637
TF123638,TM723638
TF123639,TM723639
TF123640,TM723640
TF123641,TM723641
TF123642,TM723642
TF123643,TM723643
TF123644,TM723644
TF123645,TM723645
TF123646,TM723646
TF123647,TM723647
TF123648,TM723648
TF123649,TM723649
TF123650,TM723650
TF123651,TM723651
TF123652,TM723652
TF123653,TM723653
TF123654,TM723654
TF123655,TM723655
TF123656,TM723656
TF123657,TM723657
TF123658,TM723658
TF123659,TM723659
TF123660,TM723660
TF123661,TM723661
TF123662,TM723662
TF123663,TM723663
TF123664,TM723664
TF123665,TM723665
TF123666,TM723666
TF123667,TM723667
TF123668,TM723668
TF123669,TM723669
TF123670,TM723670
TF123671,TM723671
TF123672,TM723672
TF123673,TM723673
TF123674,TM723674
TF123675,TM723675
TF123676,TM723676
TF123677,TM723677
TF123678,TM723678
TF123679,TM723679
TF123680,TM723680
TF123681,TM723681
TF123682,TM723682
TF123683,TM723683
TF123684,TM723684
TF123685,TM723685
TF123686,TM723686
TF123687,TM723687
TF123688,TM723688
TF123689,TM723689
TF123690,TM723690
TF123691,TM723691
TF123692,TM723692
TF123693,TM723693
TF123694,TM723694
TF123695,TM723695
TF123696,TM723696
TF123697,TM723697
TF123698,TM723698
TF123699,TM723699
TF123700,TM723700
TF123701,TM723701
TF123702,TM723702
TF123703,TM723703
TF123704,TM723704
TF123705,TM723705
TF123706,TM723706
TF123707,TM723707
TF123708,TM723708
TF123709,TM723709
TF123710,TM723710
TF123711,TM723711
TF123712,TM723712
TF123713,TM723713
TF123714,TM723714
TF123715,TM723715
TF123716,TM723716
TF123717,TM723717
TF123718,TM723718
TF123719,TM723719
TF123720,TM723720
TF123721,TM723721
TF123722,TM723722
TF123723,TM723723
TF123724,TM723724
TF123725,TM723725
TF123726,TM723726
TF123727,TM723727
TF123728,TM723728
TF123729,TM723729
TF123730,TM723730
TF123731,TM723731
TF123732,TM723732
TF123733,TM723733
TF123734,TM723734
TF123735,TM723735
TF123736,TM723736
TF123737,TM723737
TF123738,TM723738
TF123739,TM723739
TF123740,TM723740
TF123741,TM723741
TF123742,TM723742
TF123743,TM723743
TF123744,TM723744
TF123745,TM723745
TF123746,TM723746
TF123747,TM723747
TF123748,TM723748
TF123749,TM723749
TF123750,TM723750
TF123751,TM723751
TF123752,TM723752
TF123753,TM723753
TF123754,TM723754
TF123755,TM723755
TF123756,TM723756
TF123757,TM723757
TF123758,TM723758
TF123759,TM723759
TF123760,TM723760
TF123761,TM723761
TF123762,TM723762
TF123763,TM723763
TF123764,TM723764
TF123765,TM723765
TF123766,TM723766
TF123767,TM723767
TF123768,TM723768
TF123769,TM723769
TF123770,TM723770
TF123771,TM723771
TF123772,TM723772
TF123773,TM723773
TF123774,TM723774
TF123775,TM723775
TF123776,TM723776
TF123777,TM723777
TF123778,TM723778
TF123779,TM723779
TF123780,TM723780
TF123781,TM723781
TF123782,TM723782
TF123783,TM723783
TF123784,TM723784
TF123785,TM723785
TF123786,TM723786
TF123787,TM723787
TF123788,TM723788
TF123789,TM723789
TF123790,TM723790
TF123791,TM723791
TF123792,TM723792
TF123793,TM723793
TF123794,TM723794
TF123795,TM723795
TF123796,TM723796
TF123797,TM723797
TF123798,TM723798
TF123799,TM723799
TF123800,TM723800
TF123801,TM723801
TF123802,TM723802
TF123803,TM723803
TF123804,TM723804
TF123805,TM723805
TF123806,TM723806
TF123807,TM723807
TF123808,TM723808
TF123809,TM723809
TF123810,TM723810
TF123811,TM723811
TF123812,TM723812
TF123813,TM723813
TF123814,TM723814
TF123815,TM723815
TF123816,TM723816
TF123817,TM723817
TF123818,TM723818
TF123819,TM723819
TF123820,TM723820
TF123821,TM723821
TF123822,TM723822
TF123823,TM723823
TF123824,TM723824
TF123825,TM723825
TF123826,TM723826
TF123827,TM723827
TF123828,TM723828
TF123829,TM723829
TF123830,TM723830
TF123831,TM723831
TF123832,TM723832
TF123833,TM723833
TF123834,TM723834
TF123835,TM723835
TF123836,TM723836
TF123837,TM723837
TF123838,TM723838
TF123839,TM723839
TF123840,TM723840
TF123841,TM723841
TF123842,TM723842
TF123843,TM723843
TF123844,TM723844
TF123845,TM723845
TF123846,TM723846
TF123847,TM723847
TF123848,TM723848
TF123849,TM723849
TF123850,TM723850
TF123851,TM723851
TF123852,TM723852
TF123853,TM723853
TF123854,TM723854
TF123855,TM723855
TF123856,TM723856
TF123857,TM723857
TF123858,TM723858
TF123859,TM723859
TF123860,TM723860
TF123861,TM723861
TF123862,TM723862
TF123863,TM723863
TF123864,TM723864
TF123865,TM723865
TF123866,TM723866
TF123867,TM723867
TF123868,TM723868
TF123869,TM723869
TF123870,TM723870
TF123871,TM723871
TF123872,TM723872
TF123873,TM723873
TF123874,TM723874
TF123875,TM723875
TF123876,TM723876
TF123877,TM723877
TF123878,TM723878
TF123879,TM723879
TF123880,TM723880
TF123881,TM723881
TF123882,TM723882
TF123883,TM723883
TF123884,TM723884
TF123885,TM723885
TF123886,TM723886
TF123887,TM723887
TF123888,TM723888
TF123889,TM723889
TF123890,TM723890
TF123891,TM723891
TF123892,TM723892
TF123893,TM723893
TF123894,TM723894
TF123895,TM723895
TF123896,TM723896
TF123897,TM723897
TF123898,TM723898
TF123899,TM723899
TF123900,TM723900
TF123901,TM723901
TF123902,TM723902
TF123903,TM723903
TF123904,TM723904
TF123905,TM723905
TF123906,TM723906
TF123907,TM723907
TF123908,TM723908
TF123909,TM723909
TF123910,TM723910
TF123911,TM723911
TF123912,TM723912
TF123913,TM723913
TF123914,TM723914
TF123915,TM723915
TF123916,TM723916
TF123917,TM723917
TF123918,TM723918
TF123919,TM723919
TF123920,TM723920
TF123921,TM723921
TF123922,TM723922
TF123923,TM723923
TF123924,TM723924
TF123925,TM723925
TF123926,TM723926
TF123927,TM723927
TF123928,TM723928
TF123929,TM723929
TF123930,TM723930
TF123931,TM723931
TF123932,TM723932
TF123933,TM723933
TF123934,TM723934
TF123935,TM723935
TF123936,TM723936
TF123937,TM723937
TF123938,TM723938
TF123939,TM723939
TF123940,TM723940
TF123941,TM723941
TF123942,TM723942
TF123943,TM723943
TF123944,TM723944
TF123945,TM723945
TF123946,TM723946
TF123947,TM723947
TF123948,TM723948
TF123949,TM723949
TF123950,TM723950
TF123951,TM723951
TF123952,TM723952
TF123953,TM723953
TF123954,TM723954
TF123955,TM723955
TF123956,TM723956
TF123957,TM723957
TF123958,TM723958
TF123959,TM723959
TF123960,TM723960
TF123961,TM723961
TF123962,TM723962
TF123963,TM723963
TF123964,TM723964
TF123965,TM723965
TF123966,TM723966
TF123967,TM723967
TF123968,TM723968
TF123969,TM723969
TF123970,TM723970
TF123971,TM723971
TF123972,TM723972
TF123973,TM723973
TF123974,TM723974
TF123975,TM723975
TF123976,TM723976
TF123977,TM723977
TF123978,TM723978
TF123979,TM723979
TF123980,TM723980
TF123981,TM723981
TF123982,TM723982
TF123983,TM723983
TF123984,TM723984
TF123985,TM723985
TF123986,TM723986
TF123987,TM723987
TF123988,TM723988
TF123989,TM723989
TF123990,TM723990
TF123991,TM723991
TF123992,TM723992
TF123993,TM723993
TF123994,TM723994
TF123995,TM723995
TF123996,TM723996
TF123997,TM723997
TF123998,TM723998
TF123999,TM723999
TF124000,TM724000
TF124001,TM724001
TF124002,TM724002
TF124003,TM724003
TF124004,TM724004
TF124005,TM724005
TF124006,TM724006
TF124007,TM724007
TF124008,TM724008
TF124009,TM724009
TF124010,TM724010
TF124011,TM724011
TF124012,TM724012
TF124013,TM724013
TF124014,TM724014
TF124015,TM724015
TF124016,TM724016
TF124017,TM724017
TF124018,TM724018
TF124019,TM724019
TF124020,TM724020
TF124021,TM724021
TF124022,TM724022
TF124023,TM724023
TF124024,TM724024
TF124025,TM724025
TF124026,TM724026
TF124027,TM724027
TF124028,TM724028
TF124029,TM724029
TF124030,TM724030
TF124031,TM724031
TF124032,TM724032
TF124033,TM724033
TF124034,TM724034
TF124035,TM724035
TF124036,TM724036
TF124037,TM724037
TF124038,TM724038
TF124039,TM724039
TF124040,TM724040
TF124041,TM724041
TF124042,TM724042
TF124043,TM724043
TF124044,TM724044
TF124045,TM724045
TF124046,TM724046
TF124047,TM724047
TF124048,TM724048
TF124049,TM724049
TF124050,TM724050
TF124051,TM724051
TF124052,TM724052
TF124053,TM724053
TF124054,TM724054
TF124055,TM724055
TF124056,TM724056
TF124057,TM724057
TF124058,TM724058
TF124059,TM724059
TF124060,TM724060
TF124061,TM724061
TF124062,TM724062
TF124063,TM724063
TF124064,TM724064
TF124065,TM724065
TF124066,TM724066
TF124067,TM724067
TF124068,TM724068
TF124069,TM724069
TF124070,TM724070
TF124071,TM724071
TF124072,TM724072
TF124073,TM724073
TF124074,TM724074
TF124075,TM724075
TF124076,TM724076
TF124077,TM724077
TF124078,TM724078
TF124079,TM724079
TF124080,TM724080
TF124081,TM724081
TF124082,TM724082
TF124083,TM724083
TF124084,TM724084
TF124085,TM724085
TF124086,TM724086
TF124087,TM724087
TF124088,TM724088
TF124089,TM724089
TF124090,TM724090
TF124091,TM724091
TF124092,TM724092
TF124093,TM724093
TF124094,TM724094
TF124095,TM724095
TF124096,TM724096
TF124097,TM724097
TF124098,TM724098
TF124099,TM724099
TF124100,TM724100
TF124101,TM724101
TF124102,TM724102
TF124103,TM724103
TF124104,TM724104
TF124105,TM724105
TF124106,TM724106
TF124107,TM724107
TF124108,TM724108
TF124109,TM724109
TF124110,TM724110
TF124111,TM724111
TF124112,TM724112
TF124113,TM724113
TF124114,TM724114
TF124115,TM724115
TF124116,TM724116
TF124117,TM724117
TF124118,TM724118
TF124119,TM724119
TF124120,TM724120
TF124121,TM724121
TF124122,TM724122
TF124123,TM724123
TF124124,TM724124
TF124125,TM724125
TF124126,TM724126
TF124127,TM724127
TF124128,TM724128
TF124129,TM724129
TF124130,TM724130
TF124131,TM724131
TF124132,TM724132
TF124133,TM724133
TF124134,TM724134
TF124135,TM724135
TF124136,TM724136
TF124137,TM724137
TF124138,TM724138
TF124139,TM724139
TF124140,TM724140
TF124141,TM724141
TF124142,TM724142
TF124143,TM724143
TF124144,TM724144
TF124145,TM724145
TF124146,TM724146
TF124147,TM724147
TF124148,TM724148
TF124149,TM724149
TF124150,TM724150
TF124151,TM724151
TF124152,TM724152
TF124153,TM724153
TF124154,TM724154
TF124155,TM724155
TF124156,TM724156
TF124157,TM724157
TF124158,TM724158
TF124159,TM724159
TF124160,TM724160
TF124161,TM724161
TF124162,TM724162
TF124163,TM724163
TF124164,TM724164
TF124165,TM724165
TF124166,TM724166
TF124167,TM724167
TF124168,TM724168
TF124169,TM724169
TF124170,TM724170
TF124171,TM724171
TF124172,TM724172
TF124173,TM724173
TF124174,TM724174
TF124175,TM724175
TF124176,TM724176
TF124177,TM724177
TF124178,TM724178
TF124179,TM724179
TF124180,TM724180
TF124181,TM724181
TF124182,TM724182
TF124183,TM724183
TF124184,TM724184
TF124185,TM724185
TF124186,TM724186
TF124187,TM724187
TF124188,TM724188
TF124189,TM724189
TF124190,TM724190
TF124191,TM724191
TF124192,TM724192
TF124193,TM724193
TF124194,TM724194
TF124195,TM724195
TF124196,TM724196
TF124197,TM724197
TF124198,TM724198
TF124199,TM724199
TF124200,TM724200
TF124201,TM724201
TF124202,TM724202
TF124203,TM724203
TF124204,TM724204
TF124205,TM724205
TF124206,TM724206
TF124207,TM724207
TF124208,TM724208
TF124209,TM724209
TF124210,TM724210
TF124211,TM724211
TF124212,TM724212
TF124213,TM724213
TF124214,TM724214
TF124215,TM724215
TF124216,TM724216
TF124217,TM724217
TF124218,TM724218
TF124219,TM724219
TF124220,TM724220
TF124221,TM724221
TF124222,TM724222
TF124223,TM724223
TF124224,TM724224
TF124225,TM724225
TF124226,TM724226
TF124227,TM724227
TF124228,TM724228
TF124229,TM724229
TF124230,TM724230
TF124231,TM724231
TF124232,TM724232
TF124233,TM724233
TF124234,TM724234
TF124235,TM724235
TF124236,TM724236
TF124237,TM724237
TF124238,TM724238
TF124239,TM724239
TF124240,TM724240
TF124241,TM724241
TF124242,TM724242
TF124243,TM724243
TF124244,TM724244
TF124245,TM724245
TF124246,TM724246
TF124247,TM724247
TF124248,TM724248
TF124249,TM724249
TF124250,TM724250
TF124251,TM724251
TF124252,TM724252
TF124253,TM724253
TF124254,TM724254
TF124255,TM724255
TF124256,TM724256
TF124257,TM724257
TF124258,TM724258
TF124259,TM724259
TF124260,TM724260
TF124261,TM724261
TF124262,TM724262
TF124263,TM724263
TF124264,TM724264
TF124265,TM724265
TF124266,TM724266
TF124267,TM724267
TF124268,TM724268
TF124269,TM724269
TF124270,TM724270
TF124271,TM724271
TF124272,TM724272
TF124273,TM724273
TF124274,TM724274
TF124275,TM724275
TF124276,TM724276
TF124277,TM724277
TF124278,TM724278
TF124279,TM724279
TF124280,TM724280
TF124281,TM724281
TF124282,TM724282
TF124283,TM724283
TF124284,TM724284
TF124285,TM724285
TF124286,TM724286
TF124287,TM724287
TF124288,TM724288
TF124289,TM724289
TF124290,TM724290
TF124291,TM724291
TF124292,TM724292
TF124293,TM724293
TF124294,TM724294
TF124295,TM724295
TF124296,TM724296
TF124297,TM724297
TF124298,TM724298
TF124299,TM724299
TF124300,TM724300
TF124301,TM724301
TF124302,TM724302
TF124303,TM724303
TF124304,TM724304
TF124305,TM724305
TF124306,TM724306
TF124307,TM724307
TF124308,TM724308
TF124309,TM724309
TF124310,TM724310
TF124311,TM724311
TF124312,TM724312
TF124313,TM724313
TF124314,TM724314
TF124315,TM724315
TF124316,TM724316
TF124317,TM724317
TF124318,TM724318
TF124319,TM724319
TF124320,TM724320
TF124321,TM724321
TF124322,TM724322
TF124323,TM724323
TF124324,TM724324
TF124325,TM724325
TF124326,TM724326
TF124327,TM724327
TF124328,TM724328
TF124329,TM724329
TF124330,TM724330
TF124331,TM724331
TF124332,TM724332
TF124333,TM724333
TF124334,TM724334
TF124335,TM724335
TF124336,TM724336
TF124337,TM724337
TF124338,TM724338
TF124339,TM724339
TF124340,TM724340
TF124341,TM724341
TF124342,TM724342
TF124343,TM724343
TF124344,TM724344
TF124345,TM724345
TF124346,TM724346
TF124347,TM724347
TF124348,TM724348
TF124349,TM724349
TF124350,TM724350
TF124351,TM724351
TF124352,TM724352
TF124353,TM724353
TF124354,TM724354
TF124355,TM724355
TF124356,TM724356
TF124357,TM724357
TF124358,TM724358
TF124359,TM724359
TF124360,TM724360
TF124361,TM724361
TF124362,TM724362
TF124363,TM724363
TF124364,TM724364
TF124365,TM724365
TF124366,TM724366
TF124367,TM724367
TF124368,TM724368
TF124369,TM724369
TF124370,TM724370
TF124371,TM724371
TF124372,TM724372
TF124373,TM724373
TF124374,TM724374
TF124375,TM724375
TF124376,TM724376
TF124377,TM724377
TF124378,TM724378
TF124379,TM724379
TF124380,TM724380
TF124381,TM724381
TF124382,TM724382
TF124383,TM724383
TF124384,TM724384
TF124385,TM724385
TF124386,TM724386
TF124387,TM724387
TF124388,TM724388
TF124389,TM724389
TF124390,TM724390
TF124391,TM724391
TF124392,TM724392
TF124393,TM724393
TF124394,TM724394
TF124395,TM724395
TF124396,TM724396
TF124397,TM724397
TF124398,TM724398
TF124399,TM724399
TF124400,TM724400
TF124401,TM724401
TF124402,TM724402
TF124403,TM724403
TF124404,TM724404
TF124405,TM724405
TF124406,TM724406
TF124407,TM724407
TF124408,TM724408
TF124409,TM724409
TF124410,TM724410
TF124411,TM724411
TF124412,TM724412
TF124413,TM724413
TF124414,TM724414
TF124415,TM724415
TF124416,TM724416
TF124417,TM724417
TF124418,TM724418
TF124419,TM724419
TF124420,TM724420
TF124421,TM724421
TF124422,TM724422
TF124423,TM724423
TF124424,TM724424
TF124425,TM724425
TF124426,TM724426
TF124427,TM724427
TF124428,TM724428
TF124429,TM724429
TF124430,TM724430
TF124431,TM724431
TF124432,TM724432
TF124433,TM724433
TF124434,TM724434
TF124435,TM724435
TF124436,TM724436
TF124437,TM724437
TF124438,TM724438
TF124439,TM724439
TF124440,TM724440
TF124441,TM724441
TF124442,TM724442
TF124443,TM724443
TF124444,TM724444
TF124445,TM724445
TF124446,TM724446
TF124447,TM724447
TF124448,TM724448
TF124449,TM724449
TF124450,TM724450
TF124451,TM724451
TF124452,TM724452
TF124453,TM724453
TF124454,TM724454
TF124455,TM724455
TF124456,TM724456
TF124457,TM724457
TF124458,TM724458
TF124459,TM724459
TF124460,TM724460
TF124461,TM724461
TF124462,TM724462
TF124463,TM724463
TF124464,TM724464
TF124465,TM724465
TF124466,TM724466
TF124467,TM724467
TF124468,TM724468
TF124469,TM724469
TF124470,TM724470
TF124471,TM724471
TF124472,TM724472
TF124473,TM724473
TF124474,TM724474
TF124475,TM724475
TF124476,TM724476
TF124477,TM724477
TF124478,TM724478
TF124479,TM724479
TF124480,TM724480
TF124481,TM724481
TF124482,TM724482
TF124483,TM724483
TF124484,TM724484
TF124485,TM724485
TF124486,TM724486
TF124487,TM724487
TF124488,TM724488
TF124489,TM724489
TF124490,TM724490
TF124491,TM724491
TF124492,TM724492
TF124493,TM724493
TF124494,TM724494
TF124495,TM724495
TF124496,TM724496
TF124497,TM724497
TF124498,TM724498
TF124499,TM724499
TF124500,TM724500
TF124501,TM724501
TF124502,TM724502
TF124503,TM724503
TF124504,TM724504
TF124505,TM724505
TF124506,TM724506
TF124507,TM724507
TF124508,TM724508
TF124509,TM724509
TF124510,TM724510
TF124511,TM724511
TF124512,TM724512
TF124513,TM724513
TF124514,TM724514
TF124515,TM724515
TF124516,TM724516
TF124517,TM724517
TF124518,TM724518
TF124519,TM724519
TF124520,TM724520
TF124521,TM724521
TF124522,TM724522
TF124523,TM724523
TF124524,TM724524
TF124525,TM724525
TF124526,TM724526
TF124527,TM724527
TF124528,TM724528
TF124529,TM724529
TF124530,TM724530
TF124531,TM724531
TF124532,TM724532
TF124533,TM724533
TF124534,TM724534
TF124535,TM724535
TF124536,TM724536
TF124537,TM724537
TF124538,TM724538
TF124539,TM724539
TF124540,TM724540
TF124541,TM724541
TF124542,TM724542
TF124543,TM724543
TF124544,TM724544
TF124545,TM724545
TF124546,TM724546
TF124547,TM724547
TF124548,TM724548
TF124549,TM724549
TF124550,TM724550
TF124551,TM724551
TF124552,TM724552
TF124553,TM724553
TF124554,TM724554
TF124555,TM724555
TF124556,TM724556
TF124557,TM724557
TF124558,TM724558
TF124559,TM724559
TF124560,TM724560
TF124561,TM724561
TF124562,TM724562
TF124563,TM724563
TF124564,TM724564
TF124565,TM724565
TF124566,TM724566
TF124567,TM724567
TF124568,TM724568
TF124569,TM724569
TF124570,TM724570
TF124571,TM724571
TF124572,TM724572
TF124573,TM724573
TF124574,TM724574
TF124575,TM724575
TF124576,TM724576
TF124577,TM724577
TF124578,TM724578
TF124579,TM724579
TF124580,TM724580
TF124581,TM724581
TF124582,TM724582
TF124583,TM724583
TF124584,TM724584
TF124585,TM724585
TF124586,TM724586
TF124587,TM724587
TF124588,TM724588
TF124589,TM724589
TF124590,TM724590
TF124591,TM724591
TF124592,TM724592
TF124593,TM724593
TF124594,TM724594
TF124595,TM724595
TF124596,TM724596
TF124597,TM724597
TF124598,TM724598
TF124599,TM724599
TF124600,TM724600
TF124601,TM724601
TF124602,TM724602
TF124603,TM724603
TF124604,TM724604
TF124605,TM724605
TF124606,TM724606
TF124607,TM724607
TF124608,TM724608
TF124609,TM724609
TF124610,TM724610
TF124611,TM724611
TF124612,TM724612
TF124613,TM724613
TF124614,TM724614
TF124615,TM724615
TF124616,TM724616
TF124617,TM724617
TF124618,TM724618
TF124619,TM724619
TF124620,TM724620
TF124621,TM724621
TF124622,TM724622
TF124623,TM724623
TF124624,TM724624
TF124625,TM724625
TF124626,TM724626
TF124627,TM724627
TF124628,TM724628
TF124629,TM724629
TF124630,TM724630
TF124631,TM724631
TF124632,TM724632
TF124633,TM724633
TF124634,TM724634
TF124635,TM724635
TF124636,TM724636
TF124637,TM724637
TF124638,TM724638
TF124639,TM724639
TF124640,TM724640
TF124641,TM724641
TF124642,TM724642
TF124643,TM724643
TF124644,TM724644
TF124645,TM724645
TF124646,TM724646
TF124647,TM724647
TF124648,TM724648
TF124649,TM724649
TF124650,TM724650
TF124651,TM724651
TF124652,TM724652
TF124653,TM724653
TF124654,TM724654
TF124655,TM724655
TF124656,TM724656
TF124657,TM724657
TF124658,TM724658
TF124659,TM724659
TF124660,TM724660
TF124661,TM724661
TF124662,TM724662
TF124663,TM724663
TF124664,TM724664
TF124665,TM724665
TF124666,TM724666
TF124667,TM724667
TF124668,TM724668
TF124669,TM724669
TF124670,TM724670
TF124671,TM724671
TF124672,TM724672
TF124673,TM724673
TF124674,TM724674
TF124675,TM724675
TF124676,TM724676
TF124677,TM724677
TF124678,TM724678
TF124679,TM724679
TF124680,TM724680
TF124681,TM724681
TF124682,TM724682
TF124683,TM724683
TF124684,TM724684
TF124685,TM724685
TF124686,TM724686
TF124687,TM724687
TF124688,TM724688
TF124689,TM724689
TF124690,TM724690
TF124691,TM724691
TF124692,TM724692
TF124693,TM724693
TF124694,TM724694
TF124695,TM724695
TF124696,TM724696
TF124697,TM724697
TF124698,TM724698
TF124699,TM724699
TF124700,TM724700
TF124701,TM724701
TF124702,TM724702
TF124703,TM724703
TF124704,TM724704
TF124705,TM724705
TF124706,TM724706
TF124707,TM724707
TF124708,TM724708
TF124709,TM724709
TF124710,TM724710
TF124711,TM724711
TF124712,TM724712
TF124713,TM724713
TF124714,TM724714
TF124715,TM724715
TF124716,TM724716
TF124717,TM724717
TF124718,TM724718
TF124719,TM724719
TF124720,TM724720
TF124721,TM724721
TF124722,TM724722
TF124723,TM724723
TF124724,TM724724
TF124725,TM724725
TF124726,TM724726
TF124727,TM724727
TF124728,TM724728
TF124729,TM724729
TF124730,TM724730
TF124731,TM724731
TF124732,TM724732
TF124733,TM724733
TF124734,TM724734
TF124735,TM724735
TF124736,TM724736
TF124737,TM724737
TF124738,TM724738
TF124739,TM724739
TF124740,TM724740
TF124741,TM724741
TF124742,TM724742
TF124743,TM724743
TF124744,TM724744
TF124745,TM724745
TF124746,TM724746
TF124747,TM724747
TF124748,TM724748
TF124749,TM724749
TF124750,TM724750
TF124751,TM724751
TF124752,TM724752
TF124753,TM724753
TF124754,TM724754
TF124755,TM724755
TF124756,TM724756
TF124757,TM724757
TF124758,TM724758
TF124759,TM724759
TF124760,TM724760
TF124761,TM724761
TF124762,TM724762
TF124763,TM724763
TF124764,TM724764
TF124765,TM724765
TF124766,TM724766
TF124767,TM724767
TF124768,TM724768
TF124769,TM724769
TF124770,TM724770
TF124771,TM724771
TF124772,TM724772
TF124773,TM724773
TF124774,TM724774
TF124775,TM724775
TF124776,TM724776
TF124777,TM724777
TF124778,TM724778
TF124779,TM724779
TF124780,TM724780
TF124781,TM724781
TF124782,TM724782
TF124783,TM724783
TF124784,TM724784
TF124785,TM724785
TF124786,TM724786
TF124787,TM724787
TF124788,TM724788
TF124789,TM724789
TF124790,TM724790
TF124791,TM724791
TF124792,TM724792
TF124793,TM724793
TF124794,TM724794
TF124795,TM724795
TF124796,TM724796
TF124797,TM724797
TF124798,TM724798
TF124799,TM724799
TF124800,TM724800
TF124801,TM724801
TF124802,TM724802
TF124803,TM724803
TF124804,TM724804
TF124805,TM724805
TF124806,TM724806
TF124807,TM724807
TF124808,TM724808
TF124809,TM724809
TF124810,TM724810
TF124811,TM724811
TF124812,TM724812
TF124813,TM724813
TF124814,TM724814
TF124815,TM724815
TF124816,TM724816
TF124817,TM724817
TF124818,TM724818
TF124819,TM724819
TF124820,TM724820
TF124821,TM724821
TF124822,TM724822
TF124823,TM724823
TF124824,TM724824
TF124825,TM724825
TF124826,TM724826
TF124827,TM724827
TF124828,TM724828
TF124829,TM724829
TF124830,TM724830
TF124831,TM724831
TF124832,TM724832
TF124833,TM724833
TF124834,TM724834
TF124835,TM724835
TF124836,TM724836
TF124837,TM724837
TF124838,TM724838
TF124839,TM724839
TF124840,TM724840
TF124841,TM724841
TF124842,TM724842
TF124843,TM724843
TF124844,TM724844
TF124845,TM724845
TF124846,TM724846
TF124847,TM724847
TF124848,TM724848
TF124849,TM724849
TF124850,TM724850
TF124851,TM724851
TF124852,TM724852
TF124853,TM724853
TF124854,TM724854
TF124855,TM724855
TF124856,TM724856
TF124857,TM724857
TF124858,TM724858
TF124859,TM724859
TF124860,TM724860
TF124861,TM724861
TF124862,TM724862
TF124863,TM724863
TF124864,TM724864
TF124865,TM724865
TF124866,TM724866
TF124867,TM724867
TF124868,TM724868
TF124869,TM724869
TF124870,TM724870
TF124871,TM724871
TF124872,TM724872
TF124873,TM724873
TF124874,TM724874
TF124875,TM724875
TF124876,TM724876
TF124877,TM724877
TF124878,TM724878
TF124879,TM724879
TF124880,TM724880
TF124881,TM724881
TF124882,TM724882
TF124883,TM724883
TF124884,TM724884
TF124885,TM724885
TF124886,TM724886
TF124887,TM724887
TF124888,TM724888
TF124889,TM724889
TF124890,TM724890
TF124891,TM724891
TF124892,TM724892
TF124893,TM724893
TF124894,TM724894
TF124895,TM724895
TF124896,TM724896
TF124897,TM724897
TF124898,TM724898
TF124899,TM724899
TF124900,TM724900
TF124901,TM724901
TF124902,TM724902
TF124903,TM724903
TF124904,TM724904
TF124905,TM724905
TF124906,TM724906
TF124907,TM724907
TF124908,TM724908
TF124909,TM724909
TF124910,TM724910
TF124911,TM724911
TF124912,TM724912
TF124913,TM724913
TF124914,TM724914
TF124915,TM724915
TF124916,TM724916
TF124917,TM724917
TF124918,TM724918
TF124919,TM724919
TF124920,TM724920
TF124921,TM724921
TF124922,TM724922
TF124923,TM724923
TF124924,TM724924
TF124925,TM724925
TF124926,TM724926
TF124927,TM724927
TF124928,TM724928
TF124929,TM724929
TF124930,TM724930
TF124931,TM724931
TF124932,TM724932
TF124933,TM724933
TF124934,TM724934
TF124935,TM724935
TF124936,TM724936
TF124937,TM724937
TF124938,TM724938
TF124939,TM724939
TF124940,TM724940
TF124941,TM724941
TF124942,TM724942
TF124943,TM724943
TF124944,TM724944
TF124945,TM724945
TF124946,TM724946
TF124947,TM724947
TF124948,TM724948
TF124949,TM724949
TF124950,TM724950
TF124951,TM724951
TF124952,TM724952
TF124953,TM724953
TF124954,TM724954
TF124955,TM724955
TF124956,TM724956
TF124957,TM724957
TF124958,TM724958
TF124959,TM724959
TF124960,TM724960
TF124961,TM724961
TF124962,TM724962
TF124963,TM724963
TF124964,TM724964
TF124965,TM724965
TF124966,TM724966
TF124967,TM724967
TF124968,TM724968
TF124969,TM724969
TF124970,TM724970
TF124971,TM724971
TF124972,TM724972
TF124973,TM724973
TF124974,TM724974
TF124975,TM724975
TF124976,TM724976
TF124977,TM724977
TF124978,TM724978
TF124979,TM724979
TF124980,TM724980
TF124981,TM724981
TF124982,TM724982
TF124983,TM724983
TF124984,TM724984
TF124985,TM724985
TF124986,TM724986
TF124987,TM724987
TF124988,TM724988
TF124989,TM724989
TF124990,TM724990
TF124991,TM724991
TF124992,TM724992
TF124993,TM724993
TF124994,TM724994
TF124995,TM724995
TF124996,TM724996
TF124997,TM724997
TF124998,TM724998
TF124999,TM724999
